fold,trial_index,subject_id,trial_id,n_windows,y_true,y_pred,correct,p_pred,confidence,p_class_0,p_class_1,target_subject,calibration_fold,calibration_shots,stage
1,0,0,0,60,1,1,1,0.5003175139427185,0.5003175139427185,0.4996824860572815,0.5003175139427185,0,,,zero_shot_all_trials
1,1,0,1,60,1,1,1,0.5016207098960876,0.5016207098960876,0.49837929010391235,0.5016207098960876,0,,,zero_shot_all_trials
1,2,0,2,60,1,1,1,0.5026364922523499,0.5026364922523499,0.49736347794532776,0.5026364922523499,0,,,zero_shot_all_trials
1,3,0,3,60,1,0,0,0.5011687278747559,0.5011687278747559,0.5011687278747559,0.49883127212524414,0,,,zero_shot_all_trials
1,4,0,4,60,1,0,0,0.5019860863685608,0.5019860863685608,0.5019860863685608,0.4980138838291168,0,,,zero_shot_all_trials
1,5,0,5,60,0,0,1,0.5042905807495117,0.5042905807495117,0.5042905807495117,0.4957094192504883,0,,,zero_shot_all_trials
1,6,0,6,60,1,1,1,0.5033435821533203,0.5033435821533203,0.4966564476490021,0.5033435821533203,0,,,zero_shot_all_trials
1,7,0,7,60,0,1,0,0.5008379817008972,0.5008379817008972,0.4991620182991028,0.5008379817008972,0,,,zero_shot_all_trials
1,8,0,8,60,0,1,0,0.5004988312721252,0.5004988312721252,0.49950110912323,0.5004988312721252,0,,,zero_shot_all_trials
1,9,0,9,60,1,0,0,0.5052074193954468,0.5052074193954468,0.5052074193954468,0.4947925806045532,0,,,zero_shot_all_trials
1,10,0,10,60,1,1,1,0.5043641328811646,0.5043641328811646,0.49563586711883545,0.5043641328811646,0,,,zero_shot_all_trials
1,11,0,11,60,1,1,1,0.502282977104187,0.502282977104187,0.4977169930934906,0.502282977104187,0,,,zero_shot_all_trials
1,12,0,12,60,1,0,0,0.5047671794891357,0.5047671794891357,0.5047671794891357,0.4952327609062195,0,,,zero_shot_all_trials
1,13,0,13,60,1,0,0,0.5010830760002136,0.5010830760002136,0.5010830760002136,0.4989168643951416,0,,,zero_shot_all_trials
1,14,0,14,60,0,0,1,0.5029699802398682,0.5029699802398682,0.5029699802398682,0.4970300495624542,0,,,zero_shot_all_trials
1,15,0,15,60,1,0,0,0.5053359866142273,0.5053359866142273,0.5053359866142273,0.49466395378112793,0,,,zero_shot_all_trials
1,16,0,16,60,0,0,1,0.5071707367897034,0.5071707367897034,0.5071707367897034,0.49282926321029663,0,,,zero_shot_all_trials
1,17,0,17,60,1,0,0,0.502983033657074,0.502983033657074,0.502983033657074,0.497016966342926,0,,,zero_shot_all_trials
1,0,0,0,60,1,1,1,0.5003174543380737,0.5003174543380737,0.49968254566192627,0.5003174543380737,0,1,3,zero_shot_paired
1,1,0,1,60,1,1,1,0.5016207098960876,0.5016207098960876,0.49837931990623474,0.5016207098960876,0,1,3,zero_shot_paired
1,2,0,2,60,1,1,1,0.5026366114616394,0.5026366114616394,0.4973633587360382,0.5026366114616394,0,1,3,zero_shot_paired
1,3,0,3,60,1,0,0,0.5011687278747559,0.5011687278747559,0.5011687278747559,0.49883127212524414,0,1,3,zero_shot_paired
1,4,0,4,60,1,0,0,0.5019862055778503,0.5019862055778503,0.5019862055778503,0.49801382422447205,0,1,3,zero_shot_paired
1,5,0,5,60,0,0,1,0.5042905807495117,0.5042905807495117,0.5042905807495117,0.4957094192504883,0,1,3,zero_shot_paired
1,6,0,6,60,1,1,1,0.5033435821533203,0.5033435821533203,0.4966564476490021,0.5033435821533203,0,1,3,zero_shot_paired
1,7,0,7,60,0,1,0,0.500838041305542,0.500838041305542,0.4991620182991028,0.500838041305542,0,1,3,zero_shot_paired
1,8,0,8,60,0,1,0,0.5004988312721252,0.5004988312721252,0.49950110912323,0.5004988312721252,0,1,3,zero_shot_paired
1,9,0,9,60,1,0,0,0.5052073001861572,0.5052073001861572,0.5052073001861572,0.4947926700115204,0,1,3,zero_shot_paired
1,10,0,10,60,1,1,1,0.5043640732765198,0.5043640732765198,0.4956359565258026,0.5043640732765198,0,1,3,zero_shot_paired
1,11,0,11,60,1,1,1,0.502282977104187,0.502282977104187,0.4977170526981354,0.502282977104187,0,1,3,zero_shot_paired
1,12,0,13,60,1,0,0,0.5010829567909241,0.5010829567909241,0.5010829567909241,0.49891698360443115,0,1,3,zero_shot_paired
1,13,0,15,60,1,0,0,0.5053356289863586,0.5053356289863586,0.5053356289863586,0.49466434121131897,0,1,3,zero_shot_paired
1,14,0,16,60,0,0,1,0.5071707963943481,0.5071707963943481,0.5071707963943481,0.49282923340797424,0,1,3,zero_shot_paired
1,0,0,0,60,1,1,1,0.5006381273269653,0.5006381273269653,0.49936187267303467,0.5006381273269653,0,1,3,post_calibration
1,1,0,1,60,1,1,1,0.502331554889679,0.502331554889679,0.49766847491264343,0.502331554889679,0,1,3,post_calibration
1,2,0,2,60,1,1,1,0.5030142664909363,0.5030142664909363,0.4969857335090637,0.5030142664909363,0,1,3,post_calibration
1,3,0,3,60,1,0,0,0.5010474920272827,0.5010474920272827,0.5010474920272827,0.49895256757736206,0,1,3,post_calibration
1,4,0,4,60,1,0,0,0.5018129944801331,0.5018129944801331,0.5018129944801331,0.49818700551986694,0,1,3,post_calibration
1,5,0,5,60,0,0,1,0.5035113096237183,0.5035113096237183,0.5035113096237183,0.49648869037628174,0,1,3,post_calibration
1,6,0,6,60,1,1,1,0.503383994102478,0.503383994102478,0.496616005897522,0.503383994102478,0,1,3,post_calibration
1,7,0,7,60,0,1,0,0.5010193586349487,0.5010193586349487,0.4989806115627289,0.5010193586349487,0,1,3,post_calibration
1,8,0,8,60,0,1,0,0.500740647315979,0.500740647315979,0.499259352684021,0.500740647315979,0,1,3,post_calibration
1,9,0,9,60,1,0,0,0.5045386552810669,0.5045386552810669,0.5045386552810669,0.4954613745212555,0,1,3,post_calibration
1,10,0,10,60,1,1,1,0.5049456357955933,0.5049456357955933,0.4950544238090515,0.5049456357955933,0,1,3,post_calibration
1,11,0,11,60,1,1,1,0.5025330781936646,0.5025330781936646,0.49746689200401306,0.5025330781936646,0,1,3,post_calibration
1,12,0,13,60,1,0,0,0.5010695457458496,0.5010695457458496,0.5010695457458496,0.498930424451828,0,1,3,post_calibration
1,13,0,15,60,1,0,0,0.5052326917648315,0.5052326917648315,0.5052326917648315,0.49476733803749084,0,1,3,post_calibration
1,14,0,16,60,0,0,1,0.5066490173339844,0.5066490173339844,0.5066490173339844,0.49335095286369324,0,1,3,post_calibration
2,0,0,0,60,1,1,1,0.5003174543380737,0.5003174543380737,0.49968254566192627,0.5003174543380737,0,2,3,zero_shot_paired
2,1,0,1,60,1,1,1,0.5016207098960876,0.5016207098960876,0.49837931990623474,0.5016207098960876,0,2,3,zero_shot_paired
2,2,0,2,60,1,1,1,0.5026366114616394,0.5026366114616394,0.4973633587360382,0.5026366114616394,0,2,3,zero_shot_paired
2,3,0,3,60,1,0,0,0.5011687278747559,0.5011687278747559,0.5011687278747559,0.49883127212524414,0,2,3,zero_shot_paired
2,4,0,5,60,0,0,1,0.5042905807495117,0.5042905807495117,0.5042905807495117,0.4957094192504883,0,2,3,zero_shot_paired
2,5,0,6,60,1,1,1,0.5033435821533203,0.5033435821533203,0.4966564476490021,0.5033435821533203,0,2,3,zero_shot_paired
2,6,0,7,60,0,1,0,0.500838041305542,0.500838041305542,0.4991620182991028,0.500838041305542,0,2,3,zero_shot_paired
2,7,0,8,60,0,1,0,0.5004988312721252,0.5004988312721252,0.49950110912323,0.5004988312721252,0,2,3,zero_shot_paired
2,8,0,9,60,1,0,0,0.5052073001861572,0.5052073001861572,0.5052073001861572,0.4947926700115204,0,2,3,zero_shot_paired
2,9,0,10,60,1,1,1,0.5043640732765198,0.5043640732765198,0.4956359565258026,0.5043640732765198,0,2,3,zero_shot_paired
2,10,0,11,60,1,1,1,0.502282977104187,0.502282977104187,0.4977170526981354,0.502282977104187,0,2,3,zero_shot_paired
2,11,0,12,60,1,0,0,0.5047672986984253,0.5047672986984253,0.5047672986984253,0.4952326714992523,0,2,3,zero_shot_paired
2,12,0,13,60,1,0,0,0.5010829567909241,0.5010829567909241,0.5010829567909241,0.49891698360443115,0,2,3,zero_shot_paired
2,13,0,14,60,0,0,1,0.5029699206352234,0.5029699206352234,0.5029699206352234,0.497030109167099,0,2,3,zero_shot_paired
2,14,0,17,60,1,0,0,0.5029829144477844,0.5029829144477844,0.5029829144477844,0.4970170855522156,0,2,3,zero_shot_paired
2,0,0,0,60,1,1,1,0.500953733921051,0.500953733921051,0.499046266078949,0.500953733921051,0,2,3,post_calibration
2,1,0,1,60,1,1,1,0.5011422634124756,0.5011422634124756,0.4988577365875244,0.5011422634124756,0,2,3,post_calibration
2,2,0,2,60,1,1,1,0.5021799206733704,0.5021799206733704,0.49782004952430725,0.5021799206733704,0,2,3,post_calibration
2,3,0,3,60,1,0,0,0.5014092922210693,0.5014092922210693,0.5014092922210693,0.49859070777893066,0,2,3,post_calibration
2,4,0,5,60,0,0,1,0.5043585300445557,0.5043585300445557,0.5043585300445557,0.49564144015312195,0,2,3,post_calibration
2,5,0,6,60,1,1,1,0.503333568572998,0.503333568572998,0.4966663718223572,0.503333568572998,0,2,3,post_calibration
2,6,0,7,60,0,1,0,0.5008336901664734,0.5008336901664734,0.4991663098335266,0.5008336901664734,0,2,3,post_calibration
2,7,0,8,60,0,1,0,0.5010066032409668,0.5010066032409668,0.4989933967590332,0.5010066032409668,0,2,3,post_calibration
2,8,0,9,60,1,0,0,0.5051107406616211,0.5051107406616211,0.5051107406616211,0.4948893189430237,0,2,3,post_calibration
2,9,0,10,60,1,1,1,0.5040439963340759,0.5040439963340759,0.4959559738636017,0.5040439963340759,0,2,3,post_calibration
2,10,0,11,60,1,1,1,0.5026218295097351,0.5026218295097351,0.4973781704902649,0.5026218295097351,0,2,3,post_calibration
2,11,0,12,60,1,0,0,0.5043759346008301,0.5043759346008301,0.5043759346008301,0.4956240653991699,0,2,3,post_calibration
2,12,0,13,60,1,0,0,0.5006906986236572,0.5006906986236572,0.5006906986236572,0.4993093013763428,0,2,3,post_calibration
2,13,0,14,60,0,0,1,0.5025664567947388,0.5025664567947388,0.5025664567947388,0.49743354320526123,0,2,3,post_calibration
2,14,0,17,60,1,0,0,0.5032886862754822,0.5032886862754822,0.5032886862754822,0.4967113435268402,0,2,3,post_calibration
3,0,0,0,60,1,1,1,0.5003174543380737,0.5003174543380737,0.49968254566192627,0.5003174543380737,0,3,3,zero_shot_paired
3,1,0,1,60,1,1,1,0.5016207098960876,0.5016207098960876,0.49837931990623474,0.5016207098960876,0,3,3,zero_shot_paired
3,2,0,2,60,1,1,1,0.5026366114616394,0.5026366114616394,0.4973633587360382,0.5026366114616394,0,3,3,zero_shot_paired
3,3,0,3,60,1,0,0,0.5011687278747559,0.5011687278747559,0.5011687278747559,0.49883127212524414,0,3,3,zero_shot_paired
3,4,0,4,60,1,0,0,0.5019862055778503,0.5019862055778503,0.5019862055778503,0.49801382422447205,0,3,3,zero_shot_paired
3,5,0,5,60,0,0,1,0.5042905807495117,0.5042905807495117,0.5042905807495117,0.4957094192504883,0,3,3,zero_shot_paired
3,6,0,8,60,0,1,0,0.5004988312721252,0.5004988312721252,0.49950110912323,0.5004988312721252,0,3,3,zero_shot_paired
3,7,0,10,60,1,1,1,0.5043640732765198,0.5043640732765198,0.4956359565258026,0.5043640732765198,0,3,3,zero_shot_paired
3,8,0,11,60,1,1,1,0.502282977104187,0.502282977104187,0.4977170526981354,0.502282977104187,0,3,3,zero_shot_paired
3,9,0,12,60,1,0,0,0.5047672986984253,0.5047672986984253,0.5047672986984253,0.4952326714992523,0,3,3,zero_shot_paired
3,10,0,13,60,1,0,0,0.5010829567909241,0.5010829567909241,0.5010829567909241,0.49891698360443115,0,3,3,zero_shot_paired
3,11,0,14,60,0,0,1,0.5029699206352234,0.5029699206352234,0.5029699206352234,0.497030109167099,0,3,3,zero_shot_paired
3,12,0,15,60,1,0,0,0.5053356289863586,0.5053356289863586,0.5053356289863586,0.49466434121131897,0,3,3,zero_shot_paired
3,13,0,16,60,0,0,1,0.5071707963943481,0.5071707963943481,0.5071707963943481,0.49282923340797424,0,3,3,zero_shot_paired
3,14,0,17,60,1,0,0,0.5029829144477844,0.5029829144477844,0.5029829144477844,0.4970170855522156,0,3,3,zero_shot_paired
3,0,0,0,60,1,1,1,0.5003395676612854,0.5003395676612854,0.4996604025363922,0.5003395676612854,0,3,3,post_calibration
3,1,0,1,60,1,1,1,0.5014616250991821,0.5014616250991821,0.4985383450984955,0.5014616250991821,0,3,3,post_calibration
3,2,0,2,60,1,1,1,0.5026389360427856,0.5026389360427856,0.49736106395721436,0.5026389360427856,0,3,3,post_calibration
3,3,0,3,60,1,0,0,0.5014867186546326,0.5014867186546326,0.5014867186546326,0.49851325154304504,0,3,3,post_calibration
3,4,0,4,60,1,0,0,0.5026061534881592,0.5026061534881592,0.5026061534881592,0.4973938763141632,0,3,3,post_calibration
3,5,0,5,60,0,0,1,0.5039058923721313,0.5039058923721313,0.5039058923721313,0.49609410762786865,0,3,3,post_calibration
3,6,0,8,60,0,1,0,0.5003839731216431,0.5003839731216431,0.49961599707603455,0.5003839731216431,0,3,3,post_calibration
3,7,0,10,60,1,1,1,0.5047070980072021,0.5047070980072021,0.49529293179512024,0.5047070980072021,0,3,3,post_calibration
3,8,0,11,60,1,1,1,0.5019259452819824,0.5019259452819824,0.49807408452033997,0.5019259452819824,0,3,3,post_calibration
3,9,0,12,60,1,0,0,0.5039833188056946,0.5039833188056946,0.5039833188056946,0.4960167109966278,0,3,3,post_calibration
3,10,0,13,60,1,0,0,0.5012786984443665,0.5012786984443665,0.5012786984443665,0.49872130155563354,0,3,3,post_calibration
3,11,0,14,60,0,0,1,0.50310218334198,0.50310218334198,0.50310218334198,0.49689781665802,0,3,3,post_calibration
3,12,0,15,60,1,0,0,0.505987823009491,0.505987823009491,0.505987823009491,0.49401214718818665,0,3,3,post_calibration
3,13,0,16,60,0,0,1,0.5072361826896667,0.5072361826896667,0.5072361826896667,0.49276384711265564,0,3,3,post_calibration
3,14,0,17,60,1,0,0,0.5032269358634949,0.5032269358634949,0.5032269358634949,0.4967730641365051,0,3,3,post_calibration
4,0,0,0,60,1,1,1,0.5003174543380737,0.5003174543380737,0.49968254566192627,0.5003174543380737,0,4,3,zero_shot_paired
4,1,0,1,60,1,1,1,0.5016207098960876,0.5016207098960876,0.49837931990623474,0.5016207098960876,0,4,3,zero_shot_paired
4,2,0,3,60,1,0,0,0.5011687278747559,0.5011687278747559,0.5011687278747559,0.49883127212524414,0,4,3,zero_shot_paired
4,3,0,4,60,1,0,0,0.5019862055778503,0.5019862055778503,0.5019862055778503,0.49801382422447205,0,4,3,zero_shot_paired
4,4,0,6,60,1,1,1,0.5033435821533203,0.5033435821533203,0.4966564476490021,0.5033435821533203,0,4,3,zero_shot_paired
4,5,0,7,60,0,1,0,0.500838041305542,0.500838041305542,0.4991620182991028,0.500838041305542,0,4,3,zero_shot_paired
4,6,0,8,60,0,1,0,0.5004988312721252,0.5004988312721252,0.49950110912323,0.5004988312721252,0,4,3,zero_shot_paired
4,7,0,9,60,1,0,0,0.5052073001861572,0.5052073001861572,0.5052073001861572,0.4947926700115204,0,4,3,zero_shot_paired
4,8,0,10,60,1,1,1,0.5043640732765198,0.5043640732765198,0.4956359565258026,0.5043640732765198,0,4,3,zero_shot_paired
4,9,0,11,60,1,1,1,0.502282977104187,0.502282977104187,0.4977170526981354,0.502282977104187,0,4,3,zero_shot_paired
4,10,0,12,60,1,0,0,0.5047672986984253,0.5047672986984253,0.5047672986984253,0.4952326714992523,0,4,3,zero_shot_paired
4,11,0,14,60,0,0,1,0.5029699206352234,0.5029699206352234,0.5029699206352234,0.497030109167099,0,4,3,zero_shot_paired
4,12,0,15,60,1,0,0,0.5053356289863586,0.5053356289863586,0.5053356289863586,0.49466434121131897,0,4,3,zero_shot_paired
4,13,0,16,60,0,0,1,0.5071707963943481,0.5071707963943481,0.5071707963943481,0.49282923340797424,0,4,3,zero_shot_paired
4,14,0,17,60,1,0,0,0.5029829144477844,0.5029829144477844,0.5029829144477844,0.4970170855522156,0,4,3,zero_shot_paired
4,0,0,0,60,1,1,1,0.5005074143409729,0.5005074143409729,0.4994925856590271,0.5005074143409729,0,4,3,post_calibration
4,1,0,1,60,1,1,1,0.5008767247200012,0.5008767247200012,0.49912333488464355,0.5008767247200012,0,4,3,post_calibration
4,2,0,3,60,1,0,0,0.5016456246376038,0.5016456246376038,0.5016456246376038,0.498354434967041,0,4,3,post_calibration
4,3,0,4,60,1,0,0,0.5021647810935974,0.5021647810935974,0.5021647810935974,0.497835248708725,0,4,3,post_calibration
4,4,0,6,60,1,1,1,0.5034207105636597,0.5034207105636597,0.49657925963401794,0.5034207105636597,0,4,3,post_calibration
4,5,0,7,60,0,1,0,0.5010116696357727,0.5010116696357727,0.4989883005619049,0.5010116696357727,0,4,3,post_calibration
4,6,0,8,60,0,1,0,0.5006322264671326,0.5006322264671326,0.49936777353286743,0.5006322264671326,0,4,3,post_calibration
4,7,0,9,60,1,0,0,0.5052856206893921,0.5052856206893921,0.5052856206893921,0.4947143793106079,0,4,3,post_calibration
4,8,0,10,60,1,1,1,0.504108190536499,0.504108190536499,0.49589183926582336,0.504108190536499,0,4,3,post_calibration
4,9,0,11,60,1,1,1,0.5023598670959473,0.5023598670959473,0.4976401627063751,0.5023598670959473,0,4,3,post_calibration
4,10,0,12,60,1,0,0,0.5046826004981995,0.5046826004981995,0.5046826004981995,0.49531736969947815,0,4,3,post_calibration
4,11,0,14,60,0,0,1,0.5029848217964172,0.5029848217964172,0.5029848217964172,0.4970151484012604,0,4,3,post_calibration
4,12,0,15,60,1,0,0,0.5054473876953125,0.5054473876953125,0.5054473876953125,0.4945525825023651,0,4,3,post_calibration
4,13,0,16,60,0,0,1,0.5073006749153137,0.5073006749153137,0.5073006749153137,0.49269938468933105,0,4,3,post_calibration
4,14,0,17,60,1,0,0,0.5030859112739563,0.5030859112739563,0.5030859112739563,0.4969141483306885,0,4,3,post_calibration
5,0,0,1,60,1,1,1,0.5016207098960876,0.5016207098960876,0.49837931990623474,0.5016207098960876,0,5,3,zero_shot_paired
5,1,0,2,60,1,1,1,0.5026366114616394,0.5026366114616394,0.4973633587360382,0.5026366114616394,0,5,3,zero_shot_paired
5,2,0,3,60,1,0,0,0.5011687278747559,0.5011687278747559,0.5011687278747559,0.49883127212524414,0,5,3,zero_shot_paired
5,3,0,4,60,1,0,0,0.5019862055778503,0.5019862055778503,0.5019862055778503,0.49801382422447205,0,5,3,zero_shot_paired
5,4,0,5,60,0,0,1,0.5042905807495117,0.5042905807495117,0.5042905807495117,0.4957094192504883,0,5,3,zero_shot_paired
5,5,0,6,60,1,1,1,0.5033435821533203,0.5033435821533203,0.4966564476490021,0.5033435821533203,0,5,3,zero_shot_paired
5,6,0,7,60,0,1,0,0.500838041305542,0.500838041305542,0.4991620182991028,0.500838041305542,0,5,3,zero_shot_paired
5,7,0,9,60,1,0,0,0.5052073001861572,0.5052073001861572,0.5052073001861572,0.4947926700115204,0,5,3,zero_shot_paired
5,8,0,10,60,1,1,1,0.5043640732765198,0.5043640732765198,0.4956359565258026,0.5043640732765198,0,5,3,zero_shot_paired
5,9,0,12,60,1,0,0,0.5047672986984253,0.5047672986984253,0.5047672986984253,0.4952326714992523,0,5,3,zero_shot_paired
5,10,0,13,60,1,0,0,0.5010829567909241,0.5010829567909241,0.5010829567909241,0.49891698360443115,0,5,3,zero_shot_paired
5,11,0,14,60,0,0,1,0.5029699206352234,0.5029699206352234,0.5029699206352234,0.497030109167099,0,5,3,zero_shot_paired
5,12,0,15,60,1,0,0,0.5053356289863586,0.5053356289863586,0.5053356289863586,0.49466434121131897,0,5,3,zero_shot_paired
5,13,0,16,60,0,0,1,0.5071707963943481,0.5071707963943481,0.5071707963943481,0.49282923340797424,0,5,3,zero_shot_paired
5,14,0,17,60,1,0,0,0.5029829144477844,0.5029829144477844,0.5029829144477844,0.4970170855522156,0,5,3,zero_shot_paired
5,0,0,1,60,1,1,1,0.502068042755127,0.502068042755127,0.49793198704719543,0.502068042755127,0,5,3,post_calibration
5,1,0,2,60,1,1,1,0.5034874081611633,0.5034874081611633,0.49651259183883667,0.5034874081611633,0,5,3,post_calibration
5,2,0,3,60,1,0,0,0.5006272196769714,0.5006272196769714,0.5006272196769714,0.49937278032302856,0,5,3,post_calibration
5,3,0,4,60,1,0,0,0.5019452571868896,0.5019452571868896,0.5019452571868896,0.49805474281311035,0,5,3,post_calibration
5,4,0,5,60,0,0,1,0.5044288635253906,0.5044288635253906,0.5044288635253906,0.4955711364746094,0,5,3,post_calibration
5,5,0,6,60,1,1,1,0.5041635036468506,0.5041635036468506,0.495836466550827,0.5041635036468506,0,5,3,post_calibration
5,6,0,7,60,0,1,0,0.5015116333961487,0.5015116333961487,0.49848830699920654,0.5015116333961487,0,5,3,post_calibration
5,7,0,9,60,1,0,0,0.5050252079963684,0.5050252079963684,0.5050252079963684,0.4949747622013092,0,5,3,post_calibration
5,8,0,10,60,1,1,1,0.5044282078742981,0.5044282078742981,0.4955718219280243,0.5044282078742981,0,5,3,post_calibration
5,9,0,12,60,1,0,0,0.5043588876724243,0.5043588876724243,0.5043588876724243,0.4956410825252533,0,5,3,post_calibration
5,10,0,13,60,1,0,0,0.5004597306251526,0.5004597306251526,0.5004597306251526,0.4995402991771698,0,5,3,post_calibration
5,11,0,14,60,0,0,1,0.5025219321250916,0.5025219321250916,0.5025219321250916,0.49747806787490845,0,5,3,post_calibration
5,12,0,15,60,1,0,0,0.5049514174461365,0.5049514174461365,0.5049514174461365,0.4950486123561859,0,5,3,post_calibration
5,13,0,16,60,0,0,1,0.5070133805274963,0.5070133805274963,0.5070133805274963,0.49298661947250366,0,5,3,post_calibration
5,14,0,17,60,1,0,0,0.5029035806655884,0.5029035806655884,0.5029035806655884,0.4970964193344116,0,5,3,post_calibration
6,0,0,0,60,1,1,1,0.5003174543380737,0.5003174543380737,0.49968254566192627,0.5003174543380737,0,6,3,zero_shot_paired
6,1,0,2,60,1,1,1,0.5026366114616394,0.5026366114616394,0.4973633587360382,0.5026366114616394,0,6,3,zero_shot_paired
6,2,0,4,60,1,0,0,0.5019862055778503,0.5019862055778503,0.5019862055778503,0.49801382422447205,0,6,3,zero_shot_paired
6,3,0,5,60,0,0,1,0.5042905807495117,0.5042905807495117,0.5042905807495117,0.4957094192504883,0,6,3,zero_shot_paired
6,4,0,6,60,1,1,1,0.5033435821533203,0.5033435821533203,0.4966564476490021,0.5033435821533203,0,6,3,zero_shot_paired
6,5,0,7,60,0,1,0,0.500838041305542,0.500838041305542,0.4991620182991028,0.500838041305542,0,6,3,zero_shot_paired
6,6,0,8,60,0,1,0,0.5004988312721252,0.5004988312721252,0.49950110912323,0.5004988312721252,0,6,3,zero_shot_paired
6,7,0,9,60,1,0,0,0.5052073001861572,0.5052073001861572,0.5052073001861572,0.4947926700115204,0,6,3,zero_shot_paired
6,8,0,11,60,1,1,1,0.502282977104187,0.502282977104187,0.4977170526981354,0.502282977104187,0,6,3,zero_shot_paired
6,9,0,12,60,1,0,0,0.5047672986984253,0.5047672986984253,0.5047672986984253,0.4952326714992523,0,6,3,zero_shot_paired
6,10,0,13,60,1,0,0,0.5010829567909241,0.5010829567909241,0.5010829567909241,0.49891698360443115,0,6,3,zero_shot_paired
6,11,0,14,60,0,0,1,0.5029699206352234,0.5029699206352234,0.5029699206352234,0.497030109167099,0,6,3,zero_shot_paired
6,12,0,15,60,1,0,0,0.5053356289863586,0.5053356289863586,0.5053356289863586,0.49466434121131897,0,6,3,zero_shot_paired
6,13,0,16,60,0,0,1,0.5071707963943481,0.5071707963943481,0.5071707963943481,0.49282923340797424,0,6,3,zero_shot_paired
6,14,0,17,60,1,0,0,0.5029829144477844,0.5029829144477844,0.5029829144477844,0.4970170855522156,0,6,3,zero_shot_paired
6,0,0,0,60,1,1,1,0.5008627772331238,0.5008627772331238,0.49913719296455383,0.5008627772331238,0,6,3,post_calibration
6,1,0,2,60,1,1,1,0.5046176910400391,0.5046176910400391,0.49538227915763855,0.5046176910400391,0,6,3,post_calibration
6,2,0,4,60,1,0,0,0.5018953084945679,0.5018953084945679,0.5018953084945679,0.49810466170310974,0,6,3,post_calibration
6,3,0,5,60,0,0,1,0.5027853846549988,0.5027853846549988,0.5027853846549988,0.4972146451473236,0,6,3,post_calibration
6,4,0,6,60,1,1,1,0.5046567320823669,0.5046567320823669,0.49534323811531067,0.5046567320823669,0,6,3,post_calibration
6,5,0,7,60,0,1,0,0.5019761919975281,0.5019761919975281,0.4980238080024719,0.5019761919975281,0,6,3,post_calibration
6,6,0,8,60,0,1,0,0.501171350479126,0.501171350479126,0.4988286793231964,0.501171350479126,0,6,3,post_calibration
6,7,0,9,60,1,0,0,0.505012035369873,0.505012035369873,0.505012035369873,0.49498796463012695,0,6,3,post_calibration
6,8,0,11,60,1,1,1,0.5031887292861938,0.5031887292861938,0.49681130051612854,0.5031887292861938,0,6,3,post_calibration
6,9,0,12,60,1,0,0,0.5044956803321838,0.5044956803321838,0.5044956803321838,0.4955042898654938,0,6,3,post_calibration
6,10,0,13,60,1,0,0,0.5005131959915161,0.5005131959915161,0.5005131959915161,0.4994867742061615,0,6,3,post_calibration
6,11,0,14,60,0,0,1,0.5031138062477112,0.5031138062477112,0.5031138062477112,0.49688613414764404,0,6,3,post_calibration
6,12,0,15,60,1,0,0,0.5046766996383667,0.5046766996383667,0.5046766996383667,0.4953233301639557,0,6,3,post_calibration
6,13,0,16,60,0,0,1,0.5057256817817688,0.5057256817817688,0.5057256817817688,0.494274377822876,0,6,3,post_calibration
6,14,0,17,60,1,0,0,0.5020671486854553,0.5020671486854553,0.5020671486854553,0.4979328215122223,0,6,3,post_calibration
7,0,0,0,60,1,1,1,0.5003174543380737,0.5003174543380737,0.49968254566192627,0.5003174543380737,0,1,6,zero_shot_paired
7,1,0,1,60,1,1,1,0.5016207098960876,0.5016207098960876,0.49837931990623474,0.5016207098960876,0,1,6,zero_shot_paired
7,2,0,3,60,1,0,0,0.5011687278747559,0.5011687278747559,0.5011687278747559,0.49883127212524414,0,1,6,zero_shot_paired
7,3,0,5,60,0,0,1,0.5042905807495117,0.5042905807495117,0.5042905807495117,0.4957094192504883,0,1,6,zero_shot_paired
7,4,0,6,60,1,1,1,0.5033435821533203,0.5033435821533203,0.4966564476490021,0.5033435821533203,0,1,6,zero_shot_paired
7,5,0,8,60,0,1,0,0.5004988312721252,0.5004988312721252,0.49950110912323,0.5004988312721252,0,1,6,zero_shot_paired
7,6,0,9,60,1,0,0,0.5052073001861572,0.5052073001861572,0.5052073001861572,0.4947926700115204,0,1,6,zero_shot_paired
7,7,0,10,60,1,1,1,0.5043640732765198,0.5043640732765198,0.4956359565258026,0.5043640732765198,0,1,6,zero_shot_paired
7,8,0,11,60,1,1,1,0.502282977104187,0.502282977104187,0.4977170526981354,0.502282977104187,0,1,6,zero_shot_paired
7,9,0,14,60,0,0,1,0.5029699206352234,0.5029699206352234,0.5029699206352234,0.497030109167099,0,1,6,zero_shot_paired
7,10,0,15,60,1,0,0,0.5053356289863586,0.5053356289863586,0.5053356289863586,0.49466434121131897,0,1,6,zero_shot_paired
7,11,0,17,60,1,0,0,0.5029829144477844,0.5029829144477844,0.5029829144477844,0.4970170855522156,0,1,6,zero_shot_paired
7,0,0,0,60,1,1,1,0.5014351606369019,0.5014351606369019,0.49856480956077576,0.5014351606369019,0,1,6,post_calibration
7,1,0,1,60,1,1,1,0.5026922225952148,0.5026922225952148,0.49730777740478516,0.5026922225952148,0,1,6,post_calibration
7,2,0,3,60,1,0,0,0.5002455115318298,0.5002455115318298,0.5002455115318298,0.49975451827049255,0,1,6,post_calibration
7,3,0,5,60,0,0,1,0.5036574006080627,0.5036574006080627,0.5036574006080627,0.49634259939193726,0,1,6,post_calibration
7,4,0,6,60,1,1,1,0.5048115849494934,0.5048115849494934,0.4951883852481842,0.5048115849494934,0,1,6,post_calibration
7,5,0,8,60,0,1,0,0.5019792318344116,0.5019792318344116,0.498020738363266,0.5019792318344116,0,1,6,post_calibration
7,6,0,9,60,1,0,0,0.5041425228118896,0.5041425228118896,0.5041425228118896,0.49585747718811035,0,1,6,post_calibration
7,7,0,10,60,1,1,1,0.504858136177063,0.504858136177063,0.495141863822937,0.504858136177063,0,1,6,post_calibration
7,8,0,11,60,1,1,1,0.5035606622695923,0.5035606622695923,0.4964393377304077,0.5035606622695923,0,1,6,post_calibration
7,9,0,14,60,0,0,1,0.5019423961639404,0.5019423961639404,0.5019423961639404,0.49805763363838196,0,1,6,post_calibration
7,10,0,15,60,1,0,0,0.5045306086540222,0.5045306086540222,0.5045306086540222,0.4954693913459778,0,1,6,post_calibration
7,11,0,17,60,1,0,0,0.5028334856033325,0.5028334856033325,0.5028334856033325,0.4971664845943451,0,1,6,post_calibration
8,0,0,1,60,1,1,1,0.5016207098960876,0.5016207098960876,0.49837931990623474,0.5016207098960876,0,2,6,zero_shot_paired
8,1,0,2,60,1,1,1,0.5026366114616394,0.5026366114616394,0.4973633587360382,0.5026366114616394,0,2,6,zero_shot_paired
8,2,0,4,60,1,0,0,0.5019862055778503,0.5019862055778503,0.5019862055778503,0.49801382422447205,0,2,6,zero_shot_paired
8,3,0,5,60,0,0,1,0.5042905807495117,0.5042905807495117,0.5042905807495117,0.4957094192504883,0,2,6,zero_shot_paired
8,4,0,6,60,1,1,1,0.5033435821533203,0.5033435821533203,0.4966564476490021,0.5033435821533203,0,2,6,zero_shot_paired
8,5,0,7,60,0,1,0,0.500838041305542,0.500838041305542,0.4991620182991028,0.500838041305542,0,2,6,zero_shot_paired
8,6,0,12,60,1,0,0,0.5047672986984253,0.5047672986984253,0.5047672986984253,0.4952326714992523,0,2,6,zero_shot_paired
8,7,0,13,60,1,0,0,0.5010829567909241,0.5010829567909241,0.5010829567909241,0.49891698360443115,0,2,6,zero_shot_paired
8,8,0,14,60,0,0,1,0.5029699206352234,0.5029699206352234,0.5029699206352234,0.497030109167099,0,2,6,zero_shot_paired
8,9,0,15,60,1,0,0,0.5053356289863586,0.5053356289863586,0.5053356289863586,0.49466434121131897,0,2,6,zero_shot_paired
8,10,0,16,60,0,0,1,0.5071707963943481,0.5071707963943481,0.5071707963943481,0.49282923340797424,0,2,6,zero_shot_paired
8,11,0,17,60,1,0,0,0.5029829144477844,0.5029829144477844,0.5029829144477844,0.4970170855522156,0,2,6,zero_shot_paired
8,0,0,1,60,1,1,1,0.5027056932449341,0.5027056932449341,0.49729427695274353,0.5027056932449341,0,2,6,post_calibration
8,1,0,2,60,1,1,1,0.5039917230606079,0.5039917230606079,0.4960082769393921,0.5039917230606079,0,2,6,post_calibration
8,2,0,4,60,1,0,0,0.5016545653343201,0.5016545653343201,0.5016545653343201,0.49834543466567993,0,2,6,post_calibration
8,3,0,5,60,0,0,1,0.5036799907684326,0.5036799907684326,0.5036799907684326,0.49632003903388977,0,2,6,post_calibration
8,4,0,6,60,1,1,1,0.5043042302131653,0.5043042302131653,0.4956957697868347,0.5043042302131653,0,2,6,post_calibration
8,5,0,7,60,0,1,0,0.5020336508750916,0.5020336508750916,0.49796634912490845,0.5020336508750916,0,2,6,post_calibration
8,6,0,12,60,1,0,0,0.5036682486534119,0.5036682486534119,0.5036682486534119,0.49633172154426575,0,2,6,post_calibration
8,7,0,13,60,1,0,0,0.5002826452255249,0.5002826452255249,0.5002826452255249,0.4997173845767975,0,2,6,post_calibration
8,8,0,14,60,0,0,1,0.502550482749939,0.502550482749939,0.502550482749939,0.49744948744773865,0,2,6,post_calibration
8,9,0,15,60,1,0,0,0.5051437616348267,0.5051437616348267,0.5051437616348267,0.49485620856285095,0,2,6,post_calibration
8,10,0,16,60,0,0,1,0.5064941048622131,0.5064941048622131,0.5064941048622131,0.4935058653354645,0,2,6,post_calibration
8,11,0,17,60,1,0,0,0.5026299953460693,0.5026299953460693,0.5026299953460693,0.49737000465393066,0,2,6,post_calibration
9,0,0,0,60,1,1,1,0.5003174543380737,0.5003174543380737,0.49968254566192627,0.5003174543380737,0,3,6,zero_shot_paired
9,1,0,2,60,1,1,1,0.5026366114616394,0.5026366114616394,0.4973633587360382,0.5026366114616394,0,3,6,zero_shot_paired
9,2,0,3,60,1,0,0,0.5011687278747559,0.5011687278747559,0.5011687278747559,0.49883127212524414,0,3,6,zero_shot_paired
9,3,0,4,60,1,0,0,0.5019862055778503,0.5019862055778503,0.5019862055778503,0.49801382422447205,0,3,6,zero_shot_paired
9,4,0,7,60,0,1,0,0.500838041305542,0.500838041305542,0.4991620182991028,0.500838041305542,0,3,6,zero_shot_paired
9,5,0,8,60,0,1,0,0.5004988312721252,0.5004988312721252,0.49950110912323,0.5004988312721252,0,3,6,zero_shot_paired
9,6,0,9,60,1,0,0,0.5052073001861572,0.5052073001861572,0.5052073001861572,0.4947926700115204,0,3,6,zero_shot_paired
9,7,0,10,60,1,1,1,0.5043640732765198,0.5043640732765198,0.4956359565258026,0.5043640732765198,0,3,6,zero_shot_paired
9,8,0,11,60,1,1,1,0.502282977104187,0.502282977104187,0.4977170526981354,0.502282977104187,0,3,6,zero_shot_paired
9,9,0,12,60,1,0,0,0.5047672986984253,0.5047672986984253,0.5047672986984253,0.4952326714992523,0,3,6,zero_shot_paired
9,10,0,13,60,1,0,0,0.5010829567909241,0.5010829567909241,0.5010829567909241,0.49891698360443115,0,3,6,zero_shot_paired
9,11,0,16,60,0,0,1,0.5071707963943481,0.5071707963943481,0.5071707963943481,0.49282923340797424,0,3,6,zero_shot_paired
9,0,0,0,60,1,1,1,0.5010270476341248,0.5010270476341248,0.49897295236587524,0.5010270476341248,0,3,6,post_calibration
9,1,0,2,60,1,1,1,0.5037619471549988,0.5037619471549988,0.4962380528450012,0.5037619471549988,0,3,6,post_calibration
9,2,0,3,60,1,1,1,0.5002672076225281,0.5002672076225281,0.49973276257514954,0.5002672076225281,0,3,6,post_calibration
9,3,0,4,60,1,0,0,0.5017425417900085,0.5017425417900085,0.5017425417900085,0.49825745820999146,0,3,6,post_calibration
9,4,0,7,60,0,1,0,0.5017685890197754,0.5017685890197754,0.4982314705848694,0.5017685890197754,0,3,6,post_calibration
9,5,0,8,60,0,1,0,0.5012273788452148,0.5012273788452148,0.49877259135246277,0.5012273788452148,0,3,6,post_calibration
9,6,0,9,60,1,0,0,0.5053784847259521,0.5053784847259521,0.5053784847259521,0.49462151527404785,0,3,6,post_calibration
9,7,0,10,60,1,1,1,0.5044772624969482,0.5044772624969482,0.49552273750305176,0.5044772624969482,0,3,6,post_calibration
9,8,0,11,60,1,1,1,0.5028761625289917,0.5028761625289917,0.4971238076686859,0.5028761625289917,0,3,6,post_calibration
9,9,0,12,60,1,0,0,0.5047643780708313,0.5047643780708313,0.5047643780708313,0.4952355623245239,0,3,6,post_calibration
9,10,0,13,60,1,0,0,0.5002778768539429,0.5002778768539429,0.5002778768539429,0.49972212314605713,0,3,6,post_calibration
9,11,0,16,60,0,0,1,0.50594162940979,0.50594162940979,0.50594162940979,0.49405843019485474,0,3,6,post_calibration
10,0,0,0,60,1,1,1,0.5003175139427185,0.5003175139427185,0.4996824562549591,0.5003175139427185,0,1,9,zero_shot_paired
10,1,0,1,60,1,1,1,0.5016207098960876,0.5016207098960876,0.49837926030158997,0.5016207098960876,0,1,9,zero_shot_paired
10,2,0,3,60,1,0,0,0.5011687278747559,0.5011687278747559,0.5011687278747559,0.49883127212524414,0,1,9,zero_shot_paired
10,3,0,4,60,1,0,0,0.5019862055778503,0.5019862055778503,0.5019862055778503,0.49801382422447205,0,1,9,zero_shot_paired
10,4,0,5,60,0,0,1,0.5042904615402222,0.5042904615402222,0.5042904615402222,0.49570953845977783,0,1,9,zero_shot_paired
10,5,0,9,60,1,0,0,0.5052075386047363,0.5052075386047363,0.5052075386047363,0.49479246139526367,0,1,9,zero_shot_paired
10,6,0,10,60,1,1,1,0.5043640732765198,0.5043640732765198,0.4956359267234802,0.5043640732765198,0,1,9,zero_shot_paired
10,7,0,11,60,1,1,1,0.502282977104187,0.502282977104187,0.4977169930934906,0.502282977104187,0,1,9,zero_shot_paired
10,8,0,16,60,0,0,1,0.5071707367897034,0.5071707367897034,0.5071707367897034,0.49282926321029663,0,1,9,zero_shot_paired
10,0,0,0,60,1,1,1,0.5007435083389282,0.5007435083389282,0.4992564916610718,0.5007435083389282,0,1,9,post_calibration
10,1,0,1,60,1,1,1,0.5028895139694214,0.5028895139694214,0.497110515832901,0.5028895139694214,0,1,9,post_calibration
10,2,0,3,60,1,0,0,0.5004285573959351,0.5004285573959351,0.5004285573959351,0.49957144260406494,0,1,9,post_calibration
10,3,0,4,60,1,0,0,0.5019177198410034,0.5019177198410034,0.5019177198410034,0.4980822503566742,0,1,9,post_calibration
10,4,0,5,60,0,0,1,0.5038604140281677,0.5038604140281677,0.5038604140281677,0.4961395561695099,0,1,9,post_calibration
10,5,0,9,60,1,0,0,0.5049663186073303,0.5049663186073303,0.5049663186073303,0.4950336813926697,0,1,9,post_calibration
10,6,0,10,60,1,1,1,0.504227876663208,0.504227876663208,0.4957720935344696,0.504227876663208,0,1,9,post_calibration
10,7,0,11,60,1,1,1,0.5026648044586182,0.5026648044586182,0.4973352253437042,0.5026648044586182,0,1,9,post_calibration
10,8,0,16,60,0,0,1,0.5059614777565002,0.5059614777565002,0.5059614777565002,0.494038462638855,0,1,9,post_calibration
11,0,0,2,60,1,1,1,0.5026366710662842,0.5026366710662842,0.4973633587360382,0.5026366710662842,0,2,9,zero_shot_paired
11,1,0,6,60,1,1,1,0.5033435225486755,0.5033435225486755,0.49665647745132446,0.5033435225486755,0,2,9,zero_shot_paired
11,2,0,7,60,0,1,0,0.5008379817008972,0.5008379817008972,0.4991620182991028,0.5008379817008972,0,2,9,zero_shot_paired
11,3,0,8,60,0,1,0,0.50049889087677,0.50049889087677,0.49950110912323,0.50049889087677,0,2,9,zero_shot_paired
11,4,0,12,60,1,0,0,0.5047672390937805,0.5047672390937805,0.5047672390937805,0.4952327609062195,0,2,9,zero_shot_paired
11,5,0,13,60,1,0,0,0.5010828971862793,0.5010828971862793,0.5010828971862793,0.4989170432090759,0,2,9,zero_shot_paired
11,6,0,14,60,0,0,1,0.5029698610305786,0.5029698610305786,0.5029698610305786,0.497030109167099,0,2,9,zero_shot_paired
11,7,0,15,60,1,0,0,0.505335807800293,0.505335807800293,0.505335807800293,0.4946642220020294,0,2,9,zero_shot_paired
11,8,0,17,60,1,0,0,0.502983033657074,0.502983033657074,0.502983033657074,0.497016966342926,0,2,9,zero_shot_paired
11,0,0,2,60,1,1,1,0.5037450194358826,0.5037450194358826,0.4962550103664398,0.5037450194358826,0,2,9,post_calibration
11,1,0,6,60,1,1,1,0.5044870972633362,0.5044870972633362,0.4955129623413086,0.5044870972633362,0,2,9,post_calibration
11,2,0,7,60,0,1,0,0.5017060041427612,0.5017060041427612,0.49829399585723877,0.5017060041427612,0,2,9,post_calibration
11,3,0,8,60,0,1,0,0.5013362765312195,0.5013362765312195,0.4986637234687805,0.5013362765312195,0,2,9,post_calibration
11,4,0,12,60,1,0,0,0.5042003989219666,0.5042003989219666,0.5042003989219666,0.49579960107803345,0,2,9,post_calibration
11,5,0,13,60,1,0,0,0.5003090500831604,0.5003090500831604,0.5003090500831604,0.499690979719162,0,2,9,post_calibration
11,6,0,14,60,0,0,1,0.5024901032447815,0.5024901032447815,0.5024901032447815,0.4975098669528961,0,2,9,post_calibration
11,7,0,15,60,1,0,0,0.5049350261688232,0.5049350261688232,0.5049350261688232,0.49506497383117676,0,2,9,post_calibration
11,8,0,17,60,1,0,0,0.5027377009391785,0.5027377009391785,0.5027377009391785,0.49726226925849915,0,2,9,post_calibration
12,0,0,3,60,1,0,0,0.5011710524559021,0.5011710524559021,0.5011710524559021,0.4988289177417755,0,1,12,zero_shot_paired
12,1,0,4,60,1,0,0,0.5019854307174683,0.5019854307174683,0.5019854307174683,0.49801456928253174,0,1,12,zero_shot_paired
12,2,0,9,60,1,0,0,0.5052083134651184,0.5052083134651184,0.5052083134651184,0.4947916865348816,0,1,12,zero_shot_paired
12,3,0,10,60,1,1,1,0.5043649673461914,0.5043649673461914,0.495635062456131,0.5043649673461914,0,1,12,zero_shot_paired
12,4,0,14,60,0,0,1,0.5029714703559875,0.5029714703559875,0.5029714703559875,0.4970285892486572,0,1,12,zero_shot_paired
12,5,0,16,60,0,0,1,0.5071704983711243,0.5071704983711243,0.5071704983711243,0.49282947182655334,0,1,12,zero_shot_paired
12,0,0,3,60,1,1,1,0.5007287859916687,0.5007287859916687,0.4992711842060089,0.5007287859916687,0,1,12,post_calibration
12,1,0,4,60,1,0,0,0.5010313391685486,0.5010313391685486,0.5010313391685486,0.4989686608314514,0,1,12,post_calibration
12,2,0,9,60,1,0,0,0.5037497282028198,0.5037497282028198,0.5037497282028198,0.4962502419948578,0,1,12,post_calibration
12,3,0,10,60,1,1,1,0.5042142271995544,0.5042142271995544,0.49578574299812317,0.5042142271995544,0,1,12,post_calibration
12,4,0,14,60,0,0,1,0.5013641119003296,0.5013641119003296,0.5013641119003296,0.4986358880996704,0,1,12,post_calibration
12,5,0,16,60,0,0,1,0.5057611465454102,0.5057611465454102,0.5057611465454102,0.49423885345458984,0,1,12,post_calibration
13,0,0,0,60,1,1,1,0.5003148913383484,0.5003148913383484,0.4996851086616516,0.5003148913383484,0,2,12,zero_shot_paired
13,1,0,4,60,1,0,0,0.5019854307174683,0.5019854307174683,0.5019854307174683,0.49801456928253174,0,2,12,zero_shot_paired
13,2,0,5,60,0,0,1,0.5042888522148132,0.5042888522148132,0.5042888522148132,0.4957111179828644,0,2,12,zero_shot_paired
13,3,0,12,60,1,0,0,0.5047670006752014,0.5047670006752014,0.5047670006752014,0.4952329695224762,0,2,12,zero_shot_paired
13,4,0,14,60,0,0,1,0.5029714703559875,0.5029714703559875,0.5029714703559875,0.4970285892486572,0,2,12,zero_shot_paired
13,5,0,17,60,1,0,0,0.5029832720756531,0.5029832720756531,0.5029832720756531,0.4970167577266693,0,2,12,zero_shot_paired
13,0,0,0,60,1,1,1,0.5014889240264893,0.5014889240264893,0.49851107597351074,0.5014889240264893,0,2,12,post_calibration
13,1,0,4,60,1,0,0,0.5011032819747925,0.5011032819747925,0.5011032819747925,0.4988967478275299,0,2,12,post_calibration
13,2,0,5,60,0,0,1,0.503501832485199,0.503501832485199,0.503501832485199,0.496498167514801,0,2,12,post_calibration
13,3,0,12,60,1,0,0,0.5032227635383606,0.5032227635383606,0.5032227635383606,0.49677717685699463,0,2,12,post_calibration
13,4,0,14,60,0,0,1,0.5021938681602478,0.5021938681602478,0.5021938681602478,0.4978061616420746,0,2,12,post_calibration
13,5,0,17,60,1,0,0,0.5020748376846313,0.5020748376846313,0.5020748376846313,0.49792513251304626,0,2,12,post_calibration
14,0,0,1,60,1,1,1,0.5016223192214966,0.5016223192214966,0.4983776807785034,0.5016223192214966,0,3,12,zero_shot_paired
14,1,0,2,60,1,1,1,0.5026358962059021,0.5026358962059021,0.4973641037940979,0.5026358962059021,0,3,12,zero_shot_paired
14,2,0,7,60,0,1,0,0.5008372068405151,0.5008372068405151,0.49916279315948486,0.5008372068405151,0,3,12,zero_shot_paired
14,3,0,10,60,1,1,1,0.5043649673461914,0.5043649673461914,0.495635062456131,0.5043649673461914,0,3,12,zero_shot_paired
14,4,0,11,60,1,1,1,0.5022853016853333,0.5022853016853333,0.49771469831466675,0.5022853016853333,0,3,12,zero_shot_paired
14,5,0,16,60,0,0,1,0.5071704983711243,0.5071704983711243,0.5071704983711243,0.49282947182655334,0,3,12,zero_shot_paired
14,0,0,1,60,1,1,1,0.5024358034133911,0.5024358034133911,0.4975641667842865,0.5024358034133911,0,3,12,post_calibration
14,1,0,2,60,1,1,1,0.5030962228775024,0.5030962228775024,0.49690377712249756,0.5030962228775024,0,3,12,post_calibration
14,2,0,7,60,0,1,0,0.5017021298408508,0.5017021298408508,0.49829787015914917,0.5017021298408508,0,3,12,post_calibration
14,3,0,10,60,1,1,1,0.5041658878326416,0.5041658878326416,0.4958341717720032,0.5041658878326416,0,3,12,post_calibration
14,4,0,11,60,1,1,1,0.5031077265739441,0.5031077265739441,0.4968923032283783,0.5031077265739441,0,3,12,post_calibration
14,5,0,16,60,0,0,1,0.5060338377952576,0.5060338377952576,0.5060338377952576,0.49396616220474243,0,3,12,post_calibration
2,0,1,0,60,1,0,0,0.5060893297195435,0.5060893297195435,0.5060893297195435,0.49391064047813416,1,,,zero_shot_all_trials
2,1,1,1,60,0,0,1,0.5011542439460754,0.5011542439460754,0.5011542439460754,0.49884578585624695,1,,,zero_shot_all_trials
2,2,1,2,60,1,1,1,0.5036078691482544,0.5036078691482544,0.496392160654068,0.5036078691482544,1,,,zero_shot_all_trials
2,3,1,3,60,0,0,1,0.5008544921875,0.5008544921875,0.5008544921875,0.4991455078125,1,,,zero_shot_all_trials
2,4,1,4,60,0,1,0,0.5103569030761719,0.5103569030761719,0.4896431267261505,0.5103569030761719,1,,,zero_shot_all_trials
2,5,1,5,60,0,1,0,0.5048956871032715,0.5048956871032715,0.49510428309440613,0.5048956871032715,1,,,zero_shot_all_trials
2,6,1,6,60,1,0,0,0.5084272027015686,0.5084272027015686,0.5084272027015686,0.4915727972984314,1,,,zero_shot_all_trials
2,7,1,7,60,0,0,1,0.5029436349868774,0.5029436349868774,0.5029436349868774,0.49705633521080017,1,,,zero_shot_all_trials
2,8,1,8,60,0,0,1,0.5028137564659119,0.5028137564659119,0.5028137564659119,0.49718621373176575,1,,,zero_shot_all_trials
2,9,1,9,60,0,0,1,0.5003998279571533,0.5003998279571533,0.5003998279571533,0.4996001720428467,1,,,zero_shot_all_trials
2,10,1,10,60,1,1,1,0.5035080313682556,0.5035080313682556,0.4964919984340668,0.5035080313682556,1,,,zero_shot_all_trials
2,11,1,11,60,1,1,1,0.501848042011261,0.501848042011261,0.4981519877910614,0.501848042011261,1,,,zero_shot_all_trials
2,12,1,12,60,1,0,0,0.5035309791564941,0.5035309791564941,0.5035309791564941,0.49646902084350586,1,,,zero_shot_all_trials
2,13,1,13,60,0,1,0,0.5025954842567444,0.5025954842567444,0.4974045157432556,0.5025954842567444,1,,,zero_shot_all_trials
2,14,1,14,60,0,1,0,0.501610517501831,0.501610517501831,0.49838945269584656,0.501610517501831,1,,,zero_shot_all_trials
2,15,1,15,60,0,0,1,0.500451385974884,0.500451385974884,0.500451385974884,0.4995485842227936,1,,,zero_shot_all_trials
2,16,1,16,60,0,1,0,0.5028042197227478,0.5028042197227478,0.4971957504749298,0.5028042197227478,1,,,zero_shot_all_trials
2,17,1,17,60,1,1,1,0.5024284720420837,0.5024284720420837,0.49757155776023865,0.5024284720420837,1,,,zero_shot_all_trials
15,0,1,0,60,1,0,0,0.5060893297195435,0.5060893297195435,0.5060893297195435,0.49391064047813416,1,1,3,zero_shot_paired
15,1,1,1,60,0,0,1,0.5011542439460754,0.5011542439460754,0.5011542439460754,0.49884578585624695,1,1,3,zero_shot_paired
15,2,1,2,60,1,1,1,0.5036078691482544,0.5036078691482544,0.4963921308517456,0.5036078691482544,1,1,3,zero_shot_paired
15,3,1,3,60,0,0,1,0.5008544921875,0.5008544921875,0.5008544921875,0.4991455078125,1,1,3,zero_shot_paired
15,4,1,4,60,0,1,0,0.5103570222854614,0.5103570222854614,0.4896429777145386,0.5103570222854614,1,1,3,zero_shot_paired
15,5,1,5,60,0,1,0,0.5048956871032715,0.5048956871032715,0.49510425329208374,0.5048956871032715,1,1,3,zero_shot_paired
15,6,1,6,60,1,0,0,0.5084271430969238,0.5084271430969238,0.5084271430969238,0.4915728271007538,1,1,3,zero_shot_paired
15,7,1,9,60,0,0,1,0.5003998279571533,0.5003998279571533,0.5003998279571533,0.4996001124382019,1,1,3,zero_shot_paired
15,8,1,11,60,1,1,1,0.501848042011261,0.501848042011261,0.498151957988739,0.501848042011261,1,1,3,zero_shot_paired
15,9,1,12,60,1,0,0,0.5035308599472046,0.5035308599472046,0.5035308599472046,0.4964691400527954,1,1,3,zero_shot_paired
15,10,1,13,60,0,1,0,0.5025954246520996,0.5025954246520996,0.4974045753479004,0.5025954246520996,1,1,3,zero_shot_paired
15,11,1,14,60,0,1,0,0.5016106367111206,0.5016106367111206,0.498389333486557,0.5016106367111206,1,1,3,zero_shot_paired
15,12,1,15,60,0,0,1,0.500451385974884,0.500451385974884,0.500451385974884,0.4995485842227936,1,1,3,zero_shot_paired
15,13,1,16,60,0,1,0,0.5028042197227478,0.5028042197227478,0.4971957802772522,0.5028042197227478,1,1,3,zero_shot_paired
15,14,1,17,60,1,1,1,0.5024284720420837,0.5024284720420837,0.49757155776023865,0.5024284720420837,1,1,3,zero_shot_paired
15,0,1,0,60,1,0,0,0.5059120655059814,0.5059120655059814,0.5059120655059814,0.49408793449401855,1,1,3,post_calibration
15,1,1,1,60,0,0,1,0.501206636428833,0.501206636428833,0.501206636428833,0.4987933933734894,1,1,3,post_calibration
15,2,1,2,60,1,1,1,0.5035748481750488,0.5035748481750488,0.49642518162727356,0.5035748481750488,1,1,3,post_calibration
15,3,1,3,60,0,0,1,0.5006189346313477,0.5006189346313477,0.5006189346313477,0.49938109517097473,1,1,3,post_calibration
15,4,1,4,60,0,1,0,0.5102454423904419,0.5102454423904419,0.4897545576095581,0.5102454423904419,1,1,3,post_calibration
15,5,1,5,60,0,1,0,0.5047673583030701,0.5047673583030701,0.49523258209228516,0.5047673583030701,1,1,3,post_calibration
15,6,1,6,60,1,0,0,0.5088728070259094,0.5088728070259094,0.5088728070259094,0.49112725257873535,1,1,3,post_calibration
15,7,1,9,60,0,0,1,0.5005483031272888,0.5005483031272888,0.5005483031272888,0.49945172667503357,1,1,3,post_calibration
15,8,1,11,60,1,1,1,0.5018143653869629,0.5018143653869629,0.4981856048107147,0.5018143653869629,1,1,3,post_calibration
15,9,1,12,60,1,0,0,0.5035855770111084,0.5035855770111084,0.5035855770111084,0.4964144229888916,1,1,3,post_calibration
15,10,1,13,60,0,1,0,0.5024914741516113,0.5024914741516113,0.4975084662437439,0.5024914741516113,1,1,3,post_calibration
15,11,1,14,60,0,1,0,0.5015307068824768,0.5015307068824768,0.4984692931175232,0.5015307068824768,1,1,3,post_calibration
15,12,1,15,60,0,0,1,0.5005083084106445,0.5005083084106445,0.5005083084106445,0.49949172139167786,1,1,3,post_calibration
15,13,1,16,60,0,1,0,0.50275719165802,0.50275719165802,0.49724280834198,0.50275719165802,1,1,3,post_calibration
15,14,1,17,60,1,1,1,0.5021831393241882,0.5021831393241882,0.49781689047813416,0.5021831393241882,1,1,3,post_calibration
16,0,1,0,60,1,0,0,0.5060893297195435,0.5060893297195435,0.5060893297195435,0.49391064047813416,1,2,3,zero_shot_paired
16,1,1,1,60,0,0,1,0.5011542439460754,0.5011542439460754,0.5011542439460754,0.49884578585624695,1,2,3,zero_shot_paired
16,2,1,4,60,0,1,0,0.5103570222854614,0.5103570222854614,0.4896429777145386,0.5103570222854614,1,2,3,zero_shot_paired
16,3,1,6,60,1,0,0,0.5084271430969238,0.5084271430969238,0.5084271430969238,0.4915728271007538,1,2,3,zero_shot_paired
16,4,1,7,60,0,0,1,0.5029436349868774,0.5029436349868774,0.5029436349868774,0.49705633521080017,1,2,3,zero_shot_paired
16,5,1,8,60,0,0,1,0.5028138756752014,0.5028138756752014,0.5028138756752014,0.49718615412712097,1,2,3,zero_shot_paired
16,6,1,9,60,0,0,1,0.5003998279571533,0.5003998279571533,0.5003998279571533,0.4996001124382019,1,2,3,zero_shot_paired
16,7,1,10,60,1,1,1,0.5035080313682556,0.5035080313682556,0.4964919984340668,0.5035080313682556,1,2,3,zero_shot_paired
16,8,1,11,60,1,1,1,0.501848042011261,0.501848042011261,0.498151957988739,0.501848042011261,1,2,3,zero_shot_paired
16,9,1,12,60,1,0,0,0.5035308599472046,0.5035308599472046,0.5035308599472046,0.4964691400527954,1,2,3,zero_shot_paired
16,10,1,13,60,0,1,0,0.5025954246520996,0.5025954246520996,0.4974045753479004,0.5025954246520996,1,2,3,zero_shot_paired
16,11,1,14,60,0,1,0,0.5016106367111206,0.5016106367111206,0.498389333486557,0.5016106367111206,1,2,3,zero_shot_paired
16,12,1,15,60,0,0,1,0.500451385974884,0.500451385974884,0.500451385974884,0.4995485842227936,1,2,3,zero_shot_paired
16,13,1,16,60,0,1,0,0.5028042197227478,0.5028042197227478,0.4971957802772522,0.5028042197227478,1,2,3,zero_shot_paired
16,14,1,17,60,1,1,1,0.5024284720420837,0.5024284720420837,0.49757155776023865,0.5024284720420837,1,2,3,zero_shot_paired
16,0,1,0,60,1,0,0,0.5059754252433777,0.5059754252433777,0.5059754252433777,0.4940246045589447,1,2,3,post_calibration
16,1,1,1,60,0,0,1,0.5017339587211609,0.5017339587211609,0.5017339587211609,0.4982661008834839,1,2,3,post_calibration
16,2,1,4,60,0,1,0,0.5106925368309021,0.5106925368309021,0.4893074333667755,0.5106925368309021,1,2,3,post_calibration
16,3,1,6,60,1,0,0,0.5084046125411987,0.5084046125411987,0.5084046125411987,0.49159538745880127,1,2,3,post_calibration
16,4,1,7,60,0,0,1,0.5033713579177856,0.5033713579177856,0.5033713579177856,0.49662861227989197,1,2,3,post_calibration
16,5,1,8,60,0,0,1,0.5026113986968994,0.5026113986968994,0.5026113986968994,0.4973886013031006,1,2,3,post_calibration
16,6,1,9,60,0,0,1,0.5003094673156738,0.5003094673156738,0.5003094673156738,0.49969056248664856,1,2,3,post_calibration
16,7,1,10,60,1,1,1,0.5037822723388672,0.5037822723388672,0.4962177276611328,0.5037822723388672,1,2,3,post_calibration
16,8,1,11,60,1,1,1,0.5021673440933228,0.5021673440933228,0.49783268570899963,0.5021673440933228,1,2,3,post_calibration
16,9,1,12,60,1,0,0,0.5035834312438965,0.5035834312438965,0.5035834312438965,0.49641653895378113,1,2,3,post_calibration
16,10,1,13,60,0,1,0,0.5027188658714294,0.5027188658714294,0.49728113412857056,0.5027188658714294,1,2,3,post_calibration
16,11,1,14,60,0,1,0,0.5017009973526001,0.5017009973526001,0.4982989728450775,0.5017009973526001,1,2,3,post_calibration
16,12,1,15,60,0,0,1,0.5002701282501221,0.5002701282501221,0.5002701282501221,0.49972987174987793,1,2,3,post_calibration
16,13,1,16,60,0,1,0,0.5024691224098206,0.5024691224098206,0.49753087759017944,0.5024691224098206,1,2,3,post_calibration
16,14,1,17,60,1,1,1,0.5021923184394836,0.5021923184394836,0.49780771136283875,0.5021923184394836,1,2,3,post_calibration
17,0,1,0,60,1,0,0,0.5060893297195435,0.5060893297195435,0.5060893297195435,0.49391064047813416,1,3,3,zero_shot_paired
17,1,1,2,60,1,1,1,0.5036078691482544,0.5036078691482544,0.4963921308517456,0.5036078691482544,1,3,3,zero_shot_paired
17,2,1,3,60,0,0,1,0.5008544921875,0.5008544921875,0.5008544921875,0.4991455078125,1,3,3,zero_shot_paired
17,3,1,4,60,0,1,0,0.5103570222854614,0.5103570222854614,0.4896429777145386,0.5103570222854614,1,3,3,zero_shot_paired
17,4,1,5,60,0,1,0,0.5048956871032715,0.5048956871032715,0.49510425329208374,0.5048956871032715,1,3,3,zero_shot_paired
17,5,1,6,60,1,0,0,0.5084271430969238,0.5084271430969238,0.5084271430969238,0.4915728271007538,1,3,3,zero_shot_paired
17,6,1,7,60,0,0,1,0.5029436349868774,0.5029436349868774,0.5029436349868774,0.49705633521080017,1,3,3,zero_shot_paired
17,7,1,8,60,0,0,1,0.5028138756752014,0.5028138756752014,0.5028138756752014,0.49718615412712097,1,3,3,zero_shot_paired
17,8,1,9,60,0,0,1,0.5003998279571533,0.5003998279571533,0.5003998279571533,0.4996001124382019,1,3,3,zero_shot_paired
17,9,1,10,60,1,1,1,0.5035080313682556,0.5035080313682556,0.4964919984340668,0.5035080313682556,1,3,3,zero_shot_paired
17,10,1,13,60,0,1,0,0.5025954246520996,0.5025954246520996,0.4974045753479004,0.5025954246520996,1,3,3,zero_shot_paired
17,11,1,14,60,0,1,0,0.5016106367111206,0.5016106367111206,0.498389333486557,0.5016106367111206,1,3,3,zero_shot_paired
17,12,1,15,60,0,0,1,0.500451385974884,0.500451385974884,0.500451385974884,0.4995485842227936,1,3,3,zero_shot_paired
17,13,1,16,60,0,1,0,0.5028042197227478,0.5028042197227478,0.4971957802772522,0.5028042197227478,1,3,3,zero_shot_paired
17,14,1,17,60,1,1,1,0.5024284720420837,0.5024284720420837,0.49757155776023865,0.5024284720420837,1,3,3,zero_shot_paired
17,0,1,0,60,1,0,0,0.5059227347373962,0.5059227347373962,0.5059227347373962,0.49407723546028137,1,3,3,post_calibration
17,1,1,2,60,1,1,1,0.5037316679954529,0.5037316679954529,0.49626830220222473,0.5037316679954529,1,3,3,post_calibration
17,2,1,3,60,0,0,1,0.5006529688835144,0.5006529688835144,0.5006529688835144,0.4993469715118408,1,3,3,post_calibration
17,3,1,4,60,0,1,0,0.5104746222496033,0.5104746222496033,0.48952534794807434,0.5104746222496033,1,3,3,post_calibration
17,4,1,5,60,0,1,0,0.5053885579109192,0.5053885579109192,0.4946114420890808,0.5053885579109192,1,3,3,post_calibration
17,5,1,6,60,1,0,0,0.5084580779075623,0.5084580779075623,0.5084580779075623,0.49154195189476013,1,3,3,post_calibration
17,6,1,7,60,0,0,1,0.5029470324516296,0.5029470324516296,0.5029470324516296,0.49705299735069275,1,3,3,post_calibration
17,7,1,8,60,0,0,1,0.5026825666427612,0.5026825666427612,0.5026825666427612,0.49731746315956116,1,3,3,post_calibration
17,8,1,9,60,0,0,1,0.500243067741394,0.500243067741394,0.500243067741394,0.49975696206092834,1,3,3,post_calibration
17,9,1,10,60,1,1,1,0.5035848617553711,0.5035848617553711,0.4964151680469513,0.5035848617553711,1,3,3,post_calibration
17,10,1,13,60,0,1,0,0.5030361413955688,0.5030361413955688,0.49696385860443115,0.5030361413955688,1,3,3,post_calibration
17,11,1,14,60,0,1,0,0.5015462040901184,0.5015462040901184,0.4984537661075592,0.5015462040901184,1,3,3,post_calibration
17,12,1,15,60,0,1,0,0.5000120401382446,0.5000120401382446,0.49998798966407776,0.5000120401382446,1,3,3,post_calibration
17,13,1,16,60,0,1,0,0.5025476217269897,0.5025476217269897,0.49745237827301025,0.5025476217269897,1,3,3,post_calibration
17,14,1,17,60,1,1,1,0.502388596534729,0.502388596534729,0.4976114332675934,0.502388596534729,1,3,3,post_calibration
18,0,1,0,60,1,0,0,0.5060893297195435,0.5060893297195435,0.5060893297195435,0.49391064047813416,1,4,3,zero_shot_paired
18,1,1,1,60,0,0,1,0.5011542439460754,0.5011542439460754,0.5011542439460754,0.49884578585624695,1,4,3,zero_shot_paired
18,2,1,2,60,1,1,1,0.5036078691482544,0.5036078691482544,0.4963921308517456,0.5036078691482544,1,4,3,zero_shot_paired
18,3,1,3,60,0,0,1,0.5008544921875,0.5008544921875,0.5008544921875,0.4991455078125,1,4,3,zero_shot_paired
18,4,1,4,60,0,1,0,0.5103570222854614,0.5103570222854614,0.4896429777145386,0.5103570222854614,1,4,3,zero_shot_paired
18,5,1,5,60,0,1,0,0.5048956871032715,0.5048956871032715,0.49510425329208374,0.5048956871032715,1,4,3,zero_shot_paired
18,6,1,6,60,1,0,0,0.5084271430969238,0.5084271430969238,0.5084271430969238,0.4915728271007538,1,4,3,zero_shot_paired
18,7,1,7,60,0,0,1,0.5029436349868774,0.5029436349868774,0.5029436349868774,0.49705633521080017,1,4,3,zero_shot_paired
18,8,1,8,60,0,0,1,0.5028138756752014,0.5028138756752014,0.5028138756752014,0.49718615412712097,1,4,3,zero_shot_paired
18,9,1,10,60,1,1,1,0.5035080313682556,0.5035080313682556,0.4964919984340668,0.5035080313682556,1,4,3,zero_shot_paired
18,10,1,11,60,1,1,1,0.501848042011261,0.501848042011261,0.498151957988739,0.501848042011261,1,4,3,zero_shot_paired
18,11,1,12,60,1,0,0,0.5035308599472046,0.5035308599472046,0.5035308599472046,0.4964691400527954,1,4,3,zero_shot_paired
18,12,1,13,60,0,1,0,0.5025954246520996,0.5025954246520996,0.4974045753479004,0.5025954246520996,1,4,3,zero_shot_paired
18,13,1,14,60,0,1,0,0.5016106367111206,0.5016106367111206,0.498389333486557,0.5016106367111206,1,4,3,zero_shot_paired
18,14,1,16,60,0,1,0,0.5028042197227478,0.5028042197227478,0.4971957802772522,0.5028042197227478,1,4,3,zero_shot_paired
18,0,1,0,60,1,0,0,0.5059285759925842,0.5059285759925842,0.5059285759925842,0.49407142400741577,1,4,3,post_calibration
18,1,1,1,60,0,0,1,0.5011765956878662,0.5011765956878662,0.5011765956878662,0.4988234043121338,1,4,3,post_calibration
18,2,1,2,60,1,1,1,0.5033886432647705,0.5033886432647705,0.49661141633987427,0.5033886432647705,1,4,3,post_calibration
18,3,1,3,60,0,0,1,0.5006095170974731,0.5006095170974731,0.5006095170974731,0.49939048290252686,1,4,3,post_calibration
18,4,1,4,60,0,1,0,0.5103392004966736,0.5103392004966736,0.4896607995033264,0.5103392004966736,1,4,3,post_calibration
18,5,1,5,60,0,1,0,0.5049840211868286,0.5049840211868286,0.495015949010849,0.5049840211868286,1,4,3,post_calibration
18,6,1,6,60,1,0,0,0.508334219455719,0.508334219455719,0.508334219455719,0.49166572093963623,1,4,3,post_calibration
18,7,1,7,60,0,0,1,0.5030621886253357,0.5030621886253357,0.5030621886253357,0.4969378113746643,1,4,3,post_calibration
18,8,1,8,60,0,0,1,0.5028405785560608,0.5028405785560608,0.5028405785560608,0.4971594512462616,1,4,3,post_calibration
18,9,1,10,60,1,1,1,0.5030914545059204,0.5030914545059204,0.4969085454940796,0.5030914545059204,1,4,3,post_calibration
18,10,1,11,60,1,1,1,0.5017890334129333,0.5017890334129333,0.49821096658706665,0.5017890334129333,1,4,3,post_calibration
18,11,1,12,60,1,0,0,0.5035794377326965,0.5035794377326965,0.5035794377326965,0.49642059206962585,1,4,3,post_calibration
18,12,1,13,60,0,1,0,0.5028952956199646,0.5028952956199646,0.4971047043800354,0.5028952956199646,1,4,3,post_calibration
18,13,1,14,60,0,1,0,0.5011747479438782,0.5011747479438782,0.4988252520561218,0.5011747479438782,1,4,3,post_calibration
18,14,1,16,60,0,1,0,0.5024338364601135,0.5024338364601135,0.4975661635398865,0.5024338364601135,1,4,3,post_calibration
19,0,1,0,60,1,0,0,0.5060893297195435,0.5060893297195435,0.5060893297195435,0.49391064047813416,1,5,3,zero_shot_paired
19,1,1,1,60,0,0,1,0.5011542439460754,0.5011542439460754,0.5011542439460754,0.49884578585624695,1,5,3,zero_shot_paired
19,2,1,2,60,1,1,1,0.5036078691482544,0.5036078691482544,0.4963921308517456,0.5036078691482544,1,5,3,zero_shot_paired
19,3,1,3,60,0,0,1,0.5008544921875,0.5008544921875,0.5008544921875,0.4991455078125,1,5,3,zero_shot_paired
19,4,1,4,60,0,1,0,0.5103570222854614,0.5103570222854614,0.4896429777145386,0.5103570222854614,1,5,3,zero_shot_paired
19,5,1,5,60,0,1,0,0.5048956871032715,0.5048956871032715,0.49510425329208374,0.5048956871032715,1,5,3,zero_shot_paired
19,6,1,7,60,0,0,1,0.5029436349868774,0.5029436349868774,0.5029436349868774,0.49705633521080017,1,5,3,zero_shot_paired
19,7,1,8,60,0,0,1,0.5028138756752014,0.5028138756752014,0.5028138756752014,0.49718615412712097,1,5,3,zero_shot_paired
19,8,1,9,60,0,0,1,0.5003998279571533,0.5003998279571533,0.5003998279571533,0.4996001124382019,1,5,3,zero_shot_paired
19,9,1,10,60,1,1,1,0.5035080313682556,0.5035080313682556,0.4964919984340668,0.5035080313682556,1,5,3,zero_shot_paired
19,10,1,11,60,1,1,1,0.501848042011261,0.501848042011261,0.498151957988739,0.501848042011261,1,5,3,zero_shot_paired
19,11,1,12,60,1,0,0,0.5035308599472046,0.5035308599472046,0.5035308599472046,0.4964691400527954,1,5,3,zero_shot_paired
19,12,1,13,60,0,1,0,0.5025954246520996,0.5025954246520996,0.4974045753479004,0.5025954246520996,1,5,3,zero_shot_paired
19,13,1,15,60,0,0,1,0.500451385974884,0.500451385974884,0.500451385974884,0.4995485842227936,1,5,3,zero_shot_paired
19,14,1,17,60,1,1,1,0.5024284720420837,0.5024284720420837,0.49757155776023865,0.5024284720420837,1,5,3,zero_shot_paired
19,0,1,0,60,1,0,0,0.5058432817459106,0.5058432817459106,0.5058432817459106,0.49415668845176697,1,5,3,post_calibration
19,1,1,1,60,0,0,1,0.5019245147705078,0.5019245147705078,0.5019245147705078,0.4980754554271698,1,5,3,post_calibration
19,2,1,2,60,1,1,1,0.5029698610305786,0.5029698610305786,0.4970301687717438,0.5029698610305786,1,5,3,post_calibration
19,3,1,3,60,0,0,1,0.5008253455162048,0.5008253455162048,0.5008253455162048,0.4991746246814728,1,5,3,post_calibration
19,4,1,4,60,0,1,0,0.5100728273391724,0.5100728273391724,0.48992717266082764,0.5100728273391724,1,5,3,post_calibration
19,5,1,5,60,0,1,0,0.5047427415847778,0.5047427415847778,0.49525728821754456,0.5047427415847778,1,5,3,post_calibration
19,6,1,7,60,0,0,1,0.5033145546913147,0.5033145546913147,0.5033145546913147,0.4966854155063629,1,5,3,post_calibration
19,7,1,8,60,0,0,1,0.5031039118766785,0.5031039118766785,0.5031039118766785,0.49689602851867676,1,5,3,post_calibration
19,8,1,9,60,0,0,1,0.5010095834732056,0.5010095834732056,0.5010095834732056,0.4989904463291168,1,5,3,post_calibration
19,9,1,10,60,1,1,1,0.5031002759933472,0.5031002759933472,0.4968997836112976,0.5031002759933472,1,5,3,post_calibration
19,10,1,11,60,1,1,1,0.5017901659011841,0.5017901659011841,0.49820980429649353,0.5017901659011841,1,5,3,post_calibration
19,11,1,12,60,1,0,0,0.5037285685539246,0.5037285685539246,0.5037285685539246,0.49627143144607544,1,5,3,post_calibration
19,12,1,13,60,0,1,0,0.5023427605628967,0.5023427605628967,0.4976571798324585,0.5023427605628967,1,5,3,post_calibration
19,13,1,15,60,0,0,1,0.5006771683692932,0.5006771683692932,0.5006771683692932,0.499322772026062,1,5,3,post_calibration
19,14,1,17,60,1,1,1,0.5025420784950256,0.5025420784950256,0.49745792150497437,0.5025420784950256,1,5,3,post_calibration
20,0,1,1,60,0,0,1,0.5011542439460754,0.5011542439460754,0.5011542439460754,0.49884578585624695,1,6,3,zero_shot_paired
20,1,1,2,60,1,1,1,0.5036078691482544,0.5036078691482544,0.4963921308517456,0.5036078691482544,1,6,3,zero_shot_paired
20,2,1,3,60,0,0,1,0.5008544921875,0.5008544921875,0.5008544921875,0.4991455078125,1,6,3,zero_shot_paired
20,3,1,5,60,0,1,0,0.5048956871032715,0.5048956871032715,0.49510425329208374,0.5048956871032715,1,6,3,zero_shot_paired
20,4,1,6,60,1,0,0,0.5084271430969238,0.5084271430969238,0.5084271430969238,0.4915728271007538,1,6,3,zero_shot_paired
20,5,1,7,60,0,0,1,0.5029436349868774,0.5029436349868774,0.5029436349868774,0.49705633521080017,1,6,3,zero_shot_paired
20,6,1,8,60,0,0,1,0.5028138756752014,0.5028138756752014,0.5028138756752014,0.49718615412712097,1,6,3,zero_shot_paired
20,7,1,9,60,0,0,1,0.5003998279571533,0.5003998279571533,0.5003998279571533,0.4996001124382019,1,6,3,zero_shot_paired
20,8,1,10,60,1,1,1,0.5035080313682556,0.5035080313682556,0.4964919984340668,0.5035080313682556,1,6,3,zero_shot_paired
20,9,1,11,60,1,1,1,0.501848042011261,0.501848042011261,0.498151957988739,0.501848042011261,1,6,3,zero_shot_paired
20,10,1,12,60,1,0,0,0.5035308599472046,0.5035308599472046,0.5035308599472046,0.4964691400527954,1,6,3,zero_shot_paired
20,11,1,14,60,0,1,0,0.5016106367111206,0.5016106367111206,0.498389333486557,0.5016106367111206,1,6,3,zero_shot_paired
20,12,1,15,60,0,0,1,0.500451385974884,0.500451385974884,0.500451385974884,0.4995485842227936,1,6,3,zero_shot_paired
20,13,1,16,60,0,1,0,0.5028042197227478,0.5028042197227478,0.4971957802772522,0.5028042197227478,1,6,3,zero_shot_paired
20,14,1,17,60,1,1,1,0.5024284720420837,0.5024284720420837,0.49757155776023865,0.5024284720420837,1,6,3,zero_shot_paired
20,0,1,1,60,0,0,1,0.5008947849273682,0.5008947849273682,0.5008947849273682,0.49910518527030945,1,6,3,post_calibration
20,1,1,2,60,1,1,1,0.5028405785560608,0.5028405785560608,0.4971593916416168,0.5028405785560608,1,6,3,post_calibration
20,2,1,3,60,0,0,1,0.5006497502326965,0.5006497502326965,0.5006497502326965,0.49935027956962585,1,6,3,post_calibration
20,3,1,5,60,0,1,0,0.5046610236167908,0.5046610236167908,0.4953390061855316,0.5046610236167908,1,6,3,post_calibration
20,4,1,6,60,1,0,0,0.5081510543823242,0.5081510543823242,0.5081510543823242,0.4918489456176758,1,6,3,post_calibration
20,5,1,7,60,0,0,1,0.5030269026756287,0.5030269026756287,0.5030269026756287,0.49697309732437134,1,6,3,post_calibration
20,6,1,8,60,0,0,1,0.5026130676269531,0.5026130676269531,0.5026130676269531,0.4973869025707245,1,6,3,post_calibration
20,7,1,9,60,0,0,1,0.5005260109901428,0.5005260109901428,0.5005260109901428,0.4994739890098572,1,6,3,post_calibration
20,8,1,10,60,1,1,1,0.5033707618713379,0.5033707618713379,0.4966292977333069,0.5033707618713379,1,6,3,post_calibration
20,9,1,11,60,1,1,1,0.5017768740653992,0.5017768740653992,0.49822312593460083,0.5017768740653992,1,6,3,post_calibration
20,10,1,12,60,1,0,0,0.5034909248352051,0.5034909248352051,0.5034909248352051,0.4965091049671173,1,6,3,post_calibration
20,11,1,14,60,0,1,0,0.5015705823898315,0.5015705823898315,0.49842944741249084,0.5015705823898315,1,6,3,post_calibration
20,12,1,15,60,0,0,1,0.5004568099975586,0.5004568099975586,0.5004568099975586,0.4995432198047638,1,6,3,post_calibration
20,13,1,16,60,0,1,0,0.5027880668640137,0.5027880668640137,0.49721193313598633,0.5027880668640137,1,6,3,post_calibration
20,14,1,17,60,1,1,1,0.5024749040603638,0.5024749040603638,0.49752509593963623,0.5024749040603638,1,6,3,post_calibration
21,0,1,0,60,1,0,0,0.5060893297195435,0.5060893297195435,0.5060893297195435,0.49391064047813416,1,1,6,zero_shot_paired
21,1,1,1,60,0,0,1,0.5011542439460754,0.5011542439460754,0.5011542439460754,0.49884578585624695,1,1,6,zero_shot_paired
21,2,1,4,60,0,1,0,0.5103570222854614,0.5103570222854614,0.4896429777145386,0.5103570222854614,1,1,6,zero_shot_paired
21,3,1,6,60,1,0,0,0.5084271430969238,0.5084271430969238,0.5084271430969238,0.4915728271007538,1,1,6,zero_shot_paired
21,4,1,7,60,0,0,1,0.5029436349868774,0.5029436349868774,0.5029436349868774,0.49705633521080017,1,1,6,zero_shot_paired
21,5,1,9,60,0,0,1,0.5003998279571533,0.5003998279571533,0.5003998279571533,0.4996001124382019,1,1,6,zero_shot_paired
21,6,1,10,60,1,1,1,0.5035080313682556,0.5035080313682556,0.4964919984340668,0.5035080313682556,1,1,6,zero_shot_paired
21,7,1,11,60,1,1,1,0.501848042011261,0.501848042011261,0.498151957988739,0.501848042011261,1,1,6,zero_shot_paired
21,8,1,12,60,1,0,0,0.5035308599472046,0.5035308599472046,0.5035308599472046,0.4964691400527954,1,1,6,zero_shot_paired
21,9,1,14,60,0,1,0,0.5016106367111206,0.5016106367111206,0.498389333486557,0.5016106367111206,1,1,6,zero_shot_paired
21,10,1,15,60,0,0,1,0.500451385974884,0.500451385974884,0.500451385974884,0.4995485842227936,1,1,6,zero_shot_paired
21,11,1,16,60,0,1,0,0.5028042197227478,0.5028042197227478,0.4971957802772522,0.5028042197227478,1,1,6,zero_shot_paired
21,0,1,0,60,1,0,0,0.5063634514808655,0.5063634514808655,0.5063634514808655,0.4936365783214569,1,1,6,post_calibration
21,1,1,1,60,0,0,1,0.5011308789253235,0.5011308789253235,0.5011308789253235,0.4988690912723541,1,1,6,post_calibration
21,2,1,4,60,0,1,0,0.5104525089263916,0.5104525089263916,0.4895475208759308,0.5104525089263916,1,1,6,post_calibration
21,3,1,6,60,1,0,0,0.5086137652397156,0.5086137652397156,0.5086137652397156,0.4913862347602844,1,1,6,post_calibration
21,4,1,7,60,0,0,1,0.5031039118766785,0.5031039118766785,0.5031039118766785,0.49689602851867676,1,1,6,post_calibration
21,5,1,9,60,0,0,1,0.500586986541748,0.500586986541748,0.500586986541748,0.49941307306289673,1,1,6,post_calibration
21,6,1,10,60,1,1,1,0.5033450126647949,0.5033450126647949,0.4966549575328827,0.5033450126647949,1,1,6,post_calibration
21,7,1,11,60,1,1,1,0.5014062523841858,0.5014062523841858,0.4985937476158142,0.5014062523841858,1,1,6,post_calibration
21,8,1,12,60,1,0,0,0.5036742091178894,0.5036742091178894,0.5036742091178894,0.4963257908821106,1,1,6,post_calibration
21,9,1,14,60,0,1,0,0.5014801025390625,0.5014801025390625,0.4985198676586151,0.5014801025390625,1,1,6,post_calibration
21,10,1,15,60,0,0,1,0.5004866719245911,0.5004866719245911,0.5004866719245911,0.4995133578777313,1,1,6,post_calibration
21,11,1,16,60,0,1,0,0.5027860403060913,0.5027860403060913,0.4972139298915863,0.5027860403060913,1,1,6,post_calibration
22,0,1,0,60,1,0,0,0.5060893297195435,0.5060893297195435,0.5060893297195435,0.49391064047813416,1,2,6,zero_shot_paired
22,1,1,1,60,0,0,1,0.5011542439460754,0.5011542439460754,0.5011542439460754,0.49884578585624695,1,2,6,zero_shot_paired
22,2,1,2,60,1,1,1,0.5036078691482544,0.5036078691482544,0.4963921308517456,0.5036078691482544,1,2,6,zero_shot_paired
22,3,1,3,60,0,0,1,0.5008544921875,0.5008544921875,0.5008544921875,0.4991455078125,1,2,6,zero_shot_paired
22,4,1,5,60,0,1,0,0.5048956871032715,0.5048956871032715,0.49510425329208374,0.5048956871032715,1,2,6,zero_shot_paired
22,5,1,8,60,0,0,1,0.5028138756752014,0.5028138756752014,0.5028138756752014,0.49718615412712097,1,2,6,zero_shot_paired
22,6,1,9,60,0,0,1,0.5003998279571533,0.5003998279571533,0.5003998279571533,0.4996001124382019,1,2,6,zero_shot_paired
22,7,1,10,60,1,1,1,0.5035080313682556,0.5035080313682556,0.4964919984340668,0.5035080313682556,1,2,6,zero_shot_paired
22,8,1,12,60,1,0,0,0.5035308599472046,0.5035308599472046,0.5035308599472046,0.4964691400527954,1,2,6,zero_shot_paired
22,9,1,13,60,0,1,0,0.5025954246520996,0.5025954246520996,0.4974045753479004,0.5025954246520996,1,2,6,zero_shot_paired
22,10,1,15,60,0,0,1,0.500451385974884,0.500451385974884,0.500451385974884,0.4995485842227936,1,2,6,zero_shot_paired
22,11,1,17,60,1,1,1,0.5024284720420837,0.5024284720420837,0.49757155776023865,0.5024284720420837,1,2,6,zero_shot_paired
22,0,1,0,60,1,0,0,0.5058003067970276,0.5058003067970276,0.5058003067970276,0.49419966340065,1,2,6,post_calibration
22,1,1,1,60,0,0,1,0.5018525123596191,0.5018525123596191,0.5018525123596191,0.49814751744270325,1,2,6,post_calibration
22,2,1,2,60,1,1,1,0.503807544708252,0.503807544708252,0.49619242548942566,0.503807544708252,1,2,6,post_calibration
22,3,1,3,60,0,0,1,0.5009331703186035,0.5009331703186035,0.5009331703186035,0.49906685948371887,1,2,6,post_calibration
22,4,1,5,60,0,1,0,0.5054470896720886,0.5054470896720886,0.494552880525589,0.5054470896720886,1,2,6,post_calibration
22,5,1,8,60,0,0,1,0.5025916695594788,0.5025916695594788,0.5025916695594788,0.49740830063819885,1,2,6,post_calibration
22,6,1,9,60,0,0,1,0.5002577304840088,0.5002577304840088,0.5002577304840088,0.4997422397136688,1,2,6,post_calibration
22,7,1,10,60,1,1,1,0.503280758857727,0.503280758857727,0.49671927094459534,0.503280758857727,1,2,6,post_calibration
22,8,1,12,60,1,0,0,0.5035132169723511,0.5035132169723511,0.5035132169723511,0.4964867830276489,1,2,6,post_calibration
22,9,1,13,60,0,1,0,0.503097414970398,0.503097414970398,0.49690258502960205,0.503097414970398,1,2,6,post_calibration
22,10,1,15,60,0,1,0,0.5000779032707214,0.5000779032707214,0.4999220669269562,0.5000779032707214,1,2,6,post_calibration
22,11,1,17,60,1,1,1,0.5026256442070007,0.5026256442070007,0.4973743259906769,0.5026256442070007,1,2,6,post_calibration
23,0,1,2,60,1,1,1,0.5036078691482544,0.5036078691482544,0.4963921308517456,0.5036078691482544,1,3,6,zero_shot_paired
23,1,1,3,60,0,0,1,0.5008544921875,0.5008544921875,0.5008544921875,0.4991455078125,1,3,6,zero_shot_paired
23,2,1,4,60,0,1,0,0.5103570222854614,0.5103570222854614,0.4896429777145386,0.5103570222854614,1,3,6,zero_shot_paired
23,3,1,5,60,0,1,0,0.5048956871032715,0.5048956871032715,0.49510425329208374,0.5048956871032715,1,3,6,zero_shot_paired
23,4,1,6,60,1,0,0,0.5084271430969238,0.5084271430969238,0.5084271430969238,0.4915728271007538,1,3,6,zero_shot_paired
23,5,1,7,60,0,0,1,0.5029436349868774,0.5029436349868774,0.5029436349868774,0.49705633521080017,1,3,6,zero_shot_paired
23,6,1,8,60,0,0,1,0.5028138756752014,0.5028138756752014,0.5028138756752014,0.49718615412712097,1,3,6,zero_shot_paired
23,7,1,11,60,1,1,1,0.501848042011261,0.501848042011261,0.498151957988739,0.501848042011261,1,3,6,zero_shot_paired
23,8,1,13,60,0,1,0,0.5025954246520996,0.5025954246520996,0.4974045753479004,0.5025954246520996,1,3,6,zero_shot_paired
23,9,1,14,60,0,1,0,0.5016106367111206,0.5016106367111206,0.498389333486557,0.5016106367111206,1,3,6,zero_shot_paired
23,10,1,16,60,0,1,0,0.5028042197227478,0.5028042197227478,0.4971957802772522,0.5028042197227478,1,3,6,zero_shot_paired
23,11,1,17,60,1,1,1,0.5024284720420837,0.5024284720420837,0.49757155776023865,0.5024284720420837,1,3,6,zero_shot_paired
23,0,1,2,60,1,1,1,0.5033426284790039,0.5033426284790039,0.4966573417186737,0.5033426284790039,1,3,6,post_calibration
23,1,1,3,60,0,0,1,0.5005329847335815,0.5005329847335815,0.5005329847335815,0.49946701526641846,1,3,6,post_calibration
23,2,1,4,60,0,1,0,0.5103356838226318,0.5103356838226318,0.48966431617736816,0.5103356838226318,1,3,6,post_calibration
23,3,1,5,60,0,1,0,0.5042529702186584,0.5042529702186584,0.49574699997901917,0.5042529702186584,1,3,6,post_calibration
23,4,1,6,60,1,0,0,0.5087671875953674,0.5087671875953674,0.5087671875953674,0.49123281240463257,1,3,6,post_calibration
23,5,1,7,60,0,0,1,0.5028135776519775,0.5028135776519775,0.5028135776519775,0.49718645215034485,1,3,6,post_calibration
23,6,1,8,60,0,0,1,0.5030942559242249,0.5030942559242249,0.5030942559242249,0.49690568447113037,1,3,6,post_calibration
23,7,1,11,60,1,1,1,0.5014122724533081,0.5014122724533081,0.4985877275466919,0.5014122724533081,1,3,6,post_calibration
23,8,1,13,60,0,1,0,0.5019923448562622,0.5019923448562622,0.4980076551437378,0.5019923448562622,1,3,6,post_calibration
23,9,1,14,60,0,1,0,0.5008493661880493,0.5008493661880493,0.4991506338119507,0.5008493661880493,1,3,6,post_calibration
23,10,1,16,60,0,1,0,0.5028506517410278,0.5028506517410278,0.49714934825897217,0.5028506517410278,1,3,6,post_calibration
23,11,1,17,60,1,1,1,0.5022732615470886,0.5022732615470886,0.49772679805755615,0.5022732615470886,1,3,6,post_calibration
24,0,1,0,60,1,0,0,0.5060893893241882,0.5060893893241882,0.5060893893241882,0.49391064047813416,1,1,9,zero_shot_paired
24,1,1,1,60,0,0,1,0.5011541843414307,0.5011541843414307,0.5011541843414307,0.4988458752632141,1,1,9,zero_shot_paired
24,2,1,2,60,1,1,1,0.503607988357544,0.503607988357544,0.49639207124710083,0.503607988357544,1,1,9,zero_shot_paired
24,3,1,3,60,0,0,1,0.5008544921875,0.5008544921875,0.5008544921875,0.4991455078125,1,1,9,zero_shot_paired
24,4,1,4,60,0,1,0,0.5103569030761719,0.5103569030761719,0.4896431267261505,0.5103569030761719,1,1,9,zero_shot_paired
24,5,1,10,60,1,1,1,0.5035080313682556,0.5035080313682556,0.4964919984340668,0.5035080313682556,1,1,9,zero_shot_paired
24,6,1,13,60,0,1,0,0.5025954842567444,0.5025954842567444,0.4974045157432556,0.5025954842567444,1,1,9,zero_shot_paired
24,7,1,14,60,0,1,0,0.5016106367111206,0.5016106367111206,0.498389333486557,0.5016106367111206,1,1,9,zero_shot_paired
24,8,1,15,60,0,0,1,0.5004515051841736,0.5004515051841736,0.5004515051841736,0.4995485246181488,1,1,9,zero_shot_paired
24,0,1,0,60,1,0,0,0.5058634281158447,0.5058634281158447,0.5058634281158447,0.49413660168647766,1,1,9,post_calibration
24,1,1,1,60,0,0,1,0.5018730163574219,0.5018730163574219,0.5018730163574219,0.49812695384025574,1,1,9,post_calibration
24,2,1,2,60,1,1,1,0.502737820148468,0.502737820148468,0.497262179851532,0.502737820148468,1,1,9,post_calibration
24,3,1,3,60,0,0,1,0.5007829070091248,0.5007829070091248,0.5007829070091248,0.49921709299087524,1,1,9,post_calibration
24,4,1,4,60,0,1,0,0.5099899768829346,0.5099899768829346,0.49000999331474304,0.5099899768829346,1,1,9,post_calibration
24,5,1,10,60,1,1,1,0.5025331974029541,0.5025331974029541,0.4974667727947235,0.5025331974029541,1,1,9,post_calibration
24,6,1,13,60,0,1,0,0.5027424693107605,0.5027424693107605,0.4972575008869171,0.5027424693107605,1,1,9,post_calibration
24,7,1,14,60,0,1,0,0.500980019569397,0.500980019569397,0.49901995062828064,0.500980019569397,1,1,9,post_calibration
24,8,1,15,60,0,0,1,0.5003379583358765,0.5003379583358765,0.5003379583358765,0.4996620714664459,1,1,9,post_calibration
25,0,1,5,60,0,1,0,0.5048956871032715,0.5048956871032715,0.49510428309440613,0.5048956871032715,1,2,9,zero_shot_paired
25,1,1,6,60,1,0,0,0.5084270238876343,0.5084270238876343,0.5084270238876343,0.49157291650772095,1,2,9,zero_shot_paired
25,2,1,7,60,0,0,1,0.5029436349868774,0.5029436349868774,0.5029436349868774,0.49705639481544495,1,2,9,zero_shot_paired
25,3,1,8,60,0,0,1,0.5028137564659119,0.5028137564659119,0.5028137564659119,0.49718621373176575,1,2,9,zero_shot_paired
25,4,1,9,60,0,0,1,0.5003998875617981,0.5003998875617981,0.5003998875617981,0.4996001124382019,1,2,9,zero_shot_paired
25,5,1,11,60,1,1,1,0.501848042011261,0.501848042011261,0.4981519877910614,0.501848042011261,1,2,9,zero_shot_paired
25,6,1,12,60,1,0,0,0.5035308599472046,0.5035308599472046,0.5035308599472046,0.49646908044815063,1,2,9,zero_shot_paired
25,7,1,16,60,0,1,0,0.5028042793273926,0.5028042793273926,0.4971957206726074,0.5028042793273926,1,2,9,zero_shot_paired
25,8,1,17,60,1,1,1,0.5024285316467285,0.5024285316467285,0.4975714683532715,0.5024285316467285,1,2,9,zero_shot_paired
25,0,1,5,60,0,1,0,0.5045811533927917,0.5045811533927917,0.49541881680488586,0.5045811533927917,1,2,9,post_calibration
25,1,1,6,60,1,0,0,0.5081436634063721,0.5081436634063721,0.5081436634063721,0.49185633659362793,1,2,9,post_calibration
25,2,1,7,60,0,0,1,0.5032809972763062,0.5032809972763062,0.5032809972763062,0.49671897292137146,1,2,9,post_calibration
25,3,1,8,60,0,0,1,0.5023484230041504,0.5023484230041504,0.5023484230041504,0.4976515471935272,1,2,9,post_calibration
25,4,1,9,60,0,0,1,0.500222384929657,0.500222384929657,0.500222384929657,0.4997776746749878,1,2,9,post_calibration
25,5,1,11,60,1,1,1,0.5014468431472778,0.5014468431472778,0.49855315685272217,0.5014468431472778,1,2,9,post_calibration
25,6,1,12,60,1,0,0,0.5039368867874146,0.5039368867874146,0.5039368867874146,0.49606308341026306,1,2,9,post_calibration
25,7,1,16,60,0,1,0,0.5026617050170898,0.5026617050170898,0.49733826518058777,0.5026617050170898,1,2,9,post_calibration
25,8,1,17,60,1,1,1,0.5017355680465698,0.5017355680465698,0.4982644319534302,0.5017355680465698,1,2,9,post_calibration
26,0,1,1,60,0,0,1,0.5011520385742188,0.5011520385742188,0.5011520385742188,0.49884796142578125,1,1,12,zero_shot_paired
26,1,1,3,60,0,0,1,0.5008535385131836,0.5008535385131836,0.5008535385131836,0.4991464614868164,1,1,12,zero_shot_paired
26,2,1,7,60,0,0,1,0.5029451251029968,0.5029451251029968,0.5029451251029968,0.4970548152923584,1,1,12,zero_shot_paired
26,3,1,10,60,1,1,1,0.5035097002983093,0.5035097002983093,0.4964902400970459,0.5035097002983093,1,1,12,zero_shot_paired
26,4,1,14,60,0,1,0,0.5016100406646729,0.5016100406646729,0.49838995933532715,0.5016100406646729,1,1,12,zero_shot_paired
26,5,1,17,60,1,1,1,0.5024289488792419,0.5024289488792419,0.49757105112075806,0.5024289488792419,1,1,12,zero_shot_paired
26,0,1,1,60,0,0,1,0.5010326504707336,0.5010326504707336,0.5010326504707336,0.49896734952926636,1,1,12,post_calibration
26,1,1,3,60,0,0,1,0.5002651810646057,0.5002651810646057,0.5002651810646057,0.4997348189353943,1,1,12,post_calibration
26,2,1,7,60,0,0,1,0.5030527114868164,0.5030527114868164,0.5030527114868164,0.4969472587108612,1,1,12,post_calibration
26,3,1,10,60,1,1,1,0.5028430223464966,0.5028430223464966,0.4971570074558258,0.5028430223464966,1,1,12,post_calibration
26,4,1,14,60,0,1,0,0.501158595085144,0.501158595085144,0.49884140491485596,0.501158595085144,1,1,12,post_calibration
26,5,1,17,60,1,1,1,0.5021713972091675,0.5021713972091675,0.4978286623954773,0.5021713972091675,1,1,12,post_calibration
27,0,1,1,60,0,0,1,0.5011520385742188,0.5011520385742188,0.5011520385742188,0.49884796142578125,1,2,12,zero_shot_paired
27,1,1,5,60,0,1,0,0.5048950910568237,0.5048950910568237,0.4951048791408539,0.5048950910568237,1,2,12,zero_shot_paired
27,2,1,9,60,0,0,1,0.5004008412361145,0.5004008412361145,0.5004008412361145,0.4995990991592407,1,2,12,zero_shot_paired
27,3,1,11,60,1,1,1,0.5018486976623535,0.5018486976623535,0.4981513023376465,0.5018486976623535,1,2,12,zero_shot_paired
27,4,1,15,60,0,0,1,0.5004480481147766,0.5004480481147766,0.5004480481147766,0.4995519816875458,1,2,12,zero_shot_paired
27,5,1,17,60,1,1,1,0.5024289488792419,0.5024289488792419,0.49757105112075806,0.5024289488792419,1,2,12,zero_shot_paired
27,0,1,1,60,0,0,1,0.5021326541900635,0.5021326541900635,0.5021326541900635,0.49786731600761414,1,2,12,post_calibration
27,1,1,5,60,0,1,0,0.5047016739845276,0.5047016739845276,0.49529829621315,0.5047016739845276,1,2,12,post_calibration
27,2,1,9,60,0,0,1,0.5013009905815125,0.5013009905815125,0.5013009905815125,0.49869900941848755,1,2,12,post_calibration
27,3,1,11,60,1,1,1,0.5016195774078369,0.5016195774078369,0.4983804225921631,0.5016195774078369,1,2,12,post_calibration
27,4,1,15,60,0,0,1,0.5007388591766357,0.5007388591766357,0.5007388591766357,0.49926114082336426,1,2,12,post_calibration
27,5,1,17,60,1,1,1,0.5021273493766785,0.5021273493766785,0.49787262082099915,0.5021273493766785,1,2,12,post_calibration
28,0,1,2,60,1,1,1,0.5036049485206604,0.5036049485206604,0.4963950514793396,0.5036049485206604,1,3,12,zero_shot_paired
28,1,1,3,60,0,0,1,0.5008535385131836,0.5008535385131836,0.5008535385131836,0.4991464614868164,1,3,12,zero_shot_paired
28,2,1,4,60,0,1,0,0.5103578567504883,0.5103578567504883,0.48964211344718933,0.5103578567504883,1,3,12,zero_shot_paired
28,3,1,11,60,1,1,1,0.5018486976623535,0.5018486976623535,0.4981513023376465,0.5018486976623535,1,3,12,zero_shot_paired
28,4,1,13,60,0,1,0,0.5025935173034668,0.5025935173034668,0.4974065124988556,0.5025935173034668,1,3,12,zero_shot_paired
28,5,1,16,60,0,1,0,0.5028054118156433,0.5028054118156433,0.4971945881843567,0.5028054118156433,1,3,12,zero_shot_paired
28,0,1,2,60,1,1,1,0.502432107925415,0.502432107925415,0.49756795167922974,0.502432107925415,1,3,12,post_calibration
28,1,1,3,60,0,0,1,0.5009700655937195,0.5009700655937195,0.5009700655937195,0.4990299344062805,1,3,12,post_calibration
28,2,1,4,60,0,1,0,0.5093014240264893,0.5093014240264893,0.49069860577583313,0.5093014240264893,1,3,12,post_calibration
28,3,1,11,60,1,1,1,0.501223087310791,0.501223087310791,0.49877694249153137,0.501223087310791,1,3,12,post_calibration
28,4,1,13,60,0,1,0,0.5018765926361084,0.5018765926361084,0.4981234669685364,0.5018765926361084,1,3,12,post_calibration
28,5,1,16,60,0,1,0,0.5010085105895996,0.5010085105895996,0.4989915192127228,0.5010085105895996,1,3,12,post_calibration
3,0,2,0,60,1,1,1,0.5016245245933533,0.5016245245933533,0.49837544560432434,0.5016245245933533,2,,,zero_shot_all_trials
3,1,2,1,60,1,0,0,0.506779134273529,0.506779134273529,0.506779134273529,0.49322086572647095,2,,,zero_shot_all_trials
3,2,2,2,60,1,0,0,0.5035870671272278,0.5035870671272278,0.5035870671272278,0.496412992477417,2,,,zero_shot_all_trials
3,3,2,3,60,0,0,1,0.5027903914451599,0.5027903914451599,0.5027903914451599,0.4972096383571625,2,,,zero_shot_all_trials
3,4,2,4,60,1,0,0,0.5080390572547913,0.5080390572547913,0.5080390572547913,0.49196094274520874,2,,,zero_shot_all_trials
3,5,2,5,60,1,0,0,0.5031826496124268,0.5031826496124268,0.5031826496124268,0.49681735038757324,2,,,zero_shot_all_trials
3,6,2,6,60,1,1,1,0.5089324116706848,0.5089324116706848,0.4910675287246704,0.5089324116706848,2,,,zero_shot_all_trials
3,7,2,7,60,0,0,1,0.5048373341560364,0.5048373341560364,0.5048373341560364,0.4951626658439636,2,,,zero_shot_all_trials
3,8,2,8,60,0,0,1,0.5026882886886597,0.5026882886886597,0.5026882886886597,0.4973117411136627,2,,,zero_shot_all_trials
3,9,2,9,60,1,0,0,0.5071738362312317,0.5071738362312317,0.5071738362312317,0.4928261637687683,2,,,zero_shot_all_trials
3,10,2,10,60,1,1,1,0.5052143335342407,0.5052143335342407,0.49478569626808167,0.5052143335342407,2,,,zero_shot_all_trials
3,11,2,11,60,1,0,0,0.5008337497711182,0.5008337497711182,0.5008337497711182,0.49916625022888184,2,,,zero_shot_all_trials
3,12,2,12,60,1,1,1,0.5023162364959717,0.5023162364959717,0.4976837635040283,0.5023162364959717,2,,,zero_shot_all_trials
3,13,2,13,60,1,1,1,0.5068889856338501,0.5068889856338501,0.4931110441684723,0.5068889856338501,2,,,zero_shot_all_trials
3,14,2,14,60,1,1,1,0.5056340098381042,0.5056340098381042,0.49436601996421814,0.5056340098381042,2,,,zero_shot_all_trials
3,15,2,15,60,1,0,0,0.5105570554733276,0.5105570554733276,0.5105570554733276,0.48944294452667236,2,,,zero_shot_all_trials
3,16,2,16,60,0,1,0,0.502229630947113,0.502229630947113,0.49777039885520935,0.502229630947113,2,,,zero_shot_all_trials
3,17,2,17,60,1,1,1,0.506831705570221,0.506831705570221,0.49316829442977905,0.506831705570221,2,,,zero_shot_all_trials
29,0,2,0,60,1,1,1,0.5016244053840637,0.5016244053840637,0.4983755648136139,0.5016244053840637,2,1,3,zero_shot_paired
29,1,2,1,60,1,0,0,0.5067790746688843,0.5067790746688843,0.5067790746688843,0.49322086572647095,2,1,3,zero_shot_paired
29,2,2,2,60,1,0,0,0.5035870671272278,0.5035870671272278,0.5035870671272278,0.496412992477417,2,1,3,zero_shot_paired
29,3,2,5,60,1,0,0,0.5031826496124268,0.5031826496124268,0.5031826496124268,0.49681735038757324,2,1,3,zero_shot_paired
29,4,2,6,60,1,1,1,0.5089324116706848,0.5089324116706848,0.4910676181316376,0.5089324116706848,2,1,3,zero_shot_paired
29,5,2,7,60,0,0,1,0.5048373341560364,0.5048373341560364,0.5048373341560364,0.4951626658439636,2,1,3,zero_shot_paired
29,6,2,8,60,0,0,1,0.5026882290840149,0.5026882290840149,0.5026882290840149,0.4973117411136627,2,1,3,zero_shot_paired
29,7,2,9,60,1,0,0,0.5071738362312317,0.5071738362312317,0.5071738362312317,0.4928261637687683,2,1,3,zero_shot_paired
29,8,2,10,60,1,1,1,0.5052143931388855,0.5052143931388855,0.4947856068611145,0.5052143931388855,2,1,3,zero_shot_paired
29,9,2,11,60,1,0,0,0.5008335113525391,0.5008335113525391,0.5008335113525391,0.49916648864746094,2,1,3,zero_shot_paired
29,10,2,13,60,1,1,1,0.5068889856338501,0.5068889856338501,0.4931110441684723,0.5068889856338501,2,1,3,zero_shot_paired
29,11,2,14,60,1,1,1,0.5056338906288147,0.5056338906288147,0.4943661391735077,0.5056338906288147,2,1,3,zero_shot_paired
29,12,2,15,60,1,0,0,0.5105569958686829,0.5105569958686829,0.5105569958686829,0.48944294452667236,2,1,3,zero_shot_paired
29,13,2,16,60,0,1,0,0.502229630947113,0.502229630947113,0.49777039885520935,0.502229630947113,2,1,3,zero_shot_paired
29,14,2,17,60,1,1,1,0.5068315863609314,0.5068315863609314,0.4931684136390686,0.5068315863609314,2,1,3,zero_shot_paired
29,0,2,0,60,1,1,1,0.5018819570541382,0.5018819570541382,0.4981180429458618,0.5018819570541382,2,1,3,post_calibration
29,1,2,1,60,1,0,0,0.5066430568695068,0.5066430568695068,0.5066430568695068,0.49335694313049316,2,1,3,post_calibration
29,2,2,2,60,1,0,0,0.5031172633171082,0.5031172633171082,0.5031172633171082,0.49688270688056946,2,1,3,post_calibration
29,3,2,5,60,1,0,0,0.5027511119842529,0.5027511119842529,0.5027511119842529,0.49724894762039185,2,1,3,post_calibration
29,4,2,6,60,1,1,1,0.5089751482009888,0.5089751482009888,0.4910248816013336,0.5089751482009888,2,1,3,post_calibration
29,5,2,7,60,0,0,1,0.5047691464424133,0.5047691464424133,0.5047691464424133,0.49523088335990906,2,1,3,post_calibration
29,6,2,8,60,0,0,1,0.5025591850280762,0.5025591850280762,0.5025591850280762,0.4974408447742462,2,1,3,post_calibration
29,7,2,9,60,1,0,0,0.5068001747131348,0.5068001747131348,0.5068001747131348,0.49319982528686523,2,1,3,post_calibration
29,8,2,10,60,1,1,1,0.5053407549858093,0.5053407549858093,0.4946592152118683,0.5053407549858093,2,1,3,post_calibration
29,9,2,11,60,1,0,0,0.5008240342140198,0.5008240342140198,0.5008240342140198,0.4991759657859802,2,1,3,post_calibration
29,10,2,13,60,1,1,1,0.5068222284317017,0.5068222284317017,0.49317777156829834,0.5068222284317017,2,1,3,post_calibration
29,11,2,14,60,1,1,1,0.5056567788124084,0.5056567788124084,0.49434322118759155,0.5056567788124084,2,1,3,post_calibration
29,12,2,15,60,1,0,0,0.5106935501098633,0.5106935501098633,0.5106935501098633,0.4893064796924591,2,1,3,post_calibration
29,13,2,16,60,0,1,0,0.502463698387146,0.502463698387146,0.4975363612174988,0.502463698387146,2,1,3,post_calibration
29,14,2,17,60,1,1,1,0.5073398947715759,0.5073398947715759,0.4926601052284241,0.5073398947715759,2,1,3,post_calibration
30,0,2,0,60,1,1,1,0.5016244053840637,0.5016244053840637,0.4983755648136139,0.5016244053840637,2,2,3,zero_shot_paired
30,1,2,1,60,1,0,0,0.5067790746688843,0.5067790746688843,0.5067790746688843,0.49322086572647095,2,2,3,zero_shot_paired
30,2,2,2,60,1,0,0,0.5035870671272278,0.5035870671272278,0.5035870671272278,0.496412992477417,2,2,3,zero_shot_paired
30,3,2,3,60,0,0,1,0.5027904510498047,0.5027904510498047,0.5027904510498047,0.4972095191478729,2,2,3,zero_shot_paired
30,4,2,4,60,1,0,0,0.5080390572547913,0.5080390572547913,0.5080390572547913,0.49196097254753113,2,2,3,zero_shot_paired
30,5,2,5,60,1,0,0,0.5031826496124268,0.5031826496124268,0.5031826496124268,0.49681735038757324,2,2,3,zero_shot_paired
30,6,2,7,60,0,0,1,0.5048373341560364,0.5048373341560364,0.5048373341560364,0.4951626658439636,2,2,3,zero_shot_paired
30,7,2,9,60,1,0,0,0.5071738362312317,0.5071738362312317,0.5071738362312317,0.4928261637687683,2,2,3,zero_shot_paired
30,8,2,10,60,1,1,1,0.5052143931388855,0.5052143931388855,0.4947856068611145,0.5052143931388855,2,2,3,zero_shot_paired
30,9,2,11,60,1,0,0,0.5008335113525391,0.5008335113525391,0.5008335113525391,0.49916648864746094,2,2,3,zero_shot_paired
30,10,2,12,60,1,1,1,0.5023162961006165,0.5023162961006165,0.49768367409706116,0.5023162961006165,2,2,3,zero_shot_paired
30,11,2,14,60,1,1,1,0.5056338906288147,0.5056338906288147,0.4943661391735077,0.5056338906288147,2,2,3,zero_shot_paired
30,12,2,15,60,1,0,0,0.5105569958686829,0.5105569958686829,0.5105569958686829,0.48944294452667236,2,2,3,zero_shot_paired
30,13,2,16,60,0,1,0,0.502229630947113,0.502229630947113,0.49777039885520935,0.502229630947113,2,2,3,zero_shot_paired
30,14,2,17,60,1,1,1,0.5068315863609314,0.5068315863609314,0.4931684136390686,0.5068315863609314,2,2,3,zero_shot_paired
30,0,2,0,60,1,1,1,0.5015419125556946,0.5015419125556946,0.4984581470489502,0.5015419125556946,2,2,3,post_calibration
30,1,2,1,60,1,0,0,0.5067618489265442,0.5067618489265442,0.5067618489265442,0.4932381510734558,2,2,3,post_calibration
30,2,2,2,60,1,0,0,0.5040838718414307,0.5040838718414307,0.5040838718414307,0.4959161579608917,2,2,3,post_calibration
30,3,2,3,60,0,0,1,0.5025736689567566,0.5025736689567566,0.5025736689567566,0.4974263310432434,2,2,3,post_calibration
30,4,2,4,60,1,0,0,0.5082254409790039,0.5082254409790039,0.5082254409790039,0.4917744994163513,2,2,3,post_calibration
30,5,2,5,60,1,0,0,0.5030969977378845,0.5030969977378845,0.5030969977378845,0.4969029724597931,2,2,3,post_calibration
30,6,2,7,60,0,0,1,0.5049506425857544,0.5049506425857544,0.5049506425857544,0.4950493574142456,2,2,3,post_calibration
30,7,2,9,60,1,0,0,0.5070616006851196,0.5070616006851196,0.5070616006851196,0.492938369512558,2,2,3,post_calibration
30,8,2,10,60,1,1,1,0.5049506425857544,0.5049506425857544,0.4950493276119232,0.5049506425857544,2,2,3,post_calibration
30,9,2,11,60,1,0,0,0.5013726353645325,0.5013726353645325,0.5013726353645325,0.49862736463546753,2,2,3,post_calibration
30,10,2,12,60,1,1,1,0.5020007491111755,0.5020007491111755,0.4979992210865021,0.5020007491111755,2,2,3,post_calibration
30,11,2,14,60,1,1,1,0.5057118535041809,0.5057118535041809,0.4942880868911743,0.5057118535041809,2,2,3,post_calibration
30,12,2,15,60,1,0,0,0.5105466842651367,0.5105466842651367,0.5105466842651367,0.4894532859325409,2,2,3,post_calibration
30,13,2,16,60,0,1,0,0.5024633407592773,0.5024633407592773,0.49753665924072266,0.5024633407592773,2,2,3,post_calibration
30,14,2,17,60,1,1,1,0.5075238943099976,0.5075238943099976,0.49247604608535767,0.5075238943099976,2,2,3,post_calibration
31,0,2,0,60,1,1,1,0.5016244053840637,0.5016244053840637,0.4983755648136139,0.5016244053840637,2,3,3,zero_shot_paired
31,1,2,2,60,1,0,0,0.5035870671272278,0.5035870671272278,0.5035870671272278,0.496412992477417,2,3,3,zero_shot_paired
31,2,2,3,60,0,0,1,0.5027904510498047,0.5027904510498047,0.5027904510498047,0.4972095191478729,2,3,3,zero_shot_paired
31,3,2,4,60,1,0,0,0.5080390572547913,0.5080390572547913,0.5080390572547913,0.49196097254753113,2,3,3,zero_shot_paired
31,4,2,5,60,1,0,0,0.5031826496124268,0.5031826496124268,0.5031826496124268,0.49681735038757324,2,3,3,zero_shot_paired
31,5,2,6,60,1,1,1,0.5089324116706848,0.5089324116706848,0.4910676181316376,0.5089324116706848,2,3,3,zero_shot_paired
31,6,2,8,60,0,0,1,0.5026882290840149,0.5026882290840149,0.5026882290840149,0.4973117411136627,2,3,3,zero_shot_paired
31,7,2,9,60,1,0,0,0.5071738362312317,0.5071738362312317,0.5071738362312317,0.4928261637687683,2,3,3,zero_shot_paired
31,8,2,11,60,1,0,0,0.5008335113525391,0.5008335113525391,0.5008335113525391,0.49916648864746094,2,3,3,zero_shot_paired
31,9,2,12,60,1,1,1,0.5023162961006165,0.5023162961006165,0.49768367409706116,0.5023162961006165,2,3,3,zero_shot_paired
31,10,2,13,60,1,1,1,0.5068889856338501,0.5068889856338501,0.4931110441684723,0.5068889856338501,2,3,3,zero_shot_paired
31,11,2,14,60,1,1,1,0.5056338906288147,0.5056338906288147,0.4943661391735077,0.5056338906288147,2,3,3,zero_shot_paired
31,12,2,15,60,1,0,0,0.5105569958686829,0.5105569958686829,0.5105569958686829,0.48944294452667236,2,3,3,zero_shot_paired
31,13,2,16,60,0,1,0,0.502229630947113,0.502229630947113,0.49777039885520935,0.502229630947113,2,3,3,zero_shot_paired
31,14,2,17,60,1,1,1,0.5068315863609314,0.5068315863609314,0.4931684136390686,0.5068315863609314,2,3,3,zero_shot_paired
31,0,2,0,60,1,1,1,0.5018052458763123,0.5018052458763123,0.49819475412368774,0.5018052458763123,2,3,3,post_calibration
31,1,2,2,60,1,0,0,0.5036007761955261,0.5036007761955261,0.5036007761955261,0.4963991940021515,2,3,3,post_calibration
31,2,2,3,60,0,0,1,0.5025147795677185,0.5025147795677185,0.5025147795677185,0.4974851906299591,2,3,3,post_calibration
31,3,2,4,60,1,0,0,0.5078554153442383,0.5078554153442383,0.5078554153442383,0.4921445846557617,2,3,3,post_calibration
31,4,2,5,60,1,0,0,0.5030614137649536,0.5030614137649536,0.5030614137649536,0.4969385862350464,2,3,3,post_calibration
31,5,2,6,60,1,1,1,0.5088250637054443,0.5088250637054443,0.49117493629455566,0.5088250637054443,2,3,3,post_calibration
31,6,2,8,60,0,0,1,0.5025798678398132,0.5025798678398132,0.5025798678398132,0.49742016196250916,2,3,3,post_calibration
31,7,2,9,60,1,0,0,0.5070322751998901,0.5070322751998901,0.5070322751998901,0.49296772480010986,2,3,3,post_calibration
31,8,2,11,60,1,0,0,0.501067042350769,0.501067042350769,0.501067042350769,0.49893298745155334,2,3,3,post_calibration
31,9,2,12,60,1,1,1,0.5025383830070496,0.5025383830070496,0.4974616467952728,0.5025383830070496,2,3,3,post_calibration
31,10,2,13,60,1,1,1,0.5070761442184448,0.5070761442184448,0.49292391538619995,0.5070761442184448,2,3,3,post_calibration
31,11,2,14,60,1,1,1,0.5058463215827942,0.5058463215827942,0.4941537082195282,0.5058463215827942,2,3,3,post_calibration
31,12,2,15,60,1,0,0,0.5105487704277039,0.5105487704277039,0.5105487704277039,0.48945122957229614,2,3,3,post_calibration
31,13,2,16,60,0,1,0,0.5026718974113464,0.5026718974113464,0.4973280429840088,0.5026718974113464,2,3,3,post_calibration
31,14,2,17,60,1,1,1,0.5068798661231995,0.5068798661231995,0.4931201636791229,0.5068798661231995,2,3,3,post_calibration
32,0,2,0,60,1,1,1,0.5016244053840637,0.5016244053840637,0.4983755648136139,0.5016244053840637,2,4,3,zero_shot_paired
32,1,2,1,60,1,0,0,0.5067790746688843,0.5067790746688843,0.5067790746688843,0.49322086572647095,2,4,3,zero_shot_paired
32,2,2,3,60,0,0,1,0.5027904510498047,0.5027904510498047,0.5027904510498047,0.4972095191478729,2,4,3,zero_shot_paired
32,3,2,4,60,1,0,0,0.5080390572547913,0.5080390572547913,0.5080390572547913,0.49196097254753113,2,4,3,zero_shot_paired
32,4,2,5,60,1,0,0,0.5031826496124268,0.5031826496124268,0.5031826496124268,0.49681735038757324,2,4,3,zero_shot_paired
32,5,2,6,60,1,1,1,0.5089324116706848,0.5089324116706848,0.4910676181316376,0.5089324116706848,2,4,3,zero_shot_paired
32,6,2,7,60,0,0,1,0.5048373341560364,0.5048373341560364,0.5048373341560364,0.4951626658439636,2,4,3,zero_shot_paired
32,7,2,8,60,0,0,1,0.5026882290840149,0.5026882290840149,0.5026882290840149,0.4973117411136627,2,4,3,zero_shot_paired
32,8,2,9,60,1,0,0,0.5071738362312317,0.5071738362312317,0.5071738362312317,0.4928261637687683,2,4,3,zero_shot_paired
32,9,2,10,60,1,1,1,0.5052143931388855,0.5052143931388855,0.4947856068611145,0.5052143931388855,2,4,3,zero_shot_paired
32,10,2,12,60,1,1,1,0.5023162961006165,0.5023162961006165,0.49768367409706116,0.5023162961006165,2,4,3,zero_shot_paired
32,11,2,13,60,1,1,1,0.5068889856338501,0.5068889856338501,0.4931110441684723,0.5068889856338501,2,4,3,zero_shot_paired
32,12,2,14,60,1,1,1,0.5056338906288147,0.5056338906288147,0.4943661391735077,0.5056338906288147,2,4,3,zero_shot_paired
32,13,2,15,60,1,0,0,0.5105569958686829,0.5105569958686829,0.5105569958686829,0.48944294452667236,2,4,3,zero_shot_paired
32,14,2,16,60,0,1,0,0.502229630947113,0.502229630947113,0.49777039885520935,0.502229630947113,2,4,3,zero_shot_paired
32,0,2,0,60,1,1,1,0.5022906064987183,0.5022906064987183,0.49770933389663696,0.5022906064987183,2,4,3,post_calibration
32,1,2,1,60,1,0,0,0.5061882734298706,0.5061882734298706,0.5061882734298706,0.4938116669654846,2,4,3,post_calibration
32,2,2,3,60,0,0,1,0.5028006434440613,0.5028006434440613,0.5028006434440613,0.4971993863582611,2,4,3,post_calibration
32,3,2,4,60,1,0,0,0.5077032446861267,0.5077032446861267,0.5077032446861267,0.4922967553138733,2,4,3,post_calibration
32,4,2,5,60,1,0,0,0.5026308298110962,0.5026308298110962,0.5026308298110962,0.4973691999912262,2,4,3,post_calibration
32,5,2,6,60,1,1,1,0.5096617341041565,0.5096617341041565,0.4903382956981659,0.5096617341041565,2,4,3,post_calibration
32,6,2,7,60,0,0,1,0.5047582387924194,0.5047582387924194,0.5047582387924194,0.49524176120758057,2,4,3,post_calibration
32,7,2,8,60,0,0,1,0.5021196007728577,0.5021196007728577,0.5021196007728577,0.4978804290294647,2,4,3,post_calibration
32,8,2,9,60,1,0,0,0.5065352916717529,0.5065352916717529,0.5065352916717529,0.49346476793289185,2,4,3,post_calibration
32,9,2,10,60,1,1,1,0.506119430065155,0.506119430065155,0.4938805103302002,0.506119430065155,2,4,3,post_calibration
32,10,2,12,60,1,1,1,0.5032538771629333,0.5032538771629333,0.49674615263938904,0.5032538771629333,2,4,3,post_calibration
32,11,2,13,60,1,1,1,0.5073493719100952,0.5073493719100952,0.4926505982875824,0.5073493719100952,2,4,3,post_calibration
32,12,2,14,60,1,1,1,0.5060489773750305,0.5060489773750305,0.49395105242729187,0.5060489773750305,2,4,3,post_calibration
32,13,2,15,60,1,0,0,0.5103942155838013,0.5103942155838013,0.5103942155838013,0.48960578441619873,2,4,3,post_calibration
32,14,2,16,60,0,1,0,0.5031486749649048,0.5031486749649048,0.49685138463974,0.5031486749649048,2,4,3,post_calibration
33,0,2,0,60,1,1,1,0.5016244053840637,0.5016244053840637,0.4983755648136139,0.5016244053840637,2,5,3,zero_shot_paired
33,1,2,1,60,1,0,0,0.5067790746688843,0.5067790746688843,0.5067790746688843,0.49322086572647095,2,5,3,zero_shot_paired
33,2,2,2,60,1,0,0,0.5035870671272278,0.5035870671272278,0.5035870671272278,0.496412992477417,2,5,3,zero_shot_paired
33,3,2,3,60,0,0,1,0.5027904510498047,0.5027904510498047,0.5027904510498047,0.4972095191478729,2,5,3,zero_shot_paired
33,4,2,4,60,1,0,0,0.5080390572547913,0.5080390572547913,0.5080390572547913,0.49196097254753113,2,5,3,zero_shot_paired
33,5,2,5,60,1,0,0,0.5031826496124268,0.5031826496124268,0.5031826496124268,0.49681735038757324,2,5,3,zero_shot_paired
33,6,2,6,60,1,1,1,0.5089324116706848,0.5089324116706848,0.4910676181316376,0.5089324116706848,2,5,3,zero_shot_paired
33,7,2,7,60,0,0,1,0.5048373341560364,0.5048373341560364,0.5048373341560364,0.4951626658439636,2,5,3,zero_shot_paired
33,8,2,8,60,0,0,1,0.5026882290840149,0.5026882290840149,0.5026882290840149,0.4973117411136627,2,5,3,zero_shot_paired
33,9,2,10,60,1,1,1,0.5052143931388855,0.5052143931388855,0.4947856068611145,0.5052143931388855,2,5,3,zero_shot_paired
33,10,2,11,60,1,0,0,0.5008335113525391,0.5008335113525391,0.5008335113525391,0.49916648864746094,2,5,3,zero_shot_paired
33,11,2,12,60,1,1,1,0.5023162961006165,0.5023162961006165,0.49768367409706116,0.5023162961006165,2,5,3,zero_shot_paired
33,12,2,13,60,1,1,1,0.5068889856338501,0.5068889856338501,0.4931110441684723,0.5068889856338501,2,5,3,zero_shot_paired
33,13,2,14,60,1,1,1,0.5056338906288147,0.5056338906288147,0.4943661391735077,0.5056338906288147,2,5,3,zero_shot_paired
33,14,2,17,60,1,1,1,0.5068315863609314,0.5068315863609314,0.4931684136390686,0.5068315863609314,2,5,3,zero_shot_paired
33,0,2,0,60,1,1,1,0.5017752051353455,0.5017752051353455,0.49822476506233215,0.5017752051353455,2,5,3,post_calibration
33,1,2,1,60,1,0,0,0.5071769952774048,0.5071769952774048,0.5071769952774048,0.4928230047225952,2,5,3,post_calibration
33,2,2,2,60,1,0,0,0.5034545063972473,0.5034545063972473,0.5034545063972473,0.49654555320739746,2,5,3,post_calibration
33,3,2,3,60,0,0,1,0.5028674602508545,0.5028674602508545,0.5028674602508545,0.49713248014450073,2,5,3,post_calibration
33,4,2,4,60,1,0,0,0.5075975060462952,0.5075975060462952,0.5075975060462952,0.49240246415138245,2,5,3,post_calibration
33,5,2,5,60,1,0,0,0.5026727914810181,0.5026727914810181,0.5026727914810181,0.49732714891433716,2,5,3,post_calibration
33,6,2,6,60,1,1,1,0.508987545967102,0.508987545967102,0.49101248383522034,0.508987545967102,2,5,3,post_calibration
33,7,2,7,60,0,0,1,0.505062997341156,0.505062997341156,0.505062997341156,0.494937002658844,2,5,3,post_calibration
33,8,2,8,60,0,0,1,0.5026940107345581,0.5026940107345581,0.5026940107345581,0.4973060190677643,2,5,3,post_calibration
33,9,2,10,60,1,1,1,0.5054271817207336,0.5054271817207336,0.49457281827926636,0.5054271817207336,2,5,3,post_calibration
33,10,2,11,60,1,0,0,0.5010383725166321,0.5010383725166321,0.5010383725166321,0.4989616274833679,2,5,3,post_calibration
33,11,2,12,60,1,1,1,0.5022539496421814,0.5022539496421814,0.4977460503578186,0.5022539496421814,2,5,3,post_calibration
33,12,2,13,60,1,1,1,0.5070996880531311,0.5070996880531311,0.4929003417491913,0.5070996880531311,2,5,3,post_calibration
33,13,2,14,60,1,1,1,0.5058778524398804,0.5058778524398804,0.494122177362442,0.5058778524398804,2,5,3,post_calibration
33,14,2,17,60,1,1,1,0.5067436099052429,0.5067436099052429,0.49325641989707947,0.5067436099052429,2,5,3,post_calibration
34,0,2,1,60,1,0,0,0.5067790746688843,0.5067790746688843,0.5067790746688843,0.49322086572647095,2,6,3,zero_shot_paired
34,1,2,2,60,1,0,0,0.5035870671272278,0.5035870671272278,0.5035870671272278,0.496412992477417,2,6,3,zero_shot_paired
34,2,2,3,60,0,0,1,0.5027904510498047,0.5027904510498047,0.5027904510498047,0.4972095191478729,2,6,3,zero_shot_paired
34,3,2,4,60,1,0,0,0.5080390572547913,0.5080390572547913,0.5080390572547913,0.49196097254753113,2,6,3,zero_shot_paired
34,4,2,6,60,1,1,1,0.5089324116706848,0.5089324116706848,0.4910676181316376,0.5089324116706848,2,6,3,zero_shot_paired
34,5,2,7,60,0,0,1,0.5048373341560364,0.5048373341560364,0.5048373341560364,0.4951626658439636,2,6,3,zero_shot_paired
34,6,2,8,60,0,0,1,0.5026882290840149,0.5026882290840149,0.5026882290840149,0.4973117411136627,2,6,3,zero_shot_paired
34,7,2,9,60,1,0,0,0.5071738362312317,0.5071738362312317,0.5071738362312317,0.4928261637687683,2,6,3,zero_shot_paired
34,8,2,10,60,1,1,1,0.5052143931388855,0.5052143931388855,0.4947856068611145,0.5052143931388855,2,6,3,zero_shot_paired
34,9,2,11,60,1,0,0,0.5008335113525391,0.5008335113525391,0.5008335113525391,0.49916648864746094,2,6,3,zero_shot_paired
34,10,2,12,60,1,1,1,0.5023162961006165,0.5023162961006165,0.49768367409706116,0.5023162961006165,2,6,3,zero_shot_paired
34,11,2,13,60,1,1,1,0.5068889856338501,0.5068889856338501,0.4931110441684723,0.5068889856338501,2,6,3,zero_shot_paired
34,12,2,15,60,1,0,0,0.5105569958686829,0.5105569958686829,0.5105569958686829,0.48944294452667236,2,6,3,zero_shot_paired
34,13,2,16,60,0,1,0,0.502229630947113,0.502229630947113,0.49777039885520935,0.502229630947113,2,6,3,zero_shot_paired
34,14,2,17,60,1,1,1,0.5068315863609314,0.5068315863609314,0.4931684136390686,0.5068315863609314,2,6,3,zero_shot_paired
34,0,2,1,60,1,0,0,0.506711483001709,0.506711483001709,0.506711483001709,0.49328848719596863,2,6,3,post_calibration
34,1,2,2,60,1,0,0,0.5029868483543396,0.5029868483543396,0.5029868483543396,0.4970131814479828,2,6,3,post_calibration
34,2,2,3,60,0,0,1,0.5024851560592651,0.5024851560592651,0.5024851560592651,0.49751484394073486,2,6,3,post_calibration
34,3,2,4,60,1,0,0,0.5067194104194641,0.5067194104194641,0.5067194104194641,0.4932805597782135,2,6,3,post_calibration
34,4,2,6,60,1,1,1,0.5091549754142761,0.5091549754142761,0.49084508419036865,0.5091549754142761,2,6,3,post_calibration
34,5,2,7,60,0,0,1,0.5043221712112427,0.5043221712112427,0.5043221712112427,0.49567779898643494,2,6,3,post_calibration
34,6,2,8,60,0,0,1,0.5021716952323914,0.5021716952323914,0.5021716952323914,0.4978283643722534,2,6,3,post_calibration
34,7,2,9,60,1,0,0,0.5065973401069641,0.5065973401069641,0.5065973401069641,0.4934026300907135,2,6,3,post_calibration
34,8,2,10,60,1,1,1,0.5054998397827148,0.5054998397827148,0.49450013041496277,0.5054998397827148,2,6,3,post_calibration
34,9,2,11,60,1,0,0,0.5009967684745789,0.5009967684745789,0.5009967684745789,0.49900323152542114,2,6,3,post_calibration
34,10,2,12,60,1,1,1,0.5027945041656494,0.5027945041656494,0.497205525636673,0.5027945041656494,2,6,3,post_calibration
34,11,2,13,60,1,1,1,0.5071192979812622,0.5071192979812622,0.4928807020187378,0.5071192979812622,2,6,3,post_calibration
34,12,2,15,60,1,0,0,0.5100716948509216,0.5100716948509216,0.5100716948509216,0.48992830514907837,2,6,3,post_calibration
34,13,2,16,60,0,1,0,0.5018238425254822,0.5018238425254822,0.4981761872768402,0.5018238425254822,2,6,3,post_calibration
34,14,2,17,60,1,1,1,0.5068992376327515,0.5068992376327515,0.49310076236724854,0.5068992376327515,2,6,3,post_calibration
35,0,2,1,60,1,0,0,0.5067790746688843,0.5067790746688843,0.5067790746688843,0.49322086572647095,2,1,6,zero_shot_paired
35,1,2,3,60,0,0,1,0.5027904510498047,0.5027904510498047,0.5027904510498047,0.4972095191478729,2,1,6,zero_shot_paired
35,2,2,6,60,1,1,1,0.5089324116706848,0.5089324116706848,0.4910676181316376,0.5089324116706848,2,1,6,zero_shot_paired
35,3,2,7,60,0,0,1,0.5048373341560364,0.5048373341560364,0.5048373341560364,0.4951626658439636,2,1,6,zero_shot_paired
35,4,2,9,60,1,0,0,0.5071738362312317,0.5071738362312317,0.5071738362312317,0.4928261637687683,2,1,6,zero_shot_paired
35,5,2,10,60,1,1,1,0.5052143931388855,0.5052143931388855,0.4947856068611145,0.5052143931388855,2,1,6,zero_shot_paired
35,6,2,11,60,1,0,0,0.5008335113525391,0.5008335113525391,0.5008335113525391,0.49916648864746094,2,1,6,zero_shot_paired
35,7,2,12,60,1,1,1,0.5023162961006165,0.5023162961006165,0.49768367409706116,0.5023162961006165,2,1,6,zero_shot_paired
35,8,2,14,60,1,1,1,0.5056338906288147,0.5056338906288147,0.4943661391735077,0.5056338906288147,2,1,6,zero_shot_paired
35,9,2,15,60,1,0,0,0.5105569958686829,0.5105569958686829,0.5105569958686829,0.48944294452667236,2,1,6,zero_shot_paired
35,10,2,16,60,0,1,0,0.502229630947113,0.502229630947113,0.49777039885520935,0.502229630947113,2,1,6,zero_shot_paired
35,11,2,17,60,1,1,1,0.5068315863609314,0.5068315863609314,0.4931684136390686,0.5068315863609314,2,1,6,zero_shot_paired
35,0,2,1,60,1,0,0,0.5062494874000549,0.5062494874000549,0.5062494874000549,0.49375051259994507,2,1,6,post_calibration
35,1,2,3,60,0,0,1,0.503040611743927,0.503040611743927,0.503040611743927,0.496959388256073,2,1,6,post_calibration
35,2,2,6,60,1,1,1,0.5093153119087219,0.5093153119087219,0.4906846582889557,0.5093153119087219,2,1,6,post_calibration
35,3,2,7,60,0,0,1,0.5041630268096924,0.5041630268096924,0.5041630268096924,0.4958369731903076,2,1,6,post_calibration
35,4,2,9,60,1,0,0,0.5065132975578308,0.5065132975578308,0.5065132975578308,0.4934867024421692,2,1,6,post_calibration
35,5,2,10,60,1,1,1,0.5062889456748962,0.5062889456748962,0.49371108412742615,0.5062889456748962,2,1,6,post_calibration
35,6,2,11,60,1,0,0,0.5000603795051575,0.5000603795051575,0.5000603795051575,0.49993959069252014,2,1,6,post_calibration
35,7,2,12,60,1,1,1,0.5029881596565247,0.5029881596565247,0.49701187014579773,0.5029881596565247,2,1,6,post_calibration
35,8,2,14,60,1,1,1,0.5064098238945007,0.5064098238945007,0.49359020590782166,0.5064098238945007,2,1,6,post_calibration
35,9,2,15,60,1,0,0,0.5101367831230164,0.5101367831230164,0.5101367831230164,0.48986318707466125,2,1,6,post_calibration
35,10,2,16,60,0,1,0,0.5019348859786987,0.5019348859786987,0.49806511402130127,0.5019348859786987,2,1,6,post_calibration
35,11,2,17,60,1,1,1,0.5066991448402405,0.5066991448402405,0.49330082535743713,0.5066991448402405,2,1,6,post_calibration
36,0,2,0,60,1,1,1,0.5016244053840637,0.5016244053840637,0.4983755648136139,0.5016244053840637,2,2,6,zero_shot_paired
36,1,2,2,60,1,0,0,0.5035870671272278,0.5035870671272278,0.5035870671272278,0.496412992477417,2,2,6,zero_shot_paired
36,2,2,4,60,1,0,0,0.5080390572547913,0.5080390572547913,0.5080390572547913,0.49196097254753113,2,2,6,zero_shot_paired
36,3,2,5,60,1,0,0,0.5031826496124268,0.5031826496124268,0.5031826496124268,0.49681735038757324,2,2,6,zero_shot_paired
36,4,2,6,60,1,1,1,0.5089324116706848,0.5089324116706848,0.4910676181316376,0.5089324116706848,2,2,6,zero_shot_paired
36,5,2,8,60,0,0,1,0.5026882290840149,0.5026882290840149,0.5026882290840149,0.4973117411136627,2,2,6,zero_shot_paired
36,6,2,9,60,1,0,0,0.5071738362312317,0.5071738362312317,0.5071738362312317,0.4928261637687683,2,2,6,zero_shot_paired
36,7,2,10,60,1,1,1,0.5052143931388855,0.5052143931388855,0.4947856068611145,0.5052143931388855,2,2,6,zero_shot_paired
36,8,2,12,60,1,1,1,0.5023162961006165,0.5023162961006165,0.49768367409706116,0.5023162961006165,2,2,6,zero_shot_paired
36,9,2,13,60,1,1,1,0.5068889856338501,0.5068889856338501,0.4931110441684723,0.5068889856338501,2,2,6,zero_shot_paired
36,10,2,14,60,1,1,1,0.5056338906288147,0.5056338906288147,0.4943661391735077,0.5056338906288147,2,2,6,zero_shot_paired
36,11,2,16,60,0,1,0,0.502229630947113,0.502229630947113,0.49777039885520935,0.502229630947113,2,2,6,zero_shot_paired
36,0,2,0,60,1,1,1,0.501793622970581,0.501793622970581,0.49820637702941895,0.501793622970581,2,2,6,post_calibration
36,1,2,2,60,1,0,0,0.5034969449043274,0.5034969449043274,0.5034969449043274,0.4965030252933502,2,2,6,post_calibration
36,2,2,4,60,1,0,0,0.5075007081031799,0.5075007081031799,0.5075007081031799,0.4924992620944977,2,2,6,post_calibration
36,3,2,5,60,1,0,0,0.5029159784317017,0.5029159784317017,0.5029159784317017,0.49708402156829834,2,2,6,post_calibration
36,4,2,6,60,1,1,1,0.509345293045044,0.509345293045044,0.49065473675727844,0.509345293045044,2,2,6,post_calibration
36,5,2,8,60,0,0,1,0.5021016001701355,0.5021016001701355,0.5021016001701355,0.4978984594345093,2,2,6,post_calibration
36,6,2,9,60,1,0,0,0.5068771839141846,0.5068771839141846,0.5068771839141846,0.49312281608581543,2,2,6,post_calibration
36,7,2,10,60,1,1,1,0.5055173635482788,0.5055173635482788,0.4944826364517212,0.5055173635482788,2,2,6,post_calibration
36,8,2,12,60,1,1,1,0.5026991367340088,0.5026991367340088,0.4973008930683136,0.5026991367340088,2,2,6,post_calibration
36,9,2,13,60,1,1,1,0.507203221321106,0.507203221321106,0.49279677867889404,0.507203221321106,2,2,6,post_calibration
36,10,2,14,60,1,1,1,0.5060310959815979,0.5060310959815979,0.4939689338207245,0.5060310959815979,2,2,6,post_calibration
36,11,2,16,60,0,1,0,0.5026305913925171,0.5026305913925171,0.4973694086074829,0.5026305913925171,2,2,6,post_calibration
37,0,2,0,60,1,1,1,0.5016244053840637,0.5016244053840637,0.4983755648136139,0.5016244053840637,2,3,6,zero_shot_paired
37,1,2,1,60,1,0,0,0.5067790746688843,0.5067790746688843,0.5067790746688843,0.49322086572647095,2,3,6,zero_shot_paired
37,2,2,2,60,1,0,0,0.5035870671272278,0.5035870671272278,0.5035870671272278,0.496412992477417,2,3,6,zero_shot_paired
37,3,2,3,60,0,0,1,0.5027904510498047,0.5027904510498047,0.5027904510498047,0.4972095191478729,2,3,6,zero_shot_paired
37,4,2,4,60,1,0,0,0.5080390572547913,0.5080390572547913,0.5080390572547913,0.49196097254753113,2,3,6,zero_shot_paired
37,5,2,5,60,1,0,0,0.5031826496124268,0.5031826496124268,0.5031826496124268,0.49681735038757324,2,3,6,zero_shot_paired
37,6,2,7,60,0,0,1,0.5048373341560364,0.5048373341560364,0.5048373341560364,0.4951626658439636,2,3,6,zero_shot_paired
37,7,2,8,60,0,0,1,0.5026882290840149,0.5026882290840149,0.5026882290840149,0.4973117411136627,2,3,6,zero_shot_paired
37,8,2,11,60,1,0,0,0.5008335113525391,0.5008335113525391,0.5008335113525391,0.49916648864746094,2,3,6,zero_shot_paired
37,9,2,13,60,1,1,1,0.5068889856338501,0.5068889856338501,0.4931110441684723,0.5068889856338501,2,3,6,zero_shot_paired
37,10,2,15,60,1,0,0,0.5105569958686829,0.5105569958686829,0.5105569958686829,0.48944294452667236,2,3,6,zero_shot_paired
37,11,2,17,60,1,1,1,0.5068315863609314,0.5068315863609314,0.4931684136390686,0.5068315863609314,2,3,6,zero_shot_paired
37,0,2,0,60,1,1,1,0.502681314945221,0.502681314945221,0.49731865525245667,0.502681314945221,2,3,6,post_calibration
37,1,2,1,60,1,0,0,0.5068274140357971,0.5068274140357971,0.5068274140357971,0.4931725859642029,2,3,6,post_calibration
37,2,2,2,60,1,0,0,0.502672016620636,0.502672016620636,0.502672016620636,0.4973279535770416,2,3,6,post_calibration
37,3,2,3,60,0,0,1,0.5031092166900635,0.5031092166900635,0.5031092166900635,0.49689075350761414,2,3,6,post_calibration
37,4,2,4,60,1,0,0,0.507534921169281,0.507534921169281,0.507534921169281,0.4924651086330414,2,3,6,post_calibration
37,5,2,5,60,1,0,0,0.5024688839912415,0.5024688839912415,0.5024688839912415,0.49753111600875854,2,3,6,post_calibration
37,6,2,7,60,0,0,1,0.5052377581596375,0.5052377581596375,0.5052377581596375,0.49476224184036255,2,3,6,post_calibration
37,7,2,8,60,0,0,1,0.5024915933609009,0.5024915933609009,0.5024915933609009,0.4975084066390991,2,3,6,post_calibration
37,8,2,11,60,1,0,0,0.500709056854248,0.500709056854248,0.500709056854248,0.49929097294807434,2,3,6,post_calibration
37,9,2,13,60,1,1,1,0.5073326230049133,0.5073326230049133,0.4926673471927643,0.5073326230049133,2,3,6,post_calibration
37,10,2,15,60,1,0,0,0.5106786489486694,0.5106786489486694,0.5106786489486694,0.4893212914466858,2,3,6,post_calibration
37,11,2,17,60,1,1,1,0.5075167417526245,0.5075167417526245,0.4924832582473755,0.5075167417526245,2,3,6,post_calibration
38,0,2,1,60,1,0,0,0.5067790150642395,0.5067790150642395,0.5067790150642395,0.4932209551334381,2,1,9,zero_shot_paired
38,1,2,3,60,0,0,1,0.5027902722358704,0.5027902722358704,0.5027902722358704,0.497209757566452,2,1,9,zero_shot_paired
38,2,2,6,60,1,1,1,0.5089324712753296,0.5089324712753296,0.4910675287246704,0.5089324712753296,2,1,9,zero_shot_paired
38,3,2,9,60,1,0,0,0.5071737766265869,0.5071737766265869,0.5071737766265869,0.4928261935710907,2,1,9,zero_shot_paired
38,4,2,12,60,1,1,1,0.5023161768913269,0.5023161768913269,0.4976837933063507,0.5023161768913269,2,1,9,zero_shot_paired
38,5,2,13,60,1,1,1,0.5068889856338501,0.5068889856338501,0.4931110441684723,0.5068889856338501,2,1,9,zero_shot_paired
38,6,2,15,60,1,0,0,0.5105569958686829,0.5105569958686829,0.5105569958686829,0.48944294452667236,2,1,9,zero_shot_paired
38,7,2,16,60,0,1,0,0.502229630947113,0.502229630947113,0.49777039885520935,0.502229630947113,2,1,9,zero_shot_paired
38,8,2,17,60,1,1,1,0.5068315863609314,0.5068315863609314,0.4931683838367462,0.5068315863609314,2,1,9,zero_shot_paired
38,0,2,1,60,1,0,0,0.5061302185058594,0.5061302185058594,0.5061302185058594,0.493869811296463,2,1,9,post_calibration
38,1,2,3,60,0,0,1,0.503048300743103,0.503048300743103,0.503048300743103,0.4969516694545746,2,1,9,post_calibration
38,2,2,6,60,1,1,1,0.5098851323127747,0.5098851323127747,0.49011489748954773,0.5098851323127747,2,1,9,post_calibration
38,3,2,9,60,1,0,0,0.5065289735794067,0.5065289735794067,0.5065289735794067,0.49347102642059326,2,1,9,post_calibration
38,4,2,12,60,1,1,1,0.5030491948127747,0.5030491948127747,0.49695080518722534,0.5030491948127747,2,1,9,post_calibration
38,5,2,13,60,1,1,1,0.5075210332870483,0.5075210332870483,0.4924789369106293,0.5075210332870483,2,1,9,post_calibration
38,6,2,15,60,1,0,0,0.5100607872009277,0.5100607872009277,0.5100607872009277,0.4899391829967499,2,1,9,post_calibration
38,7,2,16,60,0,1,0,0.5023868083953857,0.5023868083953857,0.49761319160461426,0.5023868083953857,2,1,9,post_calibration
38,8,2,17,60,1,1,1,0.5070068836212158,0.5070068836212158,0.49299314618110657,0.5070068836212158,2,1,9,post_calibration
39,0,2,0,60,1,1,1,0.501624345779419,0.501624345779419,0.49837562441825867,0.501624345779419,2,2,9,zero_shot_paired
39,1,2,2,60,1,0,0,0.5035870671272278,0.5035870671272278,0.5035870671272278,0.496412992477417,2,2,9,zero_shot_paired
39,2,2,4,60,1,0,0,0.5080389976501465,0.5080389976501465,0.5080389976501465,0.4919610023498535,2,2,9,zero_shot_paired
39,3,2,5,60,1,0,0,0.5031825304031372,0.5031825304031372,0.5031825304031372,0.49681752920150757,2,2,9,zero_shot_paired
39,4,2,7,60,0,0,1,0.5048373341560364,0.5048373341560364,0.5048373341560364,0.4951627254486084,2,2,9,zero_shot_paired
39,5,2,8,60,0,0,1,0.502688467502594,0.502688467502594,0.502688467502594,0.4973115622997284,2,2,9,zero_shot_paired
39,6,2,10,60,1,1,1,0.5052143335342407,0.5052143335342407,0.4947856366634369,0.5052143335342407,2,2,9,zero_shot_paired
39,7,2,11,60,1,0,0,0.5008334517478943,0.5008334517478943,0.5008334517478943,0.4991665482521057,2,2,9,zero_shot_paired
39,8,2,14,60,1,1,1,0.5056340098381042,0.5056340098381042,0.49436601996421814,0.5056340098381042,2,2,9,zero_shot_paired
39,0,2,0,60,1,1,1,0.5018185377120972,0.5018185377120972,0.4981814920902252,0.5018185377120972,2,2,9,post_calibration
39,1,2,2,60,1,0,0,0.503204882144928,0.503204882144928,0.503204882144928,0.49679508805274963,2,2,9,post_calibration
39,2,2,4,60,1,0,0,0.5073636174201965,0.5073636174201965,0.5073636174201965,0.49263638257980347,2,2,9,post_calibration
39,3,2,5,60,1,0,0,0.5027298927307129,0.5027298927307129,0.5027298927307129,0.4972701072692871,2,2,9,post_calibration
39,4,2,7,60,0,0,1,0.5047528147697449,0.5047528147697449,0.5047528147697449,0.49524715542793274,2,2,9,post_calibration
39,5,2,8,60,0,0,1,0.502411425113678,0.502411425113678,0.502411425113678,0.4975886046886444,2,2,9,post_calibration
39,6,2,10,60,1,1,1,0.5054612159729004,0.5054612159729004,0.4945387840270996,0.5054612159729004,2,2,9,post_calibration
39,7,2,11,60,1,0,0,0.5008036494255066,0.5008036494255066,0.5008036494255066,0.4991963505744934,2,2,9,post_calibration
39,8,2,14,60,1,1,1,0.5060138702392578,0.5060138702392578,0.4939861297607422,0.5060138702392578,2,2,9,post_calibration
40,0,2,5,60,1,0,0,0.503182590007782,0.503182590007782,0.503182590007782,0.496817409992218,2,1,12,zero_shot_paired
40,1,2,6,60,1,1,1,0.5089333653450012,0.5089333653450012,0.4910666048526764,0.5089333653450012,2,1,12,zero_shot_paired
40,2,2,7,60,0,0,1,0.5048376321792603,0.5048376321792603,0.5048376321792603,0.49516239762306213,2,1,12,zero_shot_paired
40,3,2,14,60,1,1,1,0.5056334733963013,0.5056334733963013,0.49436652660369873,0.5056334733963013,2,1,12,zero_shot_paired
40,4,2,15,60,1,0,0,0.5105558633804321,0.5105558633804321,0.5105558633804321,0.48944413661956787,2,1,12,zero_shot_paired
40,5,2,17,60,1,1,1,0.5068295001983643,0.5068295001983643,0.49317052960395813,0.5068295001983643,2,1,12,zero_shot_paired
40,0,2,5,60,1,0,0,0.502519965171814,0.502519965171814,0.502519965171814,0.4974800646305084,2,1,12,post_calibration
40,1,2,6,60,1,1,1,0.5097557306289673,0.5097557306289673,0.4902442693710327,0.5097557306289673,2,1,12,post_calibration
40,2,2,7,60,0,0,1,0.5041683316230774,0.5041683316230774,0.5041683316230774,0.495831698179245,2,1,12,post_calibration
40,3,2,14,60,1,1,1,0.5057265758514404,0.5057265758514404,0.49427342414855957,0.5057265758514404,2,1,12,post_calibration
40,4,2,15,60,1,0,0,0.5098361968994141,0.5098361968994141,0.5098361968994141,0.49016380310058594,2,1,12,post_calibration
40,5,2,17,60,1,1,1,0.5068734884262085,0.5068734884262085,0.4931265115737915,0.5068734884262085,2,1,12,post_calibration
41,0,2,1,60,1,0,0,0.5067785978317261,0.5067785978317261,0.5067785978317261,0.4932214319705963,2,2,12,zero_shot_paired
41,1,2,3,60,0,0,1,0.5027891993522644,0.5027891993522644,0.5027891993522644,0.4972108006477356,2,2,12,zero_shot_paired
41,2,2,9,60,1,0,0,0.5071756839752197,0.5071756839752197,0.5071756839752197,0.4928243160247803,2,2,12,zero_shot_paired
41,3,2,11,60,1,0,0,0.5008364915847778,0.5008364915847778,0.5008364915847778,0.4991634786128998,2,2,12,zero_shot_paired
41,4,2,12,60,1,1,1,0.502315104007721,0.502315104007721,0.49768486618995667,0.502315104007721,2,2,12,zero_shot_paired
41,5,2,13,60,1,1,1,0.5068873167037964,0.5068873167037964,0.4931126534938812,0.5068873167037964,2,2,12,zero_shot_paired
41,0,2,1,60,1,0,0,0.506107747554779,0.506107747554779,0.506107747554779,0.49389228224754333,2,2,12,post_calibration
41,1,2,3,60,0,0,1,0.5031172633171082,0.5031172633171082,0.5031172633171082,0.49688270688056946,2,2,12,post_calibration
41,2,2,9,60,1,0,0,0.5060476660728455,0.5060476660728455,0.5060476660728455,0.49395233392715454,2,2,12,post_calibration
41,3,2,11,60,1,0,0,0.5002965331077576,0.5002965331077576,0.5002965331077576,0.49970343708992004,2,2,12,post_calibration
41,4,2,12,60,1,1,1,0.5031620860099792,0.5031620860099792,0.49683791399002075,0.5031620860099792,2,2,12,post_calibration
41,5,2,13,60,1,1,1,0.5074371099472046,0.5074371099472046,0.4925628900527954,0.5074371099472046,2,2,12,post_calibration
42,0,2,1,60,1,0,0,0.5067785978317261,0.5067785978317261,0.5067785978317261,0.4932214319705963,2,3,12,zero_shot_paired
42,1,2,3,60,0,0,1,0.5027891993522644,0.5027891993522644,0.5027891993522644,0.4972108006477356,2,3,12,zero_shot_paired
42,2,2,9,60,1,0,0,0.5071756839752197,0.5071756839752197,0.5071756839752197,0.4928243160247803,2,3,12,zero_shot_paired
42,3,2,10,60,1,1,1,0.5052160024642944,0.5052160024642944,0.4947839677333832,0.5052160024642944,2,3,12,zero_shot_paired
42,4,2,12,60,1,1,1,0.502315104007721,0.502315104007721,0.49768486618995667,0.502315104007721,2,3,12,zero_shot_paired
42,5,2,17,60,1,1,1,0.5068295001983643,0.5068295001983643,0.49317052960395813,0.5068295001983643,2,3,12,zero_shot_paired
42,0,2,1,60,1,0,0,0.506356954574585,0.506356954574585,0.506356954574585,0.4936430752277374,2,3,12,post_calibration
42,1,2,3,60,0,0,1,0.503088653087616,0.503088653087616,0.503088653087616,0.49691131711006165,2,3,12,post_calibration
42,2,2,9,60,1,0,0,0.5061200857162476,0.5061200857162476,0.5061200857162476,0.49387994408607483,2,3,12,post_calibration
42,3,2,10,60,1,1,1,0.5065921545028687,0.5065921545028687,0.49340787529945374,0.5065921545028687,2,3,12,post_calibration
42,4,2,12,60,1,1,1,0.5028632283210754,0.5028632283210754,0.49713683128356934,0.5028632283210754,2,3,12,post_calibration
42,5,2,17,60,1,1,1,0.5074509382247925,0.5074509382247925,0.4925490617752075,0.5074509382247925,2,3,12,post_calibration
4,0,3,0,60,1,1,1,0.5063560605049133,0.5063560605049133,0.49364399909973145,0.5063560605049133,3,,,zero_shot_all_trials
4,1,3,1,60,1,1,1,0.5002309083938599,0.5002309083938599,0.49976906180381775,0.5002309083938599,3,,,zero_shot_all_trials
4,2,3,2,60,1,1,1,0.5029763579368591,0.5029763579368591,0.4970235824584961,0.5029763579368591,3,,,zero_shot_all_trials
4,3,3,3,60,0,1,0,0.5027996301651001,0.5027996301651001,0.4972003996372223,0.5027996301651001,3,,,zero_shot_all_trials
4,4,3,4,60,1,1,1,0.5009151101112366,0.5009151101112366,0.4990849196910858,0.5009151101112366,3,,,zero_shot_all_trials
4,5,3,5,60,1,1,1,0.5045508742332458,0.5045508742332458,0.49544912576675415,0.5045508742332458,3,,,zero_shot_all_trials
4,6,3,6,60,1,1,1,0.5011022090911865,0.5011022090911865,0.4988977909088135,0.5011022090911865,3,,,zero_shot_all_trials
4,7,3,7,60,0,1,0,0.5027720332145691,0.5027720332145691,0.4972279667854309,0.5027720332145691,3,,,zero_shot_all_trials
4,8,3,8,60,0,0,1,0.5019069910049438,0.5019069910049438,0.5019069910049438,0.4980930685997009,3,,,zero_shot_all_trials
4,9,3,9,60,0,1,0,0.5046563148498535,0.5046563148498535,0.49534371495246887,0.5046563148498535,3,,,zero_shot_all_trials
4,10,3,10,60,1,0,0,0.5038998126983643,0.5038998126983643,0.5038998126983643,0.49610012769699097,3,,,zero_shot_all_trials
4,11,3,11,60,1,1,1,0.5012326836585999,0.5012326836585999,0.49876731634140015,0.5012326836585999,3,,,zero_shot_all_trials
4,12,3,12,60,1,1,1,0.5055335760116577,0.5055335760116577,0.4944663941860199,0.5055335760116577,3,,,zero_shot_all_trials
4,13,3,13,60,0,0,1,0.5025086402893066,0.5025086402893066,0.5025086402893066,0.49749138951301575,3,,,zero_shot_all_trials
4,14,3,14,60,0,0,1,0.5065716505050659,0.5065716505050659,0.5065716505050659,0.4934283494949341,3,,,zero_shot_all_trials
4,15,3,15,60,1,0,0,0.5006700754165649,0.5006700754165649,0.5006700754165649,0.49932995438575745,3,,,zero_shot_all_trials
4,16,3,16,60,0,1,0,0.5098432898521423,0.5098432898521423,0.49015671014785767,0.5098432898521423,3,,,zero_shot_all_trials
4,17,3,17,60,0,0,1,0.5024983882904053,0.5024983882904053,0.5024983882904053,0.4975016117095947,3,,,zero_shot_all_trials
43,0,3,0,60,1,1,1,0.5063561797142029,0.5063561797142029,0.4936438500881195,0.5063561797142029,3,1,3,zero_shot_paired
43,1,3,2,60,1,1,1,0.5029762387275696,0.5029762387275696,0.49702370166778564,0.5029762387275696,3,1,3,zero_shot_paired
43,2,3,3,60,0,1,0,0.5027995705604553,0.5027995705604553,0.4972004294395447,0.5027995705604553,3,1,3,zero_shot_paired
43,3,3,4,60,1,1,1,0.5009151101112366,0.5009151101112366,0.4990849196910858,0.5009151101112366,3,1,3,zero_shot_paired
43,4,3,6,60,1,1,1,0.501102089881897,0.501102089881897,0.498897910118103,0.501102089881897,3,1,3,zero_shot_paired
43,5,3,7,60,0,1,0,0.5027720332145691,0.5027720332145691,0.4972279667854309,0.5027720332145691,3,1,3,zero_shot_paired
43,6,3,8,60,0,0,1,0.5019070506095886,0.5019070506095886,0.5019070506095886,0.4980929493904114,3,1,3,zero_shot_paired
43,7,3,10,60,1,0,0,0.5038996338844299,0.5038996338844299,0.5038996338844299,0.49610036611557007,3,1,3,zero_shot_paired
43,8,3,11,60,1,1,1,0.5012327432632446,0.5012327432632446,0.49876728653907776,0.5012327432632446,3,1,3,zero_shot_paired
43,9,3,12,60,1,1,1,0.5055336952209473,0.5055336952209473,0.49446627497673035,0.5055336952209473,3,1,3,zero_shot_paired
43,10,3,13,60,0,0,1,0.5025086998939514,0.5025086998939514,0.5025086998939514,0.49749132990837097,3,1,3,zero_shot_paired
43,11,3,14,60,0,0,1,0.5065715909004211,0.5065715909004211,0.5065715909004211,0.4934283494949341,3,1,3,zero_shot_paired
43,12,3,15,60,1,0,0,0.5006702542304993,0.5006702542304993,0.5006702542304993,0.4993297755718231,3,1,3,zero_shot_paired
43,13,3,16,60,0,1,0,0.5098432898521423,0.5098432898521423,0.49015671014785767,0.5098432898521423,3,1,3,zero_shot_paired
43,14,3,17,60,0,0,1,0.5024985074996948,0.5024985074996948,0.5024985074996948,0.4975014925003052,3,1,3,zero_shot_paired
43,0,3,0,60,1,1,1,0.5061955451965332,0.5061955451965332,0.4938044846057892,0.5061955451965332,3,1,3,post_calibration
43,1,3,2,60,1,1,1,0.5028334259986877,0.5028334259986877,0.49716654419898987,0.5028334259986877,3,1,3,post_calibration
43,2,3,3,60,0,1,0,0.5026424527168274,0.5026424527168274,0.4973575472831726,0.5026424527168274,3,1,3,post_calibration
43,3,3,4,60,1,1,1,0.501325249671936,0.501325249671936,0.4986747205257416,0.501325249671936,3,1,3,post_calibration
43,4,3,6,60,1,1,1,0.5007773041725159,0.5007773041725159,0.4992227256298065,0.5007773041725159,3,1,3,post_calibration
43,5,3,7,60,0,1,0,0.5032026767730713,0.5032026767730713,0.4967972934246063,0.5032026767730713,3,1,3,post_calibration
43,6,3,8,60,0,0,1,0.50235915184021,0.50235915184021,0.50235915184021,0.49764081835746765,3,1,3,post_calibration
43,7,3,10,60,1,0,0,0.5042475461959839,0.5042475461959839,0.5042475461959839,0.4957524538040161,3,1,3,post_calibration
43,8,3,11,60,1,1,1,0.5010682344436646,0.5010682344436646,0.49893176555633545,0.5010682344436646,3,1,3,post_calibration
43,9,3,12,60,1,1,1,0.5060350298881531,0.5060350298881531,0.4939649701118469,0.5060350298881531,3,1,3,post_calibration
43,10,3,13,60,0,0,1,0.5023279190063477,0.5023279190063477,0.5023279190063477,0.49767208099365234,3,1,3,post_calibration
43,11,3,14,60,0,0,1,0.5067520141601562,0.5067520141601562,0.5067520141601562,0.49324798583984375,3,1,3,post_calibration
43,12,3,15,60,1,0,0,0.500920295715332,0.500920295715332,0.500920295715332,0.49907970428466797,3,1,3,post_calibration
43,13,3,16,60,0,1,0,0.510046660900116,0.510046660900116,0.4899533689022064,0.510046660900116,3,1,3,post_calibration
43,14,3,17,60,0,0,1,0.5022768974304199,0.5022768974304199,0.5022768974304199,0.49772313237190247,3,1,3,post_calibration
44,0,3,0,60,1,1,1,0.5063561797142029,0.5063561797142029,0.4936438500881195,0.5063561797142029,3,2,3,zero_shot_paired
44,1,3,1,60,1,1,1,0.5002309083938599,0.5002309083938599,0.49976906180381775,0.5002309083938599,3,2,3,zero_shot_paired
44,2,3,2,60,1,1,1,0.5029762387275696,0.5029762387275696,0.49702370166778564,0.5029762387275696,3,2,3,zero_shot_paired
44,3,3,4,60,1,1,1,0.5009151101112366,0.5009151101112366,0.4990849196910858,0.5009151101112366,3,2,3,zero_shot_paired
44,4,3,5,60,1,1,1,0.5045508742332458,0.5045508742332458,0.49544912576675415,0.5045508742332458,3,2,3,zero_shot_paired
44,5,3,6,60,1,1,1,0.501102089881897,0.501102089881897,0.498897910118103,0.501102089881897,3,2,3,zero_shot_paired
44,6,3,7,60,0,1,0,0.5027720332145691,0.5027720332145691,0.4972279667854309,0.5027720332145691,3,2,3,zero_shot_paired
44,7,3,9,60,0,1,0,0.5046563744544983,0.5046563744544983,0.4953435957431793,0.5046563744544983,3,2,3,zero_shot_paired
44,8,3,10,60,1,0,0,0.5038996338844299,0.5038996338844299,0.5038996338844299,0.49610036611557007,3,2,3,zero_shot_paired
44,9,3,11,60,1,1,1,0.5012327432632446,0.5012327432632446,0.49876728653907776,0.5012327432632446,3,2,3,zero_shot_paired
44,10,3,12,60,1,1,1,0.5055336952209473,0.5055336952209473,0.49446627497673035,0.5055336952209473,3,2,3,zero_shot_paired
44,11,3,13,60,0,0,1,0.5025086998939514,0.5025086998939514,0.5025086998939514,0.49749132990837097,3,2,3,zero_shot_paired
44,12,3,14,60,0,0,1,0.5065715909004211,0.5065715909004211,0.5065715909004211,0.4934283494949341,3,2,3,zero_shot_paired
44,13,3,16,60,0,1,0,0.5098432898521423,0.5098432898521423,0.49015671014785767,0.5098432898521423,3,2,3,zero_shot_paired
44,14,3,17,60,0,0,1,0.5024985074996948,0.5024985074996948,0.5024985074996948,0.4975014925003052,3,2,3,zero_shot_paired
44,0,3,0,60,1,1,1,0.5057833194732666,0.5057833194732666,0.4942166805267334,0.5057833194732666,3,2,3,post_calibration
44,1,3,1,60,1,0,0,0.5002918243408203,0.5002918243408203,0.5002918243408203,0.4997081458568573,3,2,3,post_calibration
44,2,3,2,60,1,1,1,0.5020151734352112,0.5020151734352112,0.4979848861694336,0.5020151734352112,3,2,3,post_calibration
44,3,3,4,60,1,1,1,0.5002346038818359,0.5002346038818359,0.4997653663158417,0.5002346038818359,3,2,3,post_calibration
44,4,3,5,60,1,1,1,0.5043677687644958,0.5043677687644958,0.49563226103782654,0.5043677687644958,3,2,3,post_calibration
44,5,3,6,60,1,1,1,0.5004442930221558,0.5004442930221558,0.4995557367801666,0.5004442930221558,3,2,3,post_calibration
44,6,3,7,60,0,1,0,0.5017922520637512,0.5017922520637512,0.4982077479362488,0.5017922520637512,3,2,3,post_calibration
44,7,3,9,60,0,1,0,0.5041738748550415,0.5041738748550415,0.4958261549472809,0.5041738748550415,3,2,3,post_calibration
44,8,3,10,60,1,0,0,0.5040522813796997,0.5040522813796997,0.5040522813796997,0.4959477186203003,3,2,3,post_calibration
44,9,3,11,60,1,1,1,0.50106281042099,0.50106281042099,0.4989371597766876,0.50106281042099,3,2,3,post_calibration
44,10,3,12,60,1,1,1,0.5053089261054993,0.5053089261054993,0.49469104409217834,0.5053089261054993,3,2,3,post_calibration
44,11,3,13,60,0,0,1,0.5026703476905823,0.5026703476905823,0.5026703476905823,0.4973296523094177,3,2,3,post_calibration
44,12,3,14,60,0,0,1,0.5068230628967285,0.5068230628967285,0.5068230628967285,0.49317696690559387,3,2,3,post_calibration
44,13,3,16,60,0,1,0,0.5094805359840393,0.5094805359840393,0.4905194342136383,0.5094805359840393,3,2,3,post_calibration
44,14,3,17,60,0,0,1,0.5026566386222839,0.5026566386222839,0.5026566386222839,0.49734339118003845,3,2,3,post_calibration
45,0,3,1,60,1,1,1,0.5002309083938599,0.5002309083938599,0.49976906180381775,0.5002309083938599,3,3,3,zero_shot_paired
45,1,3,3,60,0,1,0,0.5027995705604553,0.5027995705604553,0.4972004294395447,0.5027995705604553,3,3,3,zero_shot_paired
45,2,3,4,60,1,1,1,0.5009151101112366,0.5009151101112366,0.4990849196910858,0.5009151101112366,3,3,3,zero_shot_paired
45,3,3,5,60,1,1,1,0.5045508742332458,0.5045508742332458,0.49544912576675415,0.5045508742332458,3,3,3,zero_shot_paired
45,4,3,6,60,1,1,1,0.501102089881897,0.501102089881897,0.498897910118103,0.501102089881897,3,3,3,zero_shot_paired
45,5,3,7,60,0,1,0,0.5027720332145691,0.5027720332145691,0.4972279667854309,0.5027720332145691,3,3,3,zero_shot_paired
45,6,3,8,60,0,0,1,0.5019070506095886,0.5019070506095886,0.5019070506095886,0.4980929493904114,3,3,3,zero_shot_paired
45,7,3,9,60,0,1,0,0.5046563744544983,0.5046563744544983,0.4953435957431793,0.5046563744544983,3,3,3,zero_shot_paired
45,8,3,10,60,1,0,0,0.5038996338844299,0.5038996338844299,0.5038996338844299,0.49610036611557007,3,3,3,zero_shot_paired
45,9,3,11,60,1,1,1,0.5012327432632446,0.5012327432632446,0.49876728653907776,0.5012327432632446,3,3,3,zero_shot_paired
45,10,3,12,60,1,1,1,0.5055336952209473,0.5055336952209473,0.49446627497673035,0.5055336952209473,3,3,3,zero_shot_paired
45,11,3,13,60,0,0,1,0.5025086998939514,0.5025086998939514,0.5025086998939514,0.49749132990837097,3,3,3,zero_shot_paired
45,12,3,15,60,1,0,0,0.5006702542304993,0.5006702542304993,0.5006702542304993,0.4993297755718231,3,3,3,zero_shot_paired
45,13,3,16,60,0,1,0,0.5098432898521423,0.5098432898521423,0.49015671014785767,0.5098432898521423,3,3,3,zero_shot_paired
45,14,3,17,60,0,0,1,0.5024985074996948,0.5024985074996948,0.5024985074996948,0.4975014925003052,3,3,3,zero_shot_paired
45,0,3,1,60,1,1,1,0.5009177327156067,0.5009177327156067,0.4990822970867157,0.5009177327156067,3,3,3,post_calibration
45,1,3,3,60,0,1,0,0.5042353868484497,0.5042353868484497,0.4957646429538727,0.5042353868484497,3,3,3,post_calibration
45,2,3,4,60,1,1,1,0.5019529461860657,0.5019529461860657,0.49804702401161194,0.5019529461860657,3,3,3,post_calibration
45,3,3,5,60,1,1,1,0.5048568844795227,0.5048568844795227,0.4951430857181549,0.5048568844795227,3,3,3,post_calibration
45,4,3,6,60,1,1,1,0.5018726587295532,0.5018726587295532,0.49812737107276917,0.5018726587295532,3,3,3,post_calibration
45,5,3,7,60,0,1,0,0.5036404728889465,0.5036404728889465,0.4963594675064087,0.5036404728889465,3,3,3,post_calibration
45,6,3,8,60,0,0,1,0.5014934539794922,0.5014934539794922,0.5014934539794922,0.4985065758228302,3,3,3,post_calibration
45,7,3,9,60,0,1,0,0.5049685835838318,0.5049685835838318,0.4950314462184906,0.5049685835838318,3,3,3,post_calibration
45,8,3,10,60,1,0,0,0.5035743117332458,0.5035743117332458,0.5035743117332458,0.4964257478713989,3,3,3,post_calibration
45,9,3,11,60,1,1,1,0.5015003085136414,0.5015003085136414,0.49849966168403625,0.5015003085136414,3,3,3,post_calibration
45,10,3,12,60,1,1,1,0.505986750125885,0.505986750125885,0.494013249874115,0.505986750125885,3,3,3,post_calibration
45,11,3,13,60,0,0,1,0.5023276209831238,0.5023276209831238,0.5023276209831238,0.49767234921455383,3,3,3,post_calibration
45,12,3,15,60,1,0,0,0.5005767345428467,0.5005767345428467,0.5005767345428467,0.4994232952594757,3,3,3,post_calibration
45,13,3,16,60,0,1,0,0.5103623867034912,0.5103623867034912,0.4896375834941864,0.5103623867034912,3,3,3,post_calibration
45,14,3,17,60,0,0,1,0.5023992657661438,0.5023992657661438,0.5023992657661438,0.4976007640361786,3,3,3,post_calibration
46,0,3,0,60,1,1,1,0.5063561797142029,0.5063561797142029,0.4936438500881195,0.5063561797142029,3,4,3,zero_shot_paired
46,1,3,1,60,1,1,1,0.5002309083938599,0.5002309083938599,0.49976906180381775,0.5002309083938599,3,4,3,zero_shot_paired
46,2,3,2,60,1,1,1,0.5029762387275696,0.5029762387275696,0.49702370166778564,0.5029762387275696,3,4,3,zero_shot_paired
46,3,3,3,60,0,1,0,0.5027995705604553,0.5027995705604553,0.4972004294395447,0.5027995705604553,3,4,3,zero_shot_paired
46,4,3,5,60,1,1,1,0.5045508742332458,0.5045508742332458,0.49544912576675415,0.5045508742332458,3,4,3,zero_shot_paired
46,5,3,6,60,1,1,1,0.501102089881897,0.501102089881897,0.498897910118103,0.501102089881897,3,4,3,zero_shot_paired
46,6,3,8,60,0,0,1,0.5019070506095886,0.5019070506095886,0.5019070506095886,0.4980929493904114,3,4,3,zero_shot_paired
46,7,3,9,60,0,1,0,0.5046563744544983,0.5046563744544983,0.4953435957431793,0.5046563744544983,3,4,3,zero_shot_paired
46,8,3,10,60,1,0,0,0.5038996338844299,0.5038996338844299,0.5038996338844299,0.49610036611557007,3,4,3,zero_shot_paired
46,9,3,12,60,1,1,1,0.5055336952209473,0.5055336952209473,0.49446627497673035,0.5055336952209473,3,4,3,zero_shot_paired
46,10,3,13,60,0,0,1,0.5025086998939514,0.5025086998939514,0.5025086998939514,0.49749132990837097,3,4,3,zero_shot_paired
46,11,3,14,60,0,0,1,0.5065715909004211,0.5065715909004211,0.5065715909004211,0.4934283494949341,3,4,3,zero_shot_paired
46,12,3,15,60,1,0,0,0.5006702542304993,0.5006702542304993,0.5006702542304993,0.4993297755718231,3,4,3,zero_shot_paired
46,13,3,16,60,0,1,0,0.5098432898521423,0.5098432898521423,0.49015671014785767,0.5098432898521423,3,4,3,zero_shot_paired
46,14,3,17,60,0,0,1,0.5024985074996948,0.5024985074996948,0.5024985074996948,0.4975014925003052,3,4,3,zero_shot_paired
46,0,3,0,60,1,1,1,0.5062812566757202,0.5062812566757202,0.4937187135219574,0.5062812566757202,3,4,3,post_calibration
46,1,3,1,60,1,0,0,0.5001809000968933,0.5001809000968933,0.5001809000968933,0.4998190701007843,3,4,3,post_calibration
46,2,3,2,60,1,1,1,0.5025713443756104,0.5025713443756104,0.4974287152290344,0.5025713443756104,3,4,3,post_calibration
46,3,3,3,60,0,1,0,0.5024576783180237,0.5024576783180237,0.4975423812866211,0.5024576783180237,3,4,3,post_calibration
46,4,3,5,60,1,1,1,0.5040443539619446,0.5040443539619446,0.49595558643341064,0.5040443539619446,3,4,3,post_calibration
46,5,3,6,60,1,1,1,0.5008214116096497,0.5008214116096497,0.4991786479949951,0.5008214116096497,3,4,3,post_calibration
46,6,3,8,60,0,0,1,0.5025158524513245,0.5025158524513245,0.5025158524513245,0.49748414754867554,3,4,3,post_calibration
46,7,3,9,60,0,1,0,0.5043461322784424,0.5043461322784424,0.49565383791923523,0.5043461322784424,3,4,3,post_calibration
46,8,3,10,60,1,0,0,0.5039874911308289,0.5039874911308289,0.5039874911308289,0.49601244926452637,3,4,3,post_calibration
46,9,3,12,60,1,1,1,0.5054072737693787,0.5054072737693787,0.4945927560329437,0.5054072737693787,3,4,3,post_calibration
46,10,3,13,60,0,0,1,0.50275057554245,0.50275057554245,0.50275057554245,0.49724942445755005,3,4,3,post_calibration
46,11,3,14,60,0,0,1,0.5067230463027954,0.5067230463027954,0.5067230463027954,0.493276983499527,3,4,3,post_calibration
46,12,3,15,60,1,0,0,0.500593364238739,0.500593364238739,0.500593364238739,0.4994066059589386,3,4,3,post_calibration
46,13,3,16,60,0,1,0,0.5096173286437988,0.5096173286437988,0.49038267135620117,0.5096173286437988,3,4,3,post_calibration
46,14,3,17,60,0,0,1,0.5025436878204346,0.5025436878204346,0.5025436878204346,0.49745631217956543,3,4,3,post_calibration
47,0,3,0,60,1,1,1,0.5063561797142029,0.5063561797142029,0.4936438500881195,0.5063561797142029,3,5,3,zero_shot_paired
47,1,3,1,60,1,1,1,0.5002309083938599,0.5002309083938599,0.49976906180381775,0.5002309083938599,3,5,3,zero_shot_paired
47,2,3,2,60,1,1,1,0.5029762387275696,0.5029762387275696,0.49702370166778564,0.5029762387275696,3,5,3,zero_shot_paired
47,3,3,3,60,0,1,0,0.5027995705604553,0.5027995705604553,0.4972004294395447,0.5027995705604553,3,5,3,zero_shot_paired
47,4,3,4,60,1,1,1,0.5009151101112366,0.5009151101112366,0.4990849196910858,0.5009151101112366,3,5,3,zero_shot_paired
47,5,3,5,60,1,1,1,0.5045508742332458,0.5045508742332458,0.49544912576675415,0.5045508742332458,3,5,3,zero_shot_paired
47,6,3,7,60,0,1,0,0.5027720332145691,0.5027720332145691,0.4972279667854309,0.5027720332145691,3,5,3,zero_shot_paired
47,7,3,8,60,0,0,1,0.5019070506095886,0.5019070506095886,0.5019070506095886,0.4980929493904114,3,5,3,zero_shot_paired
47,8,3,9,60,0,1,0,0.5046563744544983,0.5046563744544983,0.4953435957431793,0.5046563744544983,3,5,3,zero_shot_paired
47,9,3,10,60,1,0,0,0.5038996338844299,0.5038996338844299,0.5038996338844299,0.49610036611557007,3,5,3,zero_shot_paired
47,10,3,11,60,1,1,1,0.5012327432632446,0.5012327432632446,0.49876728653907776,0.5012327432632446,3,5,3,zero_shot_paired
47,11,3,12,60,1,1,1,0.5055336952209473,0.5055336952209473,0.49446627497673035,0.5055336952209473,3,5,3,zero_shot_paired
47,12,3,13,60,0,0,1,0.5025086998939514,0.5025086998939514,0.5025086998939514,0.49749132990837097,3,5,3,zero_shot_paired
47,13,3,14,60,0,0,1,0.5065715909004211,0.5065715909004211,0.5065715909004211,0.4934283494949341,3,5,3,zero_shot_paired
47,14,3,15,60,1,0,0,0.5006702542304993,0.5006702542304993,0.5006702542304993,0.4993297755718231,3,5,3,zero_shot_paired
47,0,3,0,60,1,1,1,0.5068888068199158,0.5068888068199158,0.493111252784729,0.5068888068199158,3,5,3,post_calibration
47,1,3,1,60,1,1,1,0.5009136199951172,0.5009136199951172,0.4990863800048828,0.5009136199951172,3,5,3,post_calibration
47,2,3,2,60,1,1,1,0.5040797591209412,0.5040797591209412,0.49592021107673645,0.5040797591209412,3,5,3,post_calibration
47,3,3,3,60,0,1,0,0.5039023756980896,0.5039023756980896,0.496097594499588,0.5039023756980896,3,5,3,post_calibration
47,4,3,4,60,1,1,1,0.5019373297691345,0.5019373297691345,0.4980626404285431,0.5019373297691345,3,5,3,post_calibration
47,5,3,5,60,1,1,1,0.5055968165397644,0.5055968165397644,0.4944031536579132,0.5055968165397644,3,5,3,post_calibration
47,6,3,7,60,0,1,0,0.5037678480148315,0.5037678480148315,0.49623212218284607,0.5037678480148315,3,5,3,post_calibration
47,7,3,8,60,0,0,1,0.5014194846153259,0.5014194846153259,0.5014194846153259,0.4985804855823517,3,5,3,post_calibration
47,8,3,9,60,0,1,0,0.5053333640098572,0.5053333640098572,0.49466657638549805,0.5053333640098572,3,5,3,post_calibration
47,9,3,10,60,1,0,0,0.5034109950065613,0.5034109950065613,0.5034109950065613,0.4965890049934387,3,5,3,post_calibration
47,10,3,11,60,1,1,1,0.5013753175735474,0.5013753175735474,0.49862465262413025,0.5013753175735474,3,5,3,post_calibration
47,11,3,12,60,1,1,1,0.5063993334770203,0.5063993334770203,0.4936006963253021,0.5063993334770203,3,5,3,post_calibration
47,12,3,13,60,0,0,1,0.5024123787879944,0.5024123787879944,0.5024123787879944,0.4975876212120056,3,5,3,post_calibration
47,13,3,14,60,0,0,1,0.5069615244865417,0.5069615244865417,0.5069615244865417,0.49303847551345825,3,5,3,post_calibration
47,14,3,15,60,1,0,0,0.5004309415817261,0.5004309415817261,0.5004309415817261,0.4995690584182739,3,5,3,post_calibration
48,0,3,0,60,1,1,1,0.5063561797142029,0.5063561797142029,0.4936438500881195,0.5063561797142029,3,6,3,zero_shot_paired
48,1,3,1,60,1,1,1,0.5002309083938599,0.5002309083938599,0.49976906180381775,0.5002309083938599,3,6,3,zero_shot_paired
48,2,3,2,60,1,1,1,0.5029762387275696,0.5029762387275696,0.49702370166778564,0.5029762387275696,3,6,3,zero_shot_paired
48,3,3,3,60,0,1,0,0.5027995705604553,0.5027995705604553,0.4972004294395447,0.5027995705604553,3,6,3,zero_shot_paired
48,4,3,4,60,1,1,1,0.5009151101112366,0.5009151101112366,0.4990849196910858,0.5009151101112366,3,6,3,zero_shot_paired
48,5,3,5,60,1,1,1,0.5045508742332458,0.5045508742332458,0.49544912576675415,0.5045508742332458,3,6,3,zero_shot_paired
48,6,3,6,60,1,1,1,0.501102089881897,0.501102089881897,0.498897910118103,0.501102089881897,3,6,3,zero_shot_paired
48,7,3,7,60,0,1,0,0.5027720332145691,0.5027720332145691,0.4972279667854309,0.5027720332145691,3,6,3,zero_shot_paired
48,8,3,8,60,0,0,1,0.5019070506095886,0.5019070506095886,0.5019070506095886,0.4980929493904114,3,6,3,zero_shot_paired
48,9,3,9,60,0,1,0,0.5046563744544983,0.5046563744544983,0.4953435957431793,0.5046563744544983,3,6,3,zero_shot_paired
48,10,3,11,60,1,1,1,0.5012327432632446,0.5012327432632446,0.49876728653907776,0.5012327432632446,3,6,3,zero_shot_paired
48,11,3,14,60,0,0,1,0.5065715909004211,0.5065715909004211,0.5065715909004211,0.4934283494949341,3,6,3,zero_shot_paired
48,12,3,15,60,1,0,0,0.5006702542304993,0.5006702542304993,0.5006702542304993,0.4993297755718231,3,6,3,zero_shot_paired
48,13,3,16,60,0,1,0,0.5098432898521423,0.5098432898521423,0.49015671014785767,0.5098432898521423,3,6,3,zero_shot_paired
48,14,3,17,60,0,0,1,0.5024985074996948,0.5024985074996948,0.5024985074996948,0.4975014925003052,3,6,3,zero_shot_paired
48,0,3,0,60,1,1,1,0.5061915516853333,0.5061915516853333,0.49380844831466675,0.5061915516853333,3,6,3,post_calibration
48,1,3,1,60,1,1,1,0.5001887679100037,0.5001887679100037,0.4998112618923187,0.5001887679100037,3,6,3,post_calibration
48,2,3,2,60,1,1,1,0.5032624006271362,0.5032624006271362,0.4967375695705414,0.5032624006271362,3,6,3,post_calibration
48,3,3,3,60,0,1,0,0.5030452013015747,0.5030452013015747,0.4969547390937805,0.5030452013015747,3,6,3,post_calibration
48,4,3,4,60,1,1,1,0.5013419985771179,0.5013419985771179,0.4986579418182373,0.5013419985771179,3,6,3,post_calibration
48,5,3,5,60,1,1,1,0.504885733127594,0.504885733127594,0.4951142966747284,0.504885733127594,3,6,3,post_calibration
48,6,3,6,60,1,1,1,0.5011470913887024,0.5011470913887024,0.4988528788089752,0.5011470913887024,3,6,3,post_calibration
48,7,3,7,60,0,1,0,0.5028224587440491,0.5028224587440491,0.4971775710582733,0.5028224587440491,3,6,3,post_calibration
48,8,3,8,60,0,0,1,0.501758337020874,0.501758337020874,0.501758337020874,0.498241662979126,3,6,3,post_calibration
48,9,3,9,60,0,1,0,0.5048307180404663,0.5048307180404663,0.49516934156417847,0.5048307180404663,3,6,3,post_calibration
48,10,3,11,60,1,1,1,0.5014944672584534,0.5014944672584534,0.4985055923461914,0.5014944672584534,3,6,3,post_calibration
48,11,3,14,60,0,0,1,0.5062043070793152,0.5062043070793152,0.5062043070793152,0.4937956631183624,3,6,3,post_calibration
48,12,3,15,60,1,0,0,0.5004702210426331,0.5004702210426331,0.5004702210426331,0.49952977895736694,3,6,3,post_calibration
48,13,3,16,60,0,1,0,0.5097280740737915,0.5097280740737915,0.4902718961238861,0.5097280740737915,3,6,3,post_calibration
48,14,3,17,60,0,0,1,0.5023112297058105,0.5023112297058105,0.5023112297058105,0.49768874049186707,3,6,3,post_calibration
49,0,3,0,60,1,1,1,0.5063561797142029,0.5063561797142029,0.4936438500881195,0.5063561797142029,3,1,6,zero_shot_paired
49,1,3,1,60,1,1,1,0.5002309083938599,0.5002309083938599,0.49976906180381775,0.5002309083938599,3,1,6,zero_shot_paired
49,2,3,3,60,0,1,0,0.5027995705604553,0.5027995705604553,0.4972004294395447,0.5027995705604553,3,1,6,zero_shot_paired
49,3,3,4,60,1,1,1,0.5009151101112366,0.5009151101112366,0.4990849196910858,0.5009151101112366,3,1,6,zero_shot_paired
49,4,3,5,60,1,1,1,0.5045508742332458,0.5045508742332458,0.49544912576675415,0.5045508742332458,3,1,6,zero_shot_paired
49,5,3,6,60,1,1,1,0.501102089881897,0.501102089881897,0.498897910118103,0.501102089881897,3,1,6,zero_shot_paired
49,6,3,7,60,0,1,0,0.5027720332145691,0.5027720332145691,0.4972279667854309,0.5027720332145691,3,1,6,zero_shot_paired
49,7,3,8,60,0,0,1,0.5019070506095886,0.5019070506095886,0.5019070506095886,0.4980929493904114,3,1,6,zero_shot_paired
49,8,3,11,60,1,1,1,0.5012327432632446,0.5012327432632446,0.49876728653907776,0.5012327432632446,3,1,6,zero_shot_paired
49,9,3,13,60,0,0,1,0.5025086998939514,0.5025086998939514,0.5025086998939514,0.49749132990837097,3,1,6,zero_shot_paired
49,10,3,15,60,1,0,0,0.5006702542304993,0.5006702542304993,0.5006702542304993,0.4993297755718231,3,1,6,zero_shot_paired
49,11,3,16,60,0,1,0,0.5098432898521423,0.5098432898521423,0.49015671014785767,0.5098432898521423,3,1,6,zero_shot_paired
49,0,3,0,60,1,1,1,0.5066060423851013,0.5066060423851013,0.49339398741722107,0.5066060423851013,3,1,6,post_calibration
49,1,3,1,60,1,1,1,0.5002552270889282,0.5002552270889282,0.4997447729110718,0.5002552270889282,3,1,6,post_calibration
49,2,3,3,60,0,1,0,0.503577709197998,0.503577709197998,0.49642229080200195,0.503577709197998,3,1,6,post_calibration
49,3,3,4,60,1,1,1,0.501602053642273,0.501602053642273,0.49839797616004944,0.501602053642273,3,1,6,post_calibration
49,4,3,5,60,1,1,1,0.505266547203064,0.505266547203064,0.49473342299461365,0.505266547203064,3,1,6,post_calibration
49,5,3,6,60,1,1,1,0.5013936161994934,0.5013936161994934,0.498606413602829,0.5013936161994934,3,1,6,post_calibration
49,6,3,7,60,0,1,0,0.5034648776054382,0.5034648776054382,0.49653515219688416,0.5034648776054382,3,1,6,post_calibration
49,7,3,8,60,0,0,1,0.5016232132911682,0.5016232132911682,0.5016232132911682,0.4983768165111542,3,1,6,post_calibration
49,8,3,11,60,1,1,1,0.5015792846679688,0.5015792846679688,0.4984206557273865,0.5015792846679688,3,1,6,post_calibration
49,9,3,13,60,0,0,1,0.5022896528244019,0.5022896528244019,0.5022896528244019,0.49771034717559814,3,1,6,post_calibration
49,10,3,15,60,1,0,0,0.5006181001663208,0.5006181001663208,0.5006181001663208,0.4993818700313568,3,1,6,post_calibration
49,11,3,16,60,0,1,0,0.510733962059021,0.510733962059021,0.4892660081386566,0.510733962059021,3,1,6,post_calibration
50,0,3,0,60,1,1,1,0.5063561797142029,0.5063561797142029,0.4936438500881195,0.5063561797142029,3,2,6,zero_shot_paired
50,1,3,2,60,1,1,1,0.5029762387275696,0.5029762387275696,0.49702370166778564,0.5029762387275696,3,2,6,zero_shot_paired
50,2,3,4,60,1,1,1,0.5009151101112366,0.5009151101112366,0.4990849196910858,0.5009151101112366,3,2,6,zero_shot_paired
50,3,3,7,60,0,1,0,0.5027720332145691,0.5027720332145691,0.4972279667854309,0.5027720332145691,3,2,6,zero_shot_paired
50,4,3,8,60,0,0,1,0.5019070506095886,0.5019070506095886,0.5019070506095886,0.4980929493904114,3,2,6,zero_shot_paired
50,5,3,9,60,0,1,0,0.5046563744544983,0.5046563744544983,0.4953435957431793,0.5046563744544983,3,2,6,zero_shot_paired
50,6,3,10,60,1,0,0,0.5038996338844299,0.5038996338844299,0.5038996338844299,0.49610036611557007,3,2,6,zero_shot_paired
50,7,3,11,60,1,1,1,0.5012327432632446,0.5012327432632446,0.49876728653907776,0.5012327432632446,3,2,6,zero_shot_paired
50,8,3,12,60,1,1,1,0.5055336952209473,0.5055336952209473,0.49446627497673035,0.5055336952209473,3,2,6,zero_shot_paired
50,9,3,14,60,0,0,1,0.5065715909004211,0.5065715909004211,0.5065715909004211,0.4934283494949341,3,2,6,zero_shot_paired
50,10,3,15,60,1,0,0,0.5006702542304993,0.5006702542304993,0.5006702542304993,0.4993297755718231,3,2,6,zero_shot_paired
50,11,3,17,60,0,0,1,0.5024985074996948,0.5024985074996948,0.5024985074996948,0.4975014925003052,3,2,6,zero_shot_paired
50,0,3,0,60,1,1,1,0.5057749152183533,0.5057749152183533,0.4942251145839691,0.5057749152183533,3,2,6,post_calibration
50,1,3,2,60,1,1,1,0.5022479295730591,0.5022479295730591,0.49775204062461853,0.5022479295730591,3,2,6,post_calibration
50,2,3,4,60,1,1,1,0.5007194876670837,0.5007194876670837,0.49928051233291626,0.5007194876670837,3,2,6,post_calibration
50,3,3,7,60,0,1,0,0.5022773742675781,0.5022773742675781,0.4977226257324219,0.5022773742675781,3,2,6,post_calibration
50,4,3,8,60,0,0,1,0.5012351274490356,0.5012351274490356,0.5012351274490356,0.49876487255096436,3,2,6,post_calibration
50,5,3,9,60,0,1,0,0.5041897892951965,0.5041897892951965,0.49581021070480347,0.5041897892951965,3,2,6,post_calibration
50,6,3,10,60,1,0,0,0.5040633678436279,0.5040633678436279,0.5040633678436279,0.49593663215637207,3,2,6,post_calibration
50,7,3,11,60,1,1,1,0.5017262101173401,0.5017262101173401,0.4982738196849823,0.5017262101173401,3,2,6,post_calibration
50,8,3,12,60,1,1,1,0.505395233631134,0.505395233631134,0.4946047365665436,0.505395233631134,3,2,6,post_calibration
50,9,3,14,60,0,0,1,0.5064069628715515,0.5064069628715515,0.5064069628715515,0.4935930073261261,3,2,6,post_calibration
50,10,3,15,60,1,0,0,0.500445544719696,0.500445544719696,0.500445544719696,0.49955448508262634,3,2,6,post_calibration
50,11,3,17,60,0,0,1,0.5025680661201477,0.5025680661201477,0.5025680661201477,0.4974319040775299,3,2,6,post_calibration
51,0,3,1,60,1,1,1,0.5002309083938599,0.5002309083938599,0.49976906180381775,0.5002309083938599,3,3,6,zero_shot_paired
51,1,3,2,60,1,1,1,0.5029762387275696,0.5029762387275696,0.49702370166778564,0.5029762387275696,3,3,6,zero_shot_paired
51,2,3,3,60,0,1,0,0.5027995705604553,0.5027995705604553,0.4972004294395447,0.5027995705604553,3,3,6,zero_shot_paired
51,3,3,5,60,1,1,1,0.5045508742332458,0.5045508742332458,0.49544912576675415,0.5045508742332458,3,3,6,zero_shot_paired
51,4,3,6,60,1,1,1,0.501102089881897,0.501102089881897,0.498897910118103,0.501102089881897,3,3,6,zero_shot_paired
51,5,3,9,60,0,1,0,0.5046563744544983,0.5046563744544983,0.4953435957431793,0.5046563744544983,3,3,6,zero_shot_paired
51,6,3,10,60,1,0,0,0.5038996338844299,0.5038996338844299,0.5038996338844299,0.49610036611557007,3,3,6,zero_shot_paired
51,7,3,12,60,1,1,1,0.5055336952209473,0.5055336952209473,0.49446627497673035,0.5055336952209473,3,3,6,zero_shot_paired
51,8,3,13,60,0,0,1,0.5025086998939514,0.5025086998939514,0.5025086998939514,0.49749132990837097,3,3,6,zero_shot_paired
51,9,3,14,60,0,0,1,0.5065715909004211,0.5065715909004211,0.5065715909004211,0.4934283494949341,3,3,6,zero_shot_paired
51,10,3,16,60,0,1,0,0.5098432898521423,0.5098432898521423,0.49015671014785767,0.5098432898521423,3,3,6,zero_shot_paired
51,11,3,17,60,0,0,1,0.5024985074996948,0.5024985074996948,0.5024985074996948,0.4975014925003052,3,3,6,zero_shot_paired
51,0,3,1,60,1,1,1,0.5014304518699646,0.5014304518699646,0.4985695481300354,0.5014304518699646,3,3,6,post_calibration
51,1,3,2,60,1,1,1,0.503931999206543,0.503931999206543,0.4960680305957794,0.503931999206543,3,3,6,post_calibration
51,2,3,3,60,0,1,0,0.5039595365524292,0.5039595365524292,0.4960404634475708,0.5039595365524292,3,3,6,post_calibration
51,3,3,5,60,1,1,1,0.5049764513969421,0.5049764513969421,0.4950235188007355,0.5049764513969421,3,3,6,post_calibration
51,4,3,6,60,1,1,1,0.5013543367385864,0.5013543367385864,0.4986456632614136,0.5013543367385864,3,3,6,post_calibration
51,5,3,9,60,0,1,0,0.504743754863739,0.504743754863739,0.4952562749385834,0.504743754863739,3,3,6,post_calibration
51,6,3,10,60,1,0,0,0.5030885338783264,0.5030885338783264,0.5030885338783264,0.49691149592399597,3,3,6,post_calibration
51,7,3,12,60,1,1,1,0.5058797001838684,0.5058797001838684,0.49412035942077637,0.5058797001838684,3,3,6,post_calibration
51,8,3,13,60,0,0,1,0.5017521381378174,0.5017521381378174,0.5017521381378174,0.4982478618621826,3,3,6,post_calibration
51,9,3,14,60,0,0,1,0.5057901740074158,0.5057901740074158,0.5057901740074158,0.4942098557949066,3,3,6,post_calibration
51,10,3,16,60,0,1,0,0.5100185871124268,0.5100185871124268,0.48998141288757324,0.5100185871124268,3,3,6,post_calibration
51,11,3,17,60,0,0,1,0.5024912357330322,0.5024912357330322,0.5024912357330322,0.49750879406929016,3,3,6,post_calibration
52,0,3,0,60,1,1,1,0.5063560605049133,0.5063560605049133,0.49364399909973145,0.5063560605049133,3,1,9,zero_shot_paired
52,1,3,3,60,0,1,0,0.5027996301651001,0.5027996301651001,0.4972003698348999,0.5027996301651001,3,1,9,zero_shot_paired
52,2,3,5,60,1,1,1,0.5045509338378906,0.5045509338378906,0.4954490661621094,0.5045509338378906,3,1,9,zero_shot_paired
52,3,3,9,60,0,1,0,0.5046562552452087,0.5046562552452087,0.49534371495246887,0.5046562552452087,3,1,9,zero_shot_paired
52,4,3,10,60,1,0,0,0.5038997530937195,0.5038997530937195,0.5038997530937195,0.4961002469062805,3,1,9,zero_shot_paired
52,5,3,11,60,1,1,1,0.5012324452400208,0.5012324452400208,0.49876752495765686,0.5012324452400208,3,1,9,zero_shot_paired
52,6,3,13,60,0,0,1,0.5025086402893066,0.5025086402893066,0.5025086402893066,0.49749135971069336,3,1,9,zero_shot_paired
52,7,3,15,60,1,0,0,0.5006701946258545,0.5006701946258545,0.5006701946258545,0.4993298351764679,3,1,9,zero_shot_paired
52,8,3,17,60,0,0,1,0.5024983286857605,0.5024983286857605,0.5024983286857605,0.4975016713142395,3,1,9,zero_shot_paired
52,0,3,0,60,1,1,1,0.5061652064323425,0.5061652064323425,0.4938347637653351,0.5061652064323425,3,1,9,post_calibration
52,1,3,3,60,0,1,0,0.5035394430160522,0.5035394430160522,0.49646055698394775,0.5035394430160522,3,1,9,post_calibration
52,2,3,5,60,1,1,1,0.5047460198402405,0.5047460198402405,0.4952540099620819,0.5047460198402405,3,1,9,post_calibration
52,3,3,9,60,0,1,0,0.5043197274208069,0.5043197274208069,0.4956802725791931,0.5043197274208069,3,1,9,post_calibration
52,4,3,10,60,1,0,0,0.50412917137146,0.50412917137146,0.50412917137146,0.49587079882621765,3,1,9,post_calibration
52,5,3,11,60,1,1,1,0.5014094114303589,0.5014094114303589,0.4985905885696411,0.5014094114303589,3,1,9,post_calibration
52,6,3,13,60,0,0,1,0.5025486946105957,0.5025486946105957,0.5025486946105957,0.4974512755870819,3,1,9,post_calibration
52,7,3,15,60,1,0,0,0.5009381771087646,0.5009381771087646,0.5009381771087646,0.49906179308891296,3,1,9,post_calibration
52,8,3,17,60,0,0,1,0.5033246874809265,0.5033246874809265,0.5033246874809265,0.4966752827167511,3,1,9,post_calibration
53,0,3,1,60,1,1,1,0.5002308487892151,0.5002308487892151,0.4997691512107849,0.5002308487892151,3,2,9,zero_shot_paired
53,1,3,2,60,1,1,1,0.5029762983322144,0.5029762983322144,0.49702370166778564,0.5029762983322144,3,2,9,zero_shot_paired
53,2,3,4,60,1,1,1,0.5009151697158813,0.5009151697158813,0.49908483028411865,0.5009151697158813,3,2,9,zero_shot_paired
53,3,3,6,60,1,1,1,0.501102089881897,0.501102089881897,0.498897910118103,0.501102089881897,3,2,9,zero_shot_paired
53,4,3,7,60,0,1,0,0.5027719736099243,0.5027719736099243,0.4972279667854309,0.5027719736099243,3,2,9,zero_shot_paired
53,5,3,8,60,0,0,1,0.5019069314002991,0.5019069314002991,0.5019069314002991,0.4980930685997009,3,2,9,zero_shot_paired
53,6,3,12,60,1,1,1,0.5055336356163025,0.5055336356163025,0.4944663941860199,0.5055336356163025,3,2,9,zero_shot_paired
53,7,3,14,60,0,0,1,0.5065715909004211,0.5065715909004211,0.5065715909004211,0.49342840909957886,3,2,9,zero_shot_paired
53,8,3,16,60,0,1,0,0.5098432302474976,0.5098432302474976,0.49015673995018005,0.5098432302474976,3,2,9,zero_shot_paired
53,0,3,1,60,1,1,1,0.5003206729888916,0.5003206729888916,0.4996793270111084,0.5003206729888916,3,2,9,post_calibration
53,1,3,2,60,1,1,1,0.5028986930847168,0.5028986930847168,0.4971013069152832,0.5028986930847168,3,2,9,post_calibration
53,2,3,4,60,1,1,1,0.5012853145599365,0.5012853145599365,0.4987146258354187,0.5012853145599365,3,2,9,post_calibration
53,3,3,6,60,1,1,1,0.5012833476066589,0.5012833476066589,0.4987166225910187,0.5012833476066589,3,2,9,post_calibration
53,4,3,7,60,0,1,0,0.502632737159729,0.502632737159729,0.4973672330379486,0.502632737159729,3,2,9,post_calibration
53,5,3,8,60,0,0,1,0.5019534230232239,0.5019534230232239,0.5019534230232239,0.4980465769767761,3,2,9,post_calibration
53,6,3,12,60,1,1,1,0.5058749318122864,0.5058749318122864,0.4941250681877136,0.5058749318122864,3,2,9,post_calibration
53,7,3,14,60,0,0,1,0.5066095590591431,0.5066095590591431,0.5066095590591431,0.49339044094085693,3,2,9,post_calibration
53,8,3,16,60,0,1,0,0.5100919008255005,0.5100919008255005,0.4899080693721771,0.5100919008255005,3,2,9,post_calibration
54,0,3,2,60,1,1,1,0.5029750466346741,0.5029750466346741,0.49702492356300354,0.5029750466346741,3,1,12,zero_shot_paired
54,1,3,5,60,1,1,1,0.5045560002326965,0.5045560002326965,0.49544402956962585,0.5045560002326965,3,1,12,zero_shot_paired
54,2,3,8,60,0,0,1,0.5019077062606812,0.5019077062606812,0.5019077062606812,0.49809232354164124,3,1,12,zero_shot_paired
54,3,3,12,60,1,1,1,0.5055341720581055,0.5055341720581055,0.49446582794189453,0.5055341720581055,3,1,12,zero_shot_paired
54,4,3,13,60,0,0,1,0.5025115609169006,0.5025115609169006,0.5025115609169006,0.49748843908309937,3,1,12,zero_shot_paired
54,5,3,17,60,0,0,1,0.5024981498718262,0.5024981498718262,0.5024981498718262,0.49750182032585144,3,1,12,zero_shot_paired
54,0,3,2,60,1,1,1,0.5033982992172241,0.5033982992172241,0.49660173058509827,0.5033982992172241,3,1,12,post_calibration
54,1,3,5,60,1,1,1,0.5048609375953674,0.5048609375953674,0.49513909220695496,0.5048609375953674,3,1,12,post_calibration
54,2,3,8,60,0,0,1,0.5009445548057556,0.5009445548057556,0.5009445548057556,0.499055415391922,3,1,12,post_calibration
54,3,3,12,60,1,1,1,0.5057880282402039,0.5057880282402039,0.49421194195747375,0.5057880282402039,3,1,12,post_calibration
54,4,3,13,60,0,0,1,0.5028555989265442,0.5028555989265442,0.5028555989265442,0.4971444308757782,3,1,12,post_calibration
54,5,3,17,60,0,0,1,0.5024942755699158,0.5024942755699158,0.5024942755699158,0.4975057542324066,3,1,12,post_calibration
55,0,3,0,60,1,1,1,0.5063519477844238,0.5063519477844238,0.49364805221557617,0.5063519477844238,3,2,12,zero_shot_paired
55,1,3,5,60,1,1,1,0.5045560002326965,0.5045560002326965,0.49544402956962585,0.5045560002326965,3,2,12,zero_shot_paired
55,2,3,6,60,1,1,1,0.5011030435562134,0.5011030435562134,0.498896986246109,0.5011030435562134,3,2,12,zero_shot_paired
55,3,3,7,60,0,1,0,0.502769410610199,0.502769410610199,0.49723055958747864,0.502769410610199,3,2,12,zero_shot_paired
55,4,3,9,60,0,1,0,0.5046545267105103,0.5046545267105103,0.49534544348716736,0.5046545267105103,3,2,12,zero_shot_paired
55,5,3,14,60,0,0,1,0.5065706968307495,0.5065706968307495,0.5065706968307495,0.4934292733669281,3,2,12,zero_shot_paired
55,0,3,0,60,1,1,1,0.5056450963020325,0.5056450963020325,0.49435490369796753,0.5056450963020325,3,2,12,post_calibration
55,1,3,5,60,1,1,1,0.5049795508384705,0.5049795508384705,0.49502047896385193,0.5049795508384705,3,2,12,post_calibration
55,2,3,6,60,1,1,1,0.5009020566940308,0.5009020566940308,0.49909794330596924,0.5009020566940308,3,2,12,post_calibration
55,3,3,7,60,0,1,0,0.5024868845939636,0.5024868845939636,0.4975130558013916,0.5024868845939636,3,2,12,post_calibration
55,4,3,9,60,0,1,0,0.5045682191848755,0.5045682191848755,0.4954317808151245,0.5045682191848755,3,2,12,post_calibration
55,5,3,14,60,0,0,1,0.5066731572151184,0.5066731572151184,0.5066731572151184,0.49332690238952637,3,2,12,post_calibration
56,0,3,4,60,1,1,1,0.5009142160415649,0.5009142160415649,0.49908575415611267,0.5009142160415649,3,3,12,zero_shot_paired
56,1,3,8,60,0,0,1,0.5019077062606812,0.5019077062606812,0.5019077062606812,0.49809232354164124,3,3,12,zero_shot_paired
56,2,3,9,60,0,1,0,0.5046545267105103,0.5046545267105103,0.49534544348716736,0.5046545267105103,3,3,12,zero_shot_paired
56,3,3,11,60,1,1,1,0.5012329816818237,0.5012329816818237,0.4987669885158539,0.5012329816818237,3,3,12,zero_shot_paired
56,4,3,13,60,0,0,1,0.5025115609169006,0.5025115609169006,0.5025115609169006,0.49748843908309937,3,3,12,zero_shot_paired
56,5,3,15,60,1,0,0,0.5006709098815918,0.5006709098815918,0.5006709098815918,0.4993291199207306,3,3,12,zero_shot_paired
56,0,3,4,60,1,1,1,0.501322865486145,0.501322865486145,0.498677134513855,0.501322865486145,3,3,12,post_calibration
56,1,3,8,60,0,0,1,0.5019556283950806,0.5019556283950806,0.5019556283950806,0.49804434180259705,3,3,12,post_calibration
56,2,3,9,60,0,1,0,0.5043928623199463,0.5043928623199463,0.4956071078777313,0.5043928623199463,3,3,12,post_calibration
56,3,3,11,60,1,1,1,0.5014862418174744,0.5014862418174744,0.498513787984848,0.5014862418174744,3,3,12,post_calibration
56,4,3,13,60,0,0,1,0.5022702813148499,0.5022702813148499,0.5022702813148499,0.49772968888282776,3,3,12,post_calibration
56,5,3,15,60,1,0,0,0.5007854104042053,0.5007854104042053,0.5007854104042053,0.4992145895957947,3,3,12,post_calibration
