fold,trial_index,subject_id,trial_id,n_windows,y_true,y_pred,correct,p_pred,confidence,p_class_0,p_class_1,target_subject,calibration_fold,calibration_shots,stage
1,0,0,0,60,1,1,1,0.7031530737876892,0.7031530737876892,0.2968468964099884,0.7031530737876892,0,,,zero_shot_all_trials
1,1,0,1,60,1,0,0,0.6939139366149902,0.6939139366149902,0.6939139366149902,0.30608612298965454,0,,,zero_shot_all_trials
1,2,0,2,60,1,0,0,0.636854350566864,0.636854350566864,0.636854350566864,0.363145649433136,0,,,zero_shot_all_trials
1,3,0,3,60,1,1,1,0.5700340867042542,0.5700340867042542,0.42996594309806824,0.5700340867042542,0,,,zero_shot_all_trials
1,4,0,4,60,1,1,1,0.6549568176269531,0.6549568176269531,0.34504321217536926,0.6549568176269531,0,,,zero_shot_all_trials
1,5,0,5,60,0,0,1,0.6906813383102417,0.6906813383102417,0.6906813383102417,0.3093186318874359,0,,,zero_shot_all_trials
1,6,0,6,60,1,0,0,0.5535241365432739,0.5535241365432739,0.5535241365432739,0.4464758634567261,0,,,zero_shot_all_trials
1,7,0,7,60,0,0,1,0.5265330076217651,0.5265330076217651,0.5265330076217651,0.47346702218055725,0,,,zero_shot_all_trials
1,8,0,8,60,0,0,1,0.7333563566207886,0.7333563566207886,0.7333563566207886,0.26664361357688904,0,,,zero_shot_all_trials
1,9,0,9,60,1,1,1,0.6851797699928284,0.6851797699928284,0.31482023000717163,0.6851797699928284,0,,,zero_shot_all_trials
1,10,0,10,60,0,1,0,0.687270998954773,0.687270998954773,0.31272900104522705,0.687270998954773,0,,,zero_shot_all_trials
1,11,0,11,60,1,1,1,0.7578839063644409,0.7578839063644409,0.2421160191297531,0.7578839063644409,0,,,zero_shot_all_trials
1,12,0,12,60,1,1,1,0.6398714184761047,0.6398714184761047,0.3601285517215729,0.6398714184761047,0,,,zero_shot_all_trials
1,13,0,13,60,0,1,0,0.8060106039047241,0.8060106039047241,0.19398938119411469,0.8060106039047241,0,,,zero_shot_all_trials
1,14,0,14,60,1,1,1,0.6779789328575134,0.6779789328575134,0.3220210671424866,0.6779789328575134,0,,,zero_shot_all_trials
1,15,0,15,60,0,1,0,0.516883134841919,0.516883134841919,0.48311683535575867,0.516883134841919,0,,,zero_shot_all_trials
1,16,0,16,60,0,0,1,0.5330822467803955,0.5330822467803955,0.5330822467803955,0.4669177830219269,0,,,zero_shot_all_trials
1,17,0,17,60,1,1,1,0.6274716258049011,0.6274716258049011,0.37252840399742126,0.6274716258049011,0,,,zero_shot_all_trials
1,0,0,0,60,1,1,1,0.7031499147415161,0.7031499147415161,0.2968500852584839,0.7031499147415161,0,1,3,zero_shot_paired
1,1,0,1,60,1,0,0,0.6939139366149902,0.6939139366149902,0.6939139366149902,0.30608612298965454,0,1,3,zero_shot_paired
1,2,0,2,60,1,0,0,0.6368473172187805,0.6368473172187805,0.6368473172187805,0.36315271258354187,0,1,3,zero_shot_paired
1,3,0,3,60,1,1,1,0.570039689540863,0.570039689540863,0.42996034026145935,0.570039689540863,0,1,3,zero_shot_paired
1,4,0,5,60,0,0,1,0.6906862258911133,0.6906862258911133,0.6906862258911133,0.30931374430656433,0,1,3,zero_shot_paired
1,5,0,6,60,1,0,0,0.5535203814506531,0.5535203814506531,0.5535203814506531,0.4464796483516693,0,1,3,zero_shot_paired
1,6,0,7,60,0,0,1,0.526534914970398,0.526534914970398,0.526534914970398,0.47346511483192444,0,1,3,zero_shot_paired
1,7,0,8,60,0,0,1,0.7333683371543884,0.7333683371543884,0.7333683371543884,0.26663169264793396,0,1,3,zero_shot_paired
1,8,0,10,60,0,1,0,0.6872644424438477,0.6872644424438477,0.31273558735847473,0.6872644424438477,0,1,3,zero_shot_paired
1,9,0,11,60,1,1,1,0.7578798532485962,0.7578798532485962,0.24212022125720978,0.7578798532485962,0,1,3,zero_shot_paired
1,10,0,12,60,1,1,1,0.6398749947547913,0.6398749947547913,0.36012503504753113,0.6398749947547913,0,1,3,zero_shot_paired
1,11,0,14,60,1,1,1,0.6779772639274597,0.6779772639274597,0.32202276587486267,0.6779772639274597,0,1,3,zero_shot_paired
1,12,0,15,60,0,1,0,0.5168869495391846,0.5168869495391846,0.48311302065849304,0.5168869495391846,0,1,3,zero_shot_paired
1,13,0,16,60,0,0,1,0.5330974459648132,0.5330974459648132,0.5330974459648132,0.46690255403518677,0,1,3,zero_shot_paired
1,14,0,17,60,1,1,1,0.6274805665016174,0.6274805665016174,0.37251949310302734,0.6274805665016174,0,1,3,zero_shot_paired
1,0,0,0,60,1,1,1,0.766017496585846,0.766017496585846,0.23398245871067047,0.766017496585846,0,1,3,post_calibration
1,1,0,1,60,1,0,0,0.8091735243797302,0.8091735243797302,0.8091735243797302,0.19082652032375336,0,1,3,post_calibration
1,2,0,2,60,1,0,0,0.7043794393539429,0.7043794393539429,0.7043794393539429,0.29562056064605713,0,1,3,post_calibration
1,3,0,3,60,1,0,0,0.6924226880073547,0.6924226880073547,0.6924226880073547,0.30757731199264526,0,1,3,post_calibration
1,4,0,5,60,0,0,1,0.6197068095207214,0.6197068095207214,0.6197068095207214,0.3802931606769562,0,1,3,post_calibration
1,5,0,6,60,1,0,0,0.680264949798584,0.680264949798584,0.680264949798584,0.319735050201416,0,1,3,post_calibration
1,6,0,7,60,0,0,1,0.6721165776252747,0.6721165776252747,0.6721165776252747,0.3278834819793701,0,1,3,post_calibration
1,7,0,8,60,0,0,1,0.7305032014846802,0.7305032014846802,0.7305032014846802,0.2694967985153198,0,1,3,post_calibration
1,8,0,10,60,0,1,0,0.7917104363441467,0.7917104363441467,0.20828962326049805,0.7917104363441467,0,1,3,post_calibration
1,9,0,11,60,1,1,1,0.7258855700492859,0.7258855700492859,0.2741144895553589,0.7258855700492859,0,1,3,post_calibration
1,10,0,12,60,1,1,1,0.7979506850242615,0.7979506850242615,0.20204928517341614,0.7979506850242615,0,1,3,post_calibration
1,11,0,14,60,1,1,1,0.6464079022407532,0.6464079022407532,0.3535920977592468,0.6464079022407532,0,1,3,post_calibration
1,12,0,15,60,0,0,1,0.6049186587333679,0.6049186587333679,0.6049186587333679,0.3950812816619873,0,1,3,post_calibration
1,13,0,16,60,0,0,1,0.5620412826538086,0.5620412826538086,0.5620412826538086,0.4379587471485138,0,1,3,post_calibration
1,14,0,17,60,1,1,1,0.521217942237854,0.521217942237854,0.478782057762146,0.521217942237854,0,1,3,post_calibration
2,0,0,0,60,1,1,1,0.7031594514846802,0.7031594514846802,0.2968405485153198,0.7031594514846802,0,2,3,zero_shot_paired
2,1,0,2,60,1,0,0,0.6368491053581238,0.6368491053581238,0.6368491053581238,0.3631509244441986,0,2,3,zero_shot_paired
2,2,0,3,60,1,1,1,0.5700284242630005,0.5700284242630005,0.42997151613235474,0.5700284242630005,0,2,3,zero_shot_paired
2,3,0,4,60,1,1,1,0.6549636721611023,0.6549636721611023,0.3450362980365753,0.6549636721611023,0,2,3,zero_shot_paired
2,4,0,5,60,0,0,1,0.6906813383102417,0.6906813383102417,0.6906813383102417,0.3093186318874359,0,2,3,zero_shot_paired
2,5,0,6,60,1,0,0,0.5535165667533875,0.5535165667533875,0.5535165667533875,0.4464833736419678,0,2,3,zero_shot_paired
2,6,0,7,60,0,0,1,0.5265500545501709,0.5265500545501709,0.5265500545501709,0.4734499156475067,0,2,3,zero_shot_paired
2,7,0,8,60,0,0,1,0.7333489060401917,0.7333489060401917,0.7333489060401917,0.26665106415748596,0,2,3,zero_shot_paired
2,8,0,9,60,1,1,1,0.6851813793182373,0.6851813793182373,0.3148185908794403,0.6851813793182373,0,2,3,zero_shot_paired
2,9,0,10,60,0,1,0,0.6872677206993103,0.6872677206993103,0.3127322793006897,0.6872677206993103,0,2,3,zero_shot_paired
2,10,0,12,60,1,1,1,0.6398714184761047,0.6398714184761047,0.3601285517215729,0.6398714184761047,0,2,3,zero_shot_paired
2,11,0,13,60,0,1,0,0.8060094714164734,0.8060094714164734,0.1939905732870102,0.8060094714164734,0,2,3,zero_shot_paired
2,12,0,14,60,1,1,1,0.6779772639274597,0.6779772639274597,0.32202276587486267,0.6779772639274597,0,2,3,zero_shot_paired
2,13,0,16,60,0,0,1,0.5330765843391418,0.5330765843391418,0.5330765843391418,0.46692347526550293,0,2,3,zero_shot_paired
2,14,0,17,60,1,1,1,0.6274626851081848,0.6274626851081848,0.3725373148918152,0.6274626851081848,0,2,3,zero_shot_paired
2,0,0,0,60,1,1,1,0.6374029517173767,0.6374029517173767,0.3625970780849457,0.6374029517173767,0,2,3,post_calibration
2,1,0,2,60,1,1,1,0.553525984287262,0.553525984287262,0.44647395610809326,0.553525984287262,0,2,3,post_calibration
2,2,0,3,60,1,1,1,0.8012599945068359,0.8012599945068359,0.19874002039432526,0.8012599945068359,0,2,3,post_calibration
2,3,0,4,60,1,1,1,0.5815556645393372,0.5815556645393372,0.41844436526298523,0.5815556645393372,0,2,3,post_calibration
2,4,0,5,60,0,0,1,0.5491174459457397,0.5491174459457397,0.5491174459457397,0.45088252425193787,0,2,3,post_calibration
2,5,0,6,60,1,1,1,0.5610926747322083,0.5610926747322083,0.43890729546546936,0.5610926747322083,0,2,3,post_calibration
2,6,0,7,60,0,1,0,0.5861027836799622,0.5861027836799622,0.41389724612236023,0.5861027836799622,0,2,3,post_calibration
2,7,0,8,60,0,0,1,0.6874136924743652,0.6874136924743652,0.6874136924743652,0.31258636713027954,0,2,3,post_calibration
2,8,0,9,60,1,1,1,0.6905655860900879,0.6905655860900879,0.3094343841075897,0.6905655860900879,0,2,3,post_calibration
2,9,0,10,60,0,1,0,0.7760095596313477,0.7760095596313477,0.22399047017097473,0.7760095596313477,0,2,3,post_calibration
2,10,0,12,60,1,1,1,0.6045393943786621,0.6045393943786621,0.3954606354236603,0.6045393943786621,0,2,3,post_calibration
2,11,0,13,60,0,1,0,0.8280129432678223,0.8280129432678223,0.17198705673217773,0.8280129432678223,0,2,3,post_calibration
2,12,0,14,60,1,1,1,0.5634248852729797,0.5634248852729797,0.43657514452934265,0.5634248852729797,0,2,3,post_calibration
2,13,0,16,60,0,0,1,0.5311428904533386,0.5311428904533386,0.5311428904533386,0.4688571095466614,0,2,3,post_calibration
2,14,0,17,60,1,1,1,0.6740320324897766,0.6740320324897766,0.3259679675102234,0.6740320324897766,0,2,3,post_calibration
3,0,0,0,60,1,1,1,0.7031594514846802,0.7031594514846802,0.2968405485153198,0.7031594514846802,0,3,3,zero_shot_paired
3,1,0,1,60,1,0,0,0.6939252614974976,0.6939252614974976,0.6939252614974976,0.30607473850250244,0,3,3,zero_shot_paired
3,2,0,3,60,1,1,1,0.5700284242630005,0.5700284242630005,0.42997151613235474,0.5700284242630005,0,3,3,zero_shot_paired
3,3,0,4,60,1,1,1,0.6549636721611023,0.6549636721611023,0.3450362980365753,0.6549636721611023,0,3,3,zero_shot_paired
3,4,0,5,60,0,0,1,0.6906813383102417,0.6906813383102417,0.6906813383102417,0.3093186318874359,0,3,3,zero_shot_paired
3,5,0,6,60,1,0,0,0.5535165667533875,0.5535165667533875,0.5535165667533875,0.4464833736419678,0,3,3,zero_shot_paired
3,6,0,7,60,0,0,1,0.5265500545501709,0.5265500545501709,0.5265500545501709,0.4734499156475067,0,3,3,zero_shot_paired
3,7,0,8,60,0,0,1,0.7333489060401917,0.7333489060401917,0.7333489060401917,0.26665106415748596,0,3,3,zero_shot_paired
3,8,0,9,60,1,1,1,0.6851813793182373,0.6851813793182373,0.3148185908794403,0.6851813793182373,0,3,3,zero_shot_paired
3,9,0,11,60,1,1,1,0.7578783631324768,0.7578783631324768,0.2421216368675232,0.7578783631324768,0,3,3,zero_shot_paired
3,10,0,12,60,1,1,1,0.6398714184761047,0.6398714184761047,0.3601285517215729,0.6398714184761047,0,3,3,zero_shot_paired
3,11,0,13,60,0,1,0,0.8060094714164734,0.8060094714164734,0.1939905732870102,0.8060094714164734,0,3,3,zero_shot_paired
3,12,0,14,60,1,1,1,0.6779772639274597,0.6779772639274597,0.32202276587486267,0.6779772639274597,0,3,3,zero_shot_paired
3,13,0,15,60,0,1,0,0.5168812274932861,0.5168812274932861,0.4831187427043915,0.5168812274932861,0,3,3,zero_shot_paired
3,14,0,16,60,0,0,1,0.5330765843391418,0.5330765843391418,0.5330765843391418,0.46692347526550293,0,3,3,zero_shot_paired
3,0,0,0,60,1,1,1,0.8169112801551819,0.8169112801551819,0.18308871984481812,0.8169112801551819,0,3,3,post_calibration
3,1,0,1,60,1,0,0,0.5437965393066406,0.5437965393066406,0.5437965393066406,0.4562034606933594,0,3,3,post_calibration
3,2,0,3,60,1,1,1,0.8476991057395935,0.8476991057395935,0.15230095386505127,0.8476991057395935,0,3,3,post_calibration
3,3,0,4,60,1,1,1,0.608123242855072,0.608123242855072,0.3918767273426056,0.608123242855072,0,3,3,post_calibration
3,4,0,5,60,0,0,1,0.6998717188835144,0.6998717188835144,0.6998717188835144,0.3001282215118408,0,3,3,post_calibration
3,5,0,6,60,1,1,1,0.7040901780128479,0.7040901780128479,0.2959097921848297,0.7040901780128479,0,3,3,post_calibration
3,6,0,7,60,0,1,0,0.744111955165863,0.744111955165863,0.25588807463645935,0.744111955165863,0,3,3,post_calibration
3,7,0,8,60,0,0,1,0.6022297143936157,0.6022297143936157,0.6022297143936157,0.3977702558040619,0,3,3,post_calibration
3,8,0,9,60,1,1,1,0.5868909955024719,0.5868909955024719,0.4131090044975281,0.5868909955024719,0,3,3,post_calibration
3,9,0,11,60,1,1,1,0.8182335495948792,0.8182335495948792,0.18176648020744324,0.8182335495948792,0,3,3,post_calibration
3,10,0,12,60,1,1,1,0.5512340664863586,0.5512340664863586,0.44876596331596375,0.5512340664863586,0,3,3,post_calibration
3,11,0,13,60,0,1,0,0.8763882517814636,0.8763882517814636,0.1236117035150528,0.8763882517814636,0,3,3,post_calibration
3,12,0,14,60,1,1,1,0.7071030139923096,0.7071030139923096,0.2928970158100128,0.7071030139923096,0,3,3,post_calibration
3,13,0,15,60,0,1,0,0.693680465221405,0.693680465221405,0.3063195049762726,0.693680465221405,0,3,3,post_calibration
3,14,0,16,60,0,1,0,0.6179828643798828,0.6179828643798828,0.3820171356201172,0.6179828643798828,0,3,3,post_calibration
4,0,0,1,60,1,0,0,0.6939252614974976,0.6939252614974976,0.6939252614974976,0.30607473850250244,0,4,3,zero_shot_paired
4,1,0,2,60,1,0,0,0.6368491053581238,0.6368491053581238,0.6368491053581238,0.3631509244441986,0,4,3,zero_shot_paired
4,2,0,3,60,1,1,1,0.5700284242630005,0.5700284242630005,0.42997151613235474,0.5700284242630005,0,4,3,zero_shot_paired
4,3,0,4,60,1,1,1,0.6549636721611023,0.6549636721611023,0.3450362980365753,0.6549636721611023,0,4,3,zero_shot_paired
4,4,0,5,60,0,0,1,0.6906813383102417,0.6906813383102417,0.6906813383102417,0.3093186318874359,0,4,3,zero_shot_paired
4,5,0,6,60,1,0,0,0.5535165667533875,0.5535165667533875,0.5535165667533875,0.4464833736419678,0,4,3,zero_shot_paired
4,6,0,7,60,0,0,1,0.5265500545501709,0.5265500545501709,0.5265500545501709,0.4734499156475067,0,4,3,zero_shot_paired
4,7,0,9,60,1,1,1,0.6851813793182373,0.6851813793182373,0.3148185908794403,0.6851813793182373,0,4,3,zero_shot_paired
4,8,0,10,60,0,1,0,0.6872677206993103,0.6872677206993103,0.3127322793006897,0.6872677206993103,0,4,3,zero_shot_paired
4,9,0,11,60,1,1,1,0.7578783631324768,0.7578783631324768,0.2421216368675232,0.7578783631324768,0,4,3,zero_shot_paired
4,10,0,13,60,0,1,0,0.8060094714164734,0.8060094714164734,0.1939905732870102,0.8060094714164734,0,4,3,zero_shot_paired
4,11,0,14,60,1,1,1,0.6779772639274597,0.6779772639274597,0.32202276587486267,0.6779772639274597,0,4,3,zero_shot_paired
4,12,0,15,60,0,1,0,0.5168812274932861,0.5168812274932861,0.4831187427043915,0.5168812274932861,0,4,3,zero_shot_paired
4,13,0,16,60,0,0,1,0.5330765843391418,0.5330765843391418,0.5330765843391418,0.46692347526550293,0,4,3,zero_shot_paired
4,14,0,17,60,1,1,1,0.6274626851081848,0.6274626851081848,0.3725373148918152,0.6274626851081848,0,4,3,zero_shot_paired
4,0,0,1,60,1,0,0,0.7842841744422913,0.7842841744422913,0.7842841744422913,0.21571578085422516,0,4,3,post_calibration
4,1,0,2,60,1,0,0,0.6716018319129944,0.6716018319129944,0.6716018319129944,0.3283981680870056,0,4,3,post_calibration
4,2,0,3,60,1,0,0,0.5811377763748169,0.5811377763748169,0.5811377763748169,0.4188621938228607,0,4,3,post_calibration
4,3,0,4,60,1,1,1,0.7249281406402588,0.7249281406402588,0.2750718891620636,0.7249281406402588,0,4,3,post_calibration
4,4,0,5,60,0,0,1,0.6542944312095642,0.6542944312095642,0.6542944312095642,0.3457055389881134,0,4,3,post_calibration
4,5,0,6,60,1,0,0,0.6432154774665833,0.6432154774665833,0.6432154774665833,0.356784462928772,0,4,3,post_calibration
4,6,0,7,60,0,0,1,0.5211532115936279,0.5211532115936279,0.5211532115936279,0.47884678840637207,0,4,3,post_calibration
4,7,0,9,60,1,1,1,0.8573141694068909,0.8573141694068909,0.14268580079078674,0.8573141694068909,0,4,3,post_calibration
4,8,0,10,60,0,1,0,0.740492582321167,0.740492582321167,0.2595073878765106,0.740492582321167,0,4,3,post_calibration
4,9,0,11,60,1,1,1,0.772720992565155,0.772720992565155,0.22727902233600616,0.772720992565155,0,4,3,post_calibration
4,10,0,13,60,0,1,0,0.7983428239822388,0.7983428239822388,0.20165719091892242,0.7983428239822388,0,4,3,post_calibration
4,11,0,14,60,1,1,1,0.7440436482429504,0.7440436482429504,0.2559563219547272,0.7440436482429504,0,4,3,post_calibration
4,12,0,15,60,0,0,1,0.5069556832313538,0.5069556832313538,0.5069556832313538,0.49304434657096863,0,4,3,post_calibration
4,13,0,16,60,0,1,0,0.5670677423477173,0.5670677423477173,0.4329322576522827,0.5670677423477173,0,4,3,post_calibration
4,14,0,17,60,1,1,1,0.5484826564788818,0.5484826564788818,0.4515173137187958,0.5484826564788818,0,4,3,post_calibration
5,0,0,0,60,1,1,1,0.7031594514846802,0.7031594514846802,0.2968405485153198,0.7031594514846802,0,5,3,zero_shot_paired
5,1,0,1,60,1,0,0,0.6939252614974976,0.6939252614974976,0.6939252614974976,0.30607473850250244,0,5,3,zero_shot_paired
5,2,0,2,60,1,0,0,0.6368491053581238,0.6368491053581238,0.6368491053581238,0.3631509244441986,0,5,3,zero_shot_paired
5,3,0,3,60,1,1,1,0.5700284242630005,0.5700284242630005,0.42997151613235474,0.5700284242630005,0,5,3,zero_shot_paired
5,4,0,4,60,1,1,1,0.6549636721611023,0.6549636721611023,0.3450362980365753,0.6549636721611023,0,5,3,zero_shot_paired
5,5,0,5,60,0,0,1,0.6906813383102417,0.6906813383102417,0.6906813383102417,0.3093186318874359,0,5,3,zero_shot_paired
5,6,0,8,60,0,0,1,0.7333489060401917,0.7333489060401917,0.7333489060401917,0.26665106415748596,0,5,3,zero_shot_paired
5,7,0,9,60,1,1,1,0.6851813793182373,0.6851813793182373,0.3148185908794403,0.6851813793182373,0,5,3,zero_shot_paired
5,8,0,10,60,0,1,0,0.6872677206993103,0.6872677206993103,0.3127322793006897,0.6872677206993103,0,5,3,zero_shot_paired
5,9,0,11,60,1,1,1,0.7578783631324768,0.7578783631324768,0.2421216368675232,0.7578783631324768,0,5,3,zero_shot_paired
5,10,0,12,60,1,1,1,0.6398714184761047,0.6398714184761047,0.3601285517215729,0.6398714184761047,0,5,3,zero_shot_paired
5,11,0,13,60,0,1,0,0.8060094714164734,0.8060094714164734,0.1939905732870102,0.8060094714164734,0,5,3,zero_shot_paired
5,12,0,14,60,1,1,1,0.6779772639274597,0.6779772639274597,0.32202276587486267,0.6779772639274597,0,5,3,zero_shot_paired
5,13,0,15,60,0,1,0,0.5168812274932861,0.5168812274932861,0.4831187427043915,0.5168812274932861,0,5,3,zero_shot_paired
5,14,0,17,60,1,1,1,0.6274626851081848,0.6274626851081848,0.3725373148918152,0.6274626851081848,0,5,3,zero_shot_paired
5,0,0,0,60,1,1,1,0.6551860570907593,0.6551860570907593,0.3448139429092407,0.6551860570907593,0,5,3,post_calibration
5,1,0,1,60,1,0,0,0.7459481954574585,0.7459481954574585,0.7459481954574585,0.2540518045425415,0,5,3,post_calibration
5,2,0,2,60,1,0,0,0.7294625639915466,0.7294625639915466,0.7294625639915466,0.27053743600845337,0,5,3,post_calibration
5,3,0,3,60,1,0,0,0.5112514495849609,0.5112514495849609,0.5112514495849609,0.4887485206127167,0,5,3,post_calibration
5,4,0,4,60,1,1,1,0.6524369120597839,0.6524369120597839,0.3475630581378937,0.6524369120597839,0,5,3,post_calibration
5,5,0,5,60,0,0,1,0.785323977470398,0.785323977470398,0.785323977470398,0.21467599272727966,0,5,3,post_calibration
5,6,0,8,60,0,0,1,0.6873201727867126,0.6873201727867126,0.6873201727867126,0.31267979741096497,0,5,3,post_calibration
5,7,0,9,60,1,1,1,0.6786831021308899,0.6786831021308899,0.3213168978691101,0.6786831021308899,0,5,3,post_calibration
5,8,0,10,60,0,1,0,0.6811785697937012,0.6811785697937012,0.31882143020629883,0.6811785697937012,0,5,3,post_calibration
5,9,0,11,60,1,1,1,0.7589254379272461,0.7589254379272461,0.2410745918750763,0.7589254379272461,0,5,3,post_calibration
5,10,0,12,60,1,1,1,0.5306564569473267,0.5306564569473267,0.46934354305267334,0.5306564569473267,0,5,3,post_calibration
5,11,0,13,60,0,1,0,0.7896319031715393,0.7896319031715393,0.2103680968284607,0.7896319031715393,0,5,3,post_calibration
5,12,0,14,60,1,1,1,0.7290030717849731,0.7290030717849731,0.2709968686103821,0.7290030717849731,0,5,3,post_calibration
5,13,0,15,60,0,0,1,0.5474886298179626,0.5474886298179626,0.5474886298179626,0.45251134037971497,0,5,3,post_calibration
5,14,0,17,60,1,1,1,0.5380504131317139,0.5380504131317139,0.4619496464729309,0.5380504131317139,0,5,3,post_calibration
6,0,0,0,60,1,1,1,0.7031594514846802,0.7031594514846802,0.2968405485153198,0.7031594514846802,0,6,3,zero_shot_paired
6,1,0,1,60,1,0,0,0.6939252614974976,0.6939252614974976,0.6939252614974976,0.30607473850250244,0,6,3,zero_shot_paired
6,2,0,2,60,1,0,0,0.6368491053581238,0.6368491053581238,0.6368491053581238,0.3631509244441986,0,6,3,zero_shot_paired
6,3,0,4,60,1,1,1,0.6549636721611023,0.6549636721611023,0.3450362980365753,0.6549636721611023,0,6,3,zero_shot_paired
6,4,0,6,60,1,0,0,0.5535165667533875,0.5535165667533875,0.5535165667533875,0.4464833736419678,0,6,3,zero_shot_paired
6,5,0,7,60,0,0,1,0.5265500545501709,0.5265500545501709,0.5265500545501709,0.4734499156475067,0,6,3,zero_shot_paired
6,6,0,8,60,0,0,1,0.7333489060401917,0.7333489060401917,0.7333489060401917,0.26665106415748596,0,6,3,zero_shot_paired
6,7,0,9,60,1,1,1,0.6851813793182373,0.6851813793182373,0.3148185908794403,0.6851813793182373,0,6,3,zero_shot_paired
6,8,0,10,60,0,1,0,0.6872677206993103,0.6872677206993103,0.3127322793006897,0.6872677206993103,0,6,3,zero_shot_paired
6,9,0,11,60,1,1,1,0.7578783631324768,0.7578783631324768,0.2421216368675232,0.7578783631324768,0,6,3,zero_shot_paired
6,10,0,12,60,1,1,1,0.6398714184761047,0.6398714184761047,0.3601285517215729,0.6398714184761047,0,6,3,zero_shot_paired
6,11,0,13,60,0,1,0,0.8060094714164734,0.8060094714164734,0.1939905732870102,0.8060094714164734,0,6,3,zero_shot_paired
6,12,0,15,60,0,1,0,0.5168812274932861,0.5168812274932861,0.4831187427043915,0.5168812274932861,0,6,3,zero_shot_paired
6,13,0,16,60,0,0,1,0.5330765843391418,0.5330765843391418,0.5330765843391418,0.46692347526550293,0,6,3,zero_shot_paired
6,14,0,17,60,1,1,1,0.6274626851081848,0.6274626851081848,0.3725373148918152,0.6274626851081848,0,6,3,zero_shot_paired
6,0,0,0,60,1,1,1,0.7255863547325134,0.7255863547325134,0.2744136452674866,0.7255863547325134,0,6,3,post_calibration
6,1,0,1,60,1,0,0,0.6709317564964294,0.6709317564964294,0.6709317564964294,0.32906824350357056,0,6,3,post_calibration
6,2,0,2,60,1,0,0,0.5729934573173523,0.5729934573173523,0.5729934573173523,0.4270065128803253,0,6,3,post_calibration
6,3,0,4,60,1,1,1,0.5981636643409729,0.5981636643409729,0.4018363654613495,0.5981636643409729,0,6,3,post_calibration
6,4,0,6,60,1,1,1,0.6790473461151123,0.6790473461151123,0.3209526240825653,0.6790473461151123,0,6,3,post_calibration
6,5,0,7,60,0,1,0,0.639415979385376,0.639415979385376,0.3605840504169464,0.639415979385376,0,6,3,post_calibration
6,6,0,8,60,0,0,1,0.6590074896812439,0.6590074896812439,0.6590074896812439,0.3409925103187561,0,6,3,post_calibration
6,7,0,9,60,1,1,1,0.6748813390731812,0.6748813390731812,0.32511866092681885,0.6748813390731812,0,6,3,post_calibration
6,8,0,10,60,0,1,0,0.5252661108970642,0.5252661108970642,0.4747339189052582,0.5252661108970642,0,6,3,post_calibration
6,9,0,11,60,1,1,1,0.827027440071106,0.827027440071106,0.17297257483005524,0.827027440071106,0,6,3,post_calibration
6,10,0,12,60,1,1,1,0.5918393731117249,0.5918393731117249,0.40816062688827515,0.5918393731117249,0,6,3,post_calibration
6,11,0,13,60,0,1,0,0.8884612917900085,0.8884612917900085,0.11153875291347504,0.8884612917900085,0,6,3,post_calibration
6,12,0,15,60,0,1,0,0.6193004250526428,0.6193004250526428,0.3806995749473572,0.6193004250526428,0,6,3,post_calibration
6,13,0,16,60,0,0,1,0.5338037610054016,0.5338037610054016,0.5338037610054016,0.466196209192276,0,6,3,post_calibration
6,14,0,17,60,1,1,1,0.6093262434005737,0.6093262434005737,0.39067378640174866,0.6093262434005737,0,6,3,post_calibration
7,0,0,0,60,1,1,1,0.7031594514846802,0.7031594514846802,0.2968405485153198,0.7031594514846802,0,1,6,zero_shot_paired
7,1,0,1,60,1,0,0,0.6939252614974976,0.6939252614974976,0.6939252614974976,0.30607473850250244,0,1,6,zero_shot_paired
7,2,0,4,60,1,1,1,0.6549636721611023,0.6549636721611023,0.3450362980365753,0.6549636721611023,0,1,6,zero_shot_paired
7,3,0,6,60,1,0,0,0.5535165667533875,0.5535165667533875,0.5535165667533875,0.4464833736419678,0,1,6,zero_shot_paired
7,4,0,7,60,0,0,1,0.5265500545501709,0.5265500545501709,0.5265500545501709,0.4734499156475067,0,1,6,zero_shot_paired
7,5,0,8,60,0,0,1,0.7333489060401917,0.7333489060401917,0.7333489060401917,0.26665106415748596,0,1,6,zero_shot_paired
7,6,0,9,60,1,1,1,0.6851813793182373,0.6851813793182373,0.3148185908794403,0.6851813793182373,0,1,6,zero_shot_paired
7,7,0,11,60,1,1,1,0.7578783631324768,0.7578783631324768,0.2421216368675232,0.7578783631324768,0,1,6,zero_shot_paired
7,8,0,12,60,1,1,1,0.6398714184761047,0.6398714184761047,0.3601285517215729,0.6398714184761047,0,1,6,zero_shot_paired
7,9,0,13,60,0,1,0,0.8060094714164734,0.8060094714164734,0.1939905732870102,0.8060094714164734,0,1,6,zero_shot_paired
7,10,0,15,60,0,1,0,0.5168812274932861,0.5168812274932861,0.4831187427043915,0.5168812274932861,0,1,6,zero_shot_paired
7,11,0,16,60,0,0,1,0.5330765843391418,0.5330765843391418,0.5330765843391418,0.46692347526550293,0,1,6,zero_shot_paired
7,0,0,0,60,1,1,1,0.8307979702949524,0.8307979702949524,0.1692020148038864,0.8307979702949524,0,1,6,post_calibration
7,1,0,1,60,1,0,0,0.5362522006034851,0.5362522006034851,0.5362522006034851,0.4637477695941925,0,1,6,post_calibration
7,2,0,4,60,1,1,1,0.6078013777732849,0.6078013777732849,0.3921985924243927,0.6078013777732849,0,1,6,post_calibration
7,3,0,6,60,1,1,1,0.78180992603302,0.78180992603302,0.2181900590658188,0.78180992603302,0,1,6,post_calibration
7,4,0,7,60,0,1,0,0.7969933152198792,0.7969933152198792,0.20300674438476562,0.7969933152198792,0,1,6,post_calibration
7,5,0,8,60,0,0,1,0.5678392648696899,0.5678392648696899,0.5678392648696899,0.43216076493263245,0,1,6,post_calibration
7,6,0,9,60,1,1,1,0.6074575781822205,0.6074575781822205,0.39254239201545715,0.6074575781822205,0,1,6,post_calibration
7,7,0,11,60,1,1,1,0.8528244495391846,0.8528244495391846,0.14717558026313782,0.8528244495391846,0,1,6,post_calibration
7,8,0,12,60,1,1,1,0.5400333404541016,0.5400333404541016,0.4599666893482208,0.5400333404541016,0,1,6,post_calibration
7,9,0,13,60,0,1,0,0.8955269455909729,0.8955269455909729,0.1044730395078659,0.8955269455909729,0,1,6,post_calibration
7,10,0,15,60,0,1,0,0.7318723201751709,0.7318723201751709,0.2681276500225067,0.7318723201751709,0,1,6,post_calibration
7,11,0,16,60,0,1,0,0.5922207832336426,0.5922207832336426,0.4077792167663574,0.5922207832336426,0,1,6,post_calibration
8,0,0,1,60,1,0,0,0.6939252614974976,0.6939252614974976,0.6939252614974976,0.30607473850250244,0,2,6,zero_shot_paired
8,1,0,2,60,1,0,0,0.6368491053581238,0.6368491053581238,0.6368491053581238,0.3631509244441986,0,2,6,zero_shot_paired
8,2,0,3,60,1,1,1,0.5700284242630005,0.5700284242630005,0.42997151613235474,0.5700284242630005,0,2,6,zero_shot_paired
8,3,0,4,60,1,1,1,0.6549636721611023,0.6549636721611023,0.3450362980365753,0.6549636721611023,0,2,6,zero_shot_paired
8,4,0,5,60,0,0,1,0.6906813383102417,0.6906813383102417,0.6906813383102417,0.3093186318874359,0,2,6,zero_shot_paired
8,5,0,8,60,0,0,1,0.7333489060401917,0.7333489060401917,0.7333489060401917,0.26665106415748596,0,2,6,zero_shot_paired
8,6,0,9,60,1,1,1,0.6851813793182373,0.6851813793182373,0.3148185908794403,0.6851813793182373,0,2,6,zero_shot_paired
8,7,0,10,60,0,1,0,0.6872677206993103,0.6872677206993103,0.3127322793006897,0.6872677206993103,0,2,6,zero_shot_paired
8,8,0,13,60,0,1,0,0.8060094714164734,0.8060094714164734,0.1939905732870102,0.8060094714164734,0,2,6,zero_shot_paired
8,9,0,14,60,1,1,1,0.6779772639274597,0.6779772639274597,0.32202276587486267,0.6779772639274597,0,2,6,zero_shot_paired
8,10,0,15,60,0,1,0,0.5168812274932861,0.5168812274932861,0.4831187427043915,0.5168812274932861,0,2,6,zero_shot_paired
8,11,0,17,60,1,1,1,0.6274626851081848,0.6274626851081848,0.3725373148918152,0.6274626851081848,0,2,6,zero_shot_paired
8,0,0,1,60,1,0,0,0.7623038291931152,0.7623038291931152,0.7623038291931152,0.23769620060920715,0,2,6,post_calibration
8,1,0,2,60,1,0,0,0.630642294883728,0.630642294883728,0.630642294883728,0.36935773491859436,0,2,6,post_calibration
8,2,0,3,60,1,0,0,0.5141106247901917,0.5141106247901917,0.5141106247901917,0.48588937520980835,0,2,6,post_calibration
8,3,0,4,60,1,1,1,0.7949538826942444,0.7949538826942444,0.205046147108078,0.7949538826942444,0,2,6,post_calibration
8,4,0,5,60,0,0,1,0.7439594268798828,0.7439594268798828,0.7439594268798828,0.2560406029224396,0,2,6,post_calibration
8,5,0,8,60,0,0,1,0.5850178003311157,0.5850178003311157,0.5850178003311157,0.4149821698665619,0,2,6,post_calibration
8,6,0,9,60,1,1,1,0.8095466494560242,0.8095466494560242,0.19045332074165344,0.8095466494560242,0,2,6,post_calibration
8,7,0,10,60,0,1,0,0.7185589671134949,0.7185589671134949,0.2814410924911499,0.7185589671134949,0,2,6,post_calibration
8,8,0,13,60,0,1,0,0.8141821026802063,0.8141821026802063,0.1858178824186325,0.8141821026802063,0,2,6,post_calibration
8,9,0,14,60,1,1,1,0.8071164488792419,0.8071164488792419,0.19288356602191925,0.8071164488792419,0,2,6,post_calibration
8,10,0,15,60,0,0,1,0.5118176341056824,0.5118176341056824,0.5118176341056824,0.4881823658943176,0,2,6,post_calibration
8,11,0,17,60,1,1,1,0.5265386700630188,0.5265386700630188,0.4734613299369812,0.5265386700630188,0,2,6,post_calibration
9,0,0,0,60,1,1,1,0.7031594514846802,0.7031594514846802,0.2968405485153198,0.7031594514846802,0,3,6,zero_shot_paired
9,1,0,2,60,1,0,0,0.6368491053581238,0.6368491053581238,0.6368491053581238,0.3631509244441986,0,3,6,zero_shot_paired
9,2,0,3,60,1,1,1,0.5700284242630005,0.5700284242630005,0.42997151613235474,0.5700284242630005,0,3,6,zero_shot_paired
9,3,0,5,60,0,0,1,0.6906813383102417,0.6906813383102417,0.6906813383102417,0.3093186318874359,0,3,6,zero_shot_paired
9,4,0,6,60,1,0,0,0.5535165667533875,0.5535165667533875,0.5535165667533875,0.4464833736419678,0,3,6,zero_shot_paired
9,5,0,7,60,0,0,1,0.5265500545501709,0.5265500545501709,0.5265500545501709,0.4734499156475067,0,3,6,zero_shot_paired
9,6,0,10,60,0,1,0,0.6872677206993103,0.6872677206993103,0.3127322793006897,0.6872677206993103,0,3,6,zero_shot_paired
9,7,0,11,60,1,1,1,0.7578783631324768,0.7578783631324768,0.2421216368675232,0.7578783631324768,0,3,6,zero_shot_paired
9,8,0,12,60,1,1,1,0.6398714184761047,0.6398714184761047,0.3601285517215729,0.6398714184761047,0,3,6,zero_shot_paired
9,9,0,14,60,1,1,1,0.6779772639274597,0.6779772639274597,0.32202276587486267,0.6779772639274597,0,3,6,zero_shot_paired
9,10,0,16,60,0,0,1,0.5330765843391418,0.5330765843391418,0.5330765843391418,0.46692347526550293,0,3,6,zero_shot_paired
9,11,0,17,60,1,1,1,0.6274626851081848,0.6274626851081848,0.3725373148918152,0.6274626851081848,0,3,6,zero_shot_paired
9,0,0,0,60,1,1,1,0.6414732336997986,0.6414732336997986,0.35852673649787903,0.6414732336997986,0,3,6,post_calibration
9,1,0,2,60,1,0,0,0.6152197122573853,0.6152197122573853,0.6152197122573853,0.38478028774261475,0,3,6,post_calibration
9,2,0,3,60,1,0,0,0.5188242793083191,0.5188242793083191,0.5188242793083191,0.4811757504940033,0,3,6,post_calibration
9,3,0,5,60,0,1,0,0.505449116230011,0.505449116230011,0.4945509433746338,0.505449116230011,0,3,6,post_calibration
9,4,0,6,60,1,0,0,0.6465682983398438,0.6465682983398438,0.6465682983398438,0.35343167185783386,0,3,6,post_calibration
9,5,0,7,60,0,0,1,0.6228841543197632,0.6228841543197632,0.6228841543197632,0.3771158456802368,0,3,6,post_calibration
9,6,0,10,60,0,1,0,0.8458201289176941,0.8458201289176941,0.1541799008846283,0.8458201289176941,0,3,6,post_calibration
9,7,0,11,60,1,1,1,0.6937145590782166,0.6937145590782166,0.30628547072410583,0.6937145590782166,0,3,6,post_calibration
9,8,0,12,60,1,1,1,0.748376727104187,0.748376727104187,0.251623272895813,0.748376727104187,0,3,6,post_calibration
9,9,0,14,60,1,1,1,0.5151911973953247,0.5151911973953247,0.4848088324069977,0.5151911973953247,0,3,6,post_calibration
9,10,0,16,60,0,0,1,0.5611039400100708,0.5611039400100708,0.5611039400100708,0.4388960301876068,0,3,6,post_calibration
9,11,0,17,60,1,1,1,0.5782900452613831,0.5782900452613831,0.42170995473861694,0.5782900452613831,0,3,6,post_calibration
10,0,0,1,60,1,0,0,0.6939268708229065,0.6939268708229065,0.6939268708229065,0.3060731291770935,0,1,9,zero_shot_paired
10,1,0,2,60,1,0,0,0.6368473172187805,0.6368473172187805,0.6368473172187805,0.36315271258354187,0,1,9,zero_shot_paired
10,2,0,3,60,1,1,1,0.5700284242630005,0.5700284242630005,0.42997151613235474,0.5700284242630005,0,1,9,zero_shot_paired
10,3,0,5,60,0,0,1,0.6906830072402954,0.6906830072402954,0.6906830072402954,0.309317022562027,0,1,9,zero_shot_paired
10,4,0,6,60,1,0,0,0.5535147190093994,0.5535147190093994,0.5535147190093994,0.4464852809906006,0,1,9,zero_shot_paired
10,5,0,12,60,1,1,1,0.6398731470108032,0.6398731470108032,0.360126793384552,0.6398731470108032,0,1,9,zero_shot_paired
10,6,0,13,60,0,1,0,0.8060034513473511,0.8060034513473511,0.19399653375148773,0.8060034513473511,0,1,9,zero_shot_paired
10,7,0,15,60,0,1,0,0.5168812274932861,0.5168812274932861,0.4831187427043915,0.5168812274932861,0,1,9,zero_shot_paired
10,8,0,17,60,1,1,1,0.6274626851081848,0.6274626851081848,0.3725373148918152,0.6274626851081848,0,1,9,zero_shot_paired
10,0,0,1,60,1,0,0,0.8963314890861511,0.8963314890861511,0.8963314890861511,0.10366849601268768,0,1,9,post_calibration
10,1,0,2,60,1,0,0,0.7841150760650635,0.7841150760650635,0.7841150760650635,0.21588493883609772,0,1,9,post_calibration
10,2,0,3,60,1,0,0,0.6574748754501343,0.6574748754501343,0.6574748754501343,0.3425251543521881,0,1,9,post_calibration
10,3,0,5,60,0,0,1,0.824723482131958,0.824723482131958,0.824723482131958,0.17527654767036438,0,1,9,post_calibration
10,4,0,6,60,1,0,0,0.6382647752761841,0.6382647752761841,0.6382647752761841,0.3617352545261383,0,1,9,post_calibration
10,5,0,12,60,1,1,1,0.7522955536842346,0.7522955536842346,0.2477044016122818,0.7522955536842346,0,1,9,post_calibration
10,6,0,13,60,0,1,0,0.812913715839386,0.812913715839386,0.18708625435829163,0.812913715839386,0,1,9,post_calibration
10,7,0,15,60,0,0,1,0.5207438468933105,0.5207438468933105,0.5207438468933105,0.47925615310668945,0,1,9,post_calibration
10,8,0,17,60,1,0,0,0.6354557275772095,0.6354557275772095,0.6354557275772095,0.36454421281814575,0,1,9,post_calibration
11,0,0,0,60,1,1,1,0.7031546831130981,0.7031546831130981,0.29684531688690186,0.7031546831130981,0,2,9,zero_shot_paired
11,1,0,4,60,1,1,1,0.6549688577651978,0.6549688577651978,0.34503114223480225,0.6549688577651978,0,2,9,zero_shot_paired
11,2,0,7,60,0,0,1,0.5265330076217651,0.5265330076217651,0.5265330076217651,0.47346702218055725,0,2,9,zero_shot_paired
11,3,0,8,60,0,0,1,0.7333504557609558,0.7333504557609558,0.7333504557609558,0.26664960384368896,0,2,9,zero_shot_paired
11,4,0,9,60,1,1,1,0.6851781010627747,0.6851781010627747,0.31482186913490295,0.6851781010627747,0,2,9,zero_shot_paired
11,5,0,10,60,0,1,0,0.687269389629364,0.687269389629364,0.31273066997528076,0.687269389629364,0,2,9,zero_shot_paired
11,6,0,11,60,1,1,1,0.757881224155426,0.757881224155426,0.24211883544921875,0.757881224155426,0,2,9,zero_shot_paired
11,7,0,14,60,1,1,1,0.6779806017875671,0.6779806017875671,0.32201939821243286,0.6779806017875671,0,2,9,zero_shot_paired
11,8,0,16,60,0,0,1,0.5330860614776611,0.5330860614776611,0.5330860614776611,0.46691396832466125,0,2,9,zero_shot_paired
11,0,0,0,60,1,1,1,0.7388707399368286,0.7388707399368286,0.2611292004585266,0.7388707399368286,0,2,9,post_calibration
11,1,0,4,60,1,1,1,0.598143458366394,0.598143458366394,0.40185651183128357,0.598143458366394,0,2,9,post_calibration
11,2,0,7,60,0,1,0,0.7060669660568237,0.7060669660568237,0.29393306374549866,0.7060669660568237,0,2,9,post_calibration
11,3,0,8,60,0,0,1,0.5851456522941589,0.5851456522941589,0.5851456522941589,0.41485440731048584,0,2,9,post_calibration
11,4,0,9,60,1,1,1,0.6784700751304626,0.6784700751304626,0.32152989506721497,0.6784700751304626,0,2,9,post_calibration
11,5,0,10,60,0,1,0,0.7195191383361816,0.7195191383361816,0.28048086166381836,0.7195191383361816,0,2,9,post_calibration
11,6,0,11,60,1,1,1,0.7708356380462646,0.7708356380462646,0.22916436195373535,0.7708356380462646,0,2,9,post_calibration
11,7,0,14,60,1,1,1,0.58016437292099,0.58016437292099,0.4198355972766876,0.58016437292099,0,2,9,post_calibration
11,8,0,16,60,0,1,0,0.618108868598938,0.618108868598938,0.38189107179641724,0.618108868598938,0,2,9,post_calibration
12,0,0,0,60,1,1,1,0.7031658291816711,0.7031658291816711,0.29683417081832886,0.7031658291816711,0,1,12,zero_shot_paired
12,1,0,4,60,1,1,1,0.6548826694488525,0.6548826694488525,0.34511736035346985,0.6548826694488525,0,1,12,zero_shot_paired
12,2,0,10,60,0,1,0,0.6872660517692566,0.6872660517692566,0.312733918428421,0.6872660517692566,0,1,12,zero_shot_paired
12,3,0,11,60,1,1,1,0.7579498291015625,0.7579498291015625,0.24205023050308228,0.7579498291015625,0,1,12,zero_shot_paired
12,4,0,12,60,1,1,1,0.6399628520011902,0.6399628520011902,0.3600371479988098,0.6399628520011902,0,1,12,zero_shot_paired
12,5,0,16,60,0,0,1,0.5329834818840027,0.5329834818840027,0.5329834818840027,0.4670165181159973,0,1,12,zero_shot_paired
12,0,0,0,60,1,1,1,0.6959550976753235,0.6959550976753235,0.3040449023246765,0.6959550976753235,0,1,12,post_calibration
12,1,0,4,60,1,1,1,0.5224325060844421,0.5224325060844421,0.4775674641132355,0.5224325060844421,0,1,12,post_calibration
12,2,0,10,60,0,1,0,0.7534382939338684,0.7534382939338684,0.2465617060661316,0.7534382939338684,0,1,12,post_calibration
12,3,0,11,60,1,1,1,0.7534865140914917,0.7534865140914917,0.2465135157108307,0.7534865140914917,0,1,12,post_calibration
12,4,0,12,60,1,1,1,0.571516215801239,0.571516215801239,0.4284837245941162,0.571516215801239,0,1,12,post_calibration
12,5,0,16,60,0,1,0,0.5448468327522278,0.5448468327522278,0.4551531970500946,0.5448468327522278,0,1,12,post_calibration
13,0,0,0,60,1,1,1,0.7031658291816711,0.7031658291816711,0.29683417081832886,0.7031658291816711,0,2,12,zero_shot_paired
13,1,0,2,60,1,0,0,0.6368491053581238,0.6368491053581238,0.6368491053581238,0.3631509244441986,0,2,12,zero_shot_paired
13,2,0,5,60,0,0,1,0.6906487345695496,0.6906487345695496,0.6906487345695496,0.30935123562812805,0,2,12,zero_shot_paired
13,3,0,14,60,1,1,1,0.6780138611793518,0.6780138611793518,0.3219861090183258,0.6780138611793518,0,2,12,zero_shot_paired
13,4,0,16,60,0,0,1,0.5329834818840027,0.5329834818840027,0.5329834818840027,0.4670165181159973,0,2,12,zero_shot_paired
13,5,0,17,60,1,1,1,0.6274680495262146,0.6274680495262146,0.3725319504737854,0.6274680495262146,0,2,12,zero_shot_paired
13,0,0,0,60,1,1,1,0.7136873006820679,0.7136873006820679,0.28631263971328735,0.7136873006820679,0,2,12,post_calibration
13,1,0,2,60,1,0,0,0.5496708154678345,0.5496708154678345,0.5496708154678345,0.45032915472984314,0,2,12,post_calibration
13,2,0,5,60,0,0,1,0.7535700798034668,0.7535700798034668,0.7535700798034668,0.24642989039421082,0,2,12,post_calibration
13,3,0,14,60,1,1,1,0.7042793035507202,0.7042793035507202,0.2957206964492798,0.7042793035507202,0,2,12,post_calibration
13,4,0,16,60,0,1,0,0.5051477551460266,0.5051477551460266,0.4948522448539734,0.5051477551460266,0,2,12,post_calibration
13,5,0,17,60,1,1,1,0.5887709259986877,0.5887709259986877,0.41122907400131226,0.5887709259986877,0,2,12,post_calibration
14,0,0,1,60,1,0,0,0.6939284801483154,0.6939284801483154,0.6939284801483154,0.30607151985168457,0,3,12,zero_shot_paired
14,1,0,2,60,1,0,0,0.6368491053581238,0.6368491053581238,0.6368491053581238,0.3631509244441986,0,3,12,zero_shot_paired
14,2,0,7,60,0,0,1,0.5266851186752319,0.5266851186752319,0.5266851186752319,0.47331488132476807,0,3,12,zero_shot_paired
14,3,0,12,60,1,1,1,0.6399628520011902,0.6399628520011902,0.3600371479988098,0.6399628520011902,0,3,12,zero_shot_paired
14,4,0,15,60,0,1,0,0.5169307589530945,0.5169307589530945,0.48306921124458313,0.5169307589530945,0,3,12,zero_shot_paired
14,5,0,17,60,1,1,1,0.6274680495262146,0.6274680495262146,0.3725319504737854,0.6274680495262146,0,3,12,zero_shot_paired
14,0,0,1,60,1,0,0,0.7957548499107361,0.7957548499107361,0.7957548499107361,0.2042451649904251,0,3,12,post_calibration
14,1,0,2,60,1,0,0,0.5969692468643188,0.5969692468643188,0.5969692468643188,0.40303072333335876,0,3,12,post_calibration
14,2,0,7,60,0,1,0,0.568286657333374,0.568286657333374,0.43171337246894836,0.568286657333374,0,3,12,post_calibration
14,3,0,12,60,1,1,1,0.6232818961143494,0.6232818961143494,0.37671804428100586,0.6232818961143494,0,3,12,post_calibration
14,4,0,15,60,0,1,0,0.5446594953536987,0.5446594953536987,0.45534050464630127,0.5446594953536987,0,3,12,post_calibration
14,5,0,17,60,1,0,0,0.5263161659240723,0.5263161659240723,0.5263161659240723,0.47368383407592773,0,3,12,post_calibration
2,0,1,0,60,0,1,0,0.7509425282478333,0.7509425282478333,0.24905750155448914,0.7509425282478333,1,,,zero_shot_all_trials
2,1,1,1,60,1,1,1,0.5528244972229004,0.5528244972229004,0.4471755027770996,0.5528244972229004,1,,,zero_shot_all_trials
2,2,1,2,60,1,0,0,0.6751959919929504,0.6751959919929504,0.6751959919929504,0.32480403780937195,1,,,zero_shot_all_trials
2,3,1,3,60,1,1,1,0.7005764245986938,0.7005764245986938,0.29942357540130615,0.7005764245986938,1,,,zero_shot_all_trials
2,4,1,4,60,0,0,1,0.7739900350570679,0.7739900350570679,0.7739900350570679,0.22600996494293213,1,,,zero_shot_all_trials
2,5,1,5,60,1,0,0,0.6639634966850281,0.6639634966850281,0.6639634966850281,0.3360365331172943,1,,,zero_shot_all_trials
2,6,1,6,60,0,1,0,0.7481798529624939,0.7481798529624939,0.2518201470375061,0.7481798529624939,1,,,zero_shot_all_trials
2,7,1,7,60,1,1,1,0.6060851216316223,0.6060851216316223,0.39391493797302246,0.6060851216316223,1,,,zero_shot_all_trials
2,8,1,8,60,1,1,1,0.589413583278656,0.589413583278656,0.410586416721344,0.589413583278656,1,,,zero_shot_all_trials
2,9,1,9,60,1,1,1,0.6627947688102722,0.6627947688102722,0.3372052311897278,0.6627947688102722,1,,,zero_shot_all_trials
2,10,1,10,60,0,0,1,0.5420547127723694,0.5420547127723694,0.5420547127723694,0.457945317029953,1,,,zero_shot_all_trials
2,11,1,11,60,1,0,0,0.5822944045066833,0.5822944045066833,0.5822944045066833,0.41770562529563904,1,,,zero_shot_all_trials
2,12,1,12,60,1,1,1,0.8382612466812134,0.8382612466812134,0.16173872351646423,0.8382612466812134,1,,,zero_shot_all_trials
2,13,1,13,60,1,0,0,0.5514435172080994,0.5514435172080994,0.5514435172080994,0.44855648279190063,1,,,zero_shot_all_trials
2,14,1,14,60,1,1,1,0.7752726078033447,0.7752726078033447,0.2247273176908493,0.7752726078033447,1,,,zero_shot_all_trials
2,15,1,15,60,1,1,1,0.5214558839797974,0.5214558839797974,0.47854405641555786,0.5214558839797974,1,,,zero_shot_all_trials
2,16,1,16,60,1,1,1,0.5058114528656006,0.5058114528656006,0.4941885769367218,0.5058114528656006,1,,,zero_shot_all_trials
2,17,1,17,60,1,1,1,0.7608186602592468,0.7608186602592468,0.23918132483959198,0.7608186602592468,1,,,zero_shot_all_trials
15,0,1,0,60,0,1,0,0.750939667224884,0.750939667224884,0.24906034767627716,0.750939667224884,1,1,3,zero_shot_paired
15,1,1,1,60,1,1,1,0.5528302192687988,0.5528302192687988,0.44716981053352356,0.5528302192687988,1,1,3,zero_shot_paired
15,2,1,2,60,1,0,0,0.6751976609230042,0.6751976609230042,0.6751976609230042,0.32480233907699585,1,1,3,zero_shot_paired
15,3,1,3,60,1,1,1,0.7005764245986938,0.7005764245986938,0.29942357540130615,0.7005764245986938,1,1,3,zero_shot_paired
15,4,1,4,60,0,0,1,0.7739980816841125,0.7739980816841125,0.7739980816841125,0.22600196301937103,1,1,3,zero_shot_paired
15,5,1,5,60,1,0,0,0.6639703512191772,0.6639703512191772,0.6639703512191772,0.33602967858314514,1,1,3,zero_shot_paired
15,6,1,6,60,0,1,0,0.7481727004051208,0.7481727004051208,0.2518273591995239,0.7481727004051208,1,1,3,zero_shot_paired
15,7,1,7,60,1,1,1,0.6060814261436462,0.6060814261436462,0.39391857385635376,0.6060814261436462,1,1,3,zero_shot_paired
15,8,1,9,60,1,1,1,0.6627981662750244,0.6627981662750244,0.3372018039226532,0.6627981662750244,1,1,3,zero_shot_paired
15,9,1,10,60,0,0,1,0.5420660972595215,0.5420660972595215,0.5420660972595215,0.4579339027404785,1,1,3,zero_shot_paired
15,10,1,11,60,1,0,0,0.5822961926460266,0.5822961926460266,0.5822961926460266,0.417703777551651,1,1,3,zero_shot_paired
15,11,1,12,60,1,1,1,0.8382560610771179,0.8382560610771179,0.1617439091205597,0.8382560610771179,1,1,3,zero_shot_paired
15,12,1,14,60,1,1,1,0.7752739787101746,0.7752739787101746,0.22472600638866425,0.7752739787101746,1,1,3,zero_shot_paired
15,13,1,16,60,1,1,1,0.505807638168335,0.505807638168335,0.4941924214363098,0.505807638168335,1,1,3,zero_shot_paired
15,14,1,17,60,1,1,1,0.7608228325843811,0.7608228325843811,0.2391771525144577,0.7608228325843811,1,1,3,zero_shot_paired
15,0,1,0,60,0,1,0,0.696043848991394,0.696043848991394,0.30395612120628357,0.696043848991394,1,1,3,post_calibration
15,1,1,1,60,1,0,0,0.6010338664054871,0.6010338664054871,0.6010338664054871,0.39896610379219055,1,1,3,post_calibration
15,2,1,2,60,1,0,0,0.5201725959777832,0.5201725959777832,0.5201725959777832,0.4798273742198944,1,1,3,post_calibration
15,3,1,3,60,1,1,1,0.5507678389549255,0.5507678389549255,0.44923219084739685,0.5507678389549255,1,1,3,post_calibration
15,4,1,4,60,0,0,1,0.7333891987800598,0.7333891987800598,0.7333891987800598,0.2666108012199402,1,1,3,post_calibration
15,5,1,5,60,1,1,1,0.5669609308242798,0.5669609308242798,0.4330390393733978,0.5669609308242798,1,1,3,post_calibration
15,6,1,6,60,0,1,0,0.848749041557312,0.848749041557312,0.15125098824501038,0.848749041557312,1,1,3,post_calibration
15,7,1,7,60,1,1,1,0.5439158082008362,0.5439158082008362,0.4560842216014862,0.5439158082008362,1,1,3,post_calibration
15,8,1,9,60,1,1,1,0.8489663004875183,0.8489663004875183,0.1510336548089981,0.8489663004875183,1,1,3,post_calibration
15,9,1,10,60,0,1,0,0.6870003938674927,0.6870003938674927,0.3129996359348297,0.6870003938674927,1,1,3,post_calibration
15,10,1,11,60,1,1,1,0.6338140964508057,0.6338140964508057,0.36618587374687195,0.6338140964508057,1,1,3,post_calibration
15,11,1,12,60,1,1,1,0.8026679158210754,0.8026679158210754,0.19733203947544098,0.8026679158210754,1,1,3,post_calibration
15,12,1,14,60,1,1,1,0.8896390199661255,0.8896390199661255,0.11036098748445511,0.8896390199661255,1,1,3,post_calibration
15,13,1,16,60,1,0,0,0.5567290782928467,0.5567290782928467,0.5567290782928467,0.4432709217071533,1,1,3,post_calibration
15,14,1,17,60,1,1,1,0.8219760060310364,0.8219760060310364,0.178024023771286,0.8219760060310364,1,1,3,post_calibration
16,0,1,0,60,0,1,0,0.7509511113166809,0.7509511113166809,0.24904893338680267,0.7509511113166809,1,2,3,zero_shot_paired
16,1,1,1,60,1,1,1,0.5528244972229004,0.5528244972229004,0.4471755027770996,0.5528244972229004,1,2,3,zero_shot_paired
16,2,1,2,60,1,0,0,0.6751993298530579,0.6751993298530579,0.6751993298530579,0.32480067014694214,1,2,3,zero_shot_paired
16,3,1,3,60,1,1,1,0.7005940079689026,0.7005940079689026,0.299405962228775,0.7005940079689026,1,2,3,zero_shot_paired
16,4,1,4,60,0,0,1,0.7739887237548828,0.7739887237548828,0.7739887237548828,0.22601129114627838,1,2,3,zero_shot_paired
16,5,1,5,60,1,0,0,0.663972020149231,0.663972020149231,0.663972020149231,0.33602800965309143,1,2,3,zero_shot_paired
16,6,1,6,60,0,1,0,0.7481784224510193,0.7481784224510193,0.2518216073513031,0.7481784224510193,1,2,3,zero_shot_paired
16,7,1,7,60,1,1,1,0.6060814261436462,0.6060814261436462,0.39391857385635376,0.6060814261436462,1,2,3,zero_shot_paired
16,8,1,8,60,1,1,1,0.5894098877906799,0.5894098877906799,0.4105900824069977,0.5894098877906799,1,2,3,zero_shot_paired
16,9,1,9,60,1,1,1,0.6627964973449707,0.6627964973449707,0.3372035324573517,0.6627964973449707,1,2,3,zero_shot_paired
16,10,1,13,60,1,0,0,0.5514265894889832,0.5514265894889832,0.5514265894889832,0.44857344031333923,1,2,3,zero_shot_paired
16,11,1,14,60,1,1,1,0.7752793431282043,0.7752793431282043,0.22472068667411804,0.7752793431282043,1,2,3,zero_shot_paired
16,12,1,15,60,1,1,1,0.5214444994926453,0.5214444994926453,0.47855547070503235,0.5214444994926453,1,2,3,zero_shot_paired
16,13,1,16,60,1,1,1,0.5058133006095886,0.5058133006095886,0.494186669588089,0.5058133006095886,1,2,3,zero_shot_paired
16,14,1,17,60,1,1,1,0.7608159184455872,0.7608159184455872,0.23918409645557404,0.7608159184455872,1,2,3,zero_shot_paired
16,0,1,0,60,0,1,0,0.7766745686531067,0.7766745686531067,0.2233254611492157,0.7766745686531067,1,2,3,post_calibration
16,1,1,1,60,1,1,1,0.5462691783905029,0.5462691783905029,0.4537307918071747,0.5462691783905029,1,2,3,post_calibration
16,2,1,2,60,1,0,0,0.6389866471290588,0.6389866471290588,0.6389866471290588,0.36101338267326355,1,2,3,post_calibration
16,3,1,3,60,1,1,1,0.7301816344261169,0.7301816344261169,0.26981833577156067,0.7301816344261169,1,2,3,post_calibration
16,4,1,4,60,0,0,1,0.7719589471817017,0.7719589471817017,0.7719589471817017,0.22804097831249237,1,2,3,post_calibration
16,5,1,5,60,1,0,0,0.5480745434761047,0.5480745434761047,0.5480745434761047,0.45192545652389526,1,2,3,post_calibration
16,6,1,6,60,0,1,0,0.7296131253242493,0.7296131253242493,0.27038687467575073,0.7296131253242493,1,2,3,post_calibration
16,7,1,7,60,1,1,1,0.5789094567298889,0.5789094567298889,0.4210904836654663,0.5789094567298889,1,2,3,post_calibration
16,8,1,8,60,1,1,1,0.5930864810943604,0.5930864810943604,0.40691351890563965,0.5930864810943604,1,2,3,post_calibration
16,9,1,9,60,1,1,1,0.7038819193840027,0.7038819193840027,0.2961180508136749,0.7038819193840027,1,2,3,post_calibration
16,10,1,13,60,1,0,0,0.5344606637954712,0.5344606637954712,0.5344606637954712,0.4655393064022064,1,2,3,post_calibration
16,11,1,14,60,1,1,1,0.741287887096405,0.741287887096405,0.2587120532989502,0.741287887096405,1,2,3,post_calibration
16,12,1,15,60,1,1,1,0.5171746611595154,0.5171746611595154,0.4828253388404846,0.5171746611595154,1,2,3,post_calibration
16,13,1,16,60,1,1,1,0.5176756381988525,0.5176756381988525,0.48232436180114746,0.5176756381988525,1,2,3,post_calibration
16,14,1,17,60,1,1,1,0.7469185590744019,0.7469185590744019,0.25308144092559814,0.7469185590744019,1,2,3,post_calibration
17,0,1,0,60,0,1,0,0.7509511113166809,0.7509511113166809,0.24904893338680267,0.7509511113166809,1,3,3,zero_shot_paired
17,1,1,1,60,1,1,1,0.5528244972229004,0.5528244972229004,0.4471755027770996,0.5528244972229004,1,3,3,zero_shot_paired
17,2,1,2,60,1,0,0,0.6751993298530579,0.6751993298530579,0.6751993298530579,0.32480067014694214,1,3,3,zero_shot_paired
17,3,1,3,60,1,1,1,0.7005940079689026,0.7005940079689026,0.299405962228775,0.7005940079689026,1,3,3,zero_shot_paired
17,4,1,4,60,0,0,1,0.7739887237548828,0.7739887237548828,0.7739887237548828,0.22601129114627838,1,3,3,zero_shot_paired
17,5,1,5,60,1,0,0,0.663972020149231,0.663972020149231,0.663972020149231,0.33602800965309143,1,3,3,zero_shot_paired
17,6,1,7,60,1,1,1,0.6060814261436462,0.6060814261436462,0.39391857385635376,0.6060814261436462,1,3,3,zero_shot_paired
17,7,1,8,60,1,1,1,0.5894098877906799,0.5894098877906799,0.4105900824069977,0.5894098877906799,1,3,3,zero_shot_paired
17,8,1,9,60,1,1,1,0.6627964973449707,0.6627964973449707,0.3372035324573517,0.6627964973449707,1,3,3,zero_shot_paired
17,9,1,10,60,0,0,1,0.5420509576797485,0.5420509576797485,0.5420509576797485,0.45794907212257385,1,3,3,zero_shot_paired
17,10,1,11,60,1,0,0,0.5822906494140625,0.5822906494140625,0.5822906494140625,0.4177093207836151,1,3,3,zero_shot_paired
17,11,1,12,60,1,1,1,0.8382540941238403,0.8382540941238403,0.16174596548080444,0.8382540941238403,1,3,3,zero_shot_paired
17,12,1,13,60,1,0,0,0.5514265894889832,0.5514265894889832,0.5514265894889832,0.44857344031333923,1,3,3,zero_shot_paired
17,13,1,14,60,1,1,1,0.7752793431282043,0.7752793431282043,0.22472068667411804,0.7752793431282043,1,3,3,zero_shot_paired
17,14,1,15,60,1,1,1,0.5214444994926453,0.5214444994926453,0.47855547070503235,0.5214444994926453,1,3,3,zero_shot_paired
17,0,1,0,60,0,1,0,0.7123213410377502,0.7123213410377502,0.28767871856689453,0.7123213410377502,1,3,3,post_calibration
17,1,1,1,60,1,1,1,0.6049095988273621,0.6049095988273621,0.39509040117263794,0.6049095988273621,1,3,3,post_calibration
17,2,1,2,60,1,0,0,0.6215444803237915,0.6215444803237915,0.6215444803237915,0.3784554898738861,1,3,3,post_calibration
17,3,1,3,60,1,1,1,0.8113329410552979,0.8113329410552979,0.18866710364818573,0.8113329410552979,1,3,3,post_calibration
17,4,1,4,60,0,0,1,0.68212890625,0.68212890625,0.68212890625,0.31787109375,1,3,3,post_calibration
17,5,1,5,60,1,0,0,0.6093189716339111,0.6093189716339111,0.6093189716339111,0.39068105816841125,1,3,3,post_calibration
17,6,1,7,60,1,1,1,0.6796207427978516,0.6796207427978516,0.3203792870044708,0.6796207427978516,1,3,3,post_calibration
17,7,1,8,60,1,0,0,0.5095870494842529,0.5095870494842529,0.5095870494842529,0.49041295051574707,1,3,3,post_calibration
17,8,1,9,60,1,1,1,0.6050481796264648,0.6050481796264648,0.39495187997817993,0.6050481796264648,1,3,3,post_calibration
17,9,1,10,60,0,0,1,0.5291531682014465,0.5291531682014465,0.5291531682014465,0.47084683179855347,1,3,3,post_calibration
17,10,1,11,60,1,0,0,0.5816298723220825,0.5816298723220825,0.5816298723220825,0.4183701276779175,1,3,3,post_calibration
17,11,1,12,60,1,1,1,0.8779484629631042,0.8779484629631042,0.12205154448747635,0.8779484629631042,1,3,3,post_calibration
17,12,1,13,60,1,0,0,0.5925561189651489,0.5925561189651489,0.5925561189651489,0.40744391083717346,1,3,3,post_calibration
17,13,1,14,60,1,1,1,0.7869939804077148,0.7869939804077148,0.21300606429576874,0.7869939804077148,1,3,3,post_calibration
17,14,1,15,60,1,1,1,0.5451362729072571,0.5451362729072571,0.45486369729042053,0.5451362729072571,1,3,3,post_calibration
18,0,1,0,60,0,1,0,0.7509511113166809,0.7509511113166809,0.24904893338680267,0.7509511113166809,1,4,3,zero_shot_paired
18,1,1,1,60,1,1,1,0.5528244972229004,0.5528244972229004,0.4471755027770996,0.5528244972229004,1,4,3,zero_shot_paired
18,2,1,4,60,0,0,1,0.7739887237548828,0.7739887237548828,0.7739887237548828,0.22601129114627838,1,4,3,zero_shot_paired
18,3,1,5,60,1,0,0,0.663972020149231,0.663972020149231,0.663972020149231,0.33602800965309143,1,4,3,zero_shot_paired
18,4,1,6,60,0,1,0,0.7481784224510193,0.7481784224510193,0.2518216073513031,0.7481784224510193,1,4,3,zero_shot_paired
18,5,1,8,60,1,1,1,0.5894098877906799,0.5894098877906799,0.4105900824069977,0.5894098877906799,1,4,3,zero_shot_paired
18,6,1,9,60,1,1,1,0.6627964973449707,0.6627964973449707,0.3372035324573517,0.6627964973449707,1,4,3,zero_shot_paired
18,7,1,10,60,0,0,1,0.5420509576797485,0.5420509576797485,0.5420509576797485,0.45794907212257385,1,4,3,zero_shot_paired
18,8,1,11,60,1,0,0,0.5822906494140625,0.5822906494140625,0.5822906494140625,0.4177093207836151,1,4,3,zero_shot_paired
18,9,1,12,60,1,1,1,0.8382540941238403,0.8382540941238403,0.16174596548080444,0.8382540941238403,1,4,3,zero_shot_paired
18,10,1,13,60,1,0,0,0.5514265894889832,0.5514265894889832,0.5514265894889832,0.44857344031333923,1,4,3,zero_shot_paired
18,11,1,14,60,1,1,1,0.7752793431282043,0.7752793431282043,0.22472068667411804,0.7752793431282043,1,4,3,zero_shot_paired
18,12,1,15,60,1,1,1,0.5214444994926453,0.5214444994926453,0.47855547070503235,0.5214444994926453,1,4,3,zero_shot_paired
18,13,1,16,60,1,1,1,0.5058133006095886,0.5058133006095886,0.494186669588089,0.5058133006095886,1,4,3,zero_shot_paired
18,14,1,17,60,1,1,1,0.7608159184455872,0.7608159184455872,0.23918409645557404,0.7608159184455872,1,4,3,zero_shot_paired
18,0,1,0,60,0,1,0,0.7746925354003906,0.7746925354003906,0.2253074049949646,0.7746925354003906,1,4,3,post_calibration
18,1,1,1,60,1,1,1,0.7601057291030884,0.7601057291030884,0.23989425599575043,0.7601057291030884,1,4,3,post_calibration
18,2,1,4,60,0,1,0,0.5663483738899231,0.5663483738899231,0.4336516559123993,0.5663483738899231,1,4,3,post_calibration
18,3,1,5,60,1,0,0,0.5540651679039001,0.5540651679039001,0.5540651679039001,0.4459347724914551,1,4,3,post_calibration
18,4,1,6,60,0,1,0,0.6845375299453735,0.6845375299453735,0.3154624104499817,0.6845375299453735,1,4,3,post_calibration
18,5,1,8,60,1,1,1,0.5798558592796326,0.5798558592796326,0.4201441705226898,0.5798558592796326,1,4,3,post_calibration
18,6,1,9,60,1,1,1,0.7022604942321777,0.7022604942321777,0.2977394461631775,0.7022604942321777,1,4,3,post_calibration
18,7,1,10,60,0,1,0,0.5252717733383179,0.5252717733383179,0.47472819685935974,0.5252717733383179,1,4,3,post_calibration
18,8,1,11,60,1,0,0,0.5312758684158325,0.5312758684158325,0.5312758684158325,0.4687241315841675,1,4,3,post_calibration
18,9,1,12,60,1,1,1,0.9100326299667358,0.9100326299667358,0.08996735513210297,0.9100326299667358,1,4,3,post_calibration
18,10,1,13,60,1,1,1,0.5113105773925781,0.5113105773925781,0.4886894226074219,0.5113105773925781,1,4,3,post_calibration
18,11,1,14,60,1,1,1,0.8030169606208801,0.8030169606208801,0.19698303937911987,0.8030169606208801,1,4,3,post_calibration
18,12,1,15,60,1,1,1,0.513405442237854,0.513405442237854,0.486594557762146,0.513405442237854,1,4,3,post_calibration
18,13,1,16,60,1,1,1,0.6753247976303101,0.6753247976303101,0.32467520236968994,0.6753247976303101,1,4,3,post_calibration
18,14,1,17,60,1,1,1,0.7426594495773315,0.7426594495773315,0.25734052062034607,0.7426594495773315,1,4,3,post_calibration
19,0,1,0,60,0,1,0,0.7509511113166809,0.7509511113166809,0.24904893338680267,0.7509511113166809,1,5,3,zero_shot_paired
19,1,1,2,60,1,0,0,0.6751993298530579,0.6751993298530579,0.6751993298530579,0.32480067014694214,1,5,3,zero_shot_paired
19,2,1,3,60,1,1,1,0.7005940079689026,0.7005940079689026,0.299405962228775,0.7005940079689026,1,5,3,zero_shot_paired
19,3,1,5,60,1,0,0,0.663972020149231,0.663972020149231,0.663972020149231,0.33602800965309143,1,5,3,zero_shot_paired
19,4,1,6,60,0,1,0,0.7481784224510193,0.7481784224510193,0.2518216073513031,0.7481784224510193,1,5,3,zero_shot_paired
19,5,1,7,60,1,1,1,0.6060814261436462,0.6060814261436462,0.39391857385635376,0.6060814261436462,1,5,3,zero_shot_paired
19,6,1,8,60,1,1,1,0.5894098877906799,0.5894098877906799,0.4105900824069977,0.5894098877906799,1,5,3,zero_shot_paired
19,7,1,9,60,1,1,1,0.6627964973449707,0.6627964973449707,0.3372035324573517,0.6627964973449707,1,5,3,zero_shot_paired
19,8,1,10,60,0,0,1,0.5420509576797485,0.5420509576797485,0.5420509576797485,0.45794907212257385,1,5,3,zero_shot_paired
19,9,1,11,60,1,0,0,0.5822906494140625,0.5822906494140625,0.5822906494140625,0.4177093207836151,1,5,3,zero_shot_paired
19,10,1,12,60,1,1,1,0.8382540941238403,0.8382540941238403,0.16174596548080444,0.8382540941238403,1,5,3,zero_shot_paired
19,11,1,13,60,1,0,0,0.5514265894889832,0.5514265894889832,0.5514265894889832,0.44857344031333923,1,5,3,zero_shot_paired
19,12,1,15,60,1,1,1,0.5214444994926453,0.5214444994926453,0.47855547070503235,0.5214444994926453,1,5,3,zero_shot_paired
19,13,1,16,60,1,1,1,0.5058133006095886,0.5058133006095886,0.494186669588089,0.5058133006095886,1,5,3,zero_shot_paired
19,14,1,17,60,1,1,1,0.7608159184455872,0.7608159184455872,0.23918409645557404,0.7608159184455872,1,5,3,zero_shot_paired
19,0,1,0,60,0,1,0,0.8133970499038696,0.8133970499038696,0.1866028904914856,0.8133970499038696,1,5,3,post_calibration
19,1,1,2,60,1,0,0,0.7625539302825928,0.7625539302825928,0.7625539302825928,0.23744603991508484,1,5,3,post_calibration
19,2,1,3,60,1,1,1,0.7903483510017395,0.7903483510017395,0.20965167880058289,0.7903483510017395,1,5,3,post_calibration
19,3,1,5,60,1,0,0,0.7174899578094482,0.7174899578094482,0.7174899578094482,0.28251001238822937,1,5,3,post_calibration
19,4,1,6,60,0,1,0,0.8334718346595764,0.8334718346595764,0.1665281504392624,0.8334718346595764,1,5,3,post_calibration
19,5,1,7,60,1,1,1,0.7430922389030457,0.7430922389030457,0.25690773129463196,0.7430922389030457,1,5,3,post_calibration
19,6,1,8,60,1,1,1,0.5859842896461487,0.5859842896461487,0.41401565074920654,0.5859842896461487,1,5,3,post_calibration
19,7,1,9,60,1,1,1,0.6529592275619507,0.6529592275619507,0.3470407724380493,0.6529592275619507,1,5,3,post_calibration
19,8,1,10,60,0,0,1,0.5822052955627441,0.5822052955627441,0.5822052955627441,0.41779470443725586,1,5,3,post_calibration
19,9,1,11,60,1,0,0,0.6871742606163025,0.6871742606163025,0.6871742606163025,0.3128257393836975,1,5,3,post_calibration
19,10,1,12,60,1,1,1,0.902317464351654,0.902317464351654,0.09768252819776535,0.902317464351654,1,5,3,post_calibration
19,11,1,13,60,1,0,0,0.5986714959144592,0.5986714959144592,0.5986714959144592,0.4013284742832184,1,5,3,post_calibration
19,12,1,15,60,1,0,0,0.5167974233627319,0.5167974233627319,0.5167974233627319,0.48320257663726807,1,5,3,post_calibration
19,13,1,16,60,1,1,1,0.6386680006980896,0.6386680006980896,0.3613319396972656,0.6386680006980896,1,5,3,post_calibration
19,14,1,17,60,1,1,1,0.776801586151123,0.776801586151123,0.22319844365119934,0.776801586151123,1,5,3,post_calibration
20,0,1,1,60,1,1,1,0.5528244972229004,0.5528244972229004,0.4471755027770996,0.5528244972229004,1,6,3,zero_shot_paired
20,1,1,2,60,1,0,0,0.6751993298530579,0.6751993298530579,0.6751993298530579,0.32480067014694214,1,6,3,zero_shot_paired
20,2,1,3,60,1,1,1,0.7005940079689026,0.7005940079689026,0.299405962228775,0.7005940079689026,1,6,3,zero_shot_paired
20,3,1,4,60,0,0,1,0.7739887237548828,0.7739887237548828,0.7739887237548828,0.22601129114627838,1,6,3,zero_shot_paired
20,4,1,6,60,0,1,0,0.7481784224510193,0.7481784224510193,0.2518216073513031,0.7481784224510193,1,6,3,zero_shot_paired
20,5,1,7,60,1,1,1,0.6060814261436462,0.6060814261436462,0.39391857385635376,0.6060814261436462,1,6,3,zero_shot_paired
20,6,1,8,60,1,1,1,0.5894098877906799,0.5894098877906799,0.4105900824069977,0.5894098877906799,1,6,3,zero_shot_paired
20,7,1,10,60,0,0,1,0.5420509576797485,0.5420509576797485,0.5420509576797485,0.45794907212257385,1,6,3,zero_shot_paired
20,8,1,11,60,1,0,0,0.5822906494140625,0.5822906494140625,0.5822906494140625,0.4177093207836151,1,6,3,zero_shot_paired
20,9,1,12,60,1,1,1,0.8382540941238403,0.8382540941238403,0.16174596548080444,0.8382540941238403,1,6,3,zero_shot_paired
20,10,1,13,60,1,0,0,0.5514265894889832,0.5514265894889832,0.5514265894889832,0.44857344031333923,1,6,3,zero_shot_paired
20,11,1,14,60,1,1,1,0.7752793431282043,0.7752793431282043,0.22472068667411804,0.7752793431282043,1,6,3,zero_shot_paired
20,12,1,15,60,1,1,1,0.5214444994926453,0.5214444994926453,0.47855547070503235,0.5214444994926453,1,6,3,zero_shot_paired
20,13,1,16,60,1,1,1,0.5058133006095886,0.5058133006095886,0.494186669588089,0.5058133006095886,1,6,3,zero_shot_paired
20,14,1,17,60,1,1,1,0.7608159184455872,0.7608159184455872,0.23918409645557404,0.7608159184455872,1,6,3,zero_shot_paired
20,0,1,1,60,1,0,0,0.5432457327842712,0.5432457327842712,0.5432457327842712,0.45675429701805115,1,6,3,post_calibration
20,1,1,2,60,1,1,1,0.575606644153595,0.575606644153595,0.42439332604408264,0.575606644153595,1,6,3,post_calibration
20,2,1,3,60,1,1,1,0.5600853562355042,0.5600853562355042,0.43991464376449585,0.5600853562355042,1,6,3,post_calibration
20,3,1,4,60,0,0,1,0.5572072863578796,0.5572072863578796,0.5572072863578796,0.44279271364212036,1,6,3,post_calibration
20,4,1,6,60,0,1,0,0.641185462474823,0.641185462474823,0.3588145673274994,0.641185462474823,1,6,3,post_calibration
20,5,1,7,60,1,1,1,0.5165935754776001,0.5165935754776001,0.4834064245223999,0.5165935754776001,1,6,3,post_calibration
20,6,1,8,60,1,1,1,0.7258915901184082,0.7258915901184082,0.2741084098815918,0.7258915901184082,1,6,3,post_calibration
20,7,1,10,60,0,1,0,0.558332622051239,0.558332622051239,0.4416673481464386,0.558332622051239,1,6,3,post_calibration
20,8,1,11,60,1,1,1,0.636165976524353,0.636165976524353,0.36383405327796936,0.636165976524353,1,6,3,post_calibration
20,9,1,12,60,1,1,1,0.7991779446601868,0.7991779446601868,0.20082204043865204,0.7991779446601868,1,6,3,post_calibration
20,10,1,13,60,1,1,1,0.5273222327232361,0.5273222327232361,0.4726777672767639,0.5273222327232361,1,6,3,post_calibration
20,11,1,14,60,1,1,1,0.8544430136680603,0.8544430136680603,0.1455569863319397,0.8544430136680603,1,6,3,post_calibration
20,12,1,15,60,1,1,1,0.6091573238372803,0.6091573238372803,0.3908427059650421,0.6091573238372803,1,6,3,post_calibration
20,13,1,16,60,1,0,0,0.5500069856643677,0.5500069856643677,0.5500069856643677,0.4499930143356323,1,6,3,post_calibration
20,14,1,17,60,1,1,1,0.7066335082054138,0.7066335082054138,0.29336652159690857,0.7066335082054138,1,6,3,post_calibration
21,0,1,0,60,0,1,0,0.7509511113166809,0.7509511113166809,0.24904893338680267,0.7509511113166809,1,1,6,zero_shot_paired
21,1,1,1,60,1,1,1,0.5528244972229004,0.5528244972229004,0.4471755027770996,0.5528244972229004,1,1,6,zero_shot_paired
21,2,1,3,60,1,1,1,0.7005940079689026,0.7005940079689026,0.299405962228775,0.7005940079689026,1,1,6,zero_shot_paired
21,3,1,4,60,0,0,1,0.7739887237548828,0.7739887237548828,0.7739887237548828,0.22601129114627838,1,1,6,zero_shot_paired
21,4,1,5,60,1,0,0,0.663972020149231,0.663972020149231,0.663972020149231,0.33602800965309143,1,1,6,zero_shot_paired
21,5,1,6,60,0,1,0,0.7481784224510193,0.7481784224510193,0.2518216073513031,0.7481784224510193,1,1,6,zero_shot_paired
21,6,1,11,60,1,0,0,0.5822906494140625,0.5822906494140625,0.5822906494140625,0.4177093207836151,1,1,6,zero_shot_paired
21,7,1,12,60,1,1,1,0.8382540941238403,0.8382540941238403,0.16174596548080444,0.8382540941238403,1,1,6,zero_shot_paired
21,8,1,13,60,1,0,0,0.5514265894889832,0.5514265894889832,0.5514265894889832,0.44857344031333923,1,1,6,zero_shot_paired
21,9,1,15,60,1,1,1,0.5214444994926453,0.5214444994926453,0.47855547070503235,0.5214444994926453,1,1,6,zero_shot_paired
21,10,1,16,60,1,1,1,0.5058133006095886,0.5058133006095886,0.494186669588089,0.5058133006095886,1,1,6,zero_shot_paired
21,11,1,17,60,1,1,1,0.7608159184455872,0.7608159184455872,0.23918409645557404,0.7608159184455872,1,1,6,zero_shot_paired
21,0,1,0,60,0,1,0,0.6834458708763123,0.6834458708763123,0.31655409932136536,0.6834458708763123,1,1,6,post_calibration
21,1,1,1,60,1,1,1,0.6832345724105835,0.6832345724105835,0.3167653977870941,0.6832345724105835,1,1,6,post_calibration
21,2,1,3,60,1,1,1,0.7008100748062134,0.7008100748062134,0.2991899847984314,0.7008100748062134,1,1,6,post_calibration
21,3,1,4,60,0,0,1,0.5602019429206848,0.5602019429206848,0.5602019429206848,0.4397980868816376,1,1,6,post_calibration
21,4,1,5,60,1,1,1,0.554762601852417,0.554762601852417,0.445237398147583,0.554762601852417,1,1,6,post_calibration
21,5,1,6,60,0,1,0,0.7895761728286743,0.7895761728286743,0.21042385697364807,0.7895761728286743,1,1,6,post_calibration
21,6,1,11,60,1,1,1,0.5382741093635559,0.5382741093635559,0.4617258608341217,0.5382741093635559,1,1,6,post_calibration
21,7,1,12,60,1,1,1,0.8762633800506592,0.8762633800506592,0.12373657524585724,0.8762633800506592,1,1,6,post_calibration
21,8,1,13,60,1,1,1,0.5052393078804016,0.5052393078804016,0.4947606921195984,0.5052393078804016,1,1,6,post_calibration
21,9,1,15,60,1,1,1,0.5537880659103394,0.5537880659103394,0.44621187448501587,0.5537880659103394,1,1,6,post_calibration
21,10,1,16,60,1,1,1,0.6454132795333862,0.6454132795333862,0.3545866906642914,0.6454132795333862,1,1,6,post_calibration
21,11,1,17,60,1,1,1,0.6835927963256836,0.6835927963256836,0.3164072334766388,0.6835927963256836,1,1,6,post_calibration
22,0,1,1,60,1,1,1,0.5528244972229004,0.5528244972229004,0.4471755027770996,0.5528244972229004,1,2,6,zero_shot_paired
22,1,1,2,60,1,0,0,0.6751993298530579,0.6751993298530579,0.6751993298530579,0.32480067014694214,1,2,6,zero_shot_paired
22,2,1,4,60,0,0,1,0.7739887237548828,0.7739887237548828,0.7739887237548828,0.22601129114627838,1,2,6,zero_shot_paired
22,3,1,6,60,0,1,0,0.7481784224510193,0.7481784224510193,0.2518216073513031,0.7481784224510193,1,2,6,zero_shot_paired
22,4,1,7,60,1,1,1,0.6060814261436462,0.6060814261436462,0.39391857385635376,0.6060814261436462,1,2,6,zero_shot_paired
22,5,1,8,60,1,1,1,0.5894098877906799,0.5894098877906799,0.4105900824069977,0.5894098877906799,1,2,6,zero_shot_paired
22,6,1,9,60,1,1,1,0.6627964973449707,0.6627964973449707,0.3372035324573517,0.6627964973449707,1,2,6,zero_shot_paired
22,7,1,10,60,0,0,1,0.5420509576797485,0.5420509576797485,0.5420509576797485,0.45794907212257385,1,2,6,zero_shot_paired
22,8,1,13,60,1,0,0,0.5514265894889832,0.5514265894889832,0.5514265894889832,0.44857344031333923,1,2,6,zero_shot_paired
22,9,1,14,60,1,1,1,0.7752793431282043,0.7752793431282043,0.22472068667411804,0.7752793431282043,1,2,6,zero_shot_paired
22,10,1,15,60,1,1,1,0.5214444994926453,0.5214444994926453,0.47855547070503235,0.5214444994926453,1,2,6,zero_shot_paired
22,11,1,17,60,1,1,1,0.7608159184455872,0.7608159184455872,0.23918409645557404,0.7608159184455872,1,2,6,zero_shot_paired
22,0,1,1,60,1,1,1,0.6814402937889099,0.6814402937889099,0.3185596764087677,0.6814402937889099,1,2,6,post_calibration
22,1,1,2,60,1,1,1,0.6125577092170715,0.6125577092170715,0.3874422311782837,0.6125577092170715,1,2,6,post_calibration
22,2,1,4,60,0,0,1,0.531340479850769,0.531340479850769,0.531340479850769,0.46865954995155334,1,2,6,post_calibration
22,3,1,6,60,0,1,0,0.648480236530304,0.648480236530304,0.35151973366737366,0.648480236530304,1,2,6,post_calibration
22,4,1,7,60,1,1,1,0.6827009916305542,0.6827009916305542,0.3172990083694458,0.6827009916305542,1,2,6,post_calibration
22,5,1,8,60,1,1,1,0.6974897980690002,0.6974897980690002,0.30251020193099976,0.6974897980690002,1,2,6,post_calibration
22,6,1,9,60,1,1,1,0.8021514415740967,0.8021514415740967,0.19784855842590332,0.8021514415740967,1,2,6,post_calibration
22,7,1,10,60,0,0,1,0.544712483882904,0.544712483882904,0.544712483882904,0.45528751611709595,1,2,6,post_calibration
22,8,1,13,60,1,0,0,0.5250415802001953,0.5250415802001953,0.5250415802001953,0.4749583899974823,1,2,6,post_calibration
22,9,1,14,60,1,1,1,0.8368557691574097,0.8368557691574097,0.16314418613910675,0.8368557691574097,1,2,6,post_calibration
22,10,1,15,60,1,1,1,0.6190593242645264,0.6190593242645264,0.38094064593315125,0.6190593242645264,1,2,6,post_calibration
22,11,1,17,60,1,1,1,0.7120914459228516,0.7120914459228516,0.28790855407714844,0.7120914459228516,1,2,6,post_calibration
23,0,1,0,60,0,1,0,0.7509511113166809,0.7509511113166809,0.24904893338680267,0.7509511113166809,1,3,6,zero_shot_paired
23,1,1,2,60,1,0,0,0.6751993298530579,0.6751993298530579,0.6751993298530579,0.32480067014694214,1,3,6,zero_shot_paired
23,2,1,3,60,1,1,1,0.7005940079689026,0.7005940079689026,0.299405962228775,0.7005940079689026,1,3,6,zero_shot_paired
23,3,1,5,60,1,0,0,0.663972020149231,0.663972020149231,0.663972020149231,0.33602800965309143,1,3,6,zero_shot_paired
23,4,1,7,60,1,1,1,0.6060814261436462,0.6060814261436462,0.39391857385635376,0.6060814261436462,1,3,6,zero_shot_paired
23,5,1,8,60,1,1,1,0.5894098877906799,0.5894098877906799,0.4105900824069977,0.5894098877906799,1,3,6,zero_shot_paired
23,6,1,9,60,1,1,1,0.6627964973449707,0.6627964973449707,0.3372035324573517,0.6627964973449707,1,3,6,zero_shot_paired
23,7,1,10,60,0,0,1,0.5420509576797485,0.5420509576797485,0.5420509576797485,0.45794907212257385,1,3,6,zero_shot_paired
23,8,1,11,60,1,0,0,0.5822906494140625,0.5822906494140625,0.5822906494140625,0.4177093207836151,1,3,6,zero_shot_paired
23,9,1,12,60,1,1,1,0.8382540941238403,0.8382540941238403,0.16174596548080444,0.8382540941238403,1,3,6,zero_shot_paired
23,10,1,14,60,1,1,1,0.7752793431282043,0.7752793431282043,0.22472068667411804,0.7752793431282043,1,3,6,zero_shot_paired
23,11,1,16,60,1,1,1,0.5058133006095886,0.5058133006095886,0.494186669588089,0.5058133006095886,1,3,6,zero_shot_paired
23,0,1,0,60,0,1,0,0.7202514410018921,0.7202514410018921,0.2797485291957855,0.7202514410018921,1,3,6,post_calibration
23,1,1,2,60,1,0,0,0.6490974426269531,0.6490974426269531,0.6490974426269531,0.35090258717536926,1,3,6,post_calibration
23,2,1,3,60,1,1,1,0.7868455648422241,0.7868455648422241,0.21315446496009827,0.7868455648422241,1,3,6,post_calibration
23,3,1,5,60,1,0,0,0.5783644914627075,0.5783644914627075,0.5783644914627075,0.42163553833961487,1,3,6,post_calibration
23,4,1,7,60,1,1,1,0.6842672824859619,0.6842672824859619,0.3157326877117157,0.6842672824859619,1,3,6,post_calibration
23,5,1,8,60,1,0,0,0.5131366848945618,0.5131366848945618,0.5131366848945618,0.48686328530311584,1,3,6,post_calibration
23,6,1,9,60,1,1,1,0.6934680938720703,0.6934680938720703,0.3065319061279297,0.6934680938720703,1,3,6,post_calibration
23,7,1,10,60,0,1,0,0.572959840297699,0.572959840297699,0.42704010009765625,0.572959840297699,1,3,6,post_calibration
23,8,1,11,60,1,0,0,0.5177727937698364,0.5177727937698364,0.5177727937698364,0.4822272062301636,1,3,6,post_calibration
23,9,1,12,60,1,1,1,0.8776161670684814,0.8776161670684814,0.12238384783267975,0.8776161670684814,1,3,6,post_calibration
23,10,1,14,60,1,1,1,0.8380625247955322,0.8380625247955322,0.161937415599823,0.8380625247955322,1,3,6,post_calibration
23,11,1,16,60,1,1,1,0.5171308517456055,0.5171308517456055,0.4828691780567169,0.5171308517456055,1,3,6,post_calibration
24,0,1,0,60,0,1,0,0.7509467601776123,0.7509467601776123,0.2490532398223877,0.7509467601776123,1,1,9,zero_shot_paired
24,1,1,1,60,1,1,1,0.552828311920166,0.552828311920166,0.447171688079834,0.552828311920166,1,1,9,zero_shot_paired
24,2,1,2,60,1,0,0,0.6752009987831116,0.6752009987831116,0.6752009987831116,0.3247990012168884,1,1,9,zero_shot_paired
24,3,1,5,60,1,0,0,0.6639736890792847,0.6639736890792847,0.6639736890792847,0.33602628111839294,1,1,9,zero_shot_paired
24,4,1,10,60,0,0,1,0.5420471429824829,0.5420471429824829,0.5420471429824829,0.4579528868198395,1,1,9,zero_shot_paired
24,5,1,11,60,1,0,0,0.5822944045066833,0.5822944045066833,0.5822944045066833,0.41770562529563904,1,1,9,zero_shot_paired
24,6,1,13,60,1,0,0,0.5514246225357056,0.5514246225357056,0.5514246225357056,0.44857534766197205,1,1,9,zero_shot_paired
24,7,1,16,60,1,1,1,0.5058114528656006,0.5058114528656006,0.4941885769367218,0.5058114528656006,1,1,9,zero_shot_paired
24,8,1,17,60,1,1,1,0.7608159184455872,0.7608159184455872,0.23918409645557404,0.7608159184455872,1,1,9,zero_shot_paired
24,0,1,0,60,0,1,0,0.718665361404419,0.718665361404419,0.28133463859558105,0.718665361404419,1,1,9,post_calibration
24,1,1,1,60,1,1,1,0.5535844564437866,0.5535844564437866,0.446415513753891,0.5535844564437866,1,1,9,post_calibration
24,2,1,2,60,1,0,0,0.7122102975845337,0.7122102975845337,0.7122102975845337,0.2877897322177887,1,1,9,post_calibration
24,3,1,5,60,1,0,0,0.5737568140029907,0.5737568140029907,0.5737568140029907,0.42624321579933167,1,1,9,post_calibration
24,4,1,10,60,0,1,0,0.5659455060958862,0.5659455060958862,0.43405455350875854,0.5659455060958862,1,1,9,post_calibration
24,5,1,11,60,1,0,0,0.5107367038726807,0.5107367038726807,0.5107367038726807,0.48926329612731934,1,1,9,post_calibration
24,6,1,13,60,1,0,0,0.5074076056480408,0.5074076056480408,0.5074076056480408,0.49259239435195923,1,1,9,post_calibration
24,7,1,16,60,1,1,1,0.5758172273635864,0.5758172273635864,0.4241827428340912,0.5758172273635864,1,1,9,post_calibration
24,8,1,17,60,1,1,1,0.7327861189842224,0.7327861189842224,0.2672139108181,0.7327861189842224,1,1,9,post_calibration
25,0,1,3,60,1,1,1,0.7005924582481384,0.7005924582481384,0.29940757155418396,0.7005924582481384,1,2,9,zero_shot_paired
25,1,1,4,60,0,0,1,0.773987352848053,0.773987352848053,0.773987352848053,0.22601263225078583,1,2,9,zero_shot_paired
25,2,1,6,60,0,1,0,0.7481798529624939,0.7481798529624939,0.2518201470375061,0.7481798529624939,1,2,9,zero_shot_paired
25,3,1,7,60,1,1,1,0.6060886979103088,0.6060886979103088,0.3939112722873688,0.6060886979103088,1,2,9,zero_shot_paired
25,4,1,8,60,1,1,1,0.5894061923027039,0.5894061923027039,0.41059377789497375,0.5894061923027039,1,2,9,zero_shot_paired
25,5,1,9,60,1,1,1,0.6627964973449707,0.6627964973449707,0.3372035324573517,0.6627964973449707,1,2,9,zero_shot_paired
25,6,1,12,60,1,1,1,0.8382550477981567,0.8382550477981567,0.16174493730068207,0.8382550477981567,1,2,9,zero_shot_paired
25,7,1,14,60,1,1,1,0.7752753496170044,0.7752753496170044,0.2247246652841568,0.7752753496170044,1,2,9,zero_shot_paired
25,8,1,15,60,1,1,1,0.5214483141899109,0.5214483141899109,0.4785517156124115,0.5214483141899109,1,2,9,zero_shot_paired
25,0,1,3,60,1,1,1,0.7564855217933655,0.7564855217933655,0.2435145229101181,0.7564855217933655,1,2,9,post_calibration
25,1,1,4,60,0,1,0,0.5930036306381226,0.5930036306381226,0.40699636936187744,0.5930036306381226,1,2,9,post_calibration
25,2,1,6,60,0,1,0,0.7132631540298462,0.7132631540298462,0.2867369055747986,0.7132631540298462,1,2,9,post_calibration
25,3,1,7,60,1,1,1,0.6774190068244934,0.6774190068244934,0.3225809931755066,0.6774190068244934,1,2,9,post_calibration
25,4,1,8,60,1,1,1,0.716108500957489,0.716108500957489,0.283891499042511,0.716108500957489,1,2,9,post_calibration
25,5,1,9,60,1,1,1,0.8196227550506592,0.8196227550506592,0.18037720024585724,0.8196227550506592,1,2,9,post_calibration
25,6,1,12,60,1,1,1,0.8847172260284424,0.8847172260284424,0.11528277397155762,0.8847172260284424,1,2,9,post_calibration
25,7,1,14,60,1,1,1,0.8521682620048523,0.8521682620048523,0.1478317826986313,0.8521682620048523,1,2,9,post_calibration
25,8,1,15,60,1,1,1,0.6060140132904053,0.6060140132904053,0.3939859867095947,0.6060140132904053,1,2,9,post_calibration
26,0,1,0,60,0,1,0,0.7509225010871887,0.7509225010871887,0.24907748401165009,0.7509225010871887,1,1,12,zero_shot_paired
26,1,1,8,60,1,1,1,0.5893858671188354,0.5893858671188354,0.4106140732765198,0.5893858671188354,1,1,12,zero_shot_paired
26,2,1,12,60,1,1,1,0.8382396101951599,0.8382396101951599,0.16176044940948486,0.8382396101951599,1,1,12,zero_shot_paired
26,3,1,13,60,1,0,0,0.5514265894889832,0.5514265894889832,0.5514265894889832,0.44857344031333923,1,1,12,zero_shot_paired
26,4,1,14,60,1,1,1,0.7752234935760498,0.7752234935760498,0.224776491522789,0.7752234935760498,1,1,12,zero_shot_paired
26,5,1,16,60,1,1,1,0.5057751536369324,0.5057751536369324,0.49422478675842285,0.5057751536369324,1,1,12,zero_shot_paired
26,0,1,0,60,0,1,0,0.736006498336792,0.736006498336792,0.2639935314655304,0.736006498336792,1,1,12,post_calibration
26,1,1,8,60,1,1,1,0.5749318599700928,0.5749318599700928,0.4250681400299072,0.5749318599700928,1,1,12,post_calibration
26,2,1,12,60,1,1,1,0.9031668305397034,0.9031668305397034,0.09683315455913544,0.9031668305397034,1,1,12,post_calibration
26,3,1,13,60,1,0,0,0.5004997253417969,0.5004997253417969,0.5004997253417969,0.4995002746582031,1,1,12,post_calibration
26,4,1,14,60,1,1,1,0.8008635640144348,0.8008635640144348,0.1991363763809204,0.8008635640144348,1,1,12,post_calibration
26,5,1,16,60,1,1,1,0.5983800292015076,0.5983800292015076,0.40161994099617004,0.5983800292015076,1,1,12,post_calibration
27,0,1,1,60,1,1,1,0.5527434349060059,0.5527434349060059,0.44725656509399414,0.5527434349060059,1,2,12,zero_shot_paired
27,1,1,3,60,1,1,1,0.7006596326828003,0.7006596326828003,0.2993403375148773,0.7006596326828003,1,2,12,zero_shot_paired
27,2,1,10,60,0,0,1,0.5422592759132385,0.5422592759132385,0.5422592759132385,0.45774075388908386,1,2,12,zero_shot_paired
27,3,1,12,60,1,1,1,0.8382396101951599,0.8382396101951599,0.16176044940948486,0.8382396101951599,1,2,12,zero_shot_paired
27,4,1,15,60,1,1,1,0.5215035080909729,0.5215035080909729,0.4784964621067047,0.5215035080909729,1,2,12,zero_shot_paired
27,5,1,16,60,1,1,1,0.5057751536369324,0.5057751536369324,0.49422478675842285,0.5057751536369324,1,2,12,zero_shot_paired
27,0,1,1,60,1,0,0,0.563681960105896,0.563681960105896,0.563681960105896,0.4363180696964264,1,2,12,post_calibration
27,1,1,3,60,1,1,1,0.5426285266876221,0.5426285266876221,0.4573715329170227,0.5426285266876221,1,2,12,post_calibration
27,2,1,10,60,0,1,0,0.6424412131309509,0.6424412131309509,0.3575587570667267,0.6424412131309509,1,2,12,post_calibration
27,3,1,12,60,1,1,1,0.8180302977561951,0.8180302977561951,0.18196965754032135,0.8180302977561951,1,2,12,post_calibration
27,4,1,15,60,1,1,1,0.6849690675735474,0.6849690675735474,0.315030962228775,0.6849690675735474,1,2,12,post_calibration
27,5,1,16,60,1,0,0,0.5190204381942749,0.5190204381942749,0.5190204381942749,0.4809795618057251,1,2,12,post_calibration
28,0,1,1,60,1,1,1,0.5527434349060059,0.5527434349060059,0.44725656509399414,0.5527434349060059,1,3,12,zero_shot_paired
28,1,1,7,60,1,1,1,0.6061379313468933,0.6061379313468933,0.39386212825775146,0.6061379313468933,1,3,12,zero_shot_paired
28,2,1,10,60,0,0,1,0.5422592759132385,0.5422592759132385,0.5422592759132385,0.45774075388908386,1,3,12,zero_shot_paired
28,3,1,12,60,1,1,1,0.8382396101951599,0.8382396101951599,0.16176044940948486,0.8382396101951599,1,3,12,zero_shot_paired
28,4,1,14,60,1,1,1,0.7752234935760498,0.7752234935760498,0.224776491522789,0.7752234935760498,1,3,12,zero_shot_paired
28,5,1,17,60,1,1,1,0.7608575224876404,0.7608575224876404,0.23914244771003723,0.7608575224876404,1,3,12,zero_shot_paired
28,0,1,1,60,1,0,0,0.5436716079711914,0.5436716079711914,0.5436716079711914,0.4563283622264862,1,3,12,post_calibration
28,1,1,7,60,1,1,1,0.5820809006690979,0.5820809006690979,0.4179190397262573,0.5820809006690979,1,3,12,post_calibration
28,2,1,10,60,0,1,0,0.6245887279510498,0.6245887279510498,0.3754112720489502,0.6245887279510498,1,3,12,post_calibration
28,3,1,12,60,1,1,1,0.8598523736000061,0.8598523736000061,0.14014765620231628,0.8598523736000061,1,3,12,post_calibration
28,4,1,14,60,1,1,1,0.896905779838562,0.896905779838562,0.10309424996376038,0.896905779838562,1,3,12,post_calibration
28,5,1,17,60,1,1,1,0.7069544196128845,0.7069544196128845,0.2930455505847931,0.7069544196128845,1,3,12,post_calibration
3,0,2,0,60,1,0,0,0.5913195610046387,0.5913195610046387,0.5913195610046387,0.4086804687976837,2,,,zero_shot_all_trials
3,1,2,1,60,1,1,1,0.5295010209083557,0.5295010209083557,0.4704990088939667,0.5295010209083557,2,,,zero_shot_all_trials
3,2,2,2,60,1,0,0,0.5636613965034485,0.5636613965034485,0.5636613965034485,0.4363386631011963,2,,,zero_shot_all_trials
3,3,2,3,60,1,1,1,0.7160325050354004,0.7160325050354004,0.283967524766922,0.7160325050354004,2,,,zero_shot_all_trials
3,4,2,4,60,1,0,0,0.667958676815033,0.667958676815033,0.667958676815033,0.33204129338264465,2,,,zero_shot_all_trials
3,5,2,5,60,1,1,1,0.5624300241470337,0.5624300241470337,0.4375700056552887,0.5624300241470337,2,,,zero_shot_all_trials
3,6,2,6,60,1,1,1,0.5573126673698425,0.5573126673698425,0.4426873028278351,0.5573126673698425,2,,,zero_shot_all_trials
3,7,2,7,60,1,1,1,0.6407430171966553,0.6407430171966553,0.3592570126056671,0.6407430171966553,2,,,zero_shot_all_trials
3,8,2,8,60,0,0,1,0.5656193494796753,0.5656193494796753,0.5656193494796753,0.4343806803226471,2,,,zero_shot_all_trials
3,9,2,9,60,0,1,0,0.5434672236442566,0.5434672236442566,0.4565328061580658,0.5434672236442566,2,,,zero_shot_all_trials
3,10,2,10,60,0,0,1,0.5803576707839966,0.5803576707839966,0.5803576707839966,0.4196423888206482,2,,,zero_shot_all_trials
3,11,2,11,60,1,0,0,0.6009387373924255,0.6009387373924255,0.6009387373924255,0.39906126260757446,2,,,zero_shot_all_trials
3,12,2,12,60,1,1,1,0.5236315727233887,0.5236315727233887,0.47636839747428894,0.5236315727233887,2,,,zero_shot_all_trials
3,13,2,13,60,0,1,0,0.6601141691207886,0.6601141691207886,0.33988580107688904,0.6601141691207886,2,,,zero_shot_all_trials
3,14,2,14,60,0,1,0,0.5927678942680359,0.5927678942680359,0.4072320759296417,0.5927678942680359,2,,,zero_shot_all_trials
3,15,2,15,60,0,1,0,0.6178297400474548,0.6178297400474548,0.38217025995254517,0.6178297400474548,2,,,zero_shot_all_trials
3,16,2,16,60,0,0,1,0.6413293480873108,0.6413293480873108,0.6413293480873108,0.3586706221103668,2,,,zero_shot_all_trials
3,17,2,17,60,1,1,1,0.6472374796867371,0.6472374796867371,0.35276249051094055,0.6472374796867371,2,,,zero_shot_all_trials
29,0,2,0,60,1,0,0,0.5913287401199341,0.5913287401199341,0.5913287401199341,0.4086712598800659,2,1,3,zero_shot_paired
29,1,2,2,60,1,0,0,0.5636650919914246,0.5636650919914246,0.5636650919914246,0.43633490800857544,2,1,3,zero_shot_paired
29,2,2,3,60,1,1,1,0.7160325050354004,0.7160325050354004,0.283967524766922,0.7160325050354004,2,1,3,zero_shot_paired
29,3,2,4,60,1,0,0,0.6679654717445374,0.6679654717445374,0.6679654717445374,0.33203452825546265,2,1,3,zero_shot_paired
29,4,2,5,60,1,1,1,0.5624337792396545,0.5624337792396545,0.43756622076034546,0.5624337792396545,2,1,3,zero_shot_paired
29,5,2,6,60,1,1,1,0.5573145747184753,0.5573145747184753,0.44268542528152466,0.5573145747184753,2,1,3,zero_shot_paired
29,6,2,7,60,1,1,1,0.6407377123832703,0.6407377123832703,0.35926228761672974,0.6407377123832703,2,1,3,zero_shot_paired
29,7,2,8,60,0,0,1,0.5656193494796753,0.5656193494796753,0.5656193494796753,0.4343806803226471,2,1,3,zero_shot_paired
29,8,2,9,60,0,1,0,0.5434653162956238,0.5434653162956238,0.4565347135066986,0.5434653162956238,2,1,3,zero_shot_paired
29,9,2,10,60,0,0,1,0.5803576707839966,0.5803576707839966,0.5803576707839966,0.4196423888206482,2,1,3,zero_shot_paired
29,10,2,11,60,1,0,0,0.6009442210197449,0.6009442210197449,0.6009442210197449,0.3990557789802551,2,1,3,zero_shot_paired
29,11,2,12,60,1,1,1,0.5236354470252991,0.5236354470252991,0.4763646125793457,0.5236354470252991,2,1,3,zero_shot_paired
29,12,2,13,60,0,1,0,0.6601158976554871,0.6601158976554871,0.3398841321468353,0.6601158976554871,2,1,3,zero_shot_paired
29,13,2,16,60,0,0,1,0.6413310766220093,0.6413310766220093,0.6413310766220093,0.35866889357566833,2,1,3,zero_shot_paired
29,14,2,17,60,1,1,1,0.6472409963607788,0.6472409963607788,0.3527590036392212,0.6472409963607788,2,1,3,zero_shot_paired
29,0,2,0,60,1,0,0,0.6440746784210205,0.6440746784210205,0.6440746784210205,0.3559252917766571,2,1,3,post_calibration
29,1,2,2,60,1,0,0,0.538837194442749,0.538837194442749,0.538837194442749,0.4611627459526062,2,1,3,post_calibration
29,2,2,3,60,1,1,1,0.7256972193717957,0.7256972193717957,0.27430275082588196,0.7256972193717957,2,1,3,post_calibration
29,3,2,4,60,1,0,0,0.7429553866386414,0.7429553866386414,0.7429553866386414,0.2570446729660034,2,1,3,post_calibration
29,4,2,5,60,1,0,0,0.5460290312767029,0.5460290312767029,0.5460290312767029,0.45397093892097473,2,1,3,post_calibration
29,5,2,6,60,1,1,1,0.5341474413871765,0.5341474413871765,0.4658525586128235,0.5341474413871765,2,1,3,post_calibration
29,6,2,7,60,1,1,1,0.7084647417068481,0.7084647417068481,0.29153522849082947,0.7084647417068481,2,1,3,post_calibration
29,7,2,8,60,0,0,1,0.6984162926673889,0.6984162926673889,0.6984162926673889,0.30158376693725586,2,1,3,post_calibration
29,8,2,9,60,0,0,1,0.5461539030075073,0.5461539030075073,0.5461539030075073,0.45384615659713745,2,1,3,post_calibration
29,9,2,10,60,0,0,1,0.5620920062065125,0.5620920062065125,0.5620920062065125,0.43790796399116516,2,1,3,post_calibration
29,10,2,11,60,1,0,0,0.5695496797561646,0.5695496797561646,0.5695496797561646,0.43045032024383545,2,1,3,post_calibration
29,11,2,12,60,1,1,1,0.5520869493484497,0.5520869493484497,0.4479130804538727,0.5520869493484497,2,1,3,post_calibration
29,12,2,13,60,0,1,0,0.6396446228027344,0.6396446228027344,0.360355406999588,0.6396446228027344,2,1,3,post_calibration
29,13,2,16,60,0,0,1,0.5929999351501465,0.5929999351501465,0.5929999351501465,0.4070000648498535,2,1,3,post_calibration
29,14,2,17,60,1,1,1,0.6186220645904541,0.6186220645904541,0.3813779652118683,0.6186220645904541,2,1,3,post_calibration
30,0,2,0,60,1,0,0,0.591325044631958,0.591325044631958,0.591325044631958,0.4086749255657196,2,2,3,zero_shot_paired
30,1,2,1,60,1,1,1,0.5295010209083557,0.5295010209083557,0.4704990088939667,0.5295010209083557,2,2,3,zero_shot_paired
30,2,2,3,60,1,1,1,0.7160263061523438,0.7160263061523438,0.28397369384765625,0.7160263061523438,2,2,3,zero_shot_paired
30,3,2,4,60,1,0,0,0.6679637432098389,0.6679637432098389,0.6679637432098389,0.33203622698783875,2,2,3,zero_shot_paired
30,4,2,5,60,1,1,1,0.5624431371688843,0.5624431371688843,0.4375568628311157,0.5624431371688843,2,2,3,zero_shot_paired
30,5,2,6,60,1,1,1,0.5573126673698425,0.5573126673698425,0.4426873028278351,0.5573126673698425,2,2,3,zero_shot_paired
30,6,2,7,60,1,1,1,0.6407430171966553,0.6407430171966553,0.3592570126056671,0.6407430171966553,2,2,3,zero_shot_paired
30,7,2,9,60,0,1,0,0.5434558391571045,0.5434558391571045,0.4565441906452179,0.5434558391571045,2,2,3,zero_shot_paired
30,8,2,10,60,0,0,1,0.5803576707839966,0.5803576707839966,0.5803576707839966,0.4196423888206482,2,2,3,zero_shot_paired
30,9,2,12,60,1,1,1,0.5236354470252991,0.5236354470252991,0.4763646125793457,0.5236354470252991,2,2,3,zero_shot_paired
30,10,2,13,60,0,1,0,0.6601175665855408,0.6601175665855408,0.33988240361213684,0.6601175665855408,2,2,3,zero_shot_paired
30,11,2,14,60,0,1,0,0.592771589756012,0.592771589756012,0.40722841024398804,0.592771589756012,2,2,3,zero_shot_paired
30,12,2,15,60,0,1,0,0.6178188920021057,0.6178188920021057,0.3821810483932495,0.6178188920021057,2,2,3,zero_shot_paired
30,13,2,16,60,0,0,1,0.6413276195526123,0.6413276195526123,0.6413276195526123,0.3586724102497101,2,2,3,zero_shot_paired
30,14,2,17,60,1,1,1,0.6472357511520386,0.6472357511520386,0.35276421904563904,0.6472357511520386,2,2,3,zero_shot_paired
30,0,2,0,60,1,0,0,0.6023868918418884,0.6023868918418884,0.6023868918418884,0.3976131081581116,2,2,3,post_calibration
30,1,2,1,60,1,1,1,0.5749337077140808,0.5749337077140808,0.4250662922859192,0.5749337077140808,2,2,3,post_calibration
30,2,2,3,60,1,1,1,0.7379320859909058,0.7379320859909058,0.262067973613739,0.7379320859909058,2,2,3,post_calibration
30,3,2,4,60,1,0,0,0.6862829923629761,0.6862829923629761,0.6862829923629761,0.3137170076370239,2,2,3,post_calibration
30,4,2,5,60,1,1,1,0.5684363842010498,0.5684363842010498,0.4315635859966278,0.5684363842010498,2,2,3,post_calibration
30,5,2,6,60,1,1,1,0.6554721593856812,0.6554721593856812,0.34452784061431885,0.6554721593856812,2,2,3,post_calibration
30,6,2,7,60,1,1,1,0.7423487901687622,0.7423487901687622,0.2576512396335602,0.7423487901687622,2,2,3,post_calibration
30,7,2,9,60,0,1,0,0.5027675628662109,0.5027675628662109,0.49723243713378906,0.5027675628662109,2,2,3,post_calibration
30,8,2,10,60,0,0,1,0.5160295963287354,0.5160295963287354,0.5160295963287354,0.48397040367126465,2,2,3,post_calibration
30,9,2,12,60,1,1,1,0.5865561366081238,0.5865561366081238,0.4134438633918762,0.5865561366081238,2,2,3,post_calibration
30,10,2,13,60,0,1,0,0.6261312961578369,0.6261312961578369,0.3738686442375183,0.6261312961578369,2,2,3,post_calibration
30,11,2,14,60,0,0,1,0.5279402136802673,0.5279402136802673,0.5279402136802673,0.4720597565174103,2,2,3,post_calibration
30,12,2,15,60,0,1,0,0.6127532720565796,0.6127532720565796,0.387246698141098,0.6127532720565796,2,2,3,post_calibration
30,13,2,16,60,0,0,1,0.6344672441482544,0.6344672441482544,0.6344672441482544,0.3655327558517456,2,2,3,post_calibration
30,14,2,17,60,1,1,1,0.5437605977058411,0.5437605977058411,0.4562394320964813,0.5437605977058411,2,2,3,post_calibration
31,0,2,0,60,1,0,0,0.591325044631958,0.591325044631958,0.591325044631958,0.4086749255657196,2,3,3,zero_shot_paired
31,1,2,1,60,1,1,1,0.5295010209083557,0.5295010209083557,0.4704990088939667,0.5295010209083557,2,3,3,zero_shot_paired
31,2,2,2,60,1,0,0,0.5636669993400574,0.5636669993400574,0.5636669993400574,0.4363330602645874,2,3,3,zero_shot_paired
31,3,2,4,60,1,0,0,0.6679637432098389,0.6679637432098389,0.6679637432098389,0.33203622698783875,2,3,3,zero_shot_paired
31,4,2,5,60,1,1,1,0.5624431371688843,0.5624431371688843,0.4375568628311157,0.5624431371688843,2,3,3,zero_shot_paired
31,5,2,6,60,1,1,1,0.5573126673698425,0.5573126673698425,0.4426873028278351,0.5573126673698425,2,3,3,zero_shot_paired
31,6,2,7,60,1,1,1,0.6407430171966553,0.6407430171966553,0.3592570126056671,0.6407430171966553,2,3,3,zero_shot_paired
31,7,2,8,60,0,0,1,0.5656362175941467,0.5656362175941467,0.5656362175941467,0.43436381220817566,2,3,3,zero_shot_paired
31,8,2,9,60,0,1,0,0.5434558391571045,0.5434558391571045,0.4565441906452179,0.5434558391571045,2,3,3,zero_shot_paired
31,9,2,11,60,1,0,0,0.6009332537651062,0.6009332537651062,0.6009332537651062,0.3990667462348938,2,3,3,zero_shot_paired
31,10,2,13,60,0,1,0,0.6601175665855408,0.6601175665855408,0.33988240361213684,0.6601175665855408,2,3,3,zero_shot_paired
31,11,2,14,60,0,1,0,0.592771589756012,0.592771589756012,0.40722841024398804,0.592771589756012,2,3,3,zero_shot_paired
31,12,2,15,60,0,1,0,0.6178188920021057,0.6178188920021057,0.3821810483932495,0.6178188920021057,2,3,3,zero_shot_paired
31,13,2,16,60,0,0,1,0.6413276195526123,0.6413276195526123,0.6413276195526123,0.3586724102497101,2,3,3,zero_shot_paired
31,14,2,17,60,1,1,1,0.6472357511520386,0.6472357511520386,0.35276421904563904,0.6472357511520386,2,3,3,zero_shot_paired
31,0,2,0,60,1,0,0,0.6670579314231873,0.6670579314231873,0.6670579314231873,0.3329421281814575,2,3,3,post_calibration
31,1,2,1,60,1,1,1,0.5805619955062866,0.5805619955062866,0.4194380044937134,0.5805619955062866,2,3,3,post_calibration
31,2,2,2,60,1,0,0,0.5173784494400024,0.5173784494400024,0.5173784494400024,0.48262152075767517,2,3,3,post_calibration
31,3,2,4,60,1,0,0,0.694998562335968,0.694998562335968,0.694998562335968,0.30500149726867676,2,3,3,post_calibration
31,4,2,5,60,1,1,1,0.5999246835708618,0.5999246835708618,0.4000753164291382,0.5999246835708618,2,3,3,post_calibration
31,5,2,6,60,1,0,0,0.5233746767044067,0.5233746767044067,0.5233746767044067,0.47662532329559326,2,3,3,post_calibration
31,6,2,7,60,1,1,1,0.6719819903373718,0.6719819903373718,0.3280179798603058,0.6719819903373718,2,3,3,post_calibration
31,7,2,8,60,0,0,1,0.5858917832374573,0.5858917832374573,0.5858917832374573,0.4141082167625427,2,3,3,post_calibration
31,8,2,9,60,0,0,1,0.5101590752601624,0.5101590752601624,0.5101590752601624,0.48984095454216003,2,3,3,post_calibration
31,9,2,11,60,1,0,0,0.6283432841300964,0.6283432841300964,0.6283432841300964,0.37165674567222595,2,3,3,post_calibration
31,10,2,13,60,0,1,0,0.6508955955505371,0.6508955955505371,0.3491044044494629,0.6508955955505371,2,3,3,post_calibration
31,11,2,14,60,0,1,0,0.6211405992507935,0.6211405992507935,0.37885937094688416,0.6211405992507935,2,3,3,post_calibration
31,12,2,15,60,0,1,0,0.6202551126480103,0.6202551126480103,0.37974491715431213,0.6202551126480103,2,3,3,post_calibration
31,13,2,16,60,0,0,1,0.6037237644195557,0.6037237644195557,0.6037237644195557,0.39627623558044434,2,3,3,post_calibration
31,14,2,17,60,1,1,1,0.6625389456748962,0.6625389456748962,0.33746108412742615,0.6625389456748962,2,3,3,post_calibration
32,0,2,0,60,1,0,0,0.591325044631958,0.591325044631958,0.591325044631958,0.4086749255657196,2,4,3,zero_shot_paired
32,1,2,1,60,1,1,1,0.5295010209083557,0.5295010209083557,0.4704990088939667,0.5295010209083557,2,4,3,zero_shot_paired
32,2,2,2,60,1,0,0,0.5636669993400574,0.5636669993400574,0.5636669993400574,0.4363330602645874,2,4,3,zero_shot_paired
32,3,2,3,60,1,1,1,0.7160263061523438,0.7160263061523438,0.28397369384765625,0.7160263061523438,2,4,3,zero_shot_paired
32,4,2,4,60,1,0,0,0.6679637432098389,0.6679637432098389,0.6679637432098389,0.33203622698783875,2,4,3,zero_shot_paired
32,5,2,6,60,1,1,1,0.5573126673698425,0.5573126673698425,0.4426873028278351,0.5573126673698425,2,4,3,zero_shot_paired
32,6,2,8,60,0,0,1,0.5656362175941467,0.5656362175941467,0.5656362175941467,0.43436381220817566,2,4,3,zero_shot_paired
32,7,2,9,60,0,1,0,0.5434558391571045,0.5434558391571045,0.4565441906452179,0.5434558391571045,2,4,3,zero_shot_paired
32,8,2,10,60,0,0,1,0.5803576707839966,0.5803576707839966,0.5803576707839966,0.4196423888206482,2,4,3,zero_shot_paired
32,9,2,11,60,1,0,0,0.6009332537651062,0.6009332537651062,0.6009332537651062,0.3990667462348938,2,4,3,zero_shot_paired
32,10,2,12,60,1,1,1,0.5236354470252991,0.5236354470252991,0.4763646125793457,0.5236354470252991,2,4,3,zero_shot_paired
32,11,2,14,60,0,1,0,0.592771589756012,0.592771589756012,0.40722841024398804,0.592771589756012,2,4,3,zero_shot_paired
32,12,2,15,60,0,1,0,0.6178188920021057,0.6178188920021057,0.3821810483932495,0.6178188920021057,2,4,3,zero_shot_paired
32,13,2,16,60,0,0,1,0.6413276195526123,0.6413276195526123,0.6413276195526123,0.3586724102497101,2,4,3,zero_shot_paired
32,14,2,17,60,1,1,1,0.6472357511520386,0.6472357511520386,0.35276421904563904,0.6472357511520386,2,4,3,zero_shot_paired
32,0,2,0,60,1,0,0,0.5816187262535095,0.5816187262535095,0.5816187262535095,0.4183812737464905,2,4,3,post_calibration
32,1,2,1,60,1,1,1,0.6070627570152283,0.6070627570152283,0.39293721318244934,0.6070627570152283,2,4,3,post_calibration
32,2,2,2,60,1,1,1,0.5477097630500793,0.5477097630500793,0.45229020714759827,0.5477097630500793,2,4,3,post_calibration
32,3,2,3,60,1,1,1,0.7393268346786499,0.7393268346786499,0.2606731355190277,0.7393268346786499,2,4,3,post_calibration
32,4,2,4,60,1,0,0,0.6402212381362915,0.6402212381362915,0.6402212381362915,0.3597787618637085,2,4,3,post_calibration
32,5,2,6,60,1,1,1,0.5156713724136353,0.5156713724136353,0.48432862758636475,0.5156713724136353,2,4,3,post_calibration
32,6,2,8,60,0,0,1,0.5962788462638855,0.5962788462638855,0.5962788462638855,0.4037211239337921,2,4,3,post_calibration
32,7,2,9,60,0,1,0,0.5424240231513977,0.5424240231513977,0.4575759768486023,0.5424240231513977,2,4,3,post_calibration
32,8,2,10,60,0,0,1,0.5767655372619629,0.5767655372619629,0.5767655372619629,0.4232345223426819,2,4,3,post_calibration
32,9,2,11,60,1,0,0,0.5750754475593567,0.5750754475593567,0.5750754475593567,0.4249246120452881,2,4,3,post_calibration
32,10,2,12,60,1,1,1,0.5472580790519714,0.5472580790519714,0.45274195075035095,0.5472580790519714,2,4,3,post_calibration
32,11,2,14,60,0,1,0,0.6274056434631348,0.6274056434631348,0.3725943863391876,0.6274056434631348,2,4,3,post_calibration
32,12,2,15,60,0,1,0,0.6706975698471069,0.6706975698471069,0.3293024003505707,0.6706975698471069,2,4,3,post_calibration
32,13,2,16,60,0,0,1,0.650533139705658,0.650533139705658,0.650533139705658,0.34946680068969727,2,4,3,post_calibration
32,14,2,17,60,1,1,1,0.5818637609481812,0.5818637609481812,0.41813620924949646,0.5818637609481812,2,4,3,post_calibration
33,0,2,1,60,1,1,1,0.5295010209083557,0.5295010209083557,0.4704990088939667,0.5295010209083557,2,5,3,zero_shot_paired
33,1,2,2,60,1,0,0,0.5636669993400574,0.5636669993400574,0.5636669993400574,0.4363330602645874,2,5,3,zero_shot_paired
33,2,2,3,60,1,1,1,0.7160263061523438,0.7160263061523438,0.28397369384765625,0.7160263061523438,2,5,3,zero_shot_paired
33,3,2,5,60,1,1,1,0.5624431371688843,0.5624431371688843,0.4375568628311157,0.5624431371688843,2,5,3,zero_shot_paired
33,4,2,6,60,1,1,1,0.5573126673698425,0.5573126673698425,0.4426873028278351,0.5573126673698425,2,5,3,zero_shot_paired
33,5,2,7,60,1,1,1,0.6407430171966553,0.6407430171966553,0.3592570126056671,0.6407430171966553,2,5,3,zero_shot_paired
33,6,2,8,60,0,0,1,0.5656362175941467,0.5656362175941467,0.5656362175941467,0.43436381220817566,2,5,3,zero_shot_paired
33,7,2,10,60,0,0,1,0.5803576707839966,0.5803576707839966,0.5803576707839966,0.4196423888206482,2,5,3,zero_shot_paired
33,8,2,11,60,1,0,0,0.6009332537651062,0.6009332537651062,0.6009332537651062,0.3990667462348938,2,5,3,zero_shot_paired
33,9,2,12,60,1,1,1,0.5236354470252991,0.5236354470252991,0.4763646125793457,0.5236354470252991,2,5,3,zero_shot_paired
33,10,2,13,60,0,1,0,0.6601175665855408,0.6601175665855408,0.33988240361213684,0.6601175665855408,2,5,3,zero_shot_paired
33,11,2,14,60,0,1,0,0.592771589756012,0.592771589756012,0.40722841024398804,0.592771589756012,2,5,3,zero_shot_paired
33,12,2,15,60,0,1,0,0.6178188920021057,0.6178188920021057,0.3821810483932495,0.6178188920021057,2,5,3,zero_shot_paired
33,13,2,16,60,0,0,1,0.6413276195526123,0.6413276195526123,0.6413276195526123,0.3586724102497101,2,5,3,zero_shot_paired
33,14,2,17,60,1,1,1,0.6472357511520386,0.6472357511520386,0.35276421904563904,0.6472357511520386,2,5,3,zero_shot_paired
33,0,2,1,60,1,1,1,0.5469725728034973,0.5469725728034973,0.4530274271965027,0.5469725728034973,2,5,3,post_calibration
33,1,2,2,60,1,1,1,0.504533588886261,0.504533588886261,0.49546635150909424,0.504533588886261,2,5,3,post_calibration
33,2,2,3,60,1,1,1,0.7133318185806274,0.7133318185806274,0.28666824102401733,0.7133318185806274,2,5,3,post_calibration
33,3,2,5,60,1,1,1,0.6167194247245789,0.6167194247245789,0.38328054547309875,0.6167194247245789,2,5,3,post_calibration
33,4,2,6,60,1,1,1,0.601202130317688,0.601202130317688,0.3987978398799896,0.601202130317688,2,5,3,post_calibration
33,5,2,7,60,1,1,1,0.6229289770126343,0.6229289770126343,0.3770710527896881,0.6229289770126343,2,5,3,post_calibration
33,6,2,8,60,0,1,0,0.5605026483535767,0.5605026483535767,0.4394974112510681,0.5605026483535767,2,5,3,post_calibration
33,7,2,10,60,0,0,1,0.5289040803909302,0.5289040803909302,0.5289040803909302,0.47109588980674744,2,5,3,post_calibration
33,8,2,11,60,1,0,0,0.5464829206466675,0.5464829206466675,0.5464829206466675,0.4535171091556549,2,5,3,post_calibration
33,9,2,12,60,1,1,1,0.5006694793701172,0.5006694793701172,0.4993305206298828,0.5006694793701172,2,5,3,post_calibration
33,10,2,13,60,0,1,0,0.6520752906799316,0.6520752906799316,0.34792473912239075,0.6520752906799316,2,5,3,post_calibration
33,11,2,14,60,0,1,0,0.665182888507843,0.665182888507843,0.334817111492157,0.665182888507843,2,5,3,post_calibration
33,12,2,15,60,0,1,0,0.6034243702888489,0.6034243702888489,0.39657559990882874,0.6034243702888489,2,5,3,post_calibration
33,13,2,16,60,0,0,1,0.7037404179573059,0.7037404179573059,0.7037404179573059,0.29625964164733887,2,5,3,post_calibration
33,14,2,17,60,1,1,1,0.6234001517295837,0.6234001517295837,0.37659984827041626,0.6234001517295837,2,5,3,post_calibration
34,0,2,0,60,1,0,0,0.591325044631958,0.591325044631958,0.591325044631958,0.4086749255657196,2,6,3,zero_shot_paired
34,1,2,1,60,1,1,1,0.5295010209083557,0.5295010209083557,0.4704990088939667,0.5295010209083557,2,6,3,zero_shot_paired
34,2,2,2,60,1,0,0,0.5636669993400574,0.5636669993400574,0.5636669993400574,0.4363330602645874,2,6,3,zero_shot_paired
34,3,2,3,60,1,1,1,0.7160263061523438,0.7160263061523438,0.28397369384765625,0.7160263061523438,2,6,3,zero_shot_paired
34,4,2,4,60,1,0,0,0.6679637432098389,0.6679637432098389,0.6679637432098389,0.33203622698783875,2,6,3,zero_shot_paired
34,5,2,5,60,1,1,1,0.5624431371688843,0.5624431371688843,0.4375568628311157,0.5624431371688843,2,6,3,zero_shot_paired
34,6,2,7,60,1,1,1,0.6407430171966553,0.6407430171966553,0.3592570126056671,0.6407430171966553,2,6,3,zero_shot_paired
34,7,2,8,60,0,0,1,0.5656362175941467,0.5656362175941467,0.5656362175941467,0.43436381220817566,2,6,3,zero_shot_paired
34,8,2,9,60,0,1,0,0.5434558391571045,0.5434558391571045,0.4565441906452179,0.5434558391571045,2,6,3,zero_shot_paired
34,9,2,10,60,0,0,1,0.5803576707839966,0.5803576707839966,0.5803576707839966,0.4196423888206482,2,6,3,zero_shot_paired
34,10,2,11,60,1,0,0,0.6009332537651062,0.6009332537651062,0.6009332537651062,0.3990667462348938,2,6,3,zero_shot_paired
34,11,2,12,60,1,1,1,0.5236354470252991,0.5236354470252991,0.4763646125793457,0.5236354470252991,2,6,3,zero_shot_paired
34,12,2,13,60,0,1,0,0.6601175665855408,0.6601175665855408,0.33988240361213684,0.6601175665855408,2,6,3,zero_shot_paired
34,13,2,14,60,0,1,0,0.592771589756012,0.592771589756012,0.40722841024398804,0.592771589756012,2,6,3,zero_shot_paired
34,14,2,15,60,0,1,0,0.6178188920021057,0.6178188920021057,0.3821810483932495,0.6178188920021057,2,6,3,zero_shot_paired
34,0,2,0,60,1,0,0,0.5132453441619873,0.5132453441619873,0.5132453441619873,0.4867546260356903,2,6,3,post_calibration
34,1,2,1,60,1,1,1,0.5302042365074158,0.5302042365074158,0.469795823097229,0.5302042365074158,2,6,3,post_calibration
34,2,2,2,60,1,0,0,0.5644549131393433,0.5644549131393433,0.5644549131393433,0.4355451166629791,2,6,3,post_calibration
34,3,2,3,60,1,1,1,0.717443585395813,0.717443585395813,0.282556414604187,0.717443585395813,2,6,3,post_calibration
34,4,2,4,60,1,0,0,0.640293300151825,0.640293300151825,0.640293300151825,0.35970672965049744,2,6,3,post_calibration
34,5,2,5,60,1,1,1,0.5701929926872253,0.5701929926872253,0.42980700731277466,0.5701929926872253,2,6,3,post_calibration
34,6,2,7,60,1,1,1,0.6051594018936157,0.6051594018936157,0.39484065771102905,0.6051594018936157,2,6,3,post_calibration
34,7,2,8,60,0,1,0,0.5452686548233032,0.5452686548233032,0.4547313153743744,0.5452686548233032,2,6,3,post_calibration
34,8,2,9,60,0,1,0,0.6377025842666626,0.6377025842666626,0.3622973561286926,0.6377025842666626,2,6,3,post_calibration
34,9,2,10,60,0,1,0,0.5016880035400391,0.5016880035400391,0.49831199645996094,0.5016880035400391,2,6,3,post_calibration
34,10,2,11,60,1,0,0,0.5675452947616577,0.5675452947616577,0.5675452947616577,0.4324546754360199,2,6,3,post_calibration
34,11,2,12,60,1,1,1,0.5432684421539307,0.5432684421539307,0.4567315876483917,0.5432684421539307,2,6,3,post_calibration
34,12,2,13,60,0,1,0,0.7446345686912537,0.7446345686912537,0.25536540150642395,0.7446345686912537,2,6,3,post_calibration
34,13,2,14,60,0,1,0,0.6656856536865234,0.6656856536865234,0.3343143165111542,0.6656856536865234,2,6,3,post_calibration
34,14,2,15,60,0,1,0,0.5933902263641357,0.5933902263641357,0.40660977363586426,0.5933902263641357,2,6,3,post_calibration
35,0,2,1,60,1,1,1,0.5295010209083557,0.5295010209083557,0.4704990088939667,0.5295010209083557,2,1,6,zero_shot_paired
35,1,2,3,60,1,1,1,0.7160263061523438,0.7160263061523438,0.28397369384765625,0.7160263061523438,2,1,6,zero_shot_paired
35,2,2,5,60,1,1,1,0.5624431371688843,0.5624431371688843,0.4375568628311157,0.5624431371688843,2,1,6,zero_shot_paired
35,3,2,6,60,1,1,1,0.5573126673698425,0.5573126673698425,0.4426873028278351,0.5573126673698425,2,1,6,zero_shot_paired
35,4,2,7,60,1,1,1,0.6407430171966553,0.6407430171966553,0.3592570126056671,0.6407430171966553,2,1,6,zero_shot_paired
35,5,2,8,60,0,0,1,0.5656362175941467,0.5656362175941467,0.5656362175941467,0.43436381220817566,2,1,6,zero_shot_paired
35,6,2,9,60,0,1,0,0.5434558391571045,0.5434558391571045,0.4565441906452179,0.5434558391571045,2,1,6,zero_shot_paired
35,7,2,11,60,1,0,0,0.6009332537651062,0.6009332537651062,0.6009332537651062,0.3990667462348938,2,1,6,zero_shot_paired
35,8,2,12,60,1,1,1,0.5236354470252991,0.5236354470252991,0.4763646125793457,0.5236354470252991,2,1,6,zero_shot_paired
35,9,2,13,60,0,1,0,0.6601175665855408,0.6601175665855408,0.33988240361213684,0.6601175665855408,2,1,6,zero_shot_paired
35,10,2,15,60,0,1,0,0.6178188920021057,0.6178188920021057,0.3821810483932495,0.6178188920021057,2,1,6,zero_shot_paired
35,11,2,16,60,0,0,1,0.6413276195526123,0.6413276195526123,0.6413276195526123,0.3586724102497101,2,1,6,zero_shot_paired
35,0,2,1,60,1,1,1,0.6101195812225342,0.6101195812225342,0.3898804187774658,0.6101195812225342,2,1,6,post_calibration
35,1,2,3,60,1,1,1,0.703737199306488,0.703737199306488,0.29626283049583435,0.703737199306488,2,1,6,post_calibration
35,2,2,5,60,1,1,1,0.6461567282676697,0.6461567282676697,0.35384324193000793,0.6461567282676697,2,1,6,post_calibration
35,3,2,6,60,1,1,1,0.6369567513465881,0.6369567513465881,0.36304330825805664,0.6369567513465881,2,1,6,post_calibration
35,4,2,7,60,1,1,1,0.6938944458961487,0.6938944458961487,0.30610552430152893,0.6938944458961487,2,1,6,post_calibration
35,5,2,8,60,0,1,0,0.5420111417770386,0.5420111417770386,0.45798879861831665,0.5420111417770386,2,1,6,post_calibration
35,6,2,9,60,0,1,0,0.6879445314407349,0.6879445314407349,0.31205543875694275,0.6879445314407349,2,1,6,post_calibration
35,7,2,11,60,1,0,0,0.5416399240493774,0.5416399240493774,0.5416399240493774,0.45836004614830017,2,1,6,post_calibration
35,8,2,12,60,1,1,1,0.6247407793998718,0.6247407793998718,0.3752591907978058,0.6247407793998718,2,1,6,post_calibration
35,9,2,13,60,0,1,0,0.7309595942497253,0.7309595942497253,0.26904043555259705,0.7309595942497253,2,1,6,post_calibration
35,10,2,15,60,0,1,0,0.6386926770210266,0.6386926770210266,0.3613073229789734,0.6386926770210266,2,1,6,post_calibration
35,11,2,16,60,0,0,1,0.5682098865509033,0.5682098865509033,0.5682098865509033,0.4317900836467743,2,1,6,post_calibration
36,0,2,0,60,1,0,0,0.591325044631958,0.591325044631958,0.591325044631958,0.4086749255657196,2,2,6,zero_shot_paired
36,1,2,2,60,1,0,0,0.5636669993400574,0.5636669993400574,0.5636669993400574,0.4363330602645874,2,2,6,zero_shot_paired
36,2,2,4,60,1,0,0,0.6679637432098389,0.6679637432098389,0.6679637432098389,0.33203622698783875,2,2,6,zero_shot_paired
36,3,2,5,60,1,1,1,0.5624431371688843,0.5624431371688843,0.4375568628311157,0.5624431371688843,2,2,6,zero_shot_paired
36,4,2,7,60,1,1,1,0.6407430171966553,0.6407430171966553,0.3592570126056671,0.6407430171966553,2,2,6,zero_shot_paired
36,5,2,10,60,0,0,1,0.5803576707839966,0.5803576707839966,0.5803576707839966,0.4196423888206482,2,2,6,zero_shot_paired
36,6,2,11,60,1,0,0,0.6009332537651062,0.6009332537651062,0.6009332537651062,0.3990667462348938,2,2,6,zero_shot_paired
36,7,2,12,60,1,1,1,0.5236354470252991,0.5236354470252991,0.4763646125793457,0.5236354470252991,2,2,6,zero_shot_paired
36,8,2,14,60,0,1,0,0.592771589756012,0.592771589756012,0.40722841024398804,0.592771589756012,2,2,6,zero_shot_paired
36,9,2,15,60,0,1,0,0.6178188920021057,0.6178188920021057,0.3821810483932495,0.6178188920021057,2,2,6,zero_shot_paired
36,10,2,16,60,0,0,1,0.6413276195526123,0.6413276195526123,0.6413276195526123,0.3586724102497101,2,2,6,zero_shot_paired
36,11,2,17,60,1,1,1,0.6472357511520386,0.6472357511520386,0.35276421904563904,0.6472357511520386,2,2,6,zero_shot_paired
36,0,2,0,60,1,0,0,0.6657230257987976,0.6657230257987976,0.6657230257987976,0.3342769742012024,2,2,6,post_calibration
36,1,2,2,60,1,1,1,0.5049799084663391,0.5049799084663391,0.4950200617313385,0.5049799084663391,2,2,6,post_calibration
36,2,2,4,60,1,0,0,0.753027081489563,0.753027081489563,0.753027081489563,0.2469729334115982,2,2,6,post_calibration
36,3,2,5,60,1,1,1,0.5200278759002686,0.5200278759002686,0.47997209429740906,0.5200278759002686,2,2,6,post_calibration
36,4,2,7,60,1,1,1,0.723063588142395,0.723063588142395,0.27693644165992737,0.723063588142395,2,2,6,post_calibration
36,5,2,10,60,0,0,1,0.5579036474227905,0.5579036474227905,0.5579036474227905,0.4420963525772095,2,2,6,post_calibration
36,6,2,11,60,1,1,1,0.5235364437103271,0.5235364437103271,0.47646352648735046,0.5235364437103271,2,2,6,post_calibration
36,7,2,12,60,1,1,1,0.5088586807250977,0.5088586807250977,0.49114125967025757,0.5088586807250977,2,2,6,post_calibration
36,8,2,14,60,0,0,1,0.5270483493804932,0.5270483493804932,0.5270483493804932,0.47295162081718445,2,2,6,post_calibration
36,9,2,15,60,0,1,0,0.630759596824646,0.630759596824646,0.3692404627799988,0.630759596824646,2,2,6,post_calibration
36,10,2,16,60,0,0,1,0.7059751152992249,0.7059751152992249,0.7059751152992249,0.29402491450309753,2,2,6,post_calibration
36,11,2,17,60,1,0,0,0.5240197777748108,0.5240197777748108,0.5240197777748108,0.4759801924228668,2,2,6,post_calibration
37,0,2,0,60,1,0,0,0.591325044631958,0.591325044631958,0.591325044631958,0.4086749255657196,2,3,6,zero_shot_paired
37,1,2,1,60,1,1,1,0.5295010209083557,0.5295010209083557,0.4704990088939667,0.5295010209083557,2,3,6,zero_shot_paired
37,2,2,2,60,1,0,0,0.5636669993400574,0.5636669993400574,0.5636669993400574,0.4363330602645874,2,3,6,zero_shot_paired
37,3,2,3,60,1,1,1,0.7160263061523438,0.7160263061523438,0.28397369384765625,0.7160263061523438,2,3,6,zero_shot_paired
37,4,2,4,60,1,0,0,0.6679637432098389,0.6679637432098389,0.6679637432098389,0.33203622698783875,2,3,6,zero_shot_paired
37,5,2,6,60,1,1,1,0.5573126673698425,0.5573126673698425,0.4426873028278351,0.5573126673698425,2,3,6,zero_shot_paired
37,6,2,8,60,0,0,1,0.5656362175941467,0.5656362175941467,0.5656362175941467,0.43436381220817566,2,3,6,zero_shot_paired
37,7,2,9,60,0,1,0,0.5434558391571045,0.5434558391571045,0.4565441906452179,0.5434558391571045,2,3,6,zero_shot_paired
37,8,2,10,60,0,0,1,0.5803576707839966,0.5803576707839966,0.5803576707839966,0.4196423888206482,2,3,6,zero_shot_paired
37,9,2,13,60,0,1,0,0.6601175665855408,0.6601175665855408,0.33988240361213684,0.6601175665855408,2,3,6,zero_shot_paired
37,10,2,14,60,0,1,0,0.592771589756012,0.592771589756012,0.40722841024398804,0.592771589756012,2,3,6,zero_shot_paired
37,11,2,17,60,1,1,1,0.6472357511520386,0.6472357511520386,0.35276421904563904,0.6472357511520386,2,3,6,zero_shot_paired
37,0,2,0,60,1,0,0,0.5768325328826904,0.5768325328826904,0.5768325328826904,0.42316746711730957,2,3,6,post_calibration
37,1,2,1,60,1,1,1,0.5292044281959534,0.5292044281959534,0.47079551219940186,0.5292044281959534,2,3,6,post_calibration
37,2,2,2,60,1,1,1,0.6601587533950806,0.6601587533950806,0.3398413062095642,0.6601587533950806,2,3,6,post_calibration
37,3,2,3,60,1,1,1,0.7414795756340027,0.7414795756340027,0.2585204541683197,0.7414795756340027,2,3,6,post_calibration
37,4,2,4,60,1,0,0,0.6086540222167969,0.6086540222167969,0.6086540222167969,0.3913459777832031,2,3,6,post_calibration
37,5,2,6,60,1,1,1,0.6653120517730713,0.6653120517730713,0.3346879780292511,0.6653120517730713,2,3,6,post_calibration
37,6,2,8,60,0,0,1,0.621540904045105,0.621540904045105,0.621540904045105,0.378459095954895,2,3,6,post_calibration
37,7,2,9,60,0,0,1,0.5343922972679138,0.5343922972679138,0.5343922972679138,0.4656076729297638,2,3,6,post_calibration
37,8,2,10,60,0,0,1,0.5128812789916992,0.5128812789916992,0.5128812789916992,0.4871186912059784,2,3,6,post_calibration
37,9,2,13,60,0,1,0,0.6396464109420776,0.6396464109420776,0.36035361886024475,0.6396464109420776,2,3,6,post_calibration
37,10,2,14,60,0,1,0,0.6103699803352356,0.6103699803352356,0.38962996006011963,0.6103699803352356,2,3,6,post_calibration
37,11,2,17,60,1,1,1,0.6132166385650635,0.6132166385650635,0.3867833614349365,0.6132166385650635,2,3,6,post_calibration
38,0,2,0,60,1,0,0,0.5913158059120178,0.5913158059120178,0.5913158059120178,0.4086841642856598,2,1,9,zero_shot_paired
38,1,2,2,60,1,0,0,0.5636632442474365,0.5636632442474365,0.5636632442474365,0.43633678555488586,2,1,9,zero_shot_paired
38,2,2,3,60,1,1,1,0.7160277962684631,0.7160277962684631,0.2839721441268921,0.7160277962684631,2,1,9,zero_shot_paired
38,3,2,4,60,1,0,0,0.6679671406745911,0.6679671406745911,0.6679671406745911,0.33203282952308655,2,1,9,zero_shot_paired
38,4,2,5,60,1,1,1,0.5624374747276306,0.5624374747276306,0.437562495470047,0.5624374747276306,2,1,9,zero_shot_paired
38,5,2,8,60,0,0,1,0.5656399130821228,0.5656399130821228,0.5656399130821228,0.4343600869178772,2,1,9,zero_shot_paired
38,6,2,14,60,0,1,0,0.5927678942680359,0.5927678942680359,0.4072320759296417,0.5927678942680359,2,1,9,zero_shot_paired
38,7,2,16,60,0,0,1,0.6413293480873108,0.6413293480873108,0.6413293480873108,0.3586706221103668,2,1,9,zero_shot_paired
38,8,2,17,60,1,1,1,0.6472357511520386,0.6472357511520386,0.35276421904563904,0.6472357511520386,2,1,9,zero_shot_paired
38,0,2,0,60,1,0,0,0.637970507144928,0.637970507144928,0.637970507144928,0.36202943325042725,2,1,9,post_calibration
38,1,2,2,60,1,1,1,0.5855900049209595,0.5855900049209595,0.4144099950790405,0.5855900049209595,2,1,9,post_calibration
38,2,2,3,60,1,1,1,0.7975740432739258,0.7975740432739258,0.20242594182491302,0.7975740432739258,2,1,9,post_calibration
38,3,2,4,60,1,0,0,0.7211897373199463,0.7211897373199463,0.7211897373199463,0.2788102626800537,2,1,9,post_calibration
38,4,2,5,60,1,1,1,0.5576363801956177,0.5576363801956177,0.44236356019973755,0.5576363801956177,2,1,9,post_calibration
38,5,2,8,60,0,0,1,0.6599772572517395,0.6599772572517395,0.6599772572517395,0.3400227725505829,2,1,9,post_calibration
38,6,2,14,60,0,0,1,0.5088606476783752,0.5088606476783752,0.5088606476783752,0.49113941192626953,2,1,9,post_calibration
38,7,2,16,60,0,0,1,0.6147843599319458,0.6147843599319458,0.6147843599319458,0.3852156400680542,2,1,9,post_calibration
38,8,2,17,60,1,1,1,0.5509735941886902,0.5509735941886902,0.4490264356136322,0.5509735941886902,2,1,9,post_calibration
39,0,2,1,60,1,1,1,0.5294857621192932,0.5294857621192932,0.4705142080783844,0.5294857621192932,2,2,9,zero_shot_paired
39,1,2,6,60,1,1,1,0.5573126673698425,0.5573126673698425,0.4426873028278351,0.5573126673698425,2,2,9,zero_shot_paired
39,2,2,7,60,1,1,1,0.6407430171966553,0.6407430171966553,0.3592570126056671,0.6407430171966553,2,2,9,zero_shot_paired
39,3,2,9,60,0,1,0,0.5434293746948242,0.5434293746948242,0.45657065510749817,0.5434293746948242,2,2,9,zero_shot_paired
39,4,2,10,60,0,0,1,0.580353856086731,0.580353856086731,0.580353856086731,0.41964608430862427,2,2,9,zero_shot_paired
39,5,2,11,60,1,0,0,0.6009332537651062,0.6009332537651062,0.6009332537651062,0.3990667462348938,2,2,9,zero_shot_paired
39,6,2,12,60,1,1,1,0.5236392021179199,0.5236392021179199,0.4763607978820801,0.5236392021179199,2,2,9,zero_shot_paired
39,7,2,13,60,0,1,0,0.6601125001907349,0.6601125001907349,0.3398875296115875,0.6601125001907349,2,2,9,zero_shot_paired
39,8,2,15,60,0,1,0,0.617822527885437,0.617822527885437,0.382177472114563,0.617822527885437,2,2,9,zero_shot_paired
39,0,2,1,60,1,1,1,0.6749600172042847,0.6749600172042847,0.32503995299339294,0.6749600172042847,2,2,9,post_calibration
39,1,2,6,60,1,1,1,0.6234252452850342,0.6234252452850342,0.3765747547149658,0.6234252452850342,2,2,9,post_calibration
39,2,2,7,60,1,1,1,0.7475598454475403,0.7475598454475403,0.2524401843547821,0.7475598454475403,2,2,9,post_calibration
39,3,2,9,60,0,1,0,0.6587605476379395,0.6587605476379395,0.34123942255973816,0.6587605476379395,2,2,9,post_calibration
39,4,2,10,60,0,1,0,0.5580993294715881,0.5580993294715881,0.44190067052841187,0.5580993294715881,2,2,9,post_calibration
39,5,2,11,60,1,1,1,0.5046118497848511,0.5046118497848511,0.4953881800174713,0.5046118497848511,2,2,9,post_calibration
39,6,2,12,60,1,1,1,0.6178513169288635,0.6178513169288635,0.3821486532688141,0.6178513169288635,2,2,9,post_calibration
39,7,2,13,60,0,1,0,0.6726324558258057,0.6726324558258057,0.32736751437187195,0.6726324558258057,2,2,9,post_calibration
39,8,2,15,60,0,1,0,0.6872004866600037,0.6872004866600037,0.31279948353767395,0.6872004866600037,2,2,9,post_calibration
40,0,2,1,60,1,1,1,0.5295712947845459,0.5295712947845459,0.4704287052154541,0.5295712947845459,2,1,12,zero_shot_paired
40,1,2,4,60,1,0,0,0.6679671406745911,0.6679671406745911,0.6679671406745911,0.33203282952308655,2,1,12,zero_shot_paired
40,2,2,6,60,1,1,1,0.5572938919067383,0.5572938919067383,0.4427061676979065,0.5572938919067383,2,1,12,zero_shot_paired
40,3,2,12,60,1,1,1,0.5234279632568359,0.5234279632568359,0.47657203674316406,0.5234279632568359,2,1,12,zero_shot_paired
40,4,2,14,60,0,1,0,0.5927218198776245,0.5927218198776245,0.4072781503200531,0.5927218198776245,2,1,12,zero_shot_paired
40,5,2,15,60,0,1,0,0.6178819537162781,0.6178819537162781,0.3821180462837219,0.6178819537162781,2,1,12,zero_shot_paired
40,0,2,1,60,1,1,1,0.6305249929428101,0.6305249929428101,0.36947503685951233,0.6305249929428101,2,1,12,post_calibration
40,1,2,4,60,1,0,0,0.677539050579071,0.677539050579071,0.677539050579071,0.32246094942092896,2,1,12,post_calibration
40,2,2,6,60,1,1,1,0.557384192943573,0.557384192943573,0.4426157772541046,0.557384192943573,2,1,12,post_calibration
40,3,2,12,60,1,1,1,0.5970445275306702,0.5970445275306702,0.40295547246932983,0.5970445275306702,2,1,12,post_calibration
40,4,2,14,60,0,1,0,0.6157162189483643,0.6157162189483643,0.38428375124931335,0.6157162189483643,2,1,12,post_calibration
40,5,2,15,60,0,1,0,0.616465151309967,0.616465151309967,0.38353484869003296,0.616465151309967,2,1,12,post_calibration
41,0,2,5,60,1,1,1,0.5622873306274414,0.5622873306274414,0.437712699174881,0.5622873306274414,2,2,12,zero_shot_paired
41,1,2,6,60,1,1,1,0.5572938919067383,0.5572938919067383,0.4427061676979065,0.5572938919067383,2,2,12,zero_shot_paired
41,2,2,8,60,0,0,1,0.5658892393112183,0.5658892393112183,0.5658892393112183,0.43411076068878174,2,2,12,zero_shot_paired
41,3,2,11,60,1,0,0,0.600980818271637,0.600980818271637,0.600980818271637,0.3990192115306854,2,2,12,zero_shot_paired
41,4,2,12,60,1,1,1,0.5234279632568359,0.5234279632568359,0.47657203674316406,0.5234279632568359,2,2,12,zero_shot_paired
41,5,2,14,60,0,1,0,0.5927218198776245,0.5927218198776245,0.4072781503200531,0.5927218198776245,2,2,12,zero_shot_paired
41,0,2,5,60,1,1,1,0.6644943952560425,0.6644943952560425,0.3355056345462799,0.6644943952560425,2,2,12,post_calibration
41,1,2,6,60,1,1,1,0.5215929746627808,0.5215929746627808,0.47840699553489685,0.5215929746627808,2,2,12,post_calibration
41,2,2,8,60,0,1,0,0.509411633014679,0.509411633014679,0.49058830738067627,0.509411633014679,2,2,12,post_calibration
41,3,2,11,60,1,0,0,0.5311808586120605,0.5311808586120605,0.5311808586120605,0.46881914138793945,2,2,12,post_calibration
41,4,2,12,60,1,1,1,0.5619398951530457,0.5619398951530457,0.43806010484695435,0.5619398951530457,2,2,12,post_calibration
41,5,2,14,60,0,1,0,0.6423326134681702,0.6423326134681702,0.3576674163341522,0.6423326134681702,2,2,12,post_calibration
42,0,2,1,60,1,1,1,0.5295712947845459,0.5295712947845459,0.4704287052154541,0.5295712947845459,2,3,12,zero_shot_paired
42,1,2,6,60,1,1,1,0.5572938919067383,0.5572938919067383,0.4427061676979065,0.5572938919067383,2,3,12,zero_shot_paired
42,2,2,7,60,1,1,1,0.6406850218772888,0.6406850218772888,0.3593149483203888,0.6406850218772888,2,3,12,zero_shot_paired
42,3,2,11,60,1,0,0,0.600980818271637,0.600980818271637,0.600980818271637,0.3990192115306854,2,3,12,zero_shot_paired
42,4,2,13,60,0,1,0,0.6601073145866394,0.6601073145866394,0.3398926556110382,0.6601073145866394,2,3,12,zero_shot_paired
42,5,2,14,60,0,1,0,0.5927218198776245,0.5927218198776245,0.4072781503200531,0.5927218198776245,2,3,12,zero_shot_paired
42,0,2,1,60,1,1,1,0.5394381880760193,0.5394381880760193,0.4605618119239807,0.5394381880760193,2,3,12,post_calibration
42,1,2,6,60,1,1,1,0.6001279950141907,0.6001279950141907,0.3998720645904541,0.6001279950141907,2,3,12,post_calibration
42,2,2,7,60,1,1,1,0.600594699382782,0.600594699382782,0.39940527081489563,0.600594699382782,2,3,12,post_calibration
42,3,2,11,60,1,0,0,0.5941244959831238,0.5941244959831238,0.5941244959831238,0.40587547421455383,2,3,12,post_calibration
42,4,2,13,60,0,1,0,0.6948238015174866,0.6948238015174866,0.30517616868019104,0.6948238015174866,2,3,12,post_calibration
42,5,2,14,60,0,1,0,0.7332937121391296,0.7332937121391296,0.266706258058548,0.7332937121391296,2,3,12,post_calibration
4,0,3,0,60,1,0,0,0.7247120141983032,0.7247120141983032,0.7247120141983032,0.2752879559993744,3,,,zero_shot_all_trials
4,1,3,1,60,1,1,1,0.6064474582672119,0.6064474582672119,0.3935525119304657,0.6064474582672119,3,,,zero_shot_all_trials
4,2,3,2,60,1,1,1,0.5379840135574341,0.5379840135574341,0.46201595664024353,0.5379840135574341,3,,,zero_shot_all_trials
4,3,3,3,60,1,0,0,0.5086432099342346,0.5086432099342346,0.5086432099342346,0.491356760263443,3,,,zero_shot_all_trials
4,4,3,4,60,1,1,1,0.5166869163513184,0.5166869163513184,0.48331308364868164,0.5166869163513184,3,,,zero_shot_all_trials
4,5,3,5,60,1,1,1,0.6096875667572021,0.6096875667572021,0.39031240344047546,0.6096875667572021,3,,,zero_shot_all_trials
4,6,3,6,60,1,1,1,0.7366315722465515,0.7366315722465515,0.2633684277534485,0.7366315722465515,3,,,zero_shot_all_trials
4,7,3,7,60,1,1,1,0.6273699998855591,0.6273699998855591,0.3726300597190857,0.6273699998855591,3,,,zero_shot_all_trials
4,8,3,8,60,1,1,1,0.7668765783309937,0.7668765783309937,0.23312342166900635,0.7668765783309937,3,,,zero_shot_all_trials
4,9,3,9,60,1,0,0,0.6722947359085083,0.6722947359085083,0.6722947359085083,0.3277052938938141,3,,,zero_shot_all_trials
4,10,3,10,60,0,0,1,0.7258157134056091,0.7258157134056091,0.7258157134056091,0.27418431639671326,3,,,zero_shot_all_trials
4,11,3,11,60,0,1,0,0.7200945615768433,0.7200945615768433,0.27990537881851196,0.7200945615768433,3,,,zero_shot_all_trials
4,12,3,12,60,0,0,1,0.5757017135620117,0.5757017135620117,0.5757017135620117,0.4242982864379883,3,,,zero_shot_all_trials
4,13,3,13,60,0,0,1,0.5434027910232544,0.5434027910232544,0.5434027910232544,0.45659714937210083,3,,,zero_shot_all_trials
4,14,3,14,60,0,0,1,0.5101799964904785,0.5101799964904785,0.5101799964904785,0.4898199737071991,3,,,zero_shot_all_trials
4,15,3,15,60,0,1,0,0.6136345863342285,0.6136345863342285,0.38636547327041626,0.6136345863342285,3,,,zero_shot_all_trials
4,16,3,16,60,1,1,1,0.5360699892044067,0.5360699892044067,0.4639299511909485,0.5360699892044067,3,,,zero_shot_all_trials
4,17,3,17,60,1,1,1,0.6094261407852173,0.6094261407852173,0.3905739188194275,0.6094261407852173,3,,,zero_shot_all_trials
43,0,3,1,60,1,1,1,0.6064529418945312,0.6064529418945312,0.39354705810546875,0.6064529418945312,3,1,3,zero_shot_paired
43,1,3,2,60,1,1,1,0.5379801988601685,0.5379801988601685,0.46201980113983154,0.5379801988601685,3,1,3,zero_shot_paired
43,2,3,3,60,1,0,0,0.5086451172828674,0.5086451172828674,0.5086451172828674,0.4913548529148102,3,1,3,zero_shot_paired
43,3,3,4,60,1,1,1,0.5166831016540527,0.5166831016540527,0.48331689834594727,0.5166831016540527,3,1,3,zero_shot_paired
43,4,3,6,60,1,1,1,0.7366300821304321,0.7366300821304321,0.2633698880672455,0.7366300821304321,3,1,3,zero_shot_paired
43,5,3,7,60,1,1,1,0.6273699998855591,0.6273699998855591,0.3726300597190857,0.6273699998855591,3,1,3,zero_shot_paired
43,6,3,8,60,1,1,1,0.7668765783309937,0.7668765783309937,0.23312342166900635,0.7668765783309937,3,1,3,zero_shot_paired
43,7,3,9,60,1,0,0,0.6722947359085083,0.6722947359085083,0.6722947359085083,0.3277052938938141,3,1,3,zero_shot_paired
43,8,3,10,60,0,0,1,0.7258126735687256,0.7258126735687256,0.7258126735687256,0.2741873860359192,3,1,3,zero_shot_paired
43,9,3,11,60,0,1,0,0.7200992107391357,0.7200992107391357,0.27990075945854187,0.7200992107391357,3,1,3,zero_shot_paired
43,10,3,12,60,0,0,1,0.5757054686546326,0.5757054686546326,0.5757054686546326,0.4242945611476898,3,1,3,zero_shot_paired
43,11,3,13,60,0,0,1,0.5434085130691528,0.5434085130691528,0.5434085130691528,0.4565914571285248,3,1,3,zero_shot_paired
43,12,3,15,60,0,1,0,0.6136454343795776,0.6136454343795776,0.38635459542274475,0.6136454343795776,3,1,3,zero_shot_paired
43,13,3,16,60,1,1,1,0.5360662341117859,0.5360662341117859,0.4639337658882141,0.5360662341117859,3,1,3,zero_shot_paired
43,14,3,17,60,1,1,1,0.6094315052032471,0.6094315052032471,0.39056843519210815,0.6094315052032471,3,1,3,zero_shot_paired
43,0,3,1,60,1,1,1,0.7923826575279236,0.7923826575279236,0.20761731266975403,0.7923826575279236,3,1,3,post_calibration
43,1,3,2,60,1,1,1,0.7413391470909119,0.7413391470909119,0.2586608827114105,0.7413391470909119,3,1,3,post_calibration
43,2,3,3,60,1,1,1,0.7023721933364868,0.7023721933364868,0.2976278066635132,0.7023721933364868,3,1,3,post_calibration
43,3,3,4,60,1,1,1,0.7120241522789001,0.7120241522789001,0.28797584772109985,0.7120241522789001,3,1,3,post_calibration
43,4,3,6,60,1,1,1,0.8251311182975769,0.8251311182975769,0.17486883699893951,0.8251311182975769,3,1,3,post_calibration
43,5,3,7,60,1,1,1,0.8382860422134399,0.8382860422134399,0.16171389818191528,0.8382860422134399,3,1,3,post_calibration
43,6,3,8,60,1,1,1,0.8405741453170776,0.8405741453170776,0.15942585468292236,0.8405741453170776,3,1,3,post_calibration
43,7,3,9,60,1,0,0,0.5478968620300293,0.5478968620300293,0.5478968620300293,0.4521031379699707,3,1,3,post_calibration
43,8,3,10,60,0,0,1,0.6647375822067261,0.6647375822067261,0.6647375822067261,0.3352624177932739,3,1,3,post_calibration
43,9,3,11,60,0,1,0,0.7638128995895386,0.7638128995895386,0.2361871302127838,0.7638128995895386,3,1,3,post_calibration
43,10,3,12,60,0,1,0,0.5939018726348877,0.5939018726348877,0.4060981273651123,0.5939018726348877,3,1,3,post_calibration
43,11,3,13,60,0,1,0,0.6483914852142334,0.6483914852142334,0.3516084551811218,0.6483914852142334,3,1,3,post_calibration
43,12,3,15,60,0,1,0,0.578323483467102,0.578323483467102,0.4216764569282532,0.578323483467102,3,1,3,post_calibration
43,13,3,16,60,1,1,1,0.7093385457992554,0.7093385457992554,0.29066145420074463,0.7093385457992554,3,1,3,post_calibration
43,14,3,17,60,1,1,1,0.6827572584152222,0.6827572584152222,0.3172428011894226,0.6827572584152222,3,1,3,post_calibration
44,0,3,0,60,1,0,0,0.7247181534767151,0.7247181534767151,0.7247181534767151,0.2752819061279297,3,2,3,zero_shot_paired
44,1,3,3,60,1,0,0,0.5086508393287659,0.5086508393287659,0.5086508393287659,0.49134913086891174,3,2,3,zero_shot_paired
44,2,3,4,60,1,1,1,0.5166831016540527,0.5166831016540527,0.48331689834594727,0.5166831016540527,3,2,3,zero_shot_paired
44,3,3,5,60,1,1,1,0.6096785068511963,0.6096785068511963,0.3903215229511261,0.6096785068511963,3,2,3,zero_shot_paired
44,4,3,6,60,1,1,1,0.7366360425949097,0.7366360425949097,0.2633639872074127,0.7366360425949097,3,2,3,zero_shot_paired
44,5,3,7,60,1,1,1,0.6273627877235413,0.6273627877235413,0.37263718247413635,0.6273627877235413,3,2,3,zero_shot_paired
44,6,3,8,60,1,1,1,0.7668724656105042,0.7668724656105042,0.23312753438949585,0.7668724656105042,3,2,3,zero_shot_paired
44,7,3,9,60,1,0,0,0.672286331653595,0.672286331653595,0.672286331653595,0.32771366834640503,3,2,3,zero_shot_paired
44,8,3,10,60,0,0,1,0.7258157134056091,0.7258157134056091,0.7258157134056091,0.27418431639671326,3,2,3,zero_shot_paired
44,9,3,11,60,0,1,0,0.7200961709022522,0.7200961709022522,0.2799038589000702,0.7200961709022522,3,2,3,zero_shot_paired
44,10,3,12,60,0,0,1,0.5756979584693909,0.5756979584693909,0.5756979584693909,0.42430204153060913,3,2,3,zero_shot_paired
44,11,3,13,60,0,0,1,0.5434009432792664,0.5434009432792664,0.5434009432792664,0.45659905672073364,3,2,3,zero_shot_paired
44,12,3,14,60,0,0,1,0.5101915001869202,0.5101915001869202,0.5101915001869202,0.4898085594177246,3,2,3,zero_shot_paired
44,13,3,16,60,1,1,1,0.5360738635063171,0.5360738635063171,0.46392616629600525,0.5360738635063171,3,2,3,zero_shot_paired
44,14,3,17,60,1,1,1,0.6094369888305664,0.6094369888305664,0.3905629813671112,0.6094369888305664,3,2,3,zero_shot_paired
44,0,3,0,60,1,0,0,0.5071882605552673,0.5071882605552673,0.5071882605552673,0.4928117096424103,3,2,3,post_calibration
44,1,3,3,60,1,1,1,0.7943475246429443,0.7943475246429443,0.20565243065357208,0.7943475246429443,3,2,3,post_calibration
44,2,3,4,60,1,1,1,0.7858264446258545,0.7858264446258545,0.21417348086833954,0.7858264446258545,3,2,3,post_calibration
44,3,3,5,60,1,1,1,0.7307599782943726,0.7307599782943726,0.26924002170562744,0.7307599782943726,3,2,3,post_calibration
44,4,3,6,60,1,1,1,0.8143839836120605,0.8143839836120605,0.18561595678329468,0.8143839836120605,3,2,3,post_calibration
44,5,3,7,60,1,1,1,0.7733888626098633,0.7733888626098633,0.22661110758781433,0.7733888626098633,3,2,3,post_calibration
44,6,3,8,60,1,1,1,0.8582226634025574,0.8582226634025574,0.14177733659744263,0.8582226634025574,3,2,3,post_calibration
44,7,3,9,60,1,0,0,0.6142891645431519,0.6142891645431519,0.6142891645431519,0.38571083545684814,3,2,3,post_calibration
44,8,3,10,60,0,0,1,0.714595377445221,0.714595377445221,0.714595377445221,0.28540465235710144,3,2,3,post_calibration
44,9,3,11,60,0,1,0,0.6650656461715698,0.6650656461715698,0.3349343538284302,0.6650656461715698,3,2,3,post_calibration
44,10,3,12,60,0,0,1,0.5521190166473389,0.5521190166473389,0.5521190166473389,0.44788095355033875,3,2,3,post_calibration
44,11,3,13,60,0,1,0,0.5552864074707031,0.5552864074707031,0.4447135925292969,0.5552864074707031,3,2,3,post_calibration
44,12,3,14,60,0,1,0,0.5207210183143616,0.5207210183143616,0.4792789816856384,0.5207210183143616,3,2,3,post_calibration
44,13,3,16,60,1,1,1,0.669867992401123,0.669867992401123,0.33013197779655457,0.669867992401123,3,2,3,post_calibration
44,14,3,17,60,1,1,1,0.6541649699211121,0.6541649699211121,0.34583503007888794,0.6541649699211121,3,2,3,post_calibration
45,0,3,0,60,1,0,0,0.7247181534767151,0.7247181534767151,0.7247181534767151,0.2752819061279297,3,3,3,zero_shot_paired
45,1,3,1,60,1,1,1,0.6064529418945312,0.6064529418945312,0.39354705810546875,0.6064529418945312,3,3,3,zero_shot_paired
45,2,3,2,60,1,1,1,0.5379821062088013,0.5379821062088013,0.46201789379119873,0.5379821062088013,3,3,3,zero_shot_paired
45,3,3,3,60,1,0,0,0.5086508393287659,0.5086508393287659,0.5086508393287659,0.49134913086891174,3,3,3,zero_shot_paired
45,4,3,4,60,1,1,1,0.5166831016540527,0.5166831016540527,0.48331689834594727,0.5166831016540527,3,3,3,zero_shot_paired
45,5,3,5,60,1,1,1,0.6096785068511963,0.6096785068511963,0.3903215229511261,0.6096785068511963,3,3,3,zero_shot_paired
45,6,3,6,60,1,1,1,0.7366360425949097,0.7366360425949097,0.2633639872074127,0.7366360425949097,3,3,3,zero_shot_paired
45,7,3,8,60,1,1,1,0.7668724656105042,0.7668724656105042,0.23312753438949585,0.7668724656105042,3,3,3,zero_shot_paired
45,8,3,9,60,1,0,0,0.672286331653595,0.672286331653595,0.672286331653595,0.32771366834640503,3,3,3,zero_shot_paired
45,9,3,11,60,0,1,0,0.7200961709022522,0.7200961709022522,0.2799038589000702,0.7200961709022522,3,3,3,zero_shot_paired
45,10,3,12,60,0,0,1,0.5756979584693909,0.5756979584693909,0.5756979584693909,0.42430204153060913,3,3,3,zero_shot_paired
45,11,3,13,60,0,0,1,0.5434009432792664,0.5434009432792664,0.5434009432792664,0.45659905672073364,3,3,3,zero_shot_paired
45,12,3,14,60,0,0,1,0.5101915001869202,0.5101915001869202,0.5101915001869202,0.4898085594177246,3,3,3,zero_shot_paired
45,13,3,15,60,0,1,0,0.6136345863342285,0.6136345863342285,0.38636547327041626,0.6136345863342285,3,3,3,zero_shot_paired
45,14,3,16,60,1,1,1,0.5360738635063171,0.5360738635063171,0.46392616629600525,0.5360738635063171,3,3,3,zero_shot_paired
45,0,3,0,60,1,0,0,0.6728928685188293,0.6728928685188293,0.6728928685188293,0.32710719108581543,3,3,3,post_calibration
45,1,3,1,60,1,1,1,0.6517791748046875,0.6517791748046875,0.3482207655906677,0.6517791748046875,3,3,3,post_calibration
45,2,3,2,60,1,1,1,0.6424430012702942,0.6424430012702942,0.3575569689273834,0.6424430012702942,3,3,3,post_calibration
45,3,3,3,60,1,1,1,0.5967103838920593,0.5967103838920593,0.4032895863056183,0.5967103838920593,3,3,3,post_calibration
45,4,3,4,60,1,1,1,0.5796718597412109,0.5796718597412109,0.42032817006111145,0.5796718597412109,3,3,3,post_calibration
45,5,3,5,60,1,1,1,0.7430019378662109,0.7430019378662109,0.2569980323314667,0.7430019378662109,3,3,3,post_calibration
45,6,3,6,60,1,1,1,0.8387582302093506,0.8387582302093506,0.1612417995929718,0.8387582302093506,3,3,3,post_calibration
45,7,3,8,60,1,1,1,0.8257731199264526,0.8257731199264526,0.17422690987586975,0.8257731199264526,3,3,3,post_calibration
45,8,3,9,60,1,0,0,0.6416329145431519,0.6416329145431519,0.6416329145431519,0.35836708545684814,3,3,3,post_calibration
45,9,3,11,60,0,1,0,0.6875087022781372,0.6875087022781372,0.3124912977218628,0.6875087022781372,3,3,3,post_calibration
45,10,3,12,60,0,0,1,0.5199307799339294,0.5199307799339294,0.5199307799339294,0.48006924986839294,3,3,3,post_calibration
45,11,3,13,60,0,0,1,0.5250625610351562,0.5250625610351562,0.5250625610351562,0.4749374985694885,3,3,3,post_calibration
45,12,3,14,60,0,1,0,0.5272480845451355,0.5272480845451355,0.4727519452571869,0.5272480845451355,3,3,3,post_calibration
45,13,3,15,60,0,1,0,0.6333712935447693,0.6333712935447693,0.3666287064552307,0.6333712935447693,3,3,3,post_calibration
45,14,3,16,60,1,1,1,0.5728852152824402,0.5728852152824402,0.4271147847175598,0.5728852152824402,3,3,3,post_calibration
46,0,3,0,60,1,0,0,0.7247181534767151,0.7247181534767151,0.7247181534767151,0.2752819061279297,3,4,3,zero_shot_paired
46,1,3,1,60,1,1,1,0.6064529418945312,0.6064529418945312,0.39354705810546875,0.6064529418945312,3,4,3,zero_shot_paired
46,2,3,2,60,1,1,1,0.5379821062088013,0.5379821062088013,0.46201789379119873,0.5379821062088013,3,4,3,zero_shot_paired
46,3,3,3,60,1,0,0,0.5086508393287659,0.5086508393287659,0.5086508393287659,0.49134913086891174,3,4,3,zero_shot_paired
46,4,3,4,60,1,1,1,0.5166831016540527,0.5166831016540527,0.48331689834594727,0.5166831016540527,3,4,3,zero_shot_paired
46,5,3,5,60,1,1,1,0.6096785068511963,0.6096785068511963,0.3903215229511261,0.6096785068511963,3,4,3,zero_shot_paired
46,6,3,7,60,1,1,1,0.6273627877235413,0.6273627877235413,0.37263718247413635,0.6273627877235413,3,4,3,zero_shot_paired
46,7,3,9,60,1,0,0,0.672286331653595,0.672286331653595,0.672286331653595,0.32771366834640503,3,4,3,zero_shot_paired
46,8,3,10,60,0,0,1,0.7258157134056091,0.7258157134056091,0.7258157134056091,0.27418431639671326,3,4,3,zero_shot_paired
46,9,3,11,60,0,1,0,0.7200961709022522,0.7200961709022522,0.2799038589000702,0.7200961709022522,3,4,3,zero_shot_paired
46,10,3,13,60,0,0,1,0.5434009432792664,0.5434009432792664,0.5434009432792664,0.45659905672073364,3,4,3,zero_shot_paired
46,11,3,14,60,0,0,1,0.5101915001869202,0.5101915001869202,0.5101915001869202,0.4898085594177246,3,4,3,zero_shot_paired
46,12,3,15,60,0,1,0,0.6136345863342285,0.6136345863342285,0.38636547327041626,0.6136345863342285,3,4,3,zero_shot_paired
46,13,3,16,60,1,1,1,0.5360738635063171,0.5360738635063171,0.46392616629600525,0.5360738635063171,3,4,3,zero_shot_paired
46,14,3,17,60,1,1,1,0.6094369888305664,0.6094369888305664,0.3905629813671112,0.6094369888305664,3,4,3,zero_shot_paired
46,0,3,0,60,1,0,0,0.6844469904899597,0.6844469904899597,0.6844469904899597,0.3155530095100403,3,4,3,post_calibration
46,1,3,1,60,1,1,1,0.7498593330383301,0.7498593330383301,0.2501406669616699,0.7498593330383301,3,4,3,post_calibration
46,2,3,2,60,1,1,1,0.6859954595565796,0.6859954595565796,0.3140045404434204,0.6859954595565796,3,4,3,post_calibration
46,3,3,3,60,1,1,1,0.6590417623519897,0.6590417623519897,0.3409581780433655,0.6590417623519897,3,4,3,post_calibration
46,4,3,4,60,1,1,1,0.6333571076393127,0.6333571076393127,0.36664286255836487,0.6333571076393127,3,4,3,post_calibration
46,5,3,5,60,1,1,1,0.6577067971229553,0.6577067971229553,0.34229323267936707,0.6577067971229553,3,4,3,post_calibration
46,6,3,7,60,1,1,1,0.6669952273368835,0.6669952273368835,0.33300483226776123,0.6669952273368835,3,4,3,post_calibration
46,7,3,9,60,1,0,0,0.6752963662147522,0.6752963662147522,0.6752963662147522,0.3247036039829254,3,4,3,post_calibration
46,8,3,10,60,0,0,1,0.7105420231819153,0.7105420231819153,0.7105420231819153,0.2894579768180847,3,4,3,post_calibration
46,9,3,11,60,0,1,0,0.7416096925735474,0.7416096925735474,0.25839027762413025,0.7416096925735474,3,4,3,post_calibration
46,10,3,13,60,0,0,1,0.5411607027053833,0.5411607027053833,0.5411607027053833,0.4588393270969391,3,4,3,post_calibration
46,11,3,14,60,0,1,0,0.5894061923027039,0.5894061923027039,0.41059377789497375,0.5894061923027039,3,4,3,post_calibration
46,12,3,15,60,0,1,0,0.6973626017570496,0.6973626017570496,0.30263736844062805,0.6973626017570496,3,4,3,post_calibration
46,13,3,16,60,1,1,1,0.5337411761283875,0.5337411761283875,0.4662588834762573,0.5337411761283875,3,4,3,post_calibration
46,14,3,17,60,1,1,1,0.670591413974762,0.670591413974762,0.32940855622291565,0.670591413974762,3,4,3,post_calibration
47,0,3,0,60,1,0,0,0.7247181534767151,0.7247181534767151,0.7247181534767151,0.2752819061279297,3,5,3,zero_shot_paired
47,1,3,1,60,1,1,1,0.6064529418945312,0.6064529418945312,0.39354705810546875,0.6064529418945312,3,5,3,zero_shot_paired
47,2,3,2,60,1,1,1,0.5379821062088013,0.5379821062088013,0.46201789379119873,0.5379821062088013,3,5,3,zero_shot_paired
47,3,3,3,60,1,0,0,0.5086508393287659,0.5086508393287659,0.5086508393287659,0.49134913086891174,3,5,3,zero_shot_paired
47,4,3,4,60,1,1,1,0.5166831016540527,0.5166831016540527,0.48331689834594727,0.5166831016540527,3,5,3,zero_shot_paired
47,5,3,5,60,1,1,1,0.6096785068511963,0.6096785068511963,0.3903215229511261,0.6096785068511963,3,5,3,zero_shot_paired
47,6,3,6,60,1,1,1,0.7366360425949097,0.7366360425949097,0.2633639872074127,0.7366360425949097,3,5,3,zero_shot_paired
47,7,3,7,60,1,1,1,0.6273627877235413,0.6273627877235413,0.37263718247413635,0.6273627877235413,3,5,3,zero_shot_paired
47,8,3,8,60,1,1,1,0.7668724656105042,0.7668724656105042,0.23312753438949585,0.7668724656105042,3,5,3,zero_shot_paired
47,9,3,10,60,0,0,1,0.7258157134056091,0.7258157134056091,0.7258157134056091,0.27418431639671326,3,5,3,zero_shot_paired
47,10,3,11,60,0,1,0,0.7200961709022522,0.7200961709022522,0.2799038589000702,0.7200961709022522,3,5,3,zero_shot_paired
47,11,3,12,60,0,0,1,0.5756979584693909,0.5756979584693909,0.5756979584693909,0.42430204153060913,3,5,3,zero_shot_paired
47,12,3,14,60,0,0,1,0.5101915001869202,0.5101915001869202,0.5101915001869202,0.4898085594177246,3,5,3,zero_shot_paired
47,13,3,15,60,0,1,0,0.6136345863342285,0.6136345863342285,0.38636547327041626,0.6136345863342285,3,5,3,zero_shot_paired
47,14,3,17,60,1,1,1,0.6094369888305664,0.6094369888305664,0.3905629813671112,0.6094369888305664,3,5,3,zero_shot_paired
47,0,3,0,60,1,0,0,0.7422144412994385,0.7422144412994385,0.7422144412994385,0.25778552889823914,3,5,3,post_calibration
47,1,3,1,60,1,1,1,0.6086631417274475,0.6086631417274475,0.3913368582725525,0.6086631417274475,3,5,3,post_calibration
47,2,3,2,60,1,1,1,0.6158426403999329,0.6158426403999329,0.3841574192047119,0.6158426403999329,3,5,3,post_calibration
47,3,3,3,60,1,1,1,0.5864396095275879,0.5864396095275879,0.4135604202747345,0.5864396095275879,3,5,3,post_calibration
47,4,3,4,60,1,1,1,0.5973087549209595,0.5973087549209595,0.40269118547439575,0.5973087549209595,3,5,3,post_calibration
47,5,3,5,60,1,1,1,0.6615915894508362,0.6615915894508362,0.3384084403514862,0.6615915894508362,3,5,3,post_calibration
47,6,3,6,60,1,1,1,0.8240453004837036,0.8240453004837036,0.17595474421977997,0.8240453004837036,3,5,3,post_calibration
47,7,3,7,60,1,1,1,0.694765567779541,0.694765567779541,0.3052344024181366,0.694765567779541,3,5,3,post_calibration
47,8,3,8,60,1,1,1,0.8277432918548584,0.8277432918548584,0.1722566783428192,0.8277432918548584,3,5,3,post_calibration
47,9,3,10,60,0,0,1,0.6787113547325134,0.6787113547325134,0.6787113547325134,0.3212886154651642,3,5,3,post_calibration
47,10,3,11,60,0,1,0,0.7349228858947754,0.7349228858947754,0.2650770843029022,0.7349228858947754,3,5,3,post_calibration
47,11,3,12,60,0,1,0,0.5768604874610901,0.5768604874610901,0.4231395721435547,0.5768604874610901,3,5,3,post_calibration
47,12,3,14,60,0,0,1,0.5899267792701721,0.5899267792701721,0.5899267792701721,0.4100731909275055,3,5,3,post_calibration
47,13,3,15,60,0,1,0,0.6462143659591675,0.6462143659591675,0.3537856936454773,0.6462143659591675,3,5,3,post_calibration
47,14,3,17,60,1,1,1,0.6814867258071899,0.6814867258071899,0.31851330399513245,0.6814867258071899,3,5,3,post_calibration
48,0,3,0,60,1,0,0,0.7247181534767151,0.7247181534767151,0.7247181534767151,0.2752819061279297,3,6,3,zero_shot_paired
48,1,3,1,60,1,1,1,0.6064529418945312,0.6064529418945312,0.39354705810546875,0.6064529418945312,3,6,3,zero_shot_paired
48,2,3,2,60,1,1,1,0.5379821062088013,0.5379821062088013,0.46201789379119873,0.5379821062088013,3,6,3,zero_shot_paired
48,3,3,5,60,1,1,1,0.6096785068511963,0.6096785068511963,0.3903215229511261,0.6096785068511963,3,6,3,zero_shot_paired
48,4,3,6,60,1,1,1,0.7366360425949097,0.7366360425949097,0.2633639872074127,0.7366360425949097,3,6,3,zero_shot_paired
48,5,3,7,60,1,1,1,0.6273627877235413,0.6273627877235413,0.37263718247413635,0.6273627877235413,3,6,3,zero_shot_paired
48,6,3,8,60,1,1,1,0.7668724656105042,0.7668724656105042,0.23312753438949585,0.7668724656105042,3,6,3,zero_shot_paired
48,7,3,9,60,1,0,0,0.672286331653595,0.672286331653595,0.672286331653595,0.32771366834640503,3,6,3,zero_shot_paired
48,8,3,10,60,0,0,1,0.7258157134056091,0.7258157134056091,0.7258157134056091,0.27418431639671326,3,6,3,zero_shot_paired
48,9,3,12,60,0,0,1,0.5756979584693909,0.5756979584693909,0.5756979584693909,0.42430204153060913,3,6,3,zero_shot_paired
48,10,3,13,60,0,0,1,0.5434009432792664,0.5434009432792664,0.5434009432792664,0.45659905672073364,3,6,3,zero_shot_paired
48,11,3,14,60,0,0,1,0.5101915001869202,0.5101915001869202,0.5101915001869202,0.4898085594177246,3,6,3,zero_shot_paired
48,12,3,15,60,0,1,0,0.6136345863342285,0.6136345863342285,0.38636547327041626,0.6136345863342285,3,6,3,zero_shot_paired
48,13,3,16,60,1,1,1,0.5360738635063171,0.5360738635063171,0.46392616629600525,0.5360738635063171,3,6,3,zero_shot_paired
48,14,3,17,60,1,1,1,0.6094369888305664,0.6094369888305664,0.3905629813671112,0.6094369888305664,3,6,3,zero_shot_paired
48,0,3,0,60,1,0,0,0.6310046911239624,0.6310046911239624,0.6310046911239624,0.3689952790737152,3,6,3,post_calibration
48,1,3,1,60,1,1,1,0.8338653445243835,0.8338653445243835,0.16613459587097168,0.8338653445243835,3,6,3,post_calibration
48,2,3,2,60,1,1,1,0.8612193465232849,0.8612193465232849,0.1387806385755539,0.8612193465232849,3,6,3,post_calibration
48,3,3,5,60,1,1,1,0.7490671277046204,0.7490671277046204,0.25093284249305725,0.7490671277046204,3,6,3,post_calibration
48,4,3,6,60,1,1,1,0.8592841029167175,0.8592841029167175,0.14071589708328247,0.8592841029167175,3,6,3,post_calibration
48,5,3,7,60,1,1,1,0.7700719237327576,0.7700719237327576,0.22992807626724243,0.7700719237327576,3,6,3,post_calibration
48,6,3,8,60,1,1,1,0.8753473162651062,0.8753473162651062,0.12465271353721619,0.8753473162651062,3,6,3,post_calibration
48,7,3,9,60,1,0,0,0.583190381526947,0.583190381526947,0.583190381526947,0.4168095886707306,3,6,3,post_calibration
48,8,3,10,60,0,0,1,0.74455326795578,0.74455326795578,0.74455326795578,0.2554466724395752,3,6,3,post_calibration
48,9,3,12,60,0,0,1,0.513990581035614,0.513990581035614,0.513990581035614,0.4860094487667084,3,6,3,post_calibration
48,10,3,13,60,0,1,0,0.5189557075500488,0.5189557075500488,0.48104429244995117,0.5189557075500488,3,6,3,post_calibration
48,11,3,14,60,0,1,0,0.50140380859375,0.50140380859375,0.4985962212085724,0.50140380859375,3,6,3,post_calibration
48,12,3,15,60,0,1,0,0.6117915511131287,0.6117915511131287,0.38820841908454895,0.6117915511131287,3,6,3,post_calibration
48,13,3,16,60,1,1,1,0.6689158082008362,0.6689158082008362,0.3310842514038086,0.6689158082008362,3,6,3,post_calibration
48,14,3,17,60,1,1,1,0.6818112134933472,0.6818112134933472,0.31818878650665283,0.6818112134933472,3,6,3,post_calibration
49,0,3,3,60,1,0,0,0.5086508393287659,0.5086508393287659,0.5086508393287659,0.49134913086891174,3,1,6,zero_shot_paired
49,1,3,4,60,1,1,1,0.5166831016540527,0.5166831016540527,0.48331689834594727,0.5166831016540527,3,1,6,zero_shot_paired
49,2,3,5,60,1,1,1,0.6096785068511963,0.6096785068511963,0.3903215229511261,0.6096785068511963,3,1,6,zero_shot_paired
49,3,3,7,60,1,1,1,0.6273627877235413,0.6273627877235413,0.37263718247413635,0.6273627877235413,3,1,6,zero_shot_paired
49,4,3,8,60,1,1,1,0.7668724656105042,0.7668724656105042,0.23312753438949585,0.7668724656105042,3,1,6,zero_shot_paired
49,5,3,9,60,1,0,0,0.672286331653595,0.672286331653595,0.672286331653595,0.32771366834640503,3,1,6,zero_shot_paired
49,6,3,10,60,0,0,1,0.7258157134056091,0.7258157134056091,0.7258157134056091,0.27418431639671326,3,1,6,zero_shot_paired
49,7,3,11,60,0,1,0,0.7200961709022522,0.7200961709022522,0.2799038589000702,0.7200961709022522,3,1,6,zero_shot_paired
49,8,3,12,60,0,0,1,0.5756979584693909,0.5756979584693909,0.5756979584693909,0.42430204153060913,3,1,6,zero_shot_paired
49,9,3,14,60,0,0,1,0.5101915001869202,0.5101915001869202,0.5101915001869202,0.4898085594177246,3,1,6,zero_shot_paired
49,10,3,16,60,1,1,1,0.5360738635063171,0.5360738635063171,0.46392616629600525,0.5360738635063171,3,1,6,zero_shot_paired
49,11,3,17,60,1,1,1,0.6094369888305664,0.6094369888305664,0.3905629813671112,0.6094369888305664,3,1,6,zero_shot_paired
49,0,3,3,60,1,1,1,0.8046938180923462,0.8046938180923462,0.19530613720417023,0.8046938180923462,3,1,6,post_calibration
49,1,3,4,60,1,1,1,0.77137291431427,0.77137291431427,0.22862708568572998,0.77137291431427,3,1,6,post_calibration
49,2,3,5,60,1,1,1,0.7313870191574097,0.7313870191574097,0.2686130404472351,0.7313870191574097,3,1,6,post_calibration
49,3,3,7,60,1,1,1,0.8334337472915649,0.8334337472915649,0.16656628251075745,0.8334337472915649,3,1,6,post_calibration
49,4,3,8,60,1,1,1,0.8765799403190613,0.8765799403190613,0.12342008948326111,0.8765799403190613,3,1,6,post_calibration
49,5,3,9,60,1,0,0,0.5918024778366089,0.5918024778366089,0.5918024778366089,0.4081974923610687,3,1,6,post_calibration
49,6,3,10,60,0,0,1,0.6716253757476807,0.6716253757476807,0.6716253757476807,0.32837462425231934,3,1,6,post_calibration
49,7,3,11,60,0,1,0,0.7284737229347229,0.7284737229347229,0.2715262472629547,0.7284737229347229,3,1,6,post_calibration
49,8,3,12,60,0,0,1,0.5224801301956177,0.5224801301956177,0.5224801301956177,0.4775198698043823,3,1,6,post_calibration
49,9,3,14,60,0,1,0,0.5228227376937866,0.5228227376937866,0.4771772623062134,0.5228227376937866,3,1,6,post_calibration
49,10,3,16,60,1,1,1,0.675925076007843,0.675925076007843,0.32407495379447937,0.675925076007843,3,1,6,post_calibration
49,11,3,17,60,1,1,1,0.6923691034317017,0.6923691034317017,0.3076309561729431,0.6923691034317017,3,1,6,post_calibration
50,0,3,0,60,1,0,0,0.7247181534767151,0.7247181534767151,0.7247181534767151,0.2752819061279297,3,2,6,zero_shot_paired
50,1,3,1,60,1,1,1,0.6064529418945312,0.6064529418945312,0.39354705810546875,0.6064529418945312,3,2,6,zero_shot_paired
50,2,3,2,60,1,1,1,0.5379821062088013,0.5379821062088013,0.46201789379119873,0.5379821062088013,3,2,6,zero_shot_paired
50,3,3,3,60,1,0,0,0.5086508393287659,0.5086508393287659,0.5086508393287659,0.49134913086891174,3,2,6,zero_shot_paired
50,4,3,6,60,1,1,1,0.7366360425949097,0.7366360425949097,0.2633639872074127,0.7366360425949097,3,2,6,zero_shot_paired
50,5,3,7,60,1,1,1,0.6273627877235413,0.6273627877235413,0.37263718247413635,0.6273627877235413,3,2,6,zero_shot_paired
50,6,3,9,60,1,0,0,0.672286331653595,0.672286331653595,0.672286331653595,0.32771366834640503,3,2,6,zero_shot_paired
50,7,3,11,60,0,1,0,0.7200961709022522,0.7200961709022522,0.2799038589000702,0.7200961709022522,3,2,6,zero_shot_paired
50,8,3,13,60,0,0,1,0.5434009432792664,0.5434009432792664,0.5434009432792664,0.45659905672073364,3,2,6,zero_shot_paired
50,9,3,14,60,0,0,1,0.5101915001869202,0.5101915001869202,0.5101915001869202,0.4898085594177246,3,2,6,zero_shot_paired
50,10,3,15,60,0,1,0,0.6136345863342285,0.6136345863342285,0.38636547327041626,0.6136345863342285,3,2,6,zero_shot_paired
50,11,3,17,60,1,1,1,0.6094369888305664,0.6094369888305664,0.3905629813671112,0.6094369888305664,3,2,6,zero_shot_paired
50,0,3,0,60,1,0,0,0.630329430103302,0.630329430103302,0.630329430103302,0.3696705400943756,3,2,6,post_calibration
50,1,3,1,60,1,1,1,0.8283386826515198,0.8283386826515198,0.171661376953125,0.8283386826515198,3,2,6,post_calibration
50,2,3,2,60,1,1,1,0.8099333643913269,0.8099333643913269,0.1900666207075119,0.8099333643913269,3,2,6,post_calibration
50,3,3,3,60,1,1,1,0.7621434330940247,0.7621434330940247,0.23785661160945892,0.7621434330940247,3,2,6,post_calibration
50,4,3,6,60,1,1,1,0.8345154523849487,0.8345154523849487,0.16548457741737366,0.8345154523849487,3,2,6,post_calibration
50,5,3,7,60,1,1,1,0.7485188841819763,0.7485188841819763,0.2514810562133789,0.7485188841819763,3,2,6,post_calibration
50,6,3,9,60,1,0,0,0.6984097957611084,0.6984097957611084,0.6984097957611084,0.3015902042388916,3,2,6,post_calibration
50,7,3,11,60,0,1,0,0.7132865786552429,0.7132865786552429,0.28671345114707947,0.7132865786552429,3,2,6,post_calibration
50,8,3,13,60,0,1,0,0.5209513902664185,0.5209513902664185,0.47904860973358154,0.5209513902664185,3,2,6,post_calibration
50,9,3,14,60,0,1,0,0.5884531736373901,0.5884531736373901,0.41154685616493225,0.5884531736373901,3,2,6,post_calibration
50,10,3,15,60,0,1,0,0.6520320177078247,0.6520320177078247,0.3479679822921753,0.6520320177078247,3,2,6,post_calibration
50,11,3,17,60,1,1,1,0.7236056327819824,0.7236056327819824,0.27639442682266235,0.7236056327819824,3,2,6,post_calibration
51,0,3,0,60,1,0,0,0.7247181534767151,0.7247181534767151,0.7247181534767151,0.2752819061279297,3,3,6,zero_shot_paired
51,1,3,1,60,1,1,1,0.6064529418945312,0.6064529418945312,0.39354705810546875,0.6064529418945312,3,3,6,zero_shot_paired
51,2,3,2,60,1,1,1,0.5379821062088013,0.5379821062088013,0.46201789379119873,0.5379821062088013,3,3,6,zero_shot_paired
51,3,3,4,60,1,1,1,0.5166831016540527,0.5166831016540527,0.48331689834594727,0.5166831016540527,3,3,6,zero_shot_paired
51,4,3,5,60,1,1,1,0.6096785068511963,0.6096785068511963,0.3903215229511261,0.6096785068511963,3,3,6,zero_shot_paired
51,5,3,6,60,1,1,1,0.7366360425949097,0.7366360425949097,0.2633639872074127,0.7366360425949097,3,3,6,zero_shot_paired
51,6,3,8,60,1,1,1,0.7668724656105042,0.7668724656105042,0.23312753438949585,0.7668724656105042,3,3,6,zero_shot_paired
51,7,3,10,60,0,0,1,0.7258157134056091,0.7258157134056091,0.7258157134056091,0.27418431639671326,3,3,6,zero_shot_paired
51,8,3,12,60,0,0,1,0.5756979584693909,0.5756979584693909,0.5756979584693909,0.42430204153060913,3,3,6,zero_shot_paired
51,9,3,13,60,0,0,1,0.5434009432792664,0.5434009432792664,0.5434009432792664,0.45659905672073364,3,3,6,zero_shot_paired
51,10,3,15,60,0,1,0,0.6136345863342285,0.6136345863342285,0.38636547327041626,0.6136345863342285,3,3,6,zero_shot_paired
51,11,3,16,60,1,1,1,0.5360738635063171,0.5360738635063171,0.46392616629600525,0.5360738635063171,3,3,6,zero_shot_paired
51,0,3,0,60,1,0,0,0.5967581868171692,0.5967581868171692,0.5967581868171692,0.4032418727874756,3,3,6,post_calibration
51,1,3,1,60,1,1,1,0.743986964225769,0.743986964225769,0.25601300597190857,0.743986964225769,3,3,6,post_calibration
51,2,3,2,60,1,1,1,0.8135244846343994,0.8135244846343994,0.18647553026676178,0.8135244846343994,3,3,6,post_calibration
51,3,3,4,60,1,1,1,0.7100584506988525,0.7100584506988525,0.2899415194988251,0.7100584506988525,3,3,6,post_calibration
51,4,3,5,60,1,1,1,0.7460132837295532,0.7460132837295532,0.25398677587509155,0.7460132837295532,3,3,6,post_calibration
51,5,3,6,60,1,1,1,0.9201978445053101,0.9201978445053101,0.07980218529701233,0.9201978445053101,3,3,6,post_calibration
51,6,3,8,60,1,1,1,0.8503909707069397,0.8503909707069397,0.1496090143918991,0.8503909707069397,3,3,6,post_calibration
51,7,3,10,60,0,0,1,0.6633743047714233,0.6633743047714233,0.6633743047714233,0.33662575483322144,3,3,6,post_calibration
51,8,3,12,60,0,1,0,0.5965965986251831,0.5965965986251831,0.4034034013748169,0.5965965986251831,3,3,6,post_calibration
51,9,3,13,60,0,1,0,0.5207514762878418,0.5207514762878418,0.4792485237121582,0.5207514762878418,3,3,6,post_calibration
51,10,3,15,60,0,1,0,0.6192104816436768,0.6192104816436768,0.38078954815864563,0.6192104816436768,3,3,6,post_calibration
51,11,3,16,60,1,1,1,0.6887187361717224,0.6887187361717224,0.3112812936306,0.6887187361717224,3,3,6,post_calibration
52,0,3,0,60,1,0,0,0.7247104644775391,0.7247104644775391,0.7247104644775391,0.27528950572013855,3,1,9,zero_shot_paired
52,1,3,4,60,1,1,1,0.5166831016540527,0.5166831016540527,0.48331689834594727,0.5166831016540527,3,1,9,zero_shot_paired
52,2,3,6,60,1,1,1,0.7366374731063843,0.7366374731063843,0.26336249709129333,0.7366374731063843,3,1,9,zero_shot_paired
52,3,3,7,60,1,1,1,0.6273664236068726,0.6273664236068726,0.37263360619544983,0.6273664236068726,3,1,9,zero_shot_paired
52,4,3,9,60,1,0,0,0.6722947359085083,0.6722947359085083,0.6722947359085083,0.3277052938938141,3,1,9,zero_shot_paired
52,5,3,11,60,0,1,0,0.720086932182312,0.720086932182312,0.2799130380153656,0.720086932182312,3,1,9,zero_shot_paired
52,6,3,14,60,0,0,1,0.5101838111877441,0.5101838111877441,0.5101838111877441,0.48981615900993347,3,1,9,zero_shot_paired
52,7,3,15,60,0,1,0,0.6136327981948853,0.6136327981948853,0.3863672614097595,0.6136327981948853,3,1,9,zero_shot_paired
52,8,3,17,60,1,1,1,0.609444260597229,0.609444260597229,0.3905557692050934,0.609444260597229,3,1,9,zero_shot_paired
52,0,3,0,60,1,0,0,0.5917877554893494,0.5917877554893494,0.5917877554893494,0.40821224451065063,3,1,9,post_calibration
52,1,3,4,60,1,1,1,0.8861843943595886,0.8861843943595886,0.11381562799215317,0.8861843943595886,3,1,9,post_calibration
52,2,3,6,60,1,1,1,0.8948462009429932,0.8948462009429932,0.10515381395816803,0.8948462009429932,3,1,9,post_calibration
52,3,3,7,60,1,1,1,0.7824378609657288,0.7824378609657288,0.21756212413311005,0.7824378609657288,3,1,9,post_calibration
52,4,3,9,60,1,0,0,0.6201580762863159,0.6201580762863159,0.6201580762863159,0.37984195351600647,3,1,9,post_calibration
52,5,3,11,60,0,1,0,0.7291296720504761,0.7291296720504761,0.27087029814720154,0.7291296720504761,3,1,9,post_calibration
52,6,3,14,60,0,1,0,0.5933865904808044,0.5933865904808044,0.40661343932151794,0.5933865904808044,3,1,9,post_calibration
52,7,3,15,60,0,1,0,0.6802533268928528,0.6802533268928528,0.3197467029094696,0.6802533268928528,3,1,9,post_calibration
52,8,3,17,60,1,1,1,0.7635278701782227,0.7635278701782227,0.23647215962409973,0.7635278701782227,3,1,9,post_calibration
53,0,3,1,60,1,1,1,0.6064602732658386,0.6064602732658386,0.39353978633880615,0.6064602732658386,3,2,9,zero_shot_paired
53,1,3,2,60,1,1,1,0.5379821062088013,0.5379821062088013,0.46201789379119873,0.5379821062088013,3,2,9,zero_shot_paired
53,2,3,3,60,1,0,0,0.5086508393287659,0.5086508393287659,0.5086508393287659,0.49134913086891174,3,2,9,zero_shot_paired
53,3,3,5,60,1,1,1,0.6096821427345276,0.6096821427345276,0.3903178572654724,0.6096821427345276,3,2,9,zero_shot_paired
53,4,3,8,60,1,1,1,0.7668752074241638,0.7668752074241638,0.23312480747699738,0.7668752074241638,3,2,9,zero_shot_paired
53,5,3,10,60,0,0,1,0.7258172631263733,0.7258172631263733,0.7258172631263733,0.2741827964782715,3,2,9,zero_shot_paired
53,6,3,12,60,0,0,1,0.5757035613059998,0.5757035613059998,0.5757035613059998,0.42429643869400024,3,2,9,zero_shot_paired
53,7,3,13,60,0,0,1,0.5433838963508606,0.5433838963508606,0.5433838963508606,0.4566161036491394,3,2,9,zero_shot_paired
53,8,3,16,60,1,1,1,0.5360738635063171,0.5360738635063171,0.46392616629600525,0.5360738635063171,3,2,9,zero_shot_paired
53,0,3,1,60,1,1,1,0.7699949145317078,0.7699949145317078,0.23000508546829224,0.7699949145317078,3,2,9,post_calibration
53,1,3,2,60,1,1,1,0.832231342792511,0.832231342792511,0.167768657207489,0.832231342792511,3,2,9,post_calibration
53,2,3,3,60,1,1,1,0.789431631565094,0.789431631565094,0.2105683833360672,0.789431631565094,3,2,9,post_calibration
53,3,3,5,60,1,1,1,0.7983477115631104,0.7983477115631104,0.20165225863456726,0.7983477115631104,3,2,9,post_calibration
53,4,3,8,60,1,1,1,0.8256259560585022,0.8256259560585022,0.1743740290403366,0.8256259560585022,3,2,9,post_calibration
53,5,3,10,60,0,0,1,0.6573992967605591,0.6573992967605591,0.6573992967605591,0.3426007330417633,3,2,9,post_calibration
53,6,3,12,60,0,1,0,0.6511070728302002,0.6511070728302002,0.3488928973674774,0.6511070728302002,3,2,9,post_calibration
53,7,3,13,60,0,1,0,0.5965065956115723,0.5965065956115723,0.4034934341907501,0.5965065956115723,3,2,9,post_calibration
53,8,3,16,60,1,1,1,0.7365575432777405,0.7365575432777405,0.26344242691993713,0.7365575432777405,3,2,9,post_calibration
54,0,3,2,60,1,1,1,0.5380029678344727,0.5380029678344727,0.46199703216552734,0.5380029678344727,3,1,12,zero_shot_paired
54,1,3,4,60,1,1,1,0.5167478919029236,0.5167478919029236,0.4832521378993988,0.5167478919029236,3,1,12,zero_shot_paired
54,2,3,12,60,0,0,1,0.5756345987319946,0.5756345987319946,0.5756345987319946,0.424365371465683,3,1,12,zero_shot_paired
54,3,3,14,60,0,0,1,0.5101609230041504,0.5101609230041504,0.5101609230041504,0.48983901739120483,3,1,12,zero_shot_paired
54,4,3,16,60,1,1,1,0.536126971244812,0.536126971244812,0.4638729989528656,0.536126971244812,3,1,12,zero_shot_paired
54,5,3,17,60,1,1,1,0.6095205545425415,0.6095205545425415,0.3904794454574585,0.6095205545425415,3,1,12,zero_shot_paired
54,0,3,2,60,1,1,1,0.8638516664505005,0.8638516664505005,0.1361483335494995,0.8638516664505005,3,1,12,post_calibration
54,1,3,4,60,1,1,1,0.7864307165145874,0.7864307165145874,0.21356932818889618,0.7864307165145874,3,1,12,post_calibration
54,2,3,12,60,0,1,0,0.568642258644104,0.568642258644104,0.4313577115535736,0.568642258644104,3,1,12,post_calibration
54,3,3,14,60,0,0,1,0.5524793863296509,0.5524793863296509,0.5524793863296509,0.4475206434726715,3,1,12,post_calibration
54,4,3,16,60,1,1,1,0.7105969190597534,0.7105969190597534,0.2894030511379242,0.7105969190597534,3,1,12,post_calibration
54,5,3,17,60,1,1,1,0.765990138053894,0.765990138053894,0.23400981724262238,0.765990138053894,3,1,12,post_calibration
55,0,3,0,60,1,0,0,0.7247956991195679,0.7247956991195679,0.7247956991195679,0.27520427107810974,3,2,12,zero_shot_paired
55,1,3,4,60,1,1,1,0.5167478919029236,0.5167478919029236,0.4832521378993988,0.5167478919029236,3,2,12,zero_shot_paired
55,2,3,5,60,1,1,1,0.6096348762512207,0.6096348762512207,0.3903650939464569,0.6096348762512207,3,2,12,zero_shot_paired
55,3,3,7,60,1,1,1,0.6274752020835876,0.6274752020835876,0.37252482771873474,0.6274752020835876,3,2,12,zero_shot_paired
55,4,3,11,60,0,1,0,0.720156192779541,0.720156192779541,0.27984386682510376,0.720156192779541,3,2,12,zero_shot_paired
55,5,3,13,60,0,0,1,0.5432816743850708,0.5432816743850708,0.5432816743850708,0.4567183256149292,3,2,12,zero_shot_paired
55,0,3,0,60,1,1,1,0.5570735931396484,0.5570735931396484,0.4429263770580292,0.5570735931396484,3,2,12,post_calibration
55,1,3,4,60,1,1,1,0.8374153971672058,0.8374153971672058,0.1625845581293106,0.8374153971672058,3,2,12,post_calibration
55,2,3,5,60,1,1,1,0.7803370952606201,0.7803370952606201,0.21966296434402466,0.7803370952606201,3,2,12,post_calibration
55,3,3,7,60,1,1,1,0.8676599264144897,0.8676599264144897,0.13234013319015503,0.8676599264144897,3,2,12,post_calibration
55,4,3,11,60,0,1,0,0.6547877788543701,0.6547877788543701,0.3452121913433075,0.6547877788543701,3,2,12,post_calibration
55,5,3,13,60,0,1,0,0.5818860530853271,0.5818860530853271,0.41811394691467285,0.5818860530853271,3,2,12,post_calibration
56,0,3,2,60,1,1,1,0.5380029678344727,0.5380029678344727,0.46199703216552734,0.5380029678344727,3,3,12,zero_shot_paired
56,1,3,7,60,1,1,1,0.6274752020835876,0.6274752020835876,0.37252482771873474,0.6274752020835876,3,3,12,zero_shot_paired
56,2,3,9,60,1,0,0,0.6722358465194702,0.6722358465194702,0.6722358465194702,0.3277641236782074,3,3,12,zero_shot_paired
56,3,3,13,60,0,0,1,0.5432816743850708,0.5432816743850708,0.5432816743850708,0.4567183256149292,3,3,12,zero_shot_paired
56,4,3,14,60,0,0,1,0.5101609230041504,0.5101609230041504,0.5101609230041504,0.48983901739120483,3,3,12,zero_shot_paired
56,5,3,16,60,1,1,1,0.536126971244812,0.536126971244812,0.4638729989528656,0.536126971244812,3,3,12,zero_shot_paired
56,0,3,2,60,1,1,1,0.9342341423034668,0.9342341423034668,0.06576590985059738,0.9342341423034668,3,3,12,post_calibration
56,1,3,7,60,1,1,1,0.8825528025627136,0.8825528025627136,0.1174471378326416,0.8825528025627136,3,3,12,post_calibration
56,2,3,9,60,1,0,0,0.5637438893318176,0.5637438893318176,0.5637438893318176,0.4362561106681824,3,3,12,post_calibration
56,3,3,13,60,0,1,0,0.6432417035102844,0.6432417035102844,0.3567582368850708,0.6432417035102844,3,3,12,post_calibration
56,4,3,14,60,0,1,0,0.6102448105812073,0.6102448105812073,0.38975515961647034,0.6102448105812073,3,3,12,post_calibration
56,5,3,16,60,1,1,1,0.7183197140693665,0.7183197140693665,0.28168031573295593,0.7183197140693665,3,3,12,post_calibration
