fold,trial_index,subject_id,trial_id,n_windows,y_true,y_pred,correct,p_pred,confidence,p_class_0,p_class_1,target_subject,calibration_fold,calibration_shots,stage
1,0,0,0,60,1,1,1,0.5036755204200745,0.5036755204200745,0.49632447957992554,0.5036755204200745,0,,,zero_shot_all_trials
1,1,0,1,60,1,1,1,0.5039066076278687,0.5039066076278687,0.49609342217445374,0.5039066076278687,0,,,zero_shot_all_trials
1,2,0,2,60,1,1,1,0.5048004984855652,0.5048004984855652,0.4951995015144348,0.5048004984855652,0,,,zero_shot_all_trials
1,3,0,3,60,1,1,1,0.504913330078125,0.504913330078125,0.4950866401195526,0.504913330078125,0,,,zero_shot_all_trials
1,4,0,4,60,1,1,1,0.5025339722633362,0.5025339722633362,0.49746599793434143,0.5025339722633362,0,,,zero_shot_all_trials
1,5,0,5,60,0,1,0,0.5036705136299133,0.5036705136299133,0.4963294565677643,0.5036705136299133,0,,,zero_shot_all_trials
1,6,0,6,60,1,1,1,0.5018304586410522,0.5018304586410522,0.49816957116127014,0.5018304586410522,0,,,zero_shot_all_trials
1,7,0,7,60,0,1,0,0.5040491223335266,0.5040491223335266,0.4959509074687958,0.5040491223335266,0,,,zero_shot_all_trials
1,8,0,8,60,0,1,0,0.5032691359519958,0.5032691359519958,0.49673086404800415,0.5032691359519958,0,,,zero_shot_all_trials
1,9,0,9,60,1,1,1,0.5023784041404724,0.5023784041404724,0.49762162566185,0.5023784041404724,0,,,zero_shot_all_trials
1,10,0,10,60,1,1,1,0.5043686032295227,0.5043686032295227,0.4956313967704773,0.5043686032295227,0,,,zero_shot_all_trials
1,11,0,11,60,1,1,1,0.5025771856307983,0.5025771856307983,0.49742281436920166,0.5025771856307983,0,,,zero_shot_all_trials
1,12,0,12,60,1,1,1,0.5021251440048218,0.5021251440048218,0.4978748559951782,0.5021251440048218,0,,,zero_shot_all_trials
1,13,0,13,60,1,1,1,0.5029415488243103,0.5029415488243103,0.4970584511756897,0.5029415488243103,0,,,zero_shot_all_trials
1,14,0,14,60,0,0,1,0.5000882744789124,0.5000882744789124,0.5000882744789124,0.49991166591644287,0,,,zero_shot_all_trials
1,15,0,15,60,1,1,1,0.505358099937439,0.505358099937439,0.4946419298648834,0.505358099937439,0,,,zero_shot_all_trials
1,16,0,16,60,0,1,0,0.5029160380363464,0.5029160380363464,0.49708396196365356,0.5029160380363464,0,,,zero_shot_all_trials
1,17,0,17,60,1,1,1,0.5033741593360901,0.5033741593360901,0.4966258108615875,0.5033741593360901,0,,,zero_shot_all_trials
1,0,0,0,60,1,1,1,0.5036755800247192,0.5036755800247192,0.49632444977760315,0.5036755800247192,0,1,3,zero_shot_paired
1,1,0,1,60,1,1,1,0.5039065480232239,0.5039065480232239,0.4960934519767761,0.5039065480232239,0,1,3,zero_shot_paired
1,2,0,2,60,1,1,1,0.5048004984855652,0.5048004984855652,0.4951995015144348,0.5048004984855652,0,1,3,zero_shot_paired
1,3,0,3,60,1,1,1,0.504913330078125,0.504913330078125,0.4950866401195526,0.504913330078125,0,1,3,zero_shot_paired
1,4,0,4,60,1,1,1,0.5025339722633362,0.5025339722633362,0.4974660277366638,0.5025339722633362,0,1,3,zero_shot_paired
1,5,0,5,60,0,1,0,0.5036705136299133,0.5036705136299133,0.4963294565677643,0.5036705136299133,0,1,3,zero_shot_paired
1,6,0,6,60,1,1,1,0.5018304586410522,0.5018304586410522,0.49816957116127014,0.5018304586410522,0,1,3,zero_shot_paired
1,7,0,7,60,0,1,0,0.5040491819381714,0.5040491819381714,0.495950847864151,0.5040491819381714,0,1,3,zero_shot_paired
1,8,0,8,60,0,1,0,0.5032691359519958,0.5032691359519958,0.49673083424568176,0.5032691359519958,0,1,3,zero_shot_paired
1,9,0,9,60,1,1,1,0.5023783445358276,0.5023783445358276,0.49762162566185,0.5023783445358276,0,1,3,zero_shot_paired
1,10,0,10,60,1,1,1,0.5043686032295227,0.5043686032295227,0.4956314265727997,0.5043686032295227,0,1,3,zero_shot_paired
1,11,0,11,60,1,1,1,0.5025772452354431,0.5025772452354431,0.49742281436920166,0.5025772452354431,0,1,3,zero_shot_paired
1,12,0,13,60,1,1,1,0.5029416084289551,0.5029416084289551,0.4970584213733673,0.5029416084289551,0,1,3,zero_shot_paired
1,13,0,15,60,1,1,1,0.5053579807281494,0.5053579807281494,0.4946419894695282,0.5053579807281494,0,1,3,zero_shot_paired
1,14,0,16,60,0,1,0,0.5029159784317017,0.5029159784317017,0.49708402156829834,0.5029159784317017,0,1,3,zero_shot_paired
1,0,0,0,60,1,1,1,0.5036800503730774,0.5036800503730774,0.4963199198246002,0.5036800503730774,0,1,3,post_calibration
1,1,0,1,60,1,1,1,0.504072904586792,0.504072904586792,0.495927095413208,0.504072904586792,0,1,3,post_calibration
1,2,0,2,60,1,1,1,0.5047585964202881,0.5047585964202881,0.4952414631843567,0.5047585964202881,0,1,3,post_calibration
1,3,0,3,60,1,1,1,0.5049569606781006,0.5049569606781006,0.495043009519577,0.5049569606781006,0,1,3,post_calibration
1,4,0,4,60,1,1,1,0.502532958984375,0.502532958984375,0.4974670708179474,0.502532958984375,0,1,3,post_calibration
1,5,0,5,60,0,1,0,0.5036489367485046,0.5036489367485046,0.49635106325149536,0.5036489367485046,0,1,3,post_calibration
1,6,0,6,60,1,1,1,0.5021368861198425,0.5021368861198425,0.49786314368247986,0.5021368861198425,0,1,3,post_calibration
1,7,0,7,60,0,1,0,0.5039392709732056,0.5039392709732056,0.4960607588291168,0.5039392709732056,0,1,3,post_calibration
1,8,0,8,60,0,1,0,0.5033877491950989,0.5033877491950989,0.4966122508049011,0.5033877491950989,0,1,3,post_calibration
1,9,0,9,60,1,1,1,0.5025112628936768,0.5025112628936768,0.497488796710968,0.5025112628936768,0,1,3,post_calibration
1,10,0,10,60,1,1,1,0.5046018362045288,0.5046018362045288,0.4953981935977936,0.5046018362045288,0,1,3,post_calibration
1,11,0,11,60,1,1,1,0.5025242567062378,0.5025242567062378,0.4974757432937622,0.5025242567062378,0,1,3,post_calibration
1,12,0,13,60,1,1,1,0.5030699372291565,0.5030699372291565,0.4969300627708435,0.5030699372291565,0,1,3,post_calibration
1,13,0,15,60,1,1,1,0.5054380893707275,0.5054380893707275,0.49456191062927246,0.5054380893707275,0,1,3,post_calibration
1,14,0,16,60,0,1,0,0.5030183792114258,0.5030183792114258,0.49698159098625183,0.5030183792114258,0,1,3,post_calibration
2,0,0,0,60,1,1,1,0.5036755800247192,0.5036755800247192,0.49632444977760315,0.5036755800247192,0,2,3,zero_shot_paired
2,1,0,1,60,1,1,1,0.5039065480232239,0.5039065480232239,0.4960934519767761,0.5039065480232239,0,2,3,zero_shot_paired
2,2,0,2,60,1,1,1,0.5048004984855652,0.5048004984855652,0.4951995015144348,0.5048004984855652,0,2,3,zero_shot_paired
2,3,0,3,60,1,1,1,0.504913330078125,0.504913330078125,0.4950866401195526,0.504913330078125,0,2,3,zero_shot_paired
2,4,0,5,60,0,1,0,0.5036705136299133,0.5036705136299133,0.4963294565677643,0.5036705136299133,0,2,3,zero_shot_paired
2,5,0,6,60,1,1,1,0.5018304586410522,0.5018304586410522,0.49816957116127014,0.5018304586410522,0,2,3,zero_shot_paired
2,6,0,7,60,0,1,0,0.5040491819381714,0.5040491819381714,0.495950847864151,0.5040491819381714,0,2,3,zero_shot_paired
2,7,0,8,60,0,1,0,0.5032691359519958,0.5032691359519958,0.49673083424568176,0.5032691359519958,0,2,3,zero_shot_paired
2,8,0,9,60,1,1,1,0.5023783445358276,0.5023783445358276,0.49762162566185,0.5023783445358276,0,2,3,zero_shot_paired
2,9,0,10,60,1,1,1,0.5043686032295227,0.5043686032295227,0.4956314265727997,0.5043686032295227,0,2,3,zero_shot_paired
2,10,0,11,60,1,1,1,0.5025772452354431,0.5025772452354431,0.49742281436920166,0.5025772452354431,0,2,3,zero_shot_paired
2,11,0,12,60,1,1,1,0.5021251440048218,0.5021251440048218,0.49787482619285583,0.5021251440048218,0,2,3,zero_shot_paired
2,12,0,13,60,1,1,1,0.5029416084289551,0.5029416084289551,0.4970584213733673,0.5029416084289551,0,2,3,zero_shot_paired
2,13,0,14,60,0,0,1,0.5000882744789124,0.5000882744789124,0.5000882744789124,0.49991166591644287,0,2,3,zero_shot_paired
2,14,0,17,60,1,1,1,0.5033740997314453,0.5033740997314453,0.4966258704662323,0.5033740997314453,0,2,3,zero_shot_paired
2,0,0,0,60,1,1,1,0.5045271515846252,0.5045271515846252,0.49547287821769714,0.5045271515846252,0,2,3,post_calibration
2,1,0,1,60,1,1,1,0.504885733127594,0.504885733127594,0.495114266872406,0.504885733127594,0,2,3,post_calibration
2,2,0,2,60,1,1,1,0.5056306719779968,0.5056306719779968,0.49436935782432556,0.5056306719779968,0,2,3,post_calibration
2,3,0,3,60,1,1,1,0.505750298500061,0.505750298500061,0.4942496716976166,0.505750298500061,0,2,3,post_calibration
2,4,0,5,60,0,1,0,0.5042318105697632,0.5042318105697632,0.4957681894302368,0.5042318105697632,0,2,3,post_calibration
2,5,0,6,60,1,1,1,0.5029434561729431,0.5029434561729431,0.4970565736293793,0.5029434561729431,0,2,3,post_calibration
2,6,0,7,60,0,1,0,0.5048544406890869,0.5048544406890869,0.4951455891132355,0.5048544406890869,0,2,3,post_calibration
2,7,0,8,60,0,1,0,0.5040571093559265,0.5040571093559265,0.4959429204463959,0.5040571093559265,0,2,3,post_calibration
2,8,0,9,60,1,1,1,0.5028257369995117,0.5028257369995117,0.4971742630004883,0.5028257369995117,0,2,3,post_calibration
2,9,0,10,60,1,1,1,0.5048540830612183,0.5048540830612183,0.49514591693878174,0.5048540830612183,0,2,3,post_calibration
2,10,0,11,60,1,1,1,0.5032284259796143,0.5032284259796143,0.49677157402038574,0.5032284259796143,0,2,3,post_calibration
2,11,0,12,60,1,1,1,0.502766489982605,0.502766489982605,0.49723348021507263,0.502766489982605,0,2,3,post_calibration
2,12,0,13,60,1,1,1,0.5037258267402649,0.5037258267402649,0.4962741732597351,0.5037258267402649,0,2,3,post_calibration
2,13,0,14,60,0,1,0,0.5008044242858887,0.5008044242858887,0.4991956353187561,0.5008044242858887,0,2,3,post_calibration
2,14,0,17,60,1,1,1,0.5042697191238403,0.5042697191238403,0.49573034048080444,0.5042697191238403,0,2,3,post_calibration
3,0,0,0,60,1,1,1,0.5036755800247192,0.5036755800247192,0.49632444977760315,0.5036755800247192,0,3,3,zero_shot_paired
3,1,0,1,60,1,1,1,0.5039065480232239,0.5039065480232239,0.4960934519767761,0.5039065480232239,0,3,3,zero_shot_paired
3,2,0,2,60,1,1,1,0.5048004984855652,0.5048004984855652,0.4951995015144348,0.5048004984855652,0,3,3,zero_shot_paired
3,3,0,3,60,1,1,1,0.504913330078125,0.504913330078125,0.4950866401195526,0.504913330078125,0,3,3,zero_shot_paired
3,4,0,4,60,1,1,1,0.5025339722633362,0.5025339722633362,0.4974660277366638,0.5025339722633362,0,3,3,zero_shot_paired
3,5,0,5,60,0,1,0,0.5036705136299133,0.5036705136299133,0.4963294565677643,0.5036705136299133,0,3,3,zero_shot_paired
3,6,0,8,60,0,1,0,0.5032691359519958,0.5032691359519958,0.49673083424568176,0.5032691359519958,0,3,3,zero_shot_paired
3,7,0,10,60,1,1,1,0.5043686032295227,0.5043686032295227,0.4956314265727997,0.5043686032295227,0,3,3,zero_shot_paired
3,8,0,11,60,1,1,1,0.5025772452354431,0.5025772452354431,0.49742281436920166,0.5025772452354431,0,3,3,zero_shot_paired
3,9,0,12,60,1,1,1,0.5021251440048218,0.5021251440048218,0.49787482619285583,0.5021251440048218,0,3,3,zero_shot_paired
3,10,0,13,60,1,1,1,0.5029416084289551,0.5029416084289551,0.4970584213733673,0.5029416084289551,0,3,3,zero_shot_paired
3,11,0,14,60,0,0,1,0.5000882744789124,0.5000882744789124,0.5000882744789124,0.49991166591644287,0,3,3,zero_shot_paired
3,12,0,15,60,1,1,1,0.5053579807281494,0.5053579807281494,0.4946419894695282,0.5053579807281494,0,3,3,zero_shot_paired
3,13,0,16,60,0,1,0,0.5029159784317017,0.5029159784317017,0.49708402156829834,0.5029159784317017,0,3,3,zero_shot_paired
3,14,0,17,60,1,1,1,0.5033740997314453,0.5033740997314453,0.4966258704662323,0.5033740997314453,0,3,3,zero_shot_paired
3,0,0,0,60,1,1,1,0.5038748979568481,0.5038748979568481,0.49612507224082947,0.5038748979568481,0,3,3,post_calibration
3,1,0,1,60,1,1,1,0.5044755935668945,0.5044755935668945,0.49552443623542786,0.5044755935668945,0,3,3,post_calibration
3,2,0,2,60,1,1,1,0.5052506923675537,0.5052506923675537,0.4947493076324463,0.5052506923675537,0,3,3,post_calibration
3,3,0,3,60,1,1,1,0.5052595734596252,0.5052595734596252,0.49474048614501953,0.5052595734596252,0,3,3,post_calibration
3,4,0,4,60,1,1,1,0.5027516484260559,0.5027516484260559,0.49724841117858887,0.5027516484260559,0,3,3,post_calibration
3,5,0,5,60,0,1,0,0.504122793674469,0.504122793674469,0.495877206325531,0.504122793674469,0,3,3,post_calibration
3,6,0,8,60,0,1,0,0.5033823251724243,0.5033823251724243,0.4966176152229309,0.5033823251724243,0,3,3,post_calibration
3,7,0,10,60,1,1,1,0.5046905875205994,0.5046905875205994,0.49530935287475586,0.5046905875205994,0,3,3,post_calibration
3,8,0,11,60,1,1,1,0.5028035640716553,0.5028035640716553,0.4971964359283447,0.5028035640716553,0,3,3,post_calibration
3,9,0,12,60,1,1,1,0.5023252367973328,0.5023252367973328,0.4976747930049896,0.5023252367973328,0,3,3,post_calibration
3,10,0,13,60,1,1,1,0.5032360553741455,0.5032360553741455,0.4967639744281769,0.5032360553741455,0,3,3,post_calibration
3,11,0,14,60,0,0,1,0.5000792145729065,0.5000792145729065,0.5000792145729065,0.4999207556247711,0,3,3,post_calibration
3,12,0,15,60,1,1,1,0.5058621168136597,0.5058621168136597,0.49413788318634033,0.5058621168136597,0,3,3,post_calibration
3,13,0,16,60,0,1,0,0.5034677982330322,0.5034677982330322,0.4965322017669678,0.5034677982330322,0,3,3,post_calibration
3,14,0,17,60,1,1,1,0.5038819313049316,0.5038819313049316,0.49611803889274597,0.5038819313049316,0,3,3,post_calibration
4,0,0,0,60,1,1,1,0.5036755800247192,0.5036755800247192,0.49632444977760315,0.5036755800247192,0,4,3,zero_shot_paired
4,1,0,1,60,1,1,1,0.5039065480232239,0.5039065480232239,0.4960934519767761,0.5039065480232239,0,4,3,zero_shot_paired
4,2,0,3,60,1,1,1,0.504913330078125,0.504913330078125,0.4950866401195526,0.504913330078125,0,4,3,zero_shot_paired
4,3,0,4,60,1,1,1,0.5025339722633362,0.5025339722633362,0.4974660277366638,0.5025339722633362,0,4,3,zero_shot_paired
4,4,0,6,60,1,1,1,0.5018304586410522,0.5018304586410522,0.49816957116127014,0.5018304586410522,0,4,3,zero_shot_paired
4,5,0,7,60,0,1,0,0.5040491819381714,0.5040491819381714,0.495950847864151,0.5040491819381714,0,4,3,zero_shot_paired
4,6,0,8,60,0,1,0,0.5032691359519958,0.5032691359519958,0.49673083424568176,0.5032691359519958,0,4,3,zero_shot_paired
4,7,0,9,60,1,1,1,0.5023783445358276,0.5023783445358276,0.49762162566185,0.5023783445358276,0,4,3,zero_shot_paired
4,8,0,10,60,1,1,1,0.5043686032295227,0.5043686032295227,0.4956314265727997,0.5043686032295227,0,4,3,zero_shot_paired
4,9,0,11,60,1,1,1,0.5025772452354431,0.5025772452354431,0.49742281436920166,0.5025772452354431,0,4,3,zero_shot_paired
4,10,0,12,60,1,1,1,0.5021251440048218,0.5021251440048218,0.49787482619285583,0.5021251440048218,0,4,3,zero_shot_paired
4,11,0,14,60,0,0,1,0.5000882744789124,0.5000882744789124,0.5000882744789124,0.49991166591644287,0,4,3,zero_shot_paired
4,12,0,15,60,1,1,1,0.5053579807281494,0.5053579807281494,0.4946419894695282,0.5053579807281494,0,4,3,zero_shot_paired
4,13,0,16,60,0,1,0,0.5029159784317017,0.5029159784317017,0.49708402156829834,0.5029159784317017,0,4,3,zero_shot_paired
4,14,0,17,60,1,1,1,0.5033740997314453,0.5033740997314453,0.4966258704662323,0.5033740997314453,0,4,3,zero_shot_paired
4,0,0,0,60,1,1,1,0.5043230652809143,0.5043230652809143,0.4956769645214081,0.5043230652809143,0,4,3,post_calibration
4,1,0,1,60,1,1,1,0.5047919154167175,0.5047919154167175,0.49520811438560486,0.5047919154167175,0,4,3,post_calibration
4,2,0,3,60,1,1,1,0.5055473446846008,0.5055473446846008,0.49445265531539917,0.5055473446846008,0,4,3,post_calibration
4,3,0,4,60,1,1,1,0.5031489729881287,0.5031489729881287,0.49685102701187134,0.5031489729881287,0,4,3,post_calibration
4,4,0,6,60,1,1,1,0.5022541284561157,0.5022541284561157,0.49774590134620667,0.5022541284561157,0,4,3,post_calibration
4,5,0,7,60,0,1,0,0.5048200488090515,0.5048200488090515,0.4951799511909485,0.5048200488090515,0,4,3,post_calibration
4,6,0,8,60,0,1,0,0.5039394497871399,0.5039394497871399,0.4960606098175049,0.5039394497871399,0,4,3,post_calibration
4,7,0,9,60,1,1,1,0.5029321908950806,0.5029321908950806,0.4970678389072418,0.5029321908950806,0,4,3,post_calibration
4,8,0,10,60,1,1,1,0.5047237873077393,0.5047237873077393,0.49527624249458313,0.5047237873077393,0,4,3,post_calibration
4,9,0,11,60,1,1,1,0.5031795501708984,0.5031795501708984,0.49682047963142395,0.5031795501708984,0,4,3,post_calibration
4,10,0,12,60,1,1,1,0.5028347373008728,0.5028347373008728,0.4971652925014496,0.5028347373008728,0,4,3,post_calibration
4,11,0,14,60,0,1,0,0.5004512667655945,0.5004512667655945,0.49954870343208313,0.5004512667655945,0,4,3,post_calibration
4,12,0,15,60,1,1,1,0.5057802796363831,0.5057802796363831,0.49421966075897217,0.5057802796363831,0,4,3,post_calibration
4,13,0,16,60,0,1,0,0.5035077929496765,0.5035077929496765,0.4964922368526459,0.5035077929496765,0,4,3,post_calibration
4,14,0,17,60,1,1,1,0.5041380524635315,0.5041380524635315,0.4958619773387909,0.5041380524635315,0,4,3,post_calibration
5,0,0,1,60,1,1,1,0.5039065480232239,0.5039065480232239,0.4960934519767761,0.5039065480232239,0,5,3,zero_shot_paired
5,1,0,2,60,1,1,1,0.5048004984855652,0.5048004984855652,0.4951995015144348,0.5048004984855652,0,5,3,zero_shot_paired
5,2,0,3,60,1,1,1,0.504913330078125,0.504913330078125,0.4950866401195526,0.504913330078125,0,5,3,zero_shot_paired
5,3,0,4,60,1,1,1,0.5025339722633362,0.5025339722633362,0.4974660277366638,0.5025339722633362,0,5,3,zero_shot_paired
5,4,0,5,60,0,1,0,0.5036705136299133,0.5036705136299133,0.4963294565677643,0.5036705136299133,0,5,3,zero_shot_paired
5,5,0,6,60,1,1,1,0.5018304586410522,0.5018304586410522,0.49816957116127014,0.5018304586410522,0,5,3,zero_shot_paired
5,6,0,7,60,0,1,0,0.5040491819381714,0.5040491819381714,0.495950847864151,0.5040491819381714,0,5,3,zero_shot_paired
5,7,0,9,60,1,1,1,0.5023783445358276,0.5023783445358276,0.49762162566185,0.5023783445358276,0,5,3,zero_shot_paired
5,8,0,10,60,1,1,1,0.5043686032295227,0.5043686032295227,0.4956314265727997,0.5043686032295227,0,5,3,zero_shot_paired
5,9,0,12,60,1,1,1,0.5021251440048218,0.5021251440048218,0.49787482619285583,0.5021251440048218,0,5,3,zero_shot_paired
5,10,0,13,60,1,1,1,0.5029416084289551,0.5029416084289551,0.4970584213733673,0.5029416084289551,0,5,3,zero_shot_paired
5,11,0,14,60,0,0,1,0.5000882744789124,0.5000882744789124,0.5000882744789124,0.49991166591644287,0,5,3,zero_shot_paired
5,12,0,15,60,1,1,1,0.5053579807281494,0.5053579807281494,0.4946419894695282,0.5053579807281494,0,5,3,zero_shot_paired
5,13,0,16,60,0,1,0,0.5029159784317017,0.5029159784317017,0.49708402156829834,0.5029159784317017,0,5,3,zero_shot_paired
5,14,0,17,60,1,1,1,0.5033740997314453,0.5033740997314453,0.4966258704662323,0.5033740997314453,0,5,3,zero_shot_paired
5,0,0,1,60,1,1,1,0.5034647583961487,0.5034647583961487,0.4965352714061737,0.5034647583961487,0,5,3,post_calibration
5,1,0,2,60,1,1,1,0.5041384696960449,0.5041384696960449,0.4958615005016327,0.5041384696960449,0,5,3,post_calibration
5,2,0,3,60,1,1,1,0.5042006373405457,0.5042006373405457,0.49579936265945435,0.5042006373405457,0,5,3,post_calibration
5,3,0,4,60,1,1,1,0.502066969871521,0.502066969871521,0.497933030128479,0.502066969871521,0,5,3,post_calibration
5,4,0,5,60,0,1,0,0.5031782984733582,0.5031782984733582,0.49682167172431946,0.5031782984733582,0,5,3,post_calibration
5,5,0,6,60,1,1,1,0.5011885762214661,0.5011885762214661,0.49881142377853394,0.5011885762214661,0,5,3,post_calibration
5,6,0,7,60,0,1,0,0.5036903023719788,0.5036903023719788,0.49630969762802124,0.5036903023719788,0,5,3,post_calibration
5,7,0,9,60,1,1,1,0.5019025802612305,0.5019025802612305,0.49809741973876953,0.5019025802612305,0,5,3,post_calibration
5,8,0,10,60,1,1,1,0.5039573311805725,0.5039573311805725,0.4960426390171051,0.5039573311805725,0,5,3,post_calibration
5,9,0,12,60,1,1,1,0.5018296837806702,0.5018296837806702,0.4981703460216522,0.5018296837806702,0,5,3,post_calibration
5,10,0,13,60,1,1,1,0.5020532608032227,0.5020532608032227,0.49794673919677734,0.5020532608032227,0,5,3,post_calibration
5,11,0,14,60,0,0,1,0.5005788803100586,0.5005788803100586,0.5005788803100586,0.4994211494922638,0,5,3,post_calibration
5,12,0,15,60,1,1,1,0.5044445395469666,0.5044445395469666,0.49555543065071106,0.5044445395469666,0,5,3,post_calibration
5,13,0,16,60,0,1,0,0.5023235082626343,0.5023235082626343,0.4976764917373657,0.5023235082626343,0,5,3,post_calibration
5,14,0,17,60,1,1,1,0.5026922821998596,0.5026922821998596,0.49730774760246277,0.5026922821998596,0,5,3,post_calibration
6,0,0,0,60,1,1,1,0.5036755800247192,0.5036755800247192,0.49632444977760315,0.5036755800247192,0,6,3,zero_shot_paired
6,1,0,2,60,1,1,1,0.5048004984855652,0.5048004984855652,0.4951995015144348,0.5048004984855652,0,6,3,zero_shot_paired
6,2,0,4,60,1,1,1,0.5025339722633362,0.5025339722633362,0.4974660277366638,0.5025339722633362,0,6,3,zero_shot_paired
6,3,0,5,60,0,1,0,0.5036705136299133,0.5036705136299133,0.4963294565677643,0.5036705136299133,0,6,3,zero_shot_paired
6,4,0,6,60,1,1,1,0.5018304586410522,0.5018304586410522,0.49816957116127014,0.5018304586410522,0,6,3,zero_shot_paired
6,5,0,7,60,0,1,0,0.5040491819381714,0.5040491819381714,0.495950847864151,0.5040491819381714,0,6,3,zero_shot_paired
6,6,0,8,60,0,1,0,0.5032691359519958,0.5032691359519958,0.49673083424568176,0.5032691359519958,0,6,3,zero_shot_paired
6,7,0,9,60,1,1,1,0.5023783445358276,0.5023783445358276,0.49762162566185,0.5023783445358276,0,6,3,zero_shot_paired
6,8,0,11,60,1,1,1,0.5025772452354431,0.5025772452354431,0.49742281436920166,0.5025772452354431,0,6,3,zero_shot_paired
6,9,0,12,60,1,1,1,0.5021251440048218,0.5021251440048218,0.49787482619285583,0.5021251440048218,0,6,3,zero_shot_paired
6,10,0,13,60,1,1,1,0.5029416084289551,0.5029416084289551,0.4970584213733673,0.5029416084289551,0,6,3,zero_shot_paired
6,11,0,14,60,0,0,1,0.5000882744789124,0.5000882744789124,0.5000882744789124,0.49991166591644287,0,6,3,zero_shot_paired
6,12,0,15,60,1,1,1,0.5053579807281494,0.5053579807281494,0.4946419894695282,0.5053579807281494,0,6,3,zero_shot_paired
6,13,0,16,60,0,1,0,0.5029159784317017,0.5029159784317017,0.49708402156829834,0.5029159784317017,0,6,3,zero_shot_paired
6,14,0,17,60,1,1,1,0.5033740997314453,0.5033740997314453,0.4966258704662323,0.5033740997314453,0,6,3,zero_shot_paired
6,0,0,0,60,1,1,1,0.5049264430999756,0.5049264430999756,0.4950735569000244,0.5049264430999756,0,6,3,post_calibration
6,1,0,2,60,1,1,1,0.5061904788017273,0.5061904788017273,0.4938095211982727,0.5061904788017273,0,6,3,post_calibration
6,2,0,4,60,1,1,1,0.503873884677887,0.503873884677887,0.49612611532211304,0.503873884677887,0,6,3,post_calibration
6,3,0,5,60,0,1,0,0.5052038431167603,0.5052038431167603,0.49479615688323975,0.5052038431167603,0,6,3,post_calibration
6,4,0,6,60,1,1,1,0.5030698776245117,0.5030698776245117,0.4969300925731659,0.5030698776245117,0,6,3,post_calibration
6,5,0,7,60,0,1,0,0.5054264068603516,0.5054264068603516,0.49457356333732605,0.5054264068603516,0,6,3,post_calibration
6,6,0,8,60,0,1,0,0.5047475099563599,0.5047475099563599,0.49525246024131775,0.5047475099563599,0,6,3,post_calibration
6,7,0,9,60,1,1,1,0.503407895565033,0.503407895565033,0.49659213423728943,0.503407895565033,0,6,3,post_calibration
6,8,0,11,60,1,1,1,0.5036798715591431,0.5036798715591431,0.4963201582431793,0.5036798715591431,0,6,3,post_calibration
6,9,0,12,60,1,1,1,0.5031561851501465,0.5031561851501465,0.4968438148498535,0.5031561851501465,0,6,3,post_calibration
6,10,0,13,60,1,1,1,0.5042275190353394,0.5042275190353394,0.4957725405693054,0.5042275190353394,0,6,3,post_calibration
6,11,0,14,60,0,1,0,0.5009076595306396,0.5009076595306396,0.49909237027168274,0.5009076595306396,0,6,3,post_calibration
6,12,0,15,60,1,1,1,0.506532609462738,0.506532609462738,0.49346739053726196,0.506532609462738,0,6,3,post_calibration
6,13,0,16,60,0,1,0,0.5041091442108154,0.5041091442108154,0.4958908259868622,0.5041091442108154,0,6,3,post_calibration
6,14,0,17,60,1,1,1,0.5048060417175293,0.5048060417175293,0.4951939582824707,0.5048060417175293,0,6,3,post_calibration
7,0,0,0,60,1,1,1,0.5036755800247192,0.5036755800247192,0.49632444977760315,0.5036755800247192,0,1,6,zero_shot_paired
7,1,0,1,60,1,1,1,0.5039065480232239,0.5039065480232239,0.4960934519767761,0.5039065480232239,0,1,6,zero_shot_paired
7,2,0,3,60,1,1,1,0.504913330078125,0.504913330078125,0.4950866401195526,0.504913330078125,0,1,6,zero_shot_paired
7,3,0,5,60,0,1,0,0.5036705136299133,0.5036705136299133,0.4963294565677643,0.5036705136299133,0,1,6,zero_shot_paired
7,4,0,6,60,1,1,1,0.5018304586410522,0.5018304586410522,0.49816957116127014,0.5018304586410522,0,1,6,zero_shot_paired
7,5,0,8,60,0,1,0,0.5032691359519958,0.5032691359519958,0.49673083424568176,0.5032691359519958,0,1,6,zero_shot_paired
7,6,0,9,60,1,1,1,0.5023783445358276,0.5023783445358276,0.49762162566185,0.5023783445358276,0,1,6,zero_shot_paired
7,7,0,10,60,1,1,1,0.5043686032295227,0.5043686032295227,0.4956314265727997,0.5043686032295227,0,1,6,zero_shot_paired
7,8,0,11,60,1,1,1,0.5025772452354431,0.5025772452354431,0.49742281436920166,0.5025772452354431,0,1,6,zero_shot_paired
7,9,0,14,60,0,0,1,0.5000882744789124,0.5000882744789124,0.5000882744789124,0.49991166591644287,0,1,6,zero_shot_paired
7,10,0,15,60,1,1,1,0.5053579807281494,0.5053579807281494,0.4946419894695282,0.5053579807281494,0,1,6,zero_shot_paired
7,11,0,17,60,1,1,1,0.5033740997314453,0.5033740997314453,0.4966258704662323,0.5033740997314453,0,1,6,zero_shot_paired
7,0,0,0,60,1,1,1,0.5046374201774597,0.5046374201774597,0.49536260962486267,0.5046374201774597,0,1,6,post_calibration
7,1,0,1,60,1,1,1,0.5045199394226074,0.5045199394226074,0.4954800009727478,0.5045199394226074,0,1,6,post_calibration
7,2,0,3,60,1,1,1,0.5054686069488525,0.5054686069488525,0.49453139305114746,0.5054686069488525,0,1,6,post_calibration
7,3,0,5,60,0,1,0,0.5044389963150024,0.5044389963150024,0.49556100368499756,0.5044389963150024,0,1,6,post_calibration
7,4,0,6,60,1,1,1,0.5027397274971008,0.5027397274971008,0.4972602128982544,0.5027397274971008,0,1,6,post_calibration
7,5,0,8,60,0,1,0,0.5042741894721985,0.5042741894721985,0.4957258403301239,0.5042741894721985,0,1,6,post_calibration
7,6,0,9,60,1,1,1,0.5032200813293457,0.5032200813293457,0.4967799186706543,0.5032200813293457,0,1,6,post_calibration
7,7,0,10,60,1,1,1,0.5050088167190552,0.5050088167190552,0.49499112367630005,0.5050088167190552,0,1,6,post_calibration
7,8,0,11,60,1,1,1,0.5031816363334656,0.5031816363334656,0.4968184232711792,0.5031816363334656,0,1,6,post_calibration
7,9,0,14,60,0,1,0,0.5005889534950256,0.5005889534950256,0.49941110610961914,0.5005889534950256,0,1,6,post_calibration
7,10,0,15,60,1,1,1,0.5059115886688232,0.5059115886688232,0.49408838152885437,0.5059115886688232,0,1,6,post_calibration
7,11,0,17,60,1,1,1,0.5037919282913208,0.5037919282913208,0.4962080717086792,0.5037919282913208,0,1,6,post_calibration
8,0,0,1,60,1,1,1,0.5039065480232239,0.5039065480232239,0.4960934519767761,0.5039065480232239,0,2,6,zero_shot_paired
8,1,0,2,60,1,1,1,0.5048004984855652,0.5048004984855652,0.4951995015144348,0.5048004984855652,0,2,6,zero_shot_paired
8,2,0,4,60,1,1,1,0.5025339722633362,0.5025339722633362,0.4974660277366638,0.5025339722633362,0,2,6,zero_shot_paired
8,3,0,5,60,0,1,0,0.5036705136299133,0.5036705136299133,0.4963294565677643,0.5036705136299133,0,2,6,zero_shot_paired
8,4,0,6,60,1,1,1,0.5018304586410522,0.5018304586410522,0.49816957116127014,0.5018304586410522,0,2,6,zero_shot_paired
8,5,0,7,60,0,1,0,0.5040491819381714,0.5040491819381714,0.495950847864151,0.5040491819381714,0,2,6,zero_shot_paired
8,6,0,12,60,1,1,1,0.5021251440048218,0.5021251440048218,0.49787482619285583,0.5021251440048218,0,2,6,zero_shot_paired
8,7,0,13,60,1,1,1,0.5029416084289551,0.5029416084289551,0.4970584213733673,0.5029416084289551,0,2,6,zero_shot_paired
8,8,0,14,60,0,0,1,0.5000882744789124,0.5000882744789124,0.5000882744789124,0.49991166591644287,0,2,6,zero_shot_paired
8,9,0,15,60,1,1,1,0.5053579807281494,0.5053579807281494,0.4946419894695282,0.5053579807281494,0,2,6,zero_shot_paired
8,10,0,16,60,0,1,0,0.5029159784317017,0.5029159784317017,0.49708402156829834,0.5029159784317017,0,2,6,zero_shot_paired
8,11,0,17,60,1,1,1,0.5033740997314453,0.5033740997314453,0.4966258704662323,0.5033740997314453,0,2,6,zero_shot_paired
8,0,0,1,60,1,1,1,0.5052870512008667,0.5052870512008667,0.4947129487991333,0.5052870512008667,0,2,6,post_calibration
8,1,0,2,60,1,1,1,0.506207287311554,0.506207287311554,0.49379274249076843,0.506207287311554,0,2,6,post_calibration
8,2,0,4,60,1,1,1,0.5037848949432373,0.5037848949432373,0.4962151348590851,0.5037848949432373,0,2,6,post_calibration
8,3,0,5,60,0,1,0,0.5049347281455994,0.5049347281455994,0.49506527185440063,0.5049347281455994,0,2,6,post_calibration
8,4,0,6,60,1,1,1,0.5031507015228271,0.5031507015228271,0.49684932827949524,0.5031507015228271,0,2,6,post_calibration
8,5,0,7,60,0,1,0,0.505322277545929,0.505322277545929,0.49467766284942627,0.505322277545929,0,2,6,post_calibration
8,6,0,12,60,1,1,1,0.5029973387718201,0.5029973387718201,0.4970027208328247,0.5029973387718201,0,2,6,post_calibration
8,7,0,13,60,1,1,1,0.5041583180427551,0.5041583180427551,0.4958416223526001,0.5041583180427551,0,2,6,post_calibration
8,8,0,14,60,0,1,0,0.5007991194725037,0.5007991194725037,0.49920088052749634,0.5007991194725037,0,2,6,post_calibration
8,9,0,15,60,1,1,1,0.506684422492981,0.506684422492981,0.49331554770469666,0.506684422492981,0,2,6,post_calibration
8,10,0,16,60,0,1,0,0.5040640234947205,0.5040640234947205,0.49593600630760193,0.5040640234947205,0,2,6,post_calibration
8,11,0,17,60,1,1,1,0.504621684551239,0.504621684551239,0.495378315448761,0.504621684551239,0,2,6,post_calibration
9,0,0,0,60,1,1,1,0.5036755800247192,0.5036755800247192,0.49632444977760315,0.5036755800247192,0,3,6,zero_shot_paired
9,1,0,2,60,1,1,1,0.5048004984855652,0.5048004984855652,0.4951995015144348,0.5048004984855652,0,3,6,zero_shot_paired
9,2,0,3,60,1,1,1,0.504913330078125,0.504913330078125,0.4950866401195526,0.504913330078125,0,3,6,zero_shot_paired
9,3,0,4,60,1,1,1,0.5025339722633362,0.5025339722633362,0.4974660277366638,0.5025339722633362,0,3,6,zero_shot_paired
9,4,0,7,60,0,1,0,0.5040491819381714,0.5040491819381714,0.495950847864151,0.5040491819381714,0,3,6,zero_shot_paired
9,5,0,8,60,0,1,0,0.5032691359519958,0.5032691359519958,0.49673083424568176,0.5032691359519958,0,3,6,zero_shot_paired
9,6,0,9,60,1,1,1,0.5023783445358276,0.5023783445358276,0.49762162566185,0.5023783445358276,0,3,6,zero_shot_paired
9,7,0,10,60,1,1,1,0.5043686032295227,0.5043686032295227,0.4956314265727997,0.5043686032295227,0,3,6,zero_shot_paired
9,8,0,11,60,1,1,1,0.5025772452354431,0.5025772452354431,0.49742281436920166,0.5025772452354431,0,3,6,zero_shot_paired
9,9,0,12,60,1,1,1,0.5021251440048218,0.5021251440048218,0.49787482619285583,0.5021251440048218,0,3,6,zero_shot_paired
9,10,0,13,60,1,1,1,0.5029416084289551,0.5029416084289551,0.4970584213733673,0.5029416084289551,0,3,6,zero_shot_paired
9,11,0,16,60,0,1,0,0.5029159784317017,0.5029159784317017,0.49708402156829834,0.5029159784317017,0,3,6,zero_shot_paired
9,0,0,0,60,1,1,1,0.5042205452919006,0.5042205452919006,0.49577945470809937,0.5042205452919006,0,3,6,post_calibration
9,1,0,2,60,1,1,1,0.505510151386261,0.505510151386261,0.494489848613739,0.505510151386261,0,3,6,post_calibration
9,2,0,3,60,1,1,1,0.5056250095367432,0.5056250095367432,0.49437496066093445,0.5056250095367432,0,3,6,post_calibration
9,3,0,4,60,1,1,1,0.5031638741493225,0.5031638741493225,0.4968361556529999,0.5031638741493225,0,3,6,post_calibration
9,4,0,7,60,0,1,0,0.5047480463981628,0.5047480463981628,0.49525195360183716,0.5047480463981628,0,3,6,post_calibration
9,5,0,8,60,0,1,0,0.5039519667625427,0.5039519667625427,0.49604806303977966,0.5039519667625427,0,3,6,post_calibration
9,6,0,9,60,1,1,1,0.5028319358825684,0.5028319358825684,0.4971681237220764,0.5028319358825684,0,3,6,post_calibration
9,7,0,10,60,1,1,1,0.5050865411758423,0.5050865411758423,0.4949134588241577,0.5050865411758423,0,3,6,post_calibration
9,8,0,11,60,1,1,1,0.50313800573349,0.50313800573349,0.49686199426651,0.50313800573349,0,3,6,post_calibration
9,9,0,12,60,1,1,1,0.5024111270904541,0.5024111270904541,0.4975888431072235,0.5024111270904541,0,3,6,post_calibration
9,10,0,13,60,1,1,1,0.5035419464111328,0.5035419464111328,0.4964580833911896,0.5035419464111328,0,3,6,post_calibration
9,11,0,16,60,0,1,0,0.5036052465438843,0.5036052465438843,0.4963947832584381,0.5036052465438843,0,3,6,post_calibration
10,0,0,0,60,1,1,1,0.5036755800247192,0.5036755800247192,0.49632444977760315,0.5036755800247192,0,1,9,zero_shot_paired
10,1,0,1,60,1,1,1,0.5039066672325134,0.5039066672325134,0.49609336256980896,0.5039066672325134,0,1,9,zero_shot_paired
10,2,0,3,60,1,1,1,0.504913330078125,0.504913330078125,0.4950866401195526,0.504913330078125,0,1,9,zero_shot_paired
10,3,0,4,60,1,1,1,0.5025339722633362,0.5025339722633362,0.49746599793434143,0.5025339722633362,0,1,9,zero_shot_paired
10,4,0,5,60,0,1,0,0.5036704540252686,0.5036704540252686,0.49632951617240906,0.5036704540252686,0,1,9,zero_shot_paired
10,5,0,9,60,1,1,1,0.5023784041404724,0.5023784041404724,0.49762162566185,0.5023784041404724,0,1,9,zero_shot_paired
10,6,0,10,60,1,1,1,0.5043686032295227,0.5043686032295227,0.4956313967704773,0.5043686032295227,0,1,9,zero_shot_paired
10,7,0,11,60,1,1,1,0.5025771856307983,0.5025771856307983,0.49742281436920166,0.5025771856307983,0,1,9,zero_shot_paired
10,8,0,16,60,0,1,0,0.5029160380363464,0.5029160380363464,0.49708396196365356,0.5029160380363464,0,1,9,zero_shot_paired
10,0,0,0,60,1,1,1,0.5048651695251465,0.5048651695251465,0.4951348602771759,0.5048651695251465,0,1,9,post_calibration
10,1,0,1,60,1,1,1,0.505085289478302,0.505085289478302,0.494914710521698,0.505085289478302,0,1,9,post_calibration
10,2,0,3,60,1,1,1,0.5061498880386353,0.5061498880386353,0.4938501715660095,0.5061498880386353,0,1,9,post_calibration
10,3,0,4,60,1,1,1,0.5039063096046448,0.5039063096046448,0.4960937201976776,0.5039063096046448,0,1,9,post_calibration
10,4,0,5,60,0,1,0,0.5050560235977173,0.5050560235977173,0.4949440062046051,0.5050560235977173,0,1,9,post_calibration
10,5,0,9,60,1,1,1,0.5033732056617737,0.5033732056617737,0.49662676453590393,0.5033732056617737,0,1,9,post_calibration
10,6,0,10,60,1,1,1,0.5055553913116455,0.5055553913116455,0.4944446086883545,0.5055553913116455,0,1,9,post_calibration
10,7,0,11,60,1,1,1,0.5036282539367676,0.5036282539367676,0.4963717758655548,0.5036282539367676,0,1,9,post_calibration
10,8,0,16,60,0,1,0,0.5041413307189941,0.5041413307189941,0.49585863947868347,0.5041413307189941,0,1,9,post_calibration
11,0,0,2,60,1,1,1,0.50480055809021,0.50480055809021,0.49519941210746765,0.50480055809021,0,2,9,zero_shot_paired
11,1,0,6,60,1,1,1,0.5018304586410522,0.5018304586410522,0.49816954135894775,0.5018304586410522,0,2,9,zero_shot_paired
11,2,0,7,60,0,1,0,0.5040491223335266,0.5040491223335266,0.4959509074687958,0.5040491223335266,0,2,9,zero_shot_paired
11,3,0,8,60,0,1,0,0.5032691359519958,0.5032691359519958,0.49673083424568176,0.5032691359519958,0,2,9,zero_shot_paired
11,4,0,12,60,1,1,1,0.5021251440048218,0.5021251440048218,0.4978748559951782,0.5021251440048218,0,2,9,zero_shot_paired
11,5,0,13,60,1,1,1,0.5029414892196655,0.5029414892196655,0.4970585107803345,0.5029414892196655,0,2,9,zero_shot_paired
11,6,0,14,60,0,0,1,0.5000883340835571,0.5000883340835571,0.5000883340835571,0.49991166591644287,0,2,9,zero_shot_paired
11,7,0,15,60,1,1,1,0.5053580403327942,0.5053580403327942,0.4946419894695282,0.5053580403327942,0,2,9,zero_shot_paired
11,8,0,17,60,1,1,1,0.5033741593360901,0.5033741593360901,0.4966258108615875,0.5033741593360901,0,2,9,zero_shot_paired
11,0,0,2,60,1,1,1,0.5061850547790527,0.5061850547790527,0.4938149154186249,0.5061850547790527,0,2,9,post_calibration
11,1,0,6,60,1,1,1,0.5030788779258728,0.5030788779258728,0.4969210922718048,0.5030788779258728,0,2,9,post_calibration
11,2,0,7,60,0,1,0,0.5052766799926758,0.5052766799926758,0.4947233498096466,0.5052766799926758,0,2,9,post_calibration
11,3,0,8,60,0,1,0,0.5045461058616638,0.5045461058616638,0.49545392394065857,0.5045461058616638,0,2,9,post_calibration
11,4,0,12,60,1,1,1,0.5033491849899292,0.5033491849899292,0.4966508448123932,0.5033491849899292,0,2,9,post_calibration
11,5,0,13,60,1,1,1,0.5046595931053162,0.5046595931053162,0.4953404366970062,0.5046595931053162,0,2,9,post_calibration
11,6,0,14,60,0,1,0,0.5011368989944458,0.5011368989944458,0.4988630712032318,0.5011368989944458,0,2,9,post_calibration
11,7,0,15,60,1,1,1,0.506994366645813,0.506994366645813,0.4930056631565094,0.506994366645813,0,2,9,post_calibration
11,8,0,17,60,1,1,1,0.5046452879905701,0.5046452879905701,0.49535468220710754,0.5046452879905701,0,2,9,post_calibration
12,0,0,3,60,1,1,1,0.5049129128456116,0.5049129128456116,0.4950870871543884,0.5049129128456116,0,1,12,zero_shot_paired
12,1,0,4,60,1,1,1,0.502534031867981,0.502534031867981,0.49746590852737427,0.502534031867981,0,1,12,zero_shot_paired
12,2,0,9,60,1,1,1,0.5023794174194336,0.5023794174194336,0.4976205825805664,0.5023794174194336,0,1,12,zero_shot_paired
12,3,0,10,60,1,1,1,0.5043702125549316,0.5043702125549316,0.49562978744506836,0.5043702125549316,0,1,12,zero_shot_paired
12,4,0,14,60,0,0,1,0.500087320804596,0.500087320804596,0.500087320804596,0.49991267919540405,0,1,12,zero_shot_paired
12,5,0,16,60,0,1,0,0.5029160976409912,0.5029160976409912,0.4970839023590088,0.5029160976409912,0,1,12,zero_shot_paired
12,0,0,3,60,1,1,1,0.5064758658409119,0.5064758658409119,0.49352413415908813,0.5064758658409119,0,1,12,post_calibration
12,1,0,4,60,1,1,1,0.5038519501686096,0.5038519501686096,0.49614807963371277,0.5038519501686096,0,1,12,post_calibration
12,2,0,9,60,1,1,1,0.5036557912826538,0.5036557912826538,0.4963442087173462,0.5036557912826538,0,1,12,post_calibration
12,3,0,10,60,1,1,1,0.5062076449394226,0.5062076449394226,0.493792325258255,0.5062076449394226,0,1,12,post_calibration
12,4,0,14,60,0,1,0,0.5012739896774292,0.5012739896774292,0.498725950717926,0.5012739896774292,0,1,12,post_calibration
12,5,0,16,60,0,1,0,0.5048880577087402,0.5048880577087402,0.49511197209358215,0.5048880577087402,0,1,12,post_calibration
13,0,0,0,60,1,1,1,0.5036752820014954,0.5036752820014954,0.49632468819618225,0.5036752820014954,0,2,12,zero_shot_paired
13,1,0,4,60,1,1,1,0.502534031867981,0.502534031867981,0.49746590852737427,0.502534031867981,0,2,12,zero_shot_paired
13,2,0,5,60,0,1,0,0.503670334815979,0.503670334815979,0.496329665184021,0.503670334815979,0,2,12,zero_shot_paired
13,3,0,12,60,1,1,1,0.5021250247955322,0.5021250247955322,0.4978749752044678,0.5021250247955322,0,2,12,zero_shot_paired
13,4,0,14,60,0,0,1,0.500087320804596,0.500087320804596,0.500087320804596,0.49991267919540405,0,2,12,zero_shot_paired
13,5,0,17,60,1,1,1,0.5033733248710632,0.5033733248710632,0.49662667512893677,0.5033733248710632,0,2,12,zero_shot_paired
13,0,0,0,60,1,1,1,0.5044291615486145,0.5044291615486145,0.4955708086490631,0.5044291615486145,0,2,12,post_calibration
13,1,0,4,60,1,1,1,0.5037173628807068,0.5037173628807068,0.4962826073169708,0.5037173628807068,0,2,12,post_calibration
13,2,0,5,60,0,1,0,0.5046621561050415,0.5046621561050415,0.4953378438949585,0.5046621561050415,0,2,12,post_calibration
13,3,0,12,60,1,1,1,0.5028452277183533,0.5028452277183533,0.49715474247932434,0.5028452277183533,0,2,12,post_calibration
13,4,0,14,60,0,1,0,0.5007462501525879,0.5007462501525879,0.4992538094520569,0.5007462501525879,0,2,12,post_calibration
13,5,0,17,60,1,1,1,0.504488468170166,0.504488468170166,0.49551156163215637,0.504488468170166,0,2,12,post_calibration
14,0,0,1,60,1,1,1,0.5039063096046448,0.5039063096046448,0.4960937201976776,0.5039063096046448,0,3,12,zero_shot_paired
14,1,0,2,60,1,1,1,0.5048004984855652,0.5048004984855652,0.4951995015144348,0.5048004984855652,0,3,12,zero_shot_paired
14,2,0,7,60,0,1,0,0.50404953956604,0.50404953956604,0.49595046043395996,0.50404953956604,0,3,12,zero_shot_paired
14,3,0,10,60,1,1,1,0.5043702125549316,0.5043702125549316,0.49562978744506836,0.5043702125549316,0,3,12,zero_shot_paired
14,4,0,11,60,1,1,1,0.5025771260261536,0.5025771260261536,0.49742287397384644,0.5025771260261536,0,3,12,zero_shot_paired
14,5,0,16,60,0,1,0,0.5029160976409912,0.5029160976409912,0.4970839023590088,0.5029160976409912,0,3,12,zero_shot_paired
14,0,0,1,60,1,1,1,0.5051079988479614,0.5051079988479614,0.4948920011520386,0.5051079988479614,0,3,12,post_calibration
14,1,0,2,60,1,1,1,0.5059542655944824,0.5059542655944824,0.49404576420783997,0.5059542655944824,0,3,12,post_calibration
14,2,0,7,60,0,1,0,0.5055636167526245,0.5055636167526245,0.4944364130496979,0.5055636167526245,0,3,12,post_calibration
14,3,0,10,60,1,1,1,0.5054163336753845,0.5054163336753845,0.4945836365222931,0.5054163336753845,0,3,12,post_calibration
14,4,0,11,60,1,1,1,0.503494143486023,0.503494143486023,0.49650588631629944,0.503494143486023,0,3,12,post_calibration
14,5,0,16,60,0,1,0,0.5044371485710144,0.5044371485710144,0.4955628216266632,0.5044371485710144,0,3,12,post_calibration
2,0,1,0,60,1,0,0,0.5063772201538086,0.5063772201538086,0.5063772201538086,0.493622750043869,1,,,zero_shot_all_trials
2,1,1,1,60,0,1,0,0.5063192844390869,0.5063192844390869,0.4936806857585907,0.5063192844390869,1,,,zero_shot_all_trials
2,2,1,2,60,1,0,0,0.5043365955352783,0.5043365955352783,0.5043365955352783,0.4956634044647217,1,,,zero_shot_all_trials
2,3,1,3,60,0,0,1,0.5028977990150452,0.5028977990150452,0.5028977990150452,0.4971022307872772,1,,,zero_shot_all_trials
2,4,1,4,60,0,0,1,0.5052579641342163,0.5052579641342163,0.5052579641342163,0.4947420656681061,1,,,zero_shot_all_trials
2,5,1,5,60,0,0,1,0.5018574595451355,0.5018574595451355,0.5018574595451355,0.4981425404548645,1,,,zero_shot_all_trials
2,6,1,6,60,1,1,1,0.502129077911377,0.502129077911377,0.49787092208862305,0.502129077911377,1,,,zero_shot_all_trials
2,7,1,7,60,0,1,0,0.5050991177558899,0.5050991177558899,0.4949009120464325,0.5050991177558899,1,,,zero_shot_all_trials
2,8,1,8,60,0,0,1,0.5017797350883484,0.5017797350883484,0.5017797350883484,0.4982202351093292,1,,,zero_shot_all_trials
2,9,1,9,60,0,1,0,0.5036205053329468,0.5036205053329468,0.4963794946670532,0.5036205053329468,1,,,zero_shot_all_trials
2,10,1,10,60,1,1,1,0.5001703500747681,0.5001703500747681,0.49982962012290955,0.5001703500747681,1,,,zero_shot_all_trials
2,11,1,11,60,1,1,1,0.5010729432106018,0.5010729432106018,0.49892711639404297,0.5010729432106018,1,,,zero_shot_all_trials
2,12,1,12,60,1,0,0,0.500286340713501,0.500286340713501,0.500286340713501,0.499713659286499,1,,,zero_shot_all_trials
2,13,1,13,60,0,1,0,0.5004770755767822,0.5004770755767822,0.49952298402786255,0.5004770755767822,1,,,zero_shot_all_trials
2,14,1,14,60,0,1,0,0.5043303966522217,0.5043303966522217,0.49566957354545593,0.5043303966522217,1,,,zero_shot_all_trials
2,15,1,15,60,0,1,0,0.5006808638572693,0.5006808638572693,0.4993191659450531,0.5006808638572693,1,,,zero_shot_all_trials
2,16,1,16,60,0,1,0,0.5032133460044861,0.5032133460044861,0.49678662419319153,0.5032133460044861,1,,,zero_shot_all_trials
2,17,1,17,60,1,0,0,0.5020947456359863,0.5020947456359863,0.5020947456359863,0.49790525436401367,1,,,zero_shot_all_trials
15,0,1,0,60,1,0,0,0.5063771605491638,0.5063771605491638,0.5063771605491638,0.4936228096485138,1,1,3,zero_shot_paired
15,1,1,1,60,0,1,0,0.5063192844390869,0.5063192844390869,0.4936806857585907,0.5063192844390869,1,1,3,zero_shot_paired
15,2,1,2,60,1,0,0,0.5043366551399231,0.5043366551399231,0.5043366551399231,0.4956634044647217,1,1,3,zero_shot_paired
15,3,1,3,60,0,0,1,0.5028978586196899,0.5028978586196899,0.5028978586196899,0.49710217118263245,1,1,3,zero_shot_paired
15,4,1,4,60,0,0,1,0.505257785320282,0.505257785320282,0.505257785320282,0.494742214679718,1,1,3,zero_shot_paired
15,5,1,5,60,0,0,1,0.5018573999404907,0.5018573999404907,0.5018573999404907,0.4981426000595093,1,1,3,zero_shot_paired
15,6,1,6,60,1,1,1,0.5021290183067322,0.5021290183067322,0.49787092208862305,0.5021290183067322,1,1,3,zero_shot_paired
15,7,1,9,60,0,1,0,0.5036205649375916,0.5036205649375916,0.49637946486473083,0.5036205649375916,1,1,3,zero_shot_paired
15,8,1,11,60,1,1,1,0.5010729432106018,0.5010729432106018,0.4989270567893982,0.5010729432106018,1,1,3,zero_shot_paired
15,9,1,12,60,1,0,0,0.500286340713501,0.500286340713501,0.500286340713501,0.499713659286499,1,1,3,zero_shot_paired
15,10,1,13,60,0,1,0,0.5004770159721375,0.5004770159721375,0.49952298402786255,0.5004770159721375,1,1,3,zero_shot_paired
15,11,1,14,60,0,1,0,0.5043305158615112,0.5043305158615112,0.49566948413848877,0.5043305158615112,1,1,3,zero_shot_paired
15,12,1,15,60,0,1,0,0.5006808042526245,0.5006808042526245,0.4993191957473755,0.5006808042526245,1,1,3,zero_shot_paired
15,13,1,16,60,0,1,0,0.5032133460044861,0.5032133460044861,0.4967866539955139,0.5032133460044861,1,1,3,zero_shot_paired
15,14,1,17,60,1,0,0,0.5020948648452759,0.5020948648452759,0.5020948648452759,0.4979051649570465,1,1,3,zero_shot_paired
15,0,1,0,60,1,0,0,0.5067451596260071,0.5067451596260071,0.5067451596260071,0.49325478076934814,1,1,3,post_calibration
15,1,1,1,60,0,1,0,0.5058091282844543,0.5058091282844543,0.49419087171554565,0.5058091282844543,1,1,3,post_calibration
15,2,1,2,60,1,0,0,0.504320502281189,0.504320502281189,0.504320502281189,0.49567949771881104,1,1,3,post_calibration
15,3,1,3,60,0,0,1,0.5032081007957458,0.5032081007957458,0.5032081007957458,0.49679186940193176,1,1,3,post_calibration
15,4,1,4,60,0,0,1,0.5052579045295715,0.5052579045295715,0.5052579045295715,0.4947420656681061,1,1,3,post_calibration
15,5,1,5,60,0,0,1,0.5024150013923645,0.5024150013923645,0.5024150013923645,0.4975849986076355,1,1,3,post_calibration
15,6,1,6,60,1,1,1,0.5015354752540588,0.5015354752540588,0.4984644949436188,0.5015354752540588,1,1,3,post_calibration
15,7,1,9,60,0,1,0,0.503080427646637,0.503080427646637,0.49691957235336304,0.503080427646637,1,1,3,post_calibration
15,8,1,11,60,1,1,1,0.500703752040863,0.500703752040863,0.49929627776145935,0.500703752040863,1,1,3,post_calibration
15,9,1,12,60,1,0,0,0.5005190372467041,0.5005190372467041,0.5005190372467041,0.4994809329509735,1,1,3,post_calibration
15,10,1,13,60,0,1,0,0.5000945329666138,0.5000945329666138,0.49990546703338623,0.5000945329666138,1,1,3,post_calibration
15,11,1,14,60,0,1,0,0.5041522979736328,0.5041522979736328,0.4958477318286896,0.5041522979736328,1,1,3,post_calibration
15,12,1,15,60,0,1,0,0.5005925893783569,0.5005925893783569,0.4994073808193207,0.5005925893783569,1,1,3,post_calibration
15,13,1,16,60,0,1,0,0.5027796030044556,0.5027796030044556,0.49722036719322205,0.5027796030044556,1,1,3,post_calibration
15,14,1,17,60,1,0,0,0.5023802518844604,0.5023802518844604,0.5023802518844604,0.49761977791786194,1,1,3,post_calibration
16,0,1,0,60,1,0,0,0.5063771605491638,0.5063771605491638,0.5063771605491638,0.4936228096485138,1,2,3,zero_shot_paired
16,1,1,1,60,0,1,0,0.5063192844390869,0.5063192844390869,0.4936806857585907,0.5063192844390869,1,2,3,zero_shot_paired
16,2,1,4,60,0,0,1,0.505257785320282,0.505257785320282,0.505257785320282,0.494742214679718,1,2,3,zero_shot_paired
16,3,1,6,60,1,1,1,0.5021290183067322,0.5021290183067322,0.49787092208862305,0.5021290183067322,1,2,3,zero_shot_paired
16,4,1,7,60,0,1,0,0.5050990581512451,0.5050990581512451,0.49490100145339966,0.5050990581512451,1,2,3,zero_shot_paired
16,5,1,8,60,0,0,1,0.5017797350883484,0.5017797350883484,0.5017797350883484,0.498220294713974,1,2,3,zero_shot_paired
16,6,1,9,60,0,1,0,0.5036205649375916,0.5036205649375916,0.49637946486473083,0.5036205649375916,1,2,3,zero_shot_paired
16,7,1,10,60,1,1,1,0.5001700520515442,0.5001700520515442,0.4998299777507782,0.5001700520515442,1,2,3,zero_shot_paired
16,8,1,11,60,1,1,1,0.5010729432106018,0.5010729432106018,0.4989270567893982,0.5010729432106018,1,2,3,zero_shot_paired
16,9,1,12,60,1,0,0,0.500286340713501,0.500286340713501,0.500286340713501,0.499713659286499,1,2,3,zero_shot_paired
16,10,1,13,60,0,1,0,0.5004770159721375,0.5004770159721375,0.49952298402786255,0.5004770159721375,1,2,3,zero_shot_paired
16,11,1,14,60,0,1,0,0.5043305158615112,0.5043305158615112,0.49566948413848877,0.5043305158615112,1,2,3,zero_shot_paired
16,12,1,15,60,0,1,0,0.5006808042526245,0.5006808042526245,0.4993191957473755,0.5006808042526245,1,2,3,zero_shot_paired
16,13,1,16,60,0,1,0,0.5032133460044861,0.5032133460044861,0.4967866539955139,0.5032133460044861,1,2,3,zero_shot_paired
16,14,1,17,60,1,0,0,0.5020948648452759,0.5020948648452759,0.5020948648452759,0.4979051649570465,1,2,3,zero_shot_paired
16,0,1,0,60,1,0,0,0.5067036747932434,0.5067036747932434,0.5067036747932434,0.493296355009079,1,2,3,post_calibration
16,1,1,1,60,0,1,0,0.5062727928161621,0.5062727928161621,0.4937271773815155,0.5062727928161621,1,2,3,post_calibration
16,2,1,4,60,0,0,1,0.505270779132843,0.505270779132843,0.505270779132843,0.494729220867157,1,2,3,post_calibration
16,3,1,6,60,1,1,1,0.5020236372947693,0.5020236372947693,0.4979763329029083,0.5020236372947693,1,2,3,post_calibration
16,4,1,7,60,0,1,0,0.5050505995750427,0.5050505995750427,0.4949494004249573,0.5050505995750427,1,2,3,post_calibration
16,5,1,8,60,0,0,1,0.5020554065704346,0.5020554065704346,0.5020554065704346,0.49794456362724304,1,2,3,post_calibration
16,6,1,9,60,0,1,0,0.5035257935523987,0.5035257935523987,0.4964742362499237,0.5035257935523987,1,2,3,post_calibration
16,7,1,10,60,1,1,1,0.5000159740447998,0.5000159740447998,0.4999840557575226,0.5000159740447998,1,2,3,post_calibration
16,8,1,11,60,1,1,1,0.500607430934906,0.500607430934906,0.499392569065094,0.500607430934906,1,2,3,post_calibration
16,9,1,12,60,1,0,0,0.5005167722702026,0.5005167722702026,0.5005167722702026,0.499483197927475,1,2,3,post_calibration
16,10,1,13,60,0,1,0,0.5001206398010254,0.5001206398010254,0.4998793601989746,0.5001206398010254,1,2,3,post_calibration
16,11,1,14,60,0,1,0,0.5043056607246399,0.5043056607246399,0.4956943988800049,0.5043056607246399,1,2,3,post_calibration
16,12,1,15,60,0,1,0,0.5004146099090576,0.5004146099090576,0.49958536028862,0.5004146099090576,1,2,3,post_calibration
16,13,1,16,60,0,1,0,0.5035130977630615,0.5035130977630615,0.49648693203926086,0.5035130977630615,1,2,3,post_calibration
16,14,1,17,60,1,0,0,0.50243079662323,0.50243079662323,0.50243079662323,0.49756920337677,1,2,3,post_calibration
17,0,1,0,60,1,0,0,0.5063771605491638,0.5063771605491638,0.5063771605491638,0.4936228096485138,1,3,3,zero_shot_paired
17,1,1,2,60,1,0,0,0.5043366551399231,0.5043366551399231,0.5043366551399231,0.4956634044647217,1,3,3,zero_shot_paired
17,2,1,3,60,0,0,1,0.5028978586196899,0.5028978586196899,0.5028978586196899,0.49710217118263245,1,3,3,zero_shot_paired
17,3,1,4,60,0,0,1,0.505257785320282,0.505257785320282,0.505257785320282,0.494742214679718,1,3,3,zero_shot_paired
17,4,1,5,60,0,0,1,0.5018573999404907,0.5018573999404907,0.5018573999404907,0.4981426000595093,1,3,3,zero_shot_paired
17,5,1,6,60,1,1,1,0.5021290183067322,0.5021290183067322,0.49787092208862305,0.5021290183067322,1,3,3,zero_shot_paired
17,6,1,7,60,0,1,0,0.5050990581512451,0.5050990581512451,0.49490100145339966,0.5050990581512451,1,3,3,zero_shot_paired
17,7,1,8,60,0,0,1,0.5017797350883484,0.5017797350883484,0.5017797350883484,0.498220294713974,1,3,3,zero_shot_paired
17,8,1,9,60,0,1,0,0.5036205649375916,0.5036205649375916,0.49637946486473083,0.5036205649375916,1,3,3,zero_shot_paired
17,9,1,10,60,1,1,1,0.5001700520515442,0.5001700520515442,0.4998299777507782,0.5001700520515442,1,3,3,zero_shot_paired
17,10,1,13,60,0,1,0,0.5004770159721375,0.5004770159721375,0.49952298402786255,0.5004770159721375,1,3,3,zero_shot_paired
17,11,1,14,60,0,1,0,0.5043305158615112,0.5043305158615112,0.49566948413848877,0.5043305158615112,1,3,3,zero_shot_paired
17,12,1,15,60,0,1,0,0.5006808042526245,0.5006808042526245,0.4993191957473755,0.5006808042526245,1,3,3,zero_shot_paired
17,13,1,16,60,0,1,0,0.5032133460044861,0.5032133460044861,0.4967866539955139,0.5032133460044861,1,3,3,zero_shot_paired
17,14,1,17,60,1,0,0,0.5020948648452759,0.5020948648452759,0.5020948648452759,0.4979051649570465,1,3,3,zero_shot_paired
17,0,1,0,60,1,0,0,0.5065159797668457,0.5065159797668457,0.5065159797668457,0.4934839904308319,1,3,3,post_calibration
17,1,1,2,60,1,0,0,0.5046947002410889,0.5046947002410889,0.5046947002410889,0.4953053593635559,1,3,3,post_calibration
17,2,1,3,60,0,0,1,0.5029740929603577,0.5029740929603577,0.5029740929603577,0.49702587723731995,1,3,3,post_calibration
17,3,1,4,60,0,0,1,0.5053666830062866,0.5053666830062866,0.5053666830062866,0.49463334679603577,1,3,3,post_calibration
17,4,1,5,60,0,0,1,0.5018299221992493,0.5018299221992493,0.5018299221992493,0.4981701076030731,1,3,3,post_calibration
17,5,1,6,60,1,1,1,0.5020090937614441,0.5020090937614441,0.4979909062385559,0.5020090937614441,1,3,3,post_calibration
17,6,1,7,60,0,1,0,0.5046902298927307,0.5046902298927307,0.4953097701072693,0.5046902298927307,1,3,3,post_calibration
17,7,1,8,60,0,0,1,0.5018062591552734,0.5018062591552734,0.5018062591552734,0.49819377064704895,1,3,3,post_calibration
17,8,1,9,60,0,1,0,0.5035990476608276,0.5035990476608276,0.49640095233917236,0.5035990476608276,1,3,3,post_calibration
17,9,1,10,60,1,1,1,0.5001460909843445,0.5001460909843445,0.4998539686203003,0.5001460909843445,1,3,3,post_calibration
17,10,1,13,60,0,1,0,0.5000695586204529,0.5000695586204529,0.4999304413795471,0.5000695586204529,1,3,3,post_calibration
17,11,1,14,60,0,1,0,0.5039571523666382,0.5039571523666382,0.4960428476333618,0.5039571523666382,1,3,3,post_calibration
17,12,1,15,60,0,1,0,0.5005346536636353,0.5005346536636353,0.4994654059410095,0.5005346536636353,1,3,3,post_calibration
17,13,1,16,60,0,1,0,0.502984344959259,0.502984344959259,0.49701568484306335,0.502984344959259,1,3,3,post_calibration
17,14,1,17,60,1,0,0,0.5022478699684143,0.5022478699684143,0.5022478699684143,0.4977521002292633,1,3,3,post_calibration
18,0,1,0,60,1,0,0,0.5063771605491638,0.5063771605491638,0.5063771605491638,0.4936228096485138,1,4,3,zero_shot_paired
18,1,1,1,60,0,1,0,0.5063192844390869,0.5063192844390869,0.4936806857585907,0.5063192844390869,1,4,3,zero_shot_paired
18,2,1,2,60,1,0,0,0.5043366551399231,0.5043366551399231,0.5043366551399231,0.4956634044647217,1,4,3,zero_shot_paired
18,3,1,3,60,0,0,1,0.5028978586196899,0.5028978586196899,0.5028978586196899,0.49710217118263245,1,4,3,zero_shot_paired
18,4,1,4,60,0,0,1,0.505257785320282,0.505257785320282,0.505257785320282,0.494742214679718,1,4,3,zero_shot_paired
18,5,1,5,60,0,0,1,0.5018573999404907,0.5018573999404907,0.5018573999404907,0.4981426000595093,1,4,3,zero_shot_paired
18,6,1,6,60,1,1,1,0.5021290183067322,0.5021290183067322,0.49787092208862305,0.5021290183067322,1,4,3,zero_shot_paired
18,7,1,7,60,0,1,0,0.5050990581512451,0.5050990581512451,0.49490100145339966,0.5050990581512451,1,4,3,zero_shot_paired
18,8,1,8,60,0,0,1,0.5017797350883484,0.5017797350883484,0.5017797350883484,0.498220294713974,1,4,3,zero_shot_paired
18,9,1,10,60,1,1,1,0.5001700520515442,0.5001700520515442,0.4998299777507782,0.5001700520515442,1,4,3,zero_shot_paired
18,10,1,11,60,1,1,1,0.5010729432106018,0.5010729432106018,0.4989270567893982,0.5010729432106018,1,4,3,zero_shot_paired
18,11,1,12,60,1,0,0,0.500286340713501,0.500286340713501,0.500286340713501,0.499713659286499,1,4,3,zero_shot_paired
18,12,1,13,60,0,1,0,0.5004770159721375,0.5004770159721375,0.49952298402786255,0.5004770159721375,1,4,3,zero_shot_paired
18,13,1,14,60,0,1,0,0.5043305158615112,0.5043305158615112,0.49566948413848877,0.5043305158615112,1,4,3,zero_shot_paired
18,14,1,16,60,0,1,0,0.5032133460044861,0.5032133460044861,0.4967866539955139,0.5032133460044861,1,4,3,zero_shot_paired
18,0,1,0,60,1,0,0,0.5062663555145264,0.5062663555145264,0.5062663555145264,0.49373364448547363,1,4,3,post_calibration
18,1,1,1,60,0,1,0,0.5064667463302612,0.5064667463302612,0.4935332238674164,0.5064667463302612,1,4,3,post_calibration
18,2,1,2,60,1,0,0,0.5044850707054138,0.5044850707054138,0.5044850707054138,0.49551495909690857,1,4,3,post_calibration
18,3,1,3,60,0,0,1,0.5028011798858643,0.5028011798858643,0.5028011798858643,0.49719882011413574,1,4,3,post_calibration
18,4,1,4,60,0,0,1,0.5052239298820496,0.5052239298820496,0.5052239298820496,0.4947760999202728,1,4,3,post_calibration
18,5,1,5,60,0,0,1,0.5020660758018494,0.5020660758018494,0.5020660758018494,0.497933954000473,1,4,3,post_calibration
18,6,1,6,60,1,1,1,0.5020138025283813,0.5020138025283813,0.49798622727394104,0.5020138025283813,1,4,3,post_calibration
18,7,1,7,60,0,1,0,0.5050844550132751,0.5050844550132751,0.49491557478904724,0.5050844550132751,1,4,3,post_calibration
18,8,1,8,60,0,0,1,0.5019432306289673,0.5019432306289673,0.5019432306289673,0.4980567991733551,1,4,3,post_calibration
18,9,1,10,60,1,0,0,0.5001210570335388,0.5001210570335388,0.5001210570335388,0.4998789429664612,1,4,3,post_calibration
18,10,1,11,60,1,1,1,0.5008525252342224,0.5008525252342224,0.4991474747657776,0.5008525252342224,1,4,3,post_calibration
18,11,1,12,60,1,0,0,0.5002551078796387,0.5002551078796387,0.5002551078796387,0.49974489212036133,1,4,3,post_calibration
18,12,1,13,60,0,1,0,0.5000677108764648,0.5000677108764648,0.49993228912353516,0.5000677108764648,1,4,3,post_calibration
18,13,1,14,60,0,1,0,0.5041255354881287,0.5041255354881287,0.49587446451187134,0.5041255354881287,1,4,3,post_calibration
18,14,1,16,60,0,1,0,0.5031381249427795,0.5031381249427795,0.49686187505722046,0.5031381249427795,1,4,3,post_calibration
19,0,1,0,60,1,0,0,0.5063771605491638,0.5063771605491638,0.5063771605491638,0.4936228096485138,1,5,3,zero_shot_paired
19,1,1,1,60,0,1,0,0.5063192844390869,0.5063192844390869,0.4936806857585907,0.5063192844390869,1,5,3,zero_shot_paired
19,2,1,2,60,1,0,0,0.5043366551399231,0.5043366551399231,0.5043366551399231,0.4956634044647217,1,5,3,zero_shot_paired
19,3,1,3,60,0,0,1,0.5028978586196899,0.5028978586196899,0.5028978586196899,0.49710217118263245,1,5,3,zero_shot_paired
19,4,1,4,60,0,0,1,0.505257785320282,0.505257785320282,0.505257785320282,0.494742214679718,1,5,3,zero_shot_paired
19,5,1,5,60,0,0,1,0.5018573999404907,0.5018573999404907,0.5018573999404907,0.4981426000595093,1,5,3,zero_shot_paired
19,6,1,7,60,0,1,0,0.5050990581512451,0.5050990581512451,0.49490100145339966,0.5050990581512451,1,5,3,zero_shot_paired
19,7,1,8,60,0,0,1,0.5017797350883484,0.5017797350883484,0.5017797350883484,0.498220294713974,1,5,3,zero_shot_paired
19,8,1,9,60,0,1,0,0.5036205649375916,0.5036205649375916,0.49637946486473083,0.5036205649375916,1,5,3,zero_shot_paired
19,9,1,10,60,1,1,1,0.5001700520515442,0.5001700520515442,0.4998299777507782,0.5001700520515442,1,5,3,zero_shot_paired
19,10,1,11,60,1,1,1,0.5010729432106018,0.5010729432106018,0.4989270567893982,0.5010729432106018,1,5,3,zero_shot_paired
19,11,1,12,60,1,0,0,0.500286340713501,0.500286340713501,0.500286340713501,0.499713659286499,1,5,3,zero_shot_paired
19,12,1,13,60,0,1,0,0.5004770159721375,0.5004770159721375,0.49952298402786255,0.5004770159721375,1,5,3,zero_shot_paired
19,13,1,15,60,0,1,0,0.5006808042526245,0.5006808042526245,0.4993191957473755,0.5006808042526245,1,5,3,zero_shot_paired
19,14,1,17,60,1,0,0,0.5020948648452759,0.5020948648452759,0.5020948648452759,0.4979051649570465,1,5,3,zero_shot_paired
19,0,1,0,60,1,0,0,0.5065935850143433,0.5065935850143433,0.5065935850143433,0.49340638518333435,1,5,3,post_calibration
19,1,1,1,60,0,1,0,0.505791425704956,0.505791425704956,0.49420857429504395,0.505791425704956,1,5,3,post_calibration
19,2,1,2,60,1,0,0,0.504764199256897,0.504764199256897,0.504764199256897,0.495235800743103,1,5,3,post_calibration
19,3,1,3,60,0,0,1,0.503258466720581,0.503258466720581,0.503258466720581,0.49674150347709656,1,5,3,post_calibration
19,4,1,4,60,0,0,1,0.5055426359176636,0.5055426359176636,0.5055426359176636,0.4944573640823364,1,5,3,post_calibration
19,5,1,5,60,0,0,1,0.5021921396255493,0.5021921396255493,0.5021921396255493,0.49780791997909546,1,5,3,post_calibration
19,6,1,7,60,0,1,0,0.5045869946479797,0.5045869946479797,0.49541306495666504,0.5045869946479797,1,5,3,post_calibration
19,7,1,8,60,0,0,1,0.5018501877784729,0.5018501877784729,0.5018501877784729,0.4981498122215271,1,5,3,post_calibration
19,8,1,9,60,0,1,0,0.503293514251709,0.503293514251709,0.4967065155506134,0.503293514251709,1,5,3,post_calibration
19,9,1,10,60,1,0,0,0.5001944303512573,0.5001944303512573,0.5001944303512573,0.4998055398464203,1,5,3,post_calibration
19,10,1,11,60,1,1,1,0.5008801817893982,0.5008801817893982,0.4991198480129242,0.5008801817893982,1,5,3,post_calibration
19,11,1,12,60,1,0,0,0.5004702806472778,0.5004702806472778,0.5004702806472778,0.4995296895503998,1,5,3,post_calibration
19,12,1,13,60,0,1,0,0.5002045035362244,0.5002045035362244,0.49979549646377563,0.5002045035362244,1,5,3,post_calibration
19,13,1,15,60,0,1,0,0.5006152987480164,0.5006152987480164,0.49938473105430603,0.5006152987480164,1,5,3,post_calibration
19,14,1,17,60,1,0,0,0.5020624995231628,0.5020624995231628,0.5020624995231628,0.49793750047683716,1,5,3,post_calibration
20,0,1,1,60,0,1,0,0.5063192844390869,0.5063192844390869,0.4936806857585907,0.5063192844390869,1,6,3,zero_shot_paired
20,1,1,2,60,1,0,0,0.5043366551399231,0.5043366551399231,0.5043366551399231,0.4956634044647217,1,6,3,zero_shot_paired
20,2,1,3,60,0,0,1,0.5028978586196899,0.5028978586196899,0.5028978586196899,0.49710217118263245,1,6,3,zero_shot_paired
20,3,1,5,60,0,0,1,0.5018573999404907,0.5018573999404907,0.5018573999404907,0.4981426000595093,1,6,3,zero_shot_paired
20,4,1,6,60,1,1,1,0.5021290183067322,0.5021290183067322,0.49787092208862305,0.5021290183067322,1,6,3,zero_shot_paired
20,5,1,7,60,0,1,0,0.5050990581512451,0.5050990581512451,0.49490100145339966,0.5050990581512451,1,6,3,zero_shot_paired
20,6,1,8,60,0,0,1,0.5017797350883484,0.5017797350883484,0.5017797350883484,0.498220294713974,1,6,3,zero_shot_paired
20,7,1,9,60,0,1,0,0.5036205649375916,0.5036205649375916,0.49637946486473083,0.5036205649375916,1,6,3,zero_shot_paired
20,8,1,10,60,1,1,1,0.5001700520515442,0.5001700520515442,0.4998299777507782,0.5001700520515442,1,6,3,zero_shot_paired
20,9,1,11,60,1,1,1,0.5010729432106018,0.5010729432106018,0.4989270567893982,0.5010729432106018,1,6,3,zero_shot_paired
20,10,1,12,60,1,0,0,0.500286340713501,0.500286340713501,0.500286340713501,0.499713659286499,1,6,3,zero_shot_paired
20,11,1,14,60,0,1,0,0.5043305158615112,0.5043305158615112,0.49566948413848877,0.5043305158615112,1,6,3,zero_shot_paired
20,12,1,15,60,0,1,0,0.5006808042526245,0.5006808042526245,0.4993191957473755,0.5006808042526245,1,6,3,zero_shot_paired
20,13,1,16,60,0,1,0,0.5032133460044861,0.5032133460044861,0.4967866539955139,0.5032133460044861,1,6,3,zero_shot_paired
20,14,1,17,60,1,0,0,0.5020948648452759,0.5020948648452759,0.5020948648452759,0.4979051649570465,1,6,3,zero_shot_paired
20,0,1,1,60,0,1,0,0.5063623189926147,0.5063623189926147,0.49363768100738525,0.5063623189926147,1,6,3,post_calibration
20,1,1,2,60,1,0,0,0.5047091245651245,0.5047091245651245,0.5047091245651245,0.4952909052371979,1,6,3,post_calibration
20,2,1,3,60,0,0,1,0.502733588218689,0.502733588218689,0.502733588218689,0.49726641178131104,1,6,3,post_calibration
20,3,1,5,60,0,0,1,0.5018290281295776,0.5018290281295776,0.5018290281295776,0.49817097187042236,1,6,3,post_calibration
20,4,1,6,60,1,1,1,0.5021244287490845,0.5021244287490845,0.49787554144859314,0.5021244287490845,1,6,3,post_calibration
20,5,1,7,60,0,1,0,0.5049057006835938,0.5049057006835938,0.49509429931640625,0.5049057006835938,1,6,3,post_calibration
20,6,1,8,60,0,0,1,0.5018096566200256,0.5018096566200256,0.5018096566200256,0.49819034337997437,1,6,3,post_calibration
20,7,1,9,60,0,1,0,0.5031493306159973,0.5031493306159973,0.4968506991863251,0.5031493306159973,1,6,3,post_calibration
20,8,1,10,60,1,0,0,0.5002046227455139,0.5002046227455139,0.5002046227455139,0.4997953474521637,1,6,3,post_calibration
20,9,1,11,60,1,1,1,0.5007876753807068,0.5007876753807068,0.4992123544216156,0.5007876753807068,1,6,3,post_calibration
20,10,1,12,60,1,0,0,0.5002614259719849,0.5002614259719849,0.5002614259719849,0.49973857402801514,1,6,3,post_calibration
20,11,1,14,60,0,1,0,0.5041848421096802,0.5041848421096802,0.4958151578903198,0.5041848421096802,1,6,3,post_calibration
20,12,1,15,60,0,1,0,0.5003632307052612,0.5003632307052612,0.49963676929473877,0.5003632307052612,1,6,3,post_calibration
20,13,1,16,60,0,1,0,0.5033344030380249,0.5033344030380249,0.4966655969619751,0.5033344030380249,1,6,3,post_calibration
20,14,1,17,60,1,0,0,0.5021940469741821,0.5021940469741821,0.5021940469741821,0.4978059232234955,1,6,3,post_calibration
21,0,1,0,60,1,0,0,0.5063771605491638,0.5063771605491638,0.5063771605491638,0.4936228096485138,1,1,6,zero_shot_paired
21,1,1,1,60,0,1,0,0.5063192844390869,0.5063192844390869,0.4936806857585907,0.5063192844390869,1,1,6,zero_shot_paired
21,2,1,4,60,0,0,1,0.505257785320282,0.505257785320282,0.505257785320282,0.494742214679718,1,1,6,zero_shot_paired
21,3,1,6,60,1,1,1,0.5021290183067322,0.5021290183067322,0.49787092208862305,0.5021290183067322,1,1,6,zero_shot_paired
21,4,1,7,60,0,1,0,0.5050990581512451,0.5050990581512451,0.49490100145339966,0.5050990581512451,1,1,6,zero_shot_paired
21,5,1,9,60,0,1,0,0.5036205649375916,0.5036205649375916,0.49637946486473083,0.5036205649375916,1,1,6,zero_shot_paired
21,6,1,10,60,1,1,1,0.5001700520515442,0.5001700520515442,0.4998299777507782,0.5001700520515442,1,1,6,zero_shot_paired
21,7,1,11,60,1,1,1,0.5010729432106018,0.5010729432106018,0.4989270567893982,0.5010729432106018,1,1,6,zero_shot_paired
21,8,1,12,60,1,0,0,0.500286340713501,0.500286340713501,0.500286340713501,0.499713659286499,1,1,6,zero_shot_paired
21,9,1,14,60,0,1,0,0.5043305158615112,0.5043305158615112,0.49566948413848877,0.5043305158615112,1,1,6,zero_shot_paired
21,10,1,15,60,0,1,0,0.5006808042526245,0.5006808042526245,0.4993191957473755,0.5006808042526245,1,1,6,zero_shot_paired
21,11,1,16,60,0,1,0,0.5032133460044861,0.5032133460044861,0.4967866539955139,0.5032133460044861,1,1,6,zero_shot_paired
21,0,1,0,60,1,0,0,0.5067001581192017,0.5067001581192017,0.5067001581192017,0.49329984188079834,1,1,6,post_calibration
21,1,1,1,60,0,1,0,0.5064924955368042,0.5064924955368042,0.4935075044631958,0.5064924955368042,1,1,6,post_calibration
21,2,1,4,60,0,0,1,0.5055045485496521,0.5055045485496521,0.5055045485496521,0.4944955110549927,1,1,6,post_calibration
21,3,1,6,60,1,1,1,0.5022082924842834,0.5022082924842834,0.49779167771339417,0.5022082924842834,1,1,6,post_calibration
21,4,1,7,60,0,1,0,0.5051621794700623,0.5051621794700623,0.49483779072761536,0.5051621794700623,1,1,6,post_calibration
21,5,1,9,60,0,1,0,0.5033068656921387,0.5033068656921387,0.4966931939125061,0.5033068656921387,1,1,6,post_calibration
21,6,1,10,60,1,1,1,0.5001369118690491,0.5001369118690491,0.4998630881309509,0.5001369118690491,1,1,6,post_calibration
21,7,1,11,60,1,1,1,0.500847578048706,0.500847578048706,0.49915245175361633,0.500847578048706,1,1,6,post_calibration
21,8,1,12,60,1,0,0,0.500451922416687,0.500451922416687,0.500451922416687,0.4995481073856354,1,1,6,post_calibration
21,9,1,14,60,0,1,0,0.5042386651039124,0.5042386651039124,0.49576130509376526,0.5042386651039124,1,1,6,post_calibration
21,10,1,15,60,0,1,0,0.5005390048027039,0.5005390048027039,0.49946099519729614,0.5005390048027039,1,1,6,post_calibration
21,11,1,16,60,0,1,0,0.5031430125236511,0.5031430125236511,0.4968569874763489,0.5031430125236511,1,1,6,post_calibration
22,0,1,0,60,1,0,0,0.5063771605491638,0.5063771605491638,0.5063771605491638,0.4936228096485138,1,2,6,zero_shot_paired
22,1,1,1,60,0,1,0,0.5063192844390869,0.5063192844390869,0.4936806857585907,0.5063192844390869,1,2,6,zero_shot_paired
22,2,1,2,60,1,0,0,0.5043366551399231,0.5043366551399231,0.5043366551399231,0.4956634044647217,1,2,6,zero_shot_paired
22,3,1,3,60,0,0,1,0.5028978586196899,0.5028978586196899,0.5028978586196899,0.49710217118263245,1,2,6,zero_shot_paired
22,4,1,5,60,0,0,1,0.5018573999404907,0.5018573999404907,0.5018573999404907,0.4981426000595093,1,2,6,zero_shot_paired
22,5,1,8,60,0,0,1,0.5017797350883484,0.5017797350883484,0.5017797350883484,0.498220294713974,1,2,6,zero_shot_paired
22,6,1,9,60,0,1,0,0.5036205649375916,0.5036205649375916,0.49637946486473083,0.5036205649375916,1,2,6,zero_shot_paired
22,7,1,10,60,1,1,1,0.5001700520515442,0.5001700520515442,0.4998299777507782,0.5001700520515442,1,2,6,zero_shot_paired
22,8,1,12,60,1,0,0,0.500286340713501,0.500286340713501,0.500286340713501,0.499713659286499,1,2,6,zero_shot_paired
22,9,1,13,60,0,1,0,0.5004770159721375,0.5004770159721375,0.49952298402786255,0.5004770159721375,1,2,6,zero_shot_paired
22,10,1,15,60,0,1,0,0.5006808042526245,0.5006808042526245,0.4993191957473755,0.5006808042526245,1,2,6,zero_shot_paired
22,11,1,17,60,1,0,0,0.5020948648452759,0.5020948648452759,0.5020948648452759,0.4979051649570465,1,2,6,zero_shot_paired
22,0,1,0,60,1,0,0,0.5058348178863525,0.5058348178863525,0.5058348178863525,0.49416518211364746,1,2,6,post_calibration
22,1,1,1,60,0,1,0,0.5060566663742065,0.5060566663742065,0.49394333362579346,0.5060566663742065,1,2,6,post_calibration
22,2,1,2,60,1,0,0,0.5048487186431885,0.5048487186431885,0.5048487186431885,0.4951512813568115,1,2,6,post_calibration
22,3,1,3,60,0,0,1,0.5026456713676453,0.5026456713676453,0.5026456713676453,0.49735432863235474,1,2,6,post_calibration
22,4,1,5,60,0,0,1,0.5021217465400696,0.5021217465400696,0.5021217465400696,0.4978782534599304,1,2,6,post_calibration
22,5,1,8,60,0,0,1,0.5020554065704346,0.5020554065704346,0.5020554065704346,0.49794456362724304,1,2,6,post_calibration
22,6,1,9,60,0,1,0,0.5035040974617004,0.5035040974617004,0.4964958727359772,0.5035040974617004,1,2,6,post_calibration
22,7,1,10,60,1,1,1,0.5000636577606201,0.5000636577606201,0.49993637204170227,0.5000636577606201,1,2,6,post_calibration
22,8,1,12,60,1,0,0,0.5001624822616577,0.5001624822616577,0.5001624822616577,0.4998375475406647,1,2,6,post_calibration
22,9,1,13,60,0,1,0,0.5006542801856995,0.5006542801856995,0.49934566020965576,0.5006542801856995,1,2,6,post_calibration
22,10,1,15,60,0,1,0,0.5010481476783752,0.5010481476783752,0.49895182251930237,0.5010481476783752,1,2,6,post_calibration
22,11,1,17,60,1,0,0,0.5020731091499329,0.5020731091499329,0.5020731091499329,0.49792689085006714,1,2,6,post_calibration
23,0,1,2,60,1,0,0,0.5043366551399231,0.5043366551399231,0.5043366551399231,0.4956634044647217,1,3,6,zero_shot_paired
23,1,1,3,60,0,0,1,0.5028978586196899,0.5028978586196899,0.5028978586196899,0.49710217118263245,1,3,6,zero_shot_paired
23,2,1,4,60,0,0,1,0.505257785320282,0.505257785320282,0.505257785320282,0.494742214679718,1,3,6,zero_shot_paired
23,3,1,5,60,0,0,1,0.5018573999404907,0.5018573999404907,0.5018573999404907,0.4981426000595093,1,3,6,zero_shot_paired
23,4,1,6,60,1,1,1,0.5021290183067322,0.5021290183067322,0.49787092208862305,0.5021290183067322,1,3,6,zero_shot_paired
23,5,1,7,60,0,1,0,0.5050990581512451,0.5050990581512451,0.49490100145339966,0.5050990581512451,1,3,6,zero_shot_paired
23,6,1,8,60,0,0,1,0.5017797350883484,0.5017797350883484,0.5017797350883484,0.498220294713974,1,3,6,zero_shot_paired
23,7,1,11,60,1,1,1,0.5010729432106018,0.5010729432106018,0.4989270567893982,0.5010729432106018,1,3,6,zero_shot_paired
23,8,1,13,60,0,1,0,0.5004770159721375,0.5004770159721375,0.49952298402786255,0.5004770159721375,1,3,6,zero_shot_paired
23,9,1,14,60,0,1,0,0.5043305158615112,0.5043305158615112,0.49566948413848877,0.5043305158615112,1,3,6,zero_shot_paired
23,10,1,16,60,0,1,0,0.5032133460044861,0.5032133460044861,0.4967866539955139,0.5032133460044861,1,3,6,zero_shot_paired
23,11,1,17,60,1,0,0,0.5020948648452759,0.5020948648452759,0.5020948648452759,0.4979051649570465,1,3,6,zero_shot_paired
23,0,1,2,60,1,0,0,0.5042403936386108,0.5042403936386108,0.5042403936386108,0.4957595765590668,1,3,6,post_calibration
23,1,1,3,60,0,0,1,0.5029333233833313,0.5029333233833313,0.5029333233833313,0.4970667064189911,1,3,6,post_calibration
23,2,1,4,60,0,0,1,0.505194365978241,0.505194365978241,0.505194365978241,0.4948056638240814,1,3,6,post_calibration
23,3,1,5,60,0,0,1,0.5020455718040466,0.5020455718040466,0.5020455718040466,0.49795442819595337,1,3,6,post_calibration
23,4,1,6,60,1,1,1,0.5021526217460632,0.5021526217460632,0.49784740805625916,0.5021526217460632,1,3,6,post_calibration
23,5,1,7,60,0,1,0,0.5051612854003906,0.5051612854003906,0.4948387145996094,0.5051612854003906,1,3,6,post_calibration
23,6,1,8,60,0,0,1,0.5017858147621155,0.5017858147621155,0.5017858147621155,0.4982142150402069,1,3,6,post_calibration
23,7,1,11,60,1,1,1,0.5010253190994263,0.5010253190994263,0.4989747107028961,0.5010253190994263,1,3,6,post_calibration
23,8,1,13,60,0,1,0,0.500177800655365,0.500177800655365,0.499822199344635,0.500177800655365,1,3,6,post_calibration
23,9,1,14,60,0,1,0,0.5045894980430603,0.5045894980430603,0.4954104721546173,0.5045894980430603,1,3,6,post_calibration
23,10,1,16,60,0,1,0,0.5039017796516418,0.5039017796516418,0.49609822034835815,0.5039017796516418,1,3,6,post_calibration
23,11,1,17,60,1,0,0,0.5020560026168823,0.5020560026168823,0.5020560026168823,0.4979439675807953,1,3,6,post_calibration
24,0,1,0,60,1,0,0,0.5063772201538086,0.5063772201538086,0.5063772201538086,0.493622750043869,1,1,9,zero_shot_paired
24,1,1,1,60,0,1,0,0.5063192844390869,0.5063192844390869,0.4936806857585907,0.5063192844390869,1,1,9,zero_shot_paired
24,2,1,2,60,1,0,0,0.5043366551399231,0.5043366551399231,0.5043366551399231,0.4956633746623993,1,1,9,zero_shot_paired
24,3,1,3,60,0,0,1,0.5028978586196899,0.5028978586196899,0.5028978586196899,0.49710217118263245,1,1,9,zero_shot_paired
24,4,1,4,60,0,0,1,0.5052580237388611,0.5052580237388611,0.5052580237388611,0.4947420060634613,1,1,9,zero_shot_paired
24,5,1,10,60,1,1,1,0.500170111656189,0.500170111656189,0.4998299181461334,0.500170111656189,1,1,9,zero_shot_paired
24,6,1,13,60,0,1,0,0.5004770755767822,0.5004770755767822,0.4995229244232178,0.5004770755767822,1,1,9,zero_shot_paired
24,7,1,14,60,0,1,0,0.5043303966522217,0.5043303966522217,0.49566957354545593,0.5043303966522217,1,1,9,zero_shot_paired
24,8,1,15,60,0,1,0,0.5006808638572693,0.5006808638572693,0.4993191659450531,0.5006808638572693,1,1,9,zero_shot_paired
24,0,1,0,60,1,0,0,0.5061469674110413,0.5061469674110413,0.5061469674110413,0.49385303258895874,1,1,9,post_calibration
24,1,1,1,60,0,1,0,0.5059909820556641,0.5059909820556641,0.4940090477466583,0.5059909820556641,1,1,9,post_calibration
24,2,1,2,60,1,0,0,0.5049360394477844,0.5049360394477844,0.5049360394477844,0.4950639605522156,1,1,9,post_calibration
24,3,1,3,60,0,0,1,0.5024157166481018,0.5024157166481018,0.5024157166481018,0.4975842833518982,1,1,9,post_calibration
24,4,1,4,60,0,0,1,0.5054587125778198,0.5054587125778198,0.5054587125778198,0.49454131722450256,1,1,9,post_calibration
24,5,1,10,60,1,0,0,0.5008851885795593,0.5008851885795593,0.5008851885795593,0.49911484122276306,1,1,9,post_calibration
24,6,1,13,60,0,1,0,0.500169575214386,0.500169575214386,0.4998304545879364,0.500169575214386,1,1,9,post_calibration
24,7,1,14,60,0,1,0,0.503987729549408,0.503987729549408,0.49601227045059204,0.503987729549408,1,1,9,post_calibration
24,8,1,15,60,0,1,0,0.5008725523948669,0.5008725523948669,0.49912744760513306,0.5008725523948669,1,1,9,post_calibration
25,0,1,5,60,0,0,1,0.5018574595451355,0.5018574595451355,0.5018574595451355,0.4981425106525421,1,2,9,zero_shot_paired
25,1,1,6,60,1,1,1,0.5021290183067322,0.5021290183067322,0.4978709816932678,0.5021290183067322,1,2,9,zero_shot_paired
25,2,1,7,60,0,1,0,0.5050990581512451,0.5050990581512451,0.4949009418487549,0.5050990581512451,1,2,9,zero_shot_paired
25,3,1,8,60,0,0,1,0.5017797350883484,0.5017797350883484,0.5017797350883484,0.4982202351093292,1,2,9,zero_shot_paired
25,4,1,9,60,0,1,0,0.5036205649375916,0.5036205649375916,0.49637946486473083,0.5036205649375916,1,2,9,zero_shot_paired
25,5,1,11,60,1,1,1,0.5010729432106018,0.5010729432106018,0.4989270567893982,0.5010729432106018,1,2,9,zero_shot_paired
25,6,1,12,60,1,0,0,0.500286340713501,0.500286340713501,0.500286340713501,0.4997137188911438,1,2,9,zero_shot_paired
25,7,1,16,60,0,1,0,0.5032134652137756,0.5032134652137756,0.49678653478622437,0.5032134652137756,1,2,9,zero_shot_paired
25,8,1,17,60,1,0,0,0.5020948052406311,0.5020948052406311,0.5020948052406311,0.4979051947593689,1,2,9,zero_shot_paired
25,0,1,5,60,0,0,1,0.502427339553833,0.502427339553833,0.502427339553833,0.4975726902484894,1,2,9,post_calibration
25,1,1,6,60,1,1,1,0.5018606185913086,0.5018606185913086,0.4981393814086914,0.5018606185913086,1,2,9,post_calibration
25,2,1,7,60,0,1,0,0.5050187706947327,0.5050187706947327,0.49498122930526733,0.5050187706947327,1,2,9,post_calibration
25,3,1,8,60,0,0,1,0.5020260810852051,0.5020260810852051,0.5020260810852051,0.49797388911247253,1,2,9,post_calibration
25,4,1,9,60,0,1,0,0.5030937790870667,0.5030937790870667,0.49690625071525574,0.5030937790870667,1,2,9,post_calibration
25,5,1,11,60,1,1,1,0.5006439685821533,0.5006439685821533,0.4993560314178467,0.5006439685821533,1,2,9,post_calibration
25,6,1,12,60,1,0,0,0.5006226897239685,0.5006226897239685,0.5006226897239685,0.4993772804737091,1,2,9,post_calibration
25,7,1,16,60,0,1,0,0.5033838152885437,0.5033838152885437,0.4966162443161011,0.5033838152885437,1,2,9,post_calibration
25,8,1,17,60,1,0,0,0.5027620792388916,0.5027620792388916,0.5027620792388916,0.4972379207611084,1,2,9,post_calibration
26,0,1,1,60,0,1,0,0.5063193440437317,0.5063193440437317,0.4936806857585907,0.5063193440437317,1,1,12,zero_shot_paired
26,1,1,3,60,0,0,1,0.502897322177887,0.502897322177887,0.502897322177887,0.49710267782211304,1,1,12,zero_shot_paired
26,2,1,7,60,0,1,0,0.5050974488258362,0.5050974488258362,0.4949025809764862,0.5050974488258362,1,1,12,zero_shot_paired
26,3,1,10,60,1,1,1,0.5001713633537292,0.5001713633537292,0.49982860684394836,0.5001713633537292,1,1,12,zero_shot_paired
26,4,1,14,60,0,1,0,0.5043320059776306,0.5043320059776306,0.4956679344177246,0.5043320059776306,1,1,12,zero_shot_paired
26,5,1,17,60,1,0,0,0.5020937323570251,0.5020937323570251,0.5020937323570251,0.49790626764297485,1,1,12,zero_shot_paired
26,0,1,1,60,0,1,0,0.505788266658783,0.505788266658783,0.49421167373657227,0.505788266658783,1,1,12,post_calibration
26,1,1,3,60,0,0,1,0.502905547618866,0.502905547618866,0.502905547618866,0.49709445238113403,1,1,12,post_calibration
26,2,1,7,60,0,1,0,0.5047271251678467,0.5047271251678467,0.4952728748321533,0.5047271251678467,1,1,12,post_calibration
26,3,1,10,60,1,0,0,0.5012965798377991,0.5012965798377991,0.5012965798377991,0.49870336055755615,1,1,12,post_calibration
26,4,1,14,60,0,1,0,0.5037972331047058,0.5037972331047058,0.4962027966976166,0.5037972331047058,1,1,12,post_calibration
26,5,1,17,60,1,0,0,0.5025436282157898,0.5025436282157898,0.5025436282157898,0.4974563717842102,1,1,12,post_calibration
27,0,1,1,60,0,1,0,0.5063193440437317,0.5063193440437317,0.4936806857585907,0.5063193440437317,1,2,12,zero_shot_paired
27,1,1,5,60,0,0,1,0.5018590092658997,0.5018590092658997,0.5018590092658997,0.49814099073410034,1,2,12,zero_shot_paired
27,2,1,9,60,0,1,0,0.5036218762397766,0.5036218762397766,0.496378093957901,0.5036218762397766,1,2,12,zero_shot_paired
27,3,1,11,60,1,1,1,0.5010719895362854,0.5010719895362854,0.4989280104637146,0.5010719895362854,1,2,12,zero_shot_paired
27,4,1,15,60,0,1,0,0.5006811022758484,0.5006811022758484,0.4993189573287964,0.5006811022758484,1,2,12,zero_shot_paired
27,5,1,17,60,1,0,0,0.5020937323570251,0.5020937323570251,0.5020937323570251,0.49790626764297485,1,2,12,zero_shot_paired
27,0,1,1,60,0,1,0,0.5057520866394043,0.5057520866394043,0.4942479431629181,0.5057520866394043,1,2,12,post_calibration
27,1,1,5,60,0,0,1,0.5027569532394409,0.5027569532394409,0.5027569532394409,0.4972430467605591,1,2,12,post_calibration
27,2,1,9,60,0,1,0,0.5037911534309387,0.5037911534309387,0.49620890617370605,0.5037911534309387,1,2,12,post_calibration
27,3,1,11,60,1,1,1,0.5006237030029297,0.5006237030029297,0.4993763267993927,0.5006237030029297,1,2,12,post_calibration
27,4,1,15,60,0,1,0,0.5002351403236389,0.5002351403236389,0.4997648298740387,0.5002351403236389,1,2,12,post_calibration
27,5,1,17,60,1,0,0,0.5026048421859741,0.5026048421859741,0.5026048421859741,0.4973951578140259,1,2,12,post_calibration
28,0,1,2,60,1,0,0,0.504336953163147,0.504336953163147,0.504336953163147,0.4956630766391754,1,3,12,zero_shot_paired
28,1,1,3,60,0,0,1,0.502897322177887,0.502897322177887,0.502897322177887,0.49710267782211304,1,3,12,zero_shot_paired
28,2,1,4,60,0,0,1,0.5052582621574402,0.5052582621574402,0.5052582621574402,0.4947417378425598,1,3,12,zero_shot_paired
28,3,1,11,60,1,1,1,0.5010719895362854,0.5010719895362854,0.4989280104637146,0.5010719895362854,1,3,12,zero_shot_paired
28,4,1,13,60,0,1,0,0.5004768371582031,0.5004768371582031,0.49952319264411926,0.5004768371582031,1,3,12,zero_shot_paired
28,5,1,16,60,0,1,0,0.5032116174697876,0.5032116174697876,0.4967883825302124,0.5032116174697876,1,3,12,zero_shot_paired
28,0,1,2,60,1,0,0,0.5045667886734009,0.5045667886734009,0.5045667886734009,0.4954332113265991,1,3,12,post_calibration
28,1,1,3,60,0,0,1,0.5027748346328735,0.5027748346328735,0.5027748346328735,0.4972251355648041,1,3,12,post_calibration
28,2,1,4,60,0,0,1,0.5051717758178711,0.5051717758178711,0.5051717758178711,0.4948282241821289,1,3,12,post_calibration
28,3,1,11,60,1,1,1,0.5005703568458557,0.5005703568458557,0.4994296431541443,0.5005703568458557,1,3,12,post_calibration
28,4,1,13,60,0,1,0,0.5002236366271973,0.5002236366271973,0.49977636337280273,0.5002236366271973,1,3,12,post_calibration
28,5,1,16,60,0,1,0,0.5026060342788696,0.5026060342788696,0.49739396572113037,0.5026060342788696,1,3,12,post_calibration
3,0,2,0,60,1,0,0,0.502555251121521,0.502555251121521,0.502555251121521,0.497444748878479,2,,,zero_shot_all_trials
3,1,2,1,60,1,0,0,0.5031543374061584,0.5031543374061584,0.5031543374061584,0.49684563279151917,2,,,zero_shot_all_trials
3,2,2,2,60,1,0,0,0.5035586357116699,0.5035586357116699,0.5035586357116699,0.4964413642883301,2,,,zero_shot_all_trials
3,3,2,3,60,0,0,1,0.501905083656311,0.501905083656311,0.501905083656311,0.49809491634368896,2,,,zero_shot_all_trials
3,4,2,4,60,1,0,0,0.5027249455451965,0.5027249455451965,0.5027249455451965,0.49727505445480347,2,,,zero_shot_all_trials
3,5,2,5,60,1,0,0,0.5009711980819702,0.5009711980819702,0.5009711980819702,0.4990288317203522,2,,,zero_shot_all_trials
3,6,2,6,60,1,0,0,0.5033568143844604,0.5033568143844604,0.5033568143844604,0.49664318561553955,2,,,zero_shot_all_trials
3,7,2,7,60,0,0,1,0.5010499954223633,0.5010499954223633,0.5010499954223633,0.49894997477531433,2,,,zero_shot_all_trials
3,8,2,8,60,0,0,1,0.5003785490989685,0.5003785490989685,0.5003785490989685,0.4996214210987091,2,,,zero_shot_all_trials
3,9,2,9,60,1,0,0,0.5039085149765015,0.5039085149765015,0.5039085149765015,0.4960915148258209,2,,,zero_shot_all_trials
3,10,2,10,60,1,0,0,0.5036932826042175,0.5036932826042175,0.5036932826042175,0.4963066875934601,2,,,zero_shot_all_trials
3,11,2,11,60,1,0,0,0.5008440017700195,0.5008440017700195,0.5008440017700195,0.49915599822998047,2,,,zero_shot_all_trials
3,12,2,12,60,1,0,0,0.502877414226532,0.502877414226532,0.502877414226532,0.4971226155757904,2,,,zero_shot_all_trials
3,13,2,13,60,1,0,0,0.5037391781806946,0.5037391781806946,0.5037391781806946,0.4962608516216278,2,,,zero_shot_all_trials
3,14,2,14,60,1,0,0,0.5019543170928955,0.5019543170928955,0.5019543170928955,0.4980456829071045,2,,,zero_shot_all_trials
3,15,2,15,60,1,0,0,0.5025080442428589,0.5025080442428589,0.5025080442428589,0.4974919855594635,2,,,zero_shot_all_trials
3,16,2,16,60,0,0,1,0.5040075778961182,0.5040075778961182,0.5040075778961182,0.4959924817085266,2,,,zero_shot_all_trials
3,17,2,17,60,1,0,0,0.5036320686340332,0.5036320686340332,0.5036320686340332,0.4963679313659668,2,,,zero_shot_all_trials
29,0,2,0,60,1,0,0,0.502555251121521,0.502555251121521,0.502555251121521,0.4974447190761566,2,1,3,zero_shot_paired
29,1,2,1,60,1,0,0,0.5031543374061584,0.5031543374061584,0.5031543374061584,0.49684563279151917,2,1,3,zero_shot_paired
29,2,2,2,60,1,0,0,0.5035586357116699,0.5035586357116699,0.5035586357116699,0.4964413642883301,2,1,3,zero_shot_paired
29,3,2,5,60,1,0,0,0.5009711384773254,0.5009711384773254,0.5009711384773254,0.49902886152267456,2,1,3,zero_shot_paired
29,4,2,6,60,1,0,0,0.5033568143844604,0.5033568143844604,0.5033568143844604,0.49664318561553955,2,1,3,zero_shot_paired
29,5,2,7,60,0,0,1,0.5010501742362976,0.5010501742362976,0.5010501742362976,0.49894979596138,2,1,3,zero_shot_paired
29,6,2,8,60,0,0,1,0.5003785490989685,0.5003785490989685,0.5003785490989685,0.4996214210987091,2,1,3,zero_shot_paired
29,7,2,9,60,1,0,0,0.5039085149765015,0.5039085149765015,0.5039085149765015,0.49609148502349854,2,1,3,zero_shot_paired
29,8,2,10,60,1,0,0,0.5036932826042175,0.5036932826042175,0.5036932826042175,0.49630671739578247,2,1,3,zero_shot_paired
29,9,2,11,60,1,0,0,0.5008439421653748,0.5008439421653748,0.5008439421653748,0.49915605783462524,2,1,3,zero_shot_paired
29,10,2,13,60,1,0,0,0.5037391781806946,0.5037391781806946,0.5037391781806946,0.4962608218193054,2,1,3,zero_shot_paired
29,11,2,14,60,1,0,0,0.5019543170928955,0.5019543170928955,0.5019543170928955,0.49804574251174927,2,1,3,zero_shot_paired
29,12,2,15,60,1,0,0,0.5025079846382141,0.5025079846382141,0.5025079846382141,0.4974920153617859,2,1,3,zero_shot_paired
29,13,2,16,60,0,0,1,0.5040076971054077,0.5040076971054077,0.5040076971054077,0.49599236249923706,2,1,3,zero_shot_paired
29,14,2,17,60,1,0,0,0.503632128238678,0.503632128238678,0.503632128238678,0.49636784195899963,2,1,3,zero_shot_paired
29,0,2,0,60,1,0,0,0.5014781951904297,0.5014781951904297,0.5014781951904297,0.4985218346118927,2,1,3,post_calibration
29,1,2,1,60,1,0,0,0.5021778345108032,0.5021778345108032,0.5021778345108032,0.4978221654891968,2,1,3,post_calibration
29,2,2,2,60,1,0,0,0.5027985572814941,0.5027985572814941,0.5027985572814941,0.4972013831138611,2,1,3,post_calibration
29,3,2,5,60,1,0,0,0.500017523765564,0.500017523765564,0.500017523765564,0.4999825060367584,2,1,3,post_calibration
29,4,2,6,60,1,0,0,0.5026584267616272,0.5026584267616272,0.5026584267616272,0.4973416030406952,2,1,3,post_calibration
29,5,2,7,60,0,0,1,0.5001746416091919,0.5001746416091919,0.5001746416091919,0.4998253881931305,2,1,3,post_calibration
29,6,2,8,60,0,1,0,0.5004078149795532,0.5004078149795532,0.49959224462509155,0.5004078149795532,2,1,3,post_calibration
29,7,2,9,60,1,0,0,0.5030630230903625,0.5030630230903625,0.5030630230903625,0.49693694710731506,2,1,3,post_calibration
29,8,2,10,60,1,0,0,0.502901017665863,0.502901017665863,0.502901017665863,0.4970989525318146,2,1,3,post_calibration
29,9,2,11,60,1,0,0,0.5000969767570496,0.5000969767570496,0.5000969767570496,0.49990302324295044,2,1,3,post_calibration
29,10,2,13,60,1,0,0,0.5029860734939575,0.5029860734939575,0.5029860734939575,0.4970139265060425,2,1,3,post_calibration
29,11,2,14,60,1,0,0,0.5010567903518677,0.5010567903518677,0.5010567903518677,0.4989432096481323,2,1,3,post_calibration
29,12,2,15,60,1,0,0,0.5016425848007202,0.5016425848007202,0.5016425848007202,0.4983573853969574,2,1,3,post_calibration
29,13,2,16,60,0,0,1,0.5030950307846069,0.5030950307846069,0.5030950307846069,0.49690496921539307,2,1,3,post_calibration
29,14,2,17,60,1,0,0,0.5029144287109375,0.5029144287109375,0.5029144287109375,0.4970855116844177,2,1,3,post_calibration
30,0,2,0,60,1,0,0,0.502555251121521,0.502555251121521,0.502555251121521,0.4974447190761566,2,2,3,zero_shot_paired
30,1,2,1,60,1,0,0,0.5031543374061584,0.5031543374061584,0.5031543374061584,0.49684563279151917,2,2,3,zero_shot_paired
30,2,2,2,60,1,0,0,0.5035586357116699,0.5035586357116699,0.5035586357116699,0.4964413642883301,2,2,3,zero_shot_paired
30,3,2,3,60,0,0,1,0.501905083656311,0.501905083656311,0.501905083656311,0.49809491634368896,2,2,3,zero_shot_paired
30,4,2,4,60,1,0,0,0.5027248859405518,0.5027248859405518,0.5027248859405518,0.49727508425712585,2,2,3,zero_shot_paired
30,5,2,5,60,1,0,0,0.5009711384773254,0.5009711384773254,0.5009711384773254,0.49902886152267456,2,2,3,zero_shot_paired
30,6,2,7,60,0,0,1,0.5010501742362976,0.5010501742362976,0.5010501742362976,0.49894979596138,2,2,3,zero_shot_paired
30,7,2,9,60,1,0,0,0.5039085149765015,0.5039085149765015,0.5039085149765015,0.49609148502349854,2,2,3,zero_shot_paired
30,8,2,10,60,1,0,0,0.5036932826042175,0.5036932826042175,0.5036932826042175,0.49630671739578247,2,2,3,zero_shot_paired
30,9,2,11,60,1,0,0,0.5008439421653748,0.5008439421653748,0.5008439421653748,0.49915605783462524,2,2,3,zero_shot_paired
30,10,2,12,60,1,0,0,0.502877414226532,0.502877414226532,0.502877414226532,0.4971226155757904,2,2,3,zero_shot_paired
30,11,2,14,60,1,0,0,0.5019543170928955,0.5019543170928955,0.5019543170928955,0.49804574251174927,2,2,3,zero_shot_paired
30,12,2,15,60,1,0,0,0.5025079846382141,0.5025079846382141,0.5025079846382141,0.4974920153617859,2,2,3,zero_shot_paired
30,13,2,16,60,0,0,1,0.5040076971054077,0.5040076971054077,0.5040076971054077,0.49599236249923706,2,2,3,zero_shot_paired
30,14,2,17,60,1,0,0,0.503632128238678,0.503632128238678,0.503632128238678,0.49636784195899963,2,2,3,zero_shot_paired
30,0,2,0,60,1,0,0,0.5021139979362488,0.5021139979362488,0.5021139979362488,0.49788597226142883,2,2,3,post_calibration
30,1,2,1,60,1,0,0,0.5028553605079651,0.5028553605079651,0.5028553605079651,0.4971446096897125,2,2,3,post_calibration
30,2,2,2,60,1,0,0,0.5030285120010376,0.5030285120010376,0.5030285120010376,0.49697145819664,2,2,3,post_calibration
30,3,2,3,60,0,0,1,0.5016324520111084,0.5016324520111084,0.5016324520111084,0.498367577791214,2,2,3,post_calibration
30,4,2,4,60,1,0,0,0.5024636387825012,0.5024636387825012,0.5024636387825012,0.49753642082214355,2,2,3,post_calibration
30,5,2,5,60,1,0,0,0.5006746053695679,0.5006746053695679,0.5006746053695679,0.49932533502578735,2,2,3,post_calibration
30,6,2,7,60,0,0,1,0.5007528066635132,0.5007528066635132,0.5007528066635132,0.4992472231388092,2,2,3,post_calibration
30,7,2,9,60,1,0,0,0.5036675333976746,0.5036675333976746,0.5036675333976746,0.4963324964046478,2,2,3,post_calibration
30,8,2,10,60,1,0,0,0.503454864025116,0.503454864025116,0.503454864025116,0.49654510617256165,2,2,3,post_calibration
30,9,2,11,60,1,0,0,0.5003856420516968,0.5003856420516968,0.5003856420516968,0.4996143579483032,2,2,3,post_calibration
30,10,2,12,60,1,0,0,0.5027130842208862,0.5027130842208862,0.5027130842208862,0.49728697538375854,2,2,3,post_calibration
30,11,2,14,60,1,0,0,0.5017117857933044,0.5017117857933044,0.5017117857933044,0.49828821420669556,2,2,3,post_calibration
30,12,2,15,60,1,0,0,0.5021626949310303,0.5021626949310303,0.5021626949310303,0.4978373050689697,2,2,3,post_calibration
30,13,2,16,60,0,0,1,0.5037769079208374,0.5037769079208374,0.5037769079208374,0.4962230622768402,2,2,3,post_calibration
30,14,2,17,60,1,0,0,0.5034891963005066,0.5034891963005066,0.5034891963005066,0.4965108633041382,2,2,3,post_calibration
31,0,2,0,60,1,0,0,0.502555251121521,0.502555251121521,0.502555251121521,0.4974447190761566,2,3,3,zero_shot_paired
31,1,2,2,60,1,0,0,0.5035586357116699,0.5035586357116699,0.5035586357116699,0.4964413642883301,2,3,3,zero_shot_paired
31,2,2,3,60,0,0,1,0.501905083656311,0.501905083656311,0.501905083656311,0.49809491634368896,2,3,3,zero_shot_paired
31,3,2,4,60,1,0,0,0.5027248859405518,0.5027248859405518,0.5027248859405518,0.49727508425712585,2,3,3,zero_shot_paired
31,4,2,5,60,1,0,0,0.5009711384773254,0.5009711384773254,0.5009711384773254,0.49902886152267456,2,3,3,zero_shot_paired
31,5,2,6,60,1,0,0,0.5033568143844604,0.5033568143844604,0.5033568143844604,0.49664318561553955,2,3,3,zero_shot_paired
31,6,2,8,60,0,0,1,0.5003785490989685,0.5003785490989685,0.5003785490989685,0.4996214210987091,2,3,3,zero_shot_paired
31,7,2,9,60,1,0,0,0.5039085149765015,0.5039085149765015,0.5039085149765015,0.49609148502349854,2,3,3,zero_shot_paired
31,8,2,11,60,1,0,0,0.5008439421653748,0.5008439421653748,0.5008439421653748,0.49915605783462524,2,3,3,zero_shot_paired
31,9,2,12,60,1,0,0,0.502877414226532,0.502877414226532,0.502877414226532,0.4971226155757904,2,3,3,zero_shot_paired
31,10,2,13,60,1,0,0,0.5037391781806946,0.5037391781806946,0.5037391781806946,0.4962608218193054,2,3,3,zero_shot_paired
31,11,2,14,60,1,0,0,0.5019543170928955,0.5019543170928955,0.5019543170928955,0.49804574251174927,2,3,3,zero_shot_paired
31,12,2,15,60,1,0,0,0.5025079846382141,0.5025079846382141,0.5025079846382141,0.4974920153617859,2,3,3,zero_shot_paired
31,13,2,16,60,0,0,1,0.5040076971054077,0.5040076971054077,0.5040076971054077,0.49599236249923706,2,3,3,zero_shot_paired
31,14,2,17,60,1,0,0,0.503632128238678,0.503632128238678,0.503632128238678,0.49636784195899963,2,3,3,zero_shot_paired
31,0,2,0,60,1,0,0,0.5022385120391846,0.5022385120391846,0.5022385120391846,0.49776145815849304,2,3,3,post_calibration
31,1,2,2,60,1,0,0,0.503424882888794,0.503424882888794,0.503424882888794,0.49657514691352844,2,3,3,post_calibration
31,2,2,3,60,0,0,1,0.5015751719474792,0.5015751719474792,0.5015751719474792,0.49842479825019836,2,3,3,post_calibration
31,3,2,4,60,1,0,0,0.5025326609611511,0.5025326609611511,0.5025326609611511,0.4974673092365265,2,3,3,post_calibration
31,4,2,5,60,1,0,0,0.500907301902771,0.500907301902771,0.500907301902771,0.499092698097229,2,3,3,post_calibration
31,5,2,6,60,1,0,0,0.5030118823051453,0.5030118823051453,0.5030118823051453,0.49698811769485474,2,3,3,post_calibration
31,6,2,8,60,0,1,0,0.5001593828201294,0.5001593828201294,0.4998405873775482,0.5001593828201294,2,3,3,post_calibration
31,7,2,9,60,1,0,0,0.5037829875946045,0.5037829875946045,0.5037829875946045,0.4962170124053955,2,3,3,post_calibration
31,8,2,11,60,1,0,0,0.5006103515625,0.5006103515625,0.5006103515625,0.4993895888328552,2,3,3,post_calibration
31,9,2,12,60,1,0,0,0.5025256276130676,0.5025256276130676,0.5025256276130676,0.49747440218925476,2,3,3,post_calibration
31,10,2,13,60,1,0,0,0.5036134123802185,0.5036134123802185,0.5036134123802185,0.4963866174221039,2,3,3,post_calibration
31,11,2,14,60,1,0,0,0.5016898512840271,0.5016898512840271,0.5016898512840271,0.4983101487159729,2,3,3,post_calibration
31,12,2,15,60,1,0,0,0.5021826028823853,0.5021826028823853,0.5021826028823853,0.49781739711761475,2,3,3,post_calibration
31,13,2,16,60,0,0,1,0.5037123560905457,0.5037123560905457,0.5037123560905457,0.49628764390945435,2,3,3,post_calibration
31,14,2,17,60,1,0,0,0.5034562945365906,0.5034562945365906,0.5034562945365906,0.4965437054634094,2,3,3,post_calibration
32,0,2,0,60,1,0,0,0.502555251121521,0.502555251121521,0.502555251121521,0.4974447190761566,2,4,3,zero_shot_paired
32,1,2,1,60,1,0,0,0.5031543374061584,0.5031543374061584,0.5031543374061584,0.49684563279151917,2,4,3,zero_shot_paired
32,2,2,3,60,0,0,1,0.501905083656311,0.501905083656311,0.501905083656311,0.49809491634368896,2,4,3,zero_shot_paired
32,3,2,4,60,1,0,0,0.5027248859405518,0.5027248859405518,0.5027248859405518,0.49727508425712585,2,4,3,zero_shot_paired
32,4,2,5,60,1,0,0,0.5009711384773254,0.5009711384773254,0.5009711384773254,0.49902886152267456,2,4,3,zero_shot_paired
32,5,2,6,60,1,0,0,0.5033568143844604,0.5033568143844604,0.5033568143844604,0.49664318561553955,2,4,3,zero_shot_paired
32,6,2,7,60,0,0,1,0.5010501742362976,0.5010501742362976,0.5010501742362976,0.49894979596138,2,4,3,zero_shot_paired
32,7,2,8,60,0,0,1,0.5003785490989685,0.5003785490989685,0.5003785490989685,0.4996214210987091,2,4,3,zero_shot_paired
32,8,2,9,60,1,0,0,0.5039085149765015,0.5039085149765015,0.5039085149765015,0.49609148502349854,2,4,3,zero_shot_paired
32,9,2,10,60,1,0,0,0.5036932826042175,0.5036932826042175,0.5036932826042175,0.49630671739578247,2,4,3,zero_shot_paired
32,10,2,12,60,1,0,0,0.502877414226532,0.502877414226532,0.502877414226532,0.4971226155757904,2,4,3,zero_shot_paired
32,11,2,13,60,1,0,0,0.5037391781806946,0.5037391781806946,0.5037391781806946,0.4962608218193054,2,4,3,zero_shot_paired
32,12,2,14,60,1,0,0,0.5019543170928955,0.5019543170928955,0.5019543170928955,0.49804574251174927,2,4,3,zero_shot_paired
32,13,2,15,60,1,0,0,0.5025079846382141,0.5025079846382141,0.5025079846382141,0.4974920153617859,2,4,3,zero_shot_paired
32,14,2,16,60,0,0,1,0.5040076971054077,0.5040076971054077,0.5040076971054077,0.49599236249923706,2,4,3,zero_shot_paired
32,0,2,0,60,1,0,0,0.5008206367492676,0.5008206367492676,0.5008206367492676,0.4991793632507324,2,4,3,post_calibration
32,1,2,1,60,1,0,0,0.5014519095420837,0.5014519095420837,0.5014519095420837,0.49854809045791626,2,4,3,post_calibration
32,2,2,3,60,0,0,1,0.5004670023918152,0.5004670023918152,0.5004670023918152,0.4995329976081848,2,4,3,post_calibration
32,3,2,4,60,1,0,0,0.5012998580932617,0.5012998580932617,0.5012998580932617,0.4987001419067383,2,4,3,post_calibration
32,4,2,5,60,1,1,1,0.5005252361297607,0.5005252361297607,0.49947479367256165,0.5005252361297607,2,4,3,post_calibration
32,5,2,6,60,1,0,0,0.501863956451416,0.501863956451416,0.501863956451416,0.49813607335090637,2,4,3,post_calibration
32,6,2,7,60,0,1,0,0.5003955960273743,0.5003955960273743,0.4996044337749481,0.5003955960273743,2,4,3,post_calibration
32,7,2,8,60,0,1,0,0.501152515411377,0.501152515411377,0.49884748458862305,0.501152515411377,2,4,3,post_calibration
32,8,2,9,60,1,0,0,0.502541184425354,0.502541184425354,0.502541184425354,0.497458815574646,2,4,3,post_calibration
32,9,2,10,60,1,0,0,0.5024368762969971,0.5024368762969971,0.5024368762969971,0.49756312370300293,2,4,3,post_calibration
32,10,2,12,60,1,0,0,0.5012987852096558,0.5012987852096558,0.5012987852096558,0.49870121479034424,2,4,3,post_calibration
32,11,2,13,60,1,0,0,0.5021767616271973,0.5021767616271973,0.5021767616271973,0.49782317876815796,2,4,3,post_calibration
32,12,2,14,60,1,0,0,0.50063556432724,0.50063556432724,0.50063556432724,0.49936443567276,2,4,3,post_calibration
32,13,2,15,60,1,0,0,0.5010938048362732,0.5010938048362732,0.5010938048362732,0.4989062249660492,2,4,3,post_calibration
32,14,2,16,60,0,0,1,0.5022825598716736,0.5022825598716736,0.5022825598716736,0.4977174401283264,2,4,3,post_calibration
33,0,2,0,60,1,0,0,0.502555251121521,0.502555251121521,0.502555251121521,0.4974447190761566,2,5,3,zero_shot_paired
33,1,2,1,60,1,0,0,0.5031543374061584,0.5031543374061584,0.5031543374061584,0.49684563279151917,2,5,3,zero_shot_paired
33,2,2,2,60,1,0,0,0.5035586357116699,0.5035586357116699,0.5035586357116699,0.4964413642883301,2,5,3,zero_shot_paired
33,3,2,3,60,0,0,1,0.501905083656311,0.501905083656311,0.501905083656311,0.49809491634368896,2,5,3,zero_shot_paired
33,4,2,4,60,1,0,0,0.5027248859405518,0.5027248859405518,0.5027248859405518,0.49727508425712585,2,5,3,zero_shot_paired
33,5,2,5,60,1,0,0,0.5009711384773254,0.5009711384773254,0.5009711384773254,0.49902886152267456,2,5,3,zero_shot_paired
33,6,2,6,60,1,0,0,0.5033568143844604,0.5033568143844604,0.5033568143844604,0.49664318561553955,2,5,3,zero_shot_paired
33,7,2,7,60,0,0,1,0.5010501742362976,0.5010501742362976,0.5010501742362976,0.49894979596138,2,5,3,zero_shot_paired
33,8,2,8,60,0,0,1,0.5003785490989685,0.5003785490989685,0.5003785490989685,0.4996214210987091,2,5,3,zero_shot_paired
33,9,2,10,60,1,0,0,0.5036932826042175,0.5036932826042175,0.5036932826042175,0.49630671739578247,2,5,3,zero_shot_paired
33,10,2,11,60,1,0,0,0.5008439421653748,0.5008439421653748,0.5008439421653748,0.49915605783462524,2,5,3,zero_shot_paired
33,11,2,12,60,1,0,0,0.502877414226532,0.502877414226532,0.502877414226532,0.4971226155757904,2,5,3,zero_shot_paired
33,12,2,13,60,1,0,0,0.5037391781806946,0.5037391781806946,0.5037391781806946,0.4962608218193054,2,5,3,zero_shot_paired
33,13,2,14,60,1,0,0,0.5019543170928955,0.5019543170928955,0.5019543170928955,0.49804574251174927,2,5,3,zero_shot_paired
33,14,2,17,60,1,0,0,0.503632128238678,0.503632128238678,0.503632128238678,0.49636784195899963,2,5,3,zero_shot_paired
33,0,2,0,60,1,0,0,0.5025267601013184,0.5025267601013184,0.5025267601013184,0.49747326970100403,2,5,3,post_calibration
33,1,2,1,60,1,0,0,0.5028382539749146,0.5028382539749146,0.5028382539749146,0.49716171622276306,2,5,3,post_calibration
33,2,2,2,60,1,0,0,0.5033455491065979,0.5033455491065979,0.5033455491065979,0.4966544806957245,2,5,3,post_calibration
33,3,2,3,60,0,0,1,0.5017125606536865,0.5017125606536865,0.5017125606536865,0.4982874095439911,2,5,3,post_calibration
33,4,2,4,60,1,0,0,0.5024914741516113,0.5024914741516113,0.5024914741516113,0.4975084662437439,2,5,3,post_calibration
33,5,2,5,60,1,0,0,0.5006445050239563,0.5006445050239563,0.5006445050239563,0.4993554949760437,2,5,3,post_calibration
33,6,2,6,60,1,0,0,0.5032885670661926,0.5032885670661926,0.5032885670661926,0.4967114329338074,2,5,3,post_calibration
33,7,2,7,60,0,0,1,0.5007781386375427,0.5007781386375427,0.5007781386375427,0.4992218613624573,2,5,3,post_calibration
33,8,2,8,60,0,0,1,0.50003582239151,0.50003582239151,0.50003582239151,0.4999641478061676,2,5,3,post_calibration
33,9,2,10,60,1,0,0,0.5038285255432129,0.5038285255432129,0.5038285255432129,0.4961715042591095,2,5,3,post_calibration
33,10,2,11,60,1,0,0,0.5008012056350708,0.5008012056350708,0.5008012056350708,0.4991988241672516,2,5,3,post_calibration
33,11,2,12,60,1,0,0,0.5026574730873108,0.5026574730873108,0.5026574730873108,0.497342586517334,2,5,3,post_calibration
33,12,2,13,60,1,0,0,0.5036028623580933,0.5036028623580933,0.5036028623580933,0.49639713764190674,2,5,3,post_calibration
33,13,2,14,60,1,0,0,0.5016290545463562,0.5016290545463562,0.5016290545463562,0.4983709156513214,2,5,3,post_calibration
33,14,2,17,60,1,0,0,0.5033811926841736,0.5033811926841736,0.5033811926841736,0.4966188371181488,2,5,3,post_calibration
34,0,2,1,60,1,0,0,0.5031543374061584,0.5031543374061584,0.5031543374061584,0.49684563279151917,2,6,3,zero_shot_paired
34,1,2,2,60,1,0,0,0.5035586357116699,0.5035586357116699,0.5035586357116699,0.4964413642883301,2,6,3,zero_shot_paired
34,2,2,3,60,0,0,1,0.501905083656311,0.501905083656311,0.501905083656311,0.49809491634368896,2,6,3,zero_shot_paired
34,3,2,4,60,1,0,0,0.5027248859405518,0.5027248859405518,0.5027248859405518,0.49727508425712585,2,6,3,zero_shot_paired
34,4,2,6,60,1,0,0,0.5033568143844604,0.5033568143844604,0.5033568143844604,0.49664318561553955,2,6,3,zero_shot_paired
34,5,2,7,60,0,0,1,0.5010501742362976,0.5010501742362976,0.5010501742362976,0.49894979596138,2,6,3,zero_shot_paired
34,6,2,8,60,0,0,1,0.5003785490989685,0.5003785490989685,0.5003785490989685,0.4996214210987091,2,6,3,zero_shot_paired
34,7,2,9,60,1,0,0,0.5039085149765015,0.5039085149765015,0.5039085149765015,0.49609148502349854,2,6,3,zero_shot_paired
34,8,2,10,60,1,0,0,0.5036932826042175,0.5036932826042175,0.5036932826042175,0.49630671739578247,2,6,3,zero_shot_paired
34,9,2,11,60,1,0,0,0.5008439421653748,0.5008439421653748,0.5008439421653748,0.49915605783462524,2,6,3,zero_shot_paired
34,10,2,12,60,1,0,0,0.502877414226532,0.502877414226532,0.502877414226532,0.4971226155757904,2,6,3,zero_shot_paired
34,11,2,13,60,1,0,0,0.5037391781806946,0.5037391781806946,0.5037391781806946,0.4962608218193054,2,6,3,zero_shot_paired
34,12,2,15,60,1,0,0,0.5025079846382141,0.5025079846382141,0.5025079846382141,0.4974920153617859,2,6,3,zero_shot_paired
34,13,2,16,60,0,0,1,0.5040076971054077,0.5040076971054077,0.5040076971054077,0.49599236249923706,2,6,3,zero_shot_paired
34,14,2,17,60,1,0,0,0.503632128238678,0.503632128238678,0.503632128238678,0.49636784195899963,2,6,3,zero_shot_paired
34,0,2,1,60,1,0,0,0.5010718703269958,0.5010718703269958,0.5010718703269958,0.49892812967300415,2,6,3,post_calibration
34,1,2,2,60,1,0,0,0.5019851326942444,0.5019851326942444,0.5019851326942444,0.4980149269104004,2,6,3,post_calibration
34,2,2,3,60,0,0,1,0.5000051856040955,0.5000051856040955,0.5000051856040955,0.49999478459358215,2,6,3,post_calibration
34,3,2,4,60,1,0,0,0.5007606148719788,0.5007606148719788,0.5007606148719788,0.49923938512802124,2,6,3,post_calibration
34,4,2,6,60,1,0,0,0.5015071630477905,0.5015071630477905,0.5015071630477905,0.4984928071498871,2,6,3,post_calibration
34,5,2,7,60,0,1,0,0.500704824924469,0.500704824924469,0.4992952346801758,0.500704824924469,2,6,3,post_calibration
34,6,2,8,60,0,1,0,0.5019603371620178,0.5019603371620178,0.4980396628379822,0.5019603371620178,2,6,3,post_calibration
34,7,2,9,60,1,0,0,0.5017524361610413,0.5017524361610413,0.5017524361610413,0.4982476234436035,2,6,3,post_calibration
34,8,2,10,60,1,0,0,0.5017533302307129,0.5017533302307129,0.5017533302307129,0.4982466399669647,2,6,3,post_calibration
34,9,2,11,60,1,1,1,0.5010043978691101,0.5010043978691101,0.4989955723285675,0.5010043978691101,2,6,3,post_calibration
34,10,2,12,60,1,0,0,0.5005946159362793,0.5005946159362793,0.5005946159362793,0.4994053542613983,2,6,3,post_calibration
34,11,2,13,60,1,0,0,0.5016186833381653,0.5016186833381653,0.5016186833381653,0.4983813166618347,2,6,3,post_calibration
34,12,2,15,60,1,0,0,0.5004989504814148,0.5004989504814148,0.5004989504814148,0.4995010495185852,2,6,3,post_calibration
34,13,2,16,60,0,0,1,0.5019552111625671,0.5019552111625671,0.5019552111625671,0.49804478883743286,2,6,3,post_calibration
34,14,2,17,60,1,0,0,0.501616895198822,0.501616895198822,0.501616895198822,0.498383104801178,2,6,3,post_calibration
35,0,2,1,60,1,0,0,0.5031543374061584,0.5031543374061584,0.5031543374061584,0.49684563279151917,2,1,6,zero_shot_paired
35,1,2,3,60,0,0,1,0.501905083656311,0.501905083656311,0.501905083656311,0.49809491634368896,2,1,6,zero_shot_paired
35,2,2,6,60,1,0,0,0.5033568143844604,0.5033568143844604,0.5033568143844604,0.49664318561553955,2,1,6,zero_shot_paired
35,3,2,7,60,0,0,1,0.5010501742362976,0.5010501742362976,0.5010501742362976,0.49894979596138,2,1,6,zero_shot_paired
35,4,2,9,60,1,0,0,0.5039085149765015,0.5039085149765015,0.5039085149765015,0.49609148502349854,2,1,6,zero_shot_paired
35,5,2,10,60,1,0,0,0.5036932826042175,0.5036932826042175,0.5036932826042175,0.49630671739578247,2,1,6,zero_shot_paired
35,6,2,11,60,1,0,0,0.5008439421653748,0.5008439421653748,0.5008439421653748,0.49915605783462524,2,1,6,zero_shot_paired
35,7,2,12,60,1,0,0,0.502877414226532,0.502877414226532,0.502877414226532,0.4971226155757904,2,1,6,zero_shot_paired
35,8,2,14,60,1,0,0,0.5019543170928955,0.5019543170928955,0.5019543170928955,0.49804574251174927,2,1,6,zero_shot_paired
35,9,2,15,60,1,0,0,0.5025079846382141,0.5025079846382141,0.5025079846382141,0.4974920153617859,2,1,6,zero_shot_paired
35,10,2,16,60,0,0,1,0.5040076971054077,0.5040076971054077,0.5040076971054077,0.49599236249923706,2,1,6,zero_shot_paired
35,11,2,17,60,1,0,0,0.503632128238678,0.503632128238678,0.503632128238678,0.49636784195899963,2,1,6,zero_shot_paired
35,0,2,1,60,1,0,0,0.5005139708518982,0.5005139708518982,0.5005139708518982,0.4994859993457794,2,1,6,post_calibration
35,1,2,3,60,0,1,0,0.5001903772354126,0.5001903772354126,0.4998096525669098,0.5001903772354126,2,1,6,post_calibration
35,2,2,6,60,1,0,0,0.5015353560447693,0.5015353560447693,0.5015353560447693,0.4984646737575531,2,1,6,post_calibration
35,3,2,7,60,0,1,0,0.5010175704956055,0.5010175704956055,0.4989824593067169,0.5010175704956055,2,1,6,post_calibration
35,4,2,9,60,1,0,0,0.5015234351158142,0.5015234351158142,0.5015234351158142,0.4984765648841858,2,1,6,post_calibration
35,5,2,10,60,1,0,0,0.501720666885376,0.501720666885376,0.501720666885376,0.498279333114624,2,1,6,post_calibration
35,6,2,11,60,1,1,1,0.5014030337333679,0.5014030337333679,0.4985969364643097,0.5014030337333679,2,1,6,post_calibration
35,7,2,12,60,1,0,0,0.5003736615180969,0.5003736615180969,0.5003736615180969,0.4996263384819031,2,1,6,post_calibration
35,8,2,14,60,1,1,1,0.5004335641860962,0.5004335641860962,0.4995664060115814,0.5004335641860962,2,1,6,post_calibration
35,9,2,15,60,1,0,0,0.5000830292701721,0.5000830292701721,0.5000830292701721,0.49991700053215027,2,1,6,post_calibration
35,10,2,16,60,0,0,1,0.5017386078834534,0.5017386078834534,0.5017386078834534,0.498261421918869,2,1,6,post_calibration
35,11,2,17,60,1,0,0,0.5016417503356934,0.5016417503356934,0.5016417503356934,0.49835827946662903,2,1,6,post_calibration
36,0,2,0,60,1,0,0,0.502555251121521,0.502555251121521,0.502555251121521,0.4974447190761566,2,2,6,zero_shot_paired
36,1,2,2,60,1,0,0,0.5035586357116699,0.5035586357116699,0.5035586357116699,0.4964413642883301,2,2,6,zero_shot_paired
36,2,2,4,60,1,0,0,0.5027248859405518,0.5027248859405518,0.5027248859405518,0.49727508425712585,2,2,6,zero_shot_paired
36,3,2,5,60,1,0,0,0.5009711384773254,0.5009711384773254,0.5009711384773254,0.49902886152267456,2,2,6,zero_shot_paired
36,4,2,6,60,1,0,0,0.5033568143844604,0.5033568143844604,0.5033568143844604,0.49664318561553955,2,2,6,zero_shot_paired
36,5,2,8,60,0,0,1,0.5003785490989685,0.5003785490989685,0.5003785490989685,0.4996214210987091,2,2,6,zero_shot_paired
36,6,2,9,60,1,0,0,0.5039085149765015,0.5039085149765015,0.5039085149765015,0.49609148502349854,2,2,6,zero_shot_paired
36,7,2,10,60,1,0,0,0.5036932826042175,0.5036932826042175,0.5036932826042175,0.49630671739578247,2,2,6,zero_shot_paired
36,8,2,12,60,1,0,0,0.502877414226532,0.502877414226532,0.502877414226532,0.4971226155757904,2,2,6,zero_shot_paired
36,9,2,13,60,1,0,0,0.5037391781806946,0.5037391781806946,0.5037391781806946,0.4962608218193054,2,2,6,zero_shot_paired
36,10,2,14,60,1,0,0,0.5019543170928955,0.5019543170928955,0.5019543170928955,0.49804574251174927,2,2,6,zero_shot_paired
36,11,2,16,60,0,0,1,0.5040076971054077,0.5040076971054077,0.5040076971054077,0.49599236249923706,2,2,6,zero_shot_paired
36,0,2,0,60,1,0,0,0.5022669434547424,0.5022669434547424,0.5022669434547424,0.49773305654525757,2,2,6,post_calibration
36,1,2,2,60,1,0,0,0.5033458471298218,0.5033458471298218,0.5033458471298218,0.4966541826725006,2,2,6,post_calibration
36,2,2,4,60,1,0,0,0.5024398565292358,0.5024398565292358,0.5024398565292358,0.49756014347076416,2,2,6,post_calibration
36,3,2,5,60,1,0,0,0.5007008910179138,0.5007008910179138,0.5007008910179138,0.4992990791797638,2,2,6,post_calibration
36,4,2,6,60,1,0,0,0.5031227469444275,0.5031227469444275,0.5031227469444275,0.4968772828578949,2,2,6,post_calibration
36,5,2,8,60,0,0,1,0.5002590417861938,0.5002590417861938,0.5002590417861938,0.49974095821380615,2,2,6,post_calibration
36,6,2,9,60,1,0,0,0.5035989880561829,0.5035989880561829,0.5035989880561829,0.49640101194381714,2,2,6,post_calibration
36,7,2,10,60,1,0,0,0.5035204291343689,0.5035204291343689,0.5035204291343689,0.4964795410633087,2,2,6,post_calibration
36,8,2,12,60,1,0,0,0.5027302503585815,0.5027302503585815,0.5027302503585815,0.49726974964141846,2,2,6,post_calibration
36,9,2,13,60,1,0,0,0.5035479068756104,0.5035479068756104,0.5035479068756104,0.49645206332206726,2,2,6,post_calibration
36,10,2,14,60,1,0,0,0.501548707485199,0.501548707485199,0.501548707485199,0.4984513223171234,2,2,6,post_calibration
36,11,2,16,60,0,0,1,0.5035293698310852,0.5035293698310852,0.5035293698310852,0.4964706003665924,2,2,6,post_calibration
37,0,2,0,60,1,0,0,0.502555251121521,0.502555251121521,0.502555251121521,0.4974447190761566,2,3,6,zero_shot_paired
37,1,2,1,60,1,0,0,0.5031543374061584,0.5031543374061584,0.5031543374061584,0.49684563279151917,2,3,6,zero_shot_paired
37,2,2,2,60,1,0,0,0.5035586357116699,0.5035586357116699,0.5035586357116699,0.4964413642883301,2,3,6,zero_shot_paired
37,3,2,3,60,0,0,1,0.501905083656311,0.501905083656311,0.501905083656311,0.49809491634368896,2,3,6,zero_shot_paired
37,4,2,4,60,1,0,0,0.5027248859405518,0.5027248859405518,0.5027248859405518,0.49727508425712585,2,3,6,zero_shot_paired
37,5,2,5,60,1,0,0,0.5009711384773254,0.5009711384773254,0.5009711384773254,0.49902886152267456,2,3,6,zero_shot_paired
37,6,2,7,60,0,0,1,0.5010501742362976,0.5010501742362976,0.5010501742362976,0.49894979596138,2,3,6,zero_shot_paired
37,7,2,8,60,0,0,1,0.5003785490989685,0.5003785490989685,0.5003785490989685,0.4996214210987091,2,3,6,zero_shot_paired
37,8,2,11,60,1,0,0,0.5008439421653748,0.5008439421653748,0.5008439421653748,0.49915605783462524,2,3,6,zero_shot_paired
37,9,2,13,60,1,0,0,0.5037391781806946,0.5037391781806946,0.5037391781806946,0.4962608218193054,2,3,6,zero_shot_paired
37,10,2,15,60,1,0,0,0.5025079846382141,0.5025079846382141,0.5025079846382141,0.4974920153617859,2,3,6,zero_shot_paired
37,11,2,17,60,1,0,0,0.503632128238678,0.503632128238678,0.503632128238678,0.49636784195899963,2,3,6,zero_shot_paired
37,0,2,0,60,1,1,1,0.500169575214386,0.500169575214386,0.4998304545879364,0.500169575214386,2,3,6,post_calibration
37,1,2,1,60,1,0,0,0.5009433627128601,0.5009433627128601,0.5009433627128601,0.4990566670894623,2,3,6,post_calibration
37,2,2,2,60,1,0,0,0.5015970468521118,0.5015970468521118,0.5015970468521118,0.4984029233455658,2,3,6,post_calibration
37,3,2,3,60,0,1,0,0.5000134110450745,0.5000134110450745,0.4999866187572479,0.5000134110450745,2,3,6,post_calibration
37,4,2,4,60,1,0,0,0.500365674495697,0.500365674495697,0.500365674495697,0.4996342658996582,2,3,6,post_calibration
37,5,2,5,60,1,1,1,0.5014833807945251,0.5014833807945251,0.49851661920547485,0.5014833807945251,2,3,6,post_calibration
37,6,2,7,60,0,1,0,0.5008410811424255,0.5008410811424255,0.49915897846221924,0.5008410811424255,2,3,6,post_calibration
37,7,2,8,60,0,1,0,0.5022551417350769,0.5022551417350769,0.4977448880672455,0.5022551417350769,2,3,6,post_calibration
37,8,2,11,60,1,1,1,0.5015521049499512,0.5015521049499512,0.49844789505004883,0.5015521049499512,2,3,6,post_calibration
37,9,2,13,60,1,0,0,0.5010535717010498,0.5010535717010498,0.5010535717010498,0.4989464581012726,2,3,6,post_calibration
37,10,2,15,60,1,0,0,0.50058513879776,0.50058513879776,0.50058513879776,0.4994148015975952,2,3,6,post_calibration
37,11,2,17,60,1,0,0,0.5005685091018677,0.5005685091018677,0.5005685091018677,0.4994314908981323,2,3,6,post_calibration
38,0,2,1,60,1,0,0,0.5031543374061584,0.5031543374061584,0.5031543374061584,0.49684563279151917,2,1,9,zero_shot_paired
38,1,2,3,60,0,0,1,0.5019049048423767,0.5019049048423767,0.5019049048423767,0.4980950653553009,2,1,9,zero_shot_paired
38,2,2,6,60,1,0,0,0.5033567547798157,0.5033567547798157,0.5033567547798157,0.4966432452201843,2,1,9,zero_shot_paired
38,3,2,9,60,1,0,0,0.5039085149765015,0.5039085149765015,0.5039085149765015,0.4960915148258209,2,1,9,zero_shot_paired
38,4,2,12,60,1,0,0,0.502877414226532,0.502877414226532,0.502877414226532,0.4971226155757904,2,1,9,zero_shot_paired
38,5,2,13,60,1,0,0,0.5037391781806946,0.5037391781806946,0.5037391781806946,0.4962608218193054,2,1,9,zero_shot_paired
38,6,2,15,60,1,0,0,0.5025080442428589,0.5025080442428589,0.5025080442428589,0.4974919855594635,2,1,9,zero_shot_paired
38,7,2,16,60,0,0,1,0.5040075778961182,0.5040075778961182,0.5040075778961182,0.49599242210388184,2,1,9,zero_shot_paired
38,8,2,17,60,1,0,0,0.5036320686340332,0.5036320686340332,0.5036320686340332,0.4963679313659668,2,1,9,zero_shot_paired
38,0,2,1,60,1,0,0,0.501649022102356,0.501649022102356,0.501649022102356,0.49835094809532166,2,1,9,post_calibration
38,1,2,3,60,0,0,1,0.5006783604621887,0.5006783604621887,0.5006783604621887,0.4993215799331665,2,1,9,post_calibration
38,2,2,6,60,1,0,0,0.5021507740020752,0.5021507740020752,0.5021507740020752,0.4978492856025696,2,1,9,post_calibration
38,3,2,9,60,1,0,0,0.502591073513031,0.502591073513031,0.502591073513031,0.497408926486969,2,1,9,post_calibration
38,4,2,12,60,1,0,0,0.5014308094978333,0.5014308094978333,0.5014308094978333,0.49856919050216675,2,1,9,post_calibration
38,5,2,13,60,1,0,0,0.5023931264877319,0.5023931264877319,0.5023931264877319,0.4976068139076233,2,1,9,post_calibration
38,6,2,15,60,1,0,0,0.5010269284248352,0.5010269284248352,0.5010269284248352,0.4989730715751648,2,1,9,post_calibration
38,7,2,16,60,0,0,1,0.5024826526641846,0.5024826526641846,0.5024826526641846,0.49751731753349304,2,1,9,post_calibration
38,8,2,17,60,1,0,0,0.5022355914115906,0.5022355914115906,0.5022355914115906,0.4977644085884094,2,1,9,post_calibration
39,0,2,0,60,1,0,0,0.502555251121521,0.502555251121521,0.502555251121521,0.4974447190761566,2,2,9,zero_shot_paired
39,1,2,2,60,1,0,0,0.5035586357116699,0.5035586357116699,0.5035586357116699,0.49644139409065247,2,2,9,zero_shot_paired
39,2,2,4,60,1,0,0,0.5027248859405518,0.5027248859405518,0.5027248859405518,0.49727508425712585,2,2,9,zero_shot_paired
39,3,2,5,60,1,0,0,0.5009711384773254,0.5009711384773254,0.5009711384773254,0.49902886152267456,2,2,9,zero_shot_paired
39,4,2,7,60,0,0,1,0.5010500550270081,0.5010500550270081,0.5010500550270081,0.49894991517066956,2,2,9,zero_shot_paired
39,5,2,8,60,0,0,1,0.5003785490989685,0.5003785490989685,0.5003785490989685,0.4996214210987091,2,2,9,zero_shot_paired
39,6,2,10,60,1,0,0,0.5036932826042175,0.5036932826042175,0.5036932826042175,0.49630671739578247,2,2,9,zero_shot_paired
39,7,2,11,60,1,0,0,0.5008440017700195,0.5008440017700195,0.5008440017700195,0.49915602803230286,2,2,9,zero_shot_paired
39,8,2,14,60,1,0,0,0.5019543766975403,0.5019543766975403,0.5019543766975403,0.4980456233024597,2,2,9,zero_shot_paired
39,0,2,0,60,1,0,0,0.5015618801116943,0.5015618801116943,0.5015618801116943,0.49843814969062805,2,2,9,post_calibration
39,1,2,2,60,1,0,0,0.5028388500213623,0.5028388500213623,0.5028388500213623,0.4971611201763153,2,2,9,post_calibration
39,2,2,4,60,1,0,0,0.501763105392456,0.501763105392456,0.501763105392456,0.49823686480522156,2,2,9,post_calibration
39,3,2,5,60,1,0,0,0.5001104474067688,0.5001104474067688,0.5001104474067688,0.4998894929885864,2,2,9,post_calibration
39,4,2,7,60,0,0,1,0.5002984404563904,0.5002984404563904,0.5002984404563904,0.499701589345932,2,2,9,post_calibration
39,5,2,8,60,0,1,0,0.5004971027374268,0.5004971027374268,0.49950283765792847,0.5004971027374268,2,2,9,post_calibration
39,6,2,10,60,1,0,0,0.5027228593826294,0.5027228593826294,0.5027228593826294,0.4972771406173706,2,2,9,post_calibration
39,7,2,11,60,1,0,0,0.5001914501190186,0.5001914501190186,0.5001914501190186,0.49980857968330383,2,2,9,post_calibration
39,8,2,14,60,1,0,0,0.5011739730834961,0.5011739730834961,0.5011739730834961,0.4988260269165039,2,2,9,post_calibration
40,0,2,5,60,1,0,0,0.5009713768959045,0.5009713768959045,0.5009713768959045,0.49902865290641785,2,1,12,zero_shot_paired
40,1,2,6,60,1,0,0,0.5033577084541321,0.5033577084541321,0.5033577084541321,0.49664226174354553,2,1,12,zero_shot_paired
40,2,2,7,60,0,0,1,0.501049816608429,0.501049816608429,0.501049816608429,0.49895018339157104,2,1,12,zero_shot_paired
40,3,2,14,60,1,0,0,0.5019548535346985,0.5019548535346985,0.5019548535346985,0.4980451464653015,2,1,12,zero_shot_paired
40,4,2,15,60,1,0,0,0.5025079250335693,0.5025079250335693,0.5025079250335693,0.4974920451641083,2,1,12,zero_shot_paired
40,5,2,17,60,1,0,0,0.5036302208900452,0.5036302208900452,0.5036302208900452,0.4963698089122772,2,1,12,zero_shot_paired
40,0,2,5,60,1,1,1,0.5011077523231506,0.5011077523231506,0.49889227747917175,0.5011077523231506,2,1,12,post_calibration
40,1,2,6,60,1,0,0,0.5011979341506958,0.5011979341506958,0.5011979341506958,0.4988020658493042,2,1,12,post_calibration
40,2,2,7,60,0,1,0,0.5009865164756775,0.5009865164756775,0.4990135133266449,0.5009865164756775,2,1,12,post_calibration
40,3,2,14,60,1,1,1,0.5001987218856812,0.5001987218856812,0.49980127811431885,0.5001987218856812,2,1,12,post_calibration
40,4,2,15,60,1,1,1,0.5000165104866028,0.5000165104866028,0.4999834895133972,0.5000165104866028,2,1,12,post_calibration
40,5,2,17,60,1,0,0,0.5013003349304199,0.5013003349304199,0.5013003349304199,0.4986996650695801,2,1,12,post_calibration
41,0,2,1,60,1,0,0,0.5031546354293823,0.5031546354293823,0.5031546354293823,0.4968453347682953,2,2,12,zero_shot_paired
41,1,2,3,60,0,0,1,0.5019044876098633,0.5019044876098633,0.5019044876098633,0.4980955421924591,2,2,12,zero_shot_paired
41,2,2,9,60,1,0,0,0.5039082169532776,0.5039082169532776,0.5039082169532776,0.4960918426513672,2,2,12,zero_shot_paired
41,3,2,11,60,1,0,0,0.5008448362350464,0.5008448362350464,0.5008448362350464,0.499155193567276,2,2,12,zero_shot_paired
41,4,2,12,60,1,0,0,0.5028774738311768,0.5028774738311768,0.5028774738311768,0.49712255597114563,2,2,12,zero_shot_paired
41,5,2,13,60,1,0,0,0.5037403702735901,0.5037403702735901,0.5037403702735901,0.4962595999240875,2,2,12,zero_shot_paired
41,0,2,1,60,1,0,0,0.5016770958900452,0.5016770958900452,0.5016770958900452,0.4983229339122772,2,2,12,post_calibration
41,1,2,3,60,0,0,1,0.5003952980041504,0.5003952980041504,0.5003952980041504,0.4996047019958496,2,2,12,post_calibration
41,2,2,9,60,1,0,0,0.502345860004425,0.502345860004425,0.502345860004425,0.49765416979789734,2,2,12,post_calibration
41,3,2,11,60,1,1,1,0.5008159875869751,0.5008159875869751,0.4991839528083801,0.5008159875869751,2,2,12,post_calibration
41,4,2,12,60,1,0,0,0.5014143586158752,0.5014143586158752,0.5014143586158752,0.49858567118644714,2,2,12,post_calibration
41,5,2,13,60,1,0,0,0.5021591186523438,0.5021591186523438,0.5021591186523438,0.49784085154533386,2,2,12,post_calibration
42,0,2,1,60,1,0,0,0.5031546354293823,0.5031546354293823,0.5031546354293823,0.4968453347682953,2,3,12,zero_shot_paired
42,1,2,3,60,0,0,1,0.5019044876098633,0.5019044876098633,0.5019044876098633,0.4980955421924591,2,3,12,zero_shot_paired
42,2,2,9,60,1,0,0,0.5039082169532776,0.5039082169532776,0.5039082169532776,0.4960918426513672,2,3,12,zero_shot_paired
42,3,2,10,60,1,0,0,0.5036941766738892,0.5036941766738892,0.5036941766738892,0.4963058531284332,2,3,12,zero_shot_paired
42,4,2,12,60,1,0,0,0.5028774738311768,0.5028774738311768,0.5028774738311768,0.49712255597114563,2,3,12,zero_shot_paired
42,5,2,17,60,1,0,0,0.5036302208900452,0.5036302208900452,0.5036302208900452,0.4963698089122772,2,3,12,zero_shot_paired
42,0,2,1,60,1,0,0,0.5011241436004639,0.5011241436004639,0.5011241436004639,0.49887582659721375,2,3,12,post_calibration
42,1,2,3,60,0,0,1,0.5000272989273071,0.5000272989273071,0.5000272989273071,0.49997270107269287,2,3,12,post_calibration
42,2,2,9,60,1,0,0,0.5017614364624023,0.5017614364624023,0.5017614364624023,0.49823859333992004,2,3,12,post_calibration
42,3,2,10,60,1,0,0,0.5016496777534485,0.5016496777534485,0.5016496777534485,0.4983503520488739,2,3,12,post_calibration
42,4,2,12,60,1,0,0,0.5010337233543396,0.5010337233543396,0.5010337233543396,0.4989662766456604,2,3,12,post_calibration
42,5,2,17,60,1,0,0,0.5016723871231079,0.5016723871231079,0.5016723871231079,0.4983276426792145,2,3,12,post_calibration
4,0,3,0,60,1,0,0,0.5038658976554871,0.5038658976554871,0.5038658976554871,0.49613410234451294,3,,,zero_shot_all_trials
4,1,3,1,60,1,0,0,0.503869891166687,0.503869891166687,0.503869891166687,0.496130108833313,3,,,zero_shot_all_trials
4,2,3,2,60,1,0,0,0.5042916536331177,0.5042916536331177,0.5042916536331177,0.4957084059715271,3,,,zero_shot_all_trials
4,3,3,3,60,0,0,1,0.5043554306030273,0.5043554306030273,0.5043554306030273,0.49564459919929504,3,,,zero_shot_all_trials
4,4,3,4,60,1,0,0,0.5032028555870056,0.5032028555870056,0.5032028555870056,0.4967971742153168,3,,,zero_shot_all_trials
4,5,3,5,60,1,0,0,0.5047105550765991,0.5047105550765991,0.5047105550765991,0.49528947472572327,3,,,zero_shot_all_trials
4,6,3,6,60,1,0,0,0.5057770013809204,0.5057770013809204,0.5057770013809204,0.4942229688167572,3,,,zero_shot_all_trials
4,7,3,7,60,0,0,1,0.5037358999252319,0.5037358999252319,0.5037358999252319,0.49626412987709045,3,,,zero_shot_all_trials
4,8,3,8,60,0,0,1,0.5059207081794739,0.5059207081794739,0.5059207081794739,0.4940792918205261,3,,,zero_shot_all_trials
4,9,3,9,60,0,0,1,0.5022486448287964,0.5022486448287964,0.5022486448287964,0.4977513551712036,3,,,zero_shot_all_trials
4,10,3,10,60,1,0,0,0.5021981596946716,0.5021981596946716,0.5021981596946716,0.49780184030532837,3,,,zero_shot_all_trials
4,11,3,11,60,1,0,0,0.5048235654830933,0.5048235654830933,0.5048235654830933,0.4951764643192291,3,,,zero_shot_all_trials
4,12,3,12,60,1,0,0,0.5037579536437988,0.5037579536437988,0.5037579536437988,0.49624204635620117,3,,,zero_shot_all_trials
4,13,3,13,60,0,0,1,0.5030781626701355,0.5030781626701355,0.5030781626701355,0.4969218373298645,3,,,zero_shot_all_trials
4,14,3,14,60,0,0,1,0.5055824518203735,0.5055824518203735,0.5055824518203735,0.4944175183773041,3,,,zero_shot_all_trials
4,15,3,15,60,1,0,0,0.5037670135498047,0.5037670135498047,0.5037670135498047,0.4962330162525177,3,,,zero_shot_all_trials
4,16,3,16,60,0,0,1,0.5042315125465393,0.5042315125465393,0.5042315125465393,0.4957684874534607,3,,,zero_shot_all_trials
4,17,3,17,60,0,0,1,0.5052890777587891,0.5052890777587891,0.5052890777587891,0.49471089243888855,3,,,zero_shot_all_trials
43,0,3,0,60,1,0,0,0.5038658976554871,0.5038658976554871,0.5038658976554871,0.49613410234451294,3,1,3,zero_shot_paired
43,1,3,2,60,1,0,0,0.5042915940284729,0.5042915940284729,0.5042915940284729,0.4957084655761719,3,1,3,zero_shot_paired
43,2,3,3,60,0,0,1,0.5043554306030273,0.5043554306030273,0.5043554306030273,0.49564453959465027,3,1,3,zero_shot_paired
43,3,3,4,60,1,0,0,0.5032029151916504,0.5032029151916504,0.5032029151916504,0.496797114610672,3,1,3,zero_shot_paired
43,4,3,6,60,1,0,0,0.5057770013809204,0.5057770013809204,0.5057770013809204,0.494223028421402,3,1,3,zero_shot_paired
43,5,3,7,60,0,0,1,0.5037357807159424,0.5037357807159424,0.5037357807159424,0.49626418948173523,3,1,3,zero_shot_paired
43,6,3,8,60,0,0,1,0.5059207081794739,0.5059207081794739,0.5059207081794739,0.4940792918205261,3,1,3,zero_shot_paired
43,7,3,10,60,1,0,0,0.5021981596946716,0.5021981596946716,0.5021981596946716,0.4978017807006836,3,1,3,zero_shot_paired
43,8,3,11,60,1,0,0,0.504823625087738,0.504823625087738,0.504823625087738,0.4951763153076172,3,1,3,zero_shot_paired
43,9,3,12,60,1,0,0,0.503757894039154,0.503757894039154,0.503757894039154,0.49624207615852356,3,1,3,zero_shot_paired
43,10,3,13,60,0,0,1,0.5030781626701355,0.5030781626701355,0.5030781626701355,0.4969218373298645,3,1,3,zero_shot_paired
43,11,3,14,60,0,0,1,0.5055825710296631,0.5055825710296631,0.5055825710296631,0.4944174289703369,3,1,3,zero_shot_paired
43,12,3,15,60,1,0,0,0.5037670135498047,0.5037670135498047,0.5037670135498047,0.4962329864501953,3,1,3,zero_shot_paired
43,13,3,16,60,0,0,1,0.5042315125465393,0.5042315125465393,0.5042315125465393,0.4957684874534607,3,1,3,zero_shot_paired
43,14,3,17,60,0,0,1,0.5052890181541443,0.5052890181541443,0.5052890181541443,0.4947109818458557,3,1,3,zero_shot_paired
43,0,3,0,60,1,0,0,0.5039598941802979,0.5039598941802979,0.5039598941802979,0.49604010581970215,3,1,3,post_calibration
43,1,3,2,60,1,0,0,0.5044465065002441,0.5044465065002441,0.5044465065002441,0.49555349349975586,3,1,3,post_calibration
43,2,3,3,60,0,0,1,0.5044275522232056,0.5044275522232056,0.5044275522232056,0.49557244777679443,3,1,3,post_calibration
43,3,3,4,60,1,0,0,0.5033207535743713,0.5033207535743713,0.5033207535743713,0.49667930603027344,3,1,3,post_calibration
43,4,3,6,60,1,0,0,0.5057382583618164,0.5057382583618164,0.5057382583618164,0.4942617416381836,3,1,3,post_calibration
43,5,3,7,60,0,0,1,0.5038403272628784,0.5038403272628784,0.5038403272628784,0.4961596727371216,3,1,3,post_calibration
43,6,3,8,60,0,0,1,0.5059517025947571,0.5059517025947571,0.5059517025947571,0.4940483272075653,3,1,3,post_calibration
43,7,3,10,60,1,0,0,0.5021654963493347,0.5021654963493347,0.5021654963493347,0.49783456325531006,3,1,3,post_calibration
43,8,3,11,60,1,0,0,0.5049315094947815,0.5049315094947815,0.5049315094947815,0.4950684607028961,3,1,3,post_calibration
43,9,3,12,60,1,0,0,0.50397789478302,0.50397789478302,0.50397789478302,0.49602213501930237,3,1,3,post_calibration
43,10,3,13,60,0,0,1,0.5030391812324524,0.5030391812324524,0.5030391812324524,0.4969607889652252,3,1,3,post_calibration
43,11,3,14,60,0,0,1,0.5057023167610168,0.5057023167610168,0.5057023167610168,0.49429765343666077,3,1,3,post_calibration
43,12,3,15,60,1,0,0,0.5038909912109375,0.5038909912109375,0.5038909912109375,0.4961090385913849,3,1,3,post_calibration
43,13,3,16,60,0,0,1,0.5043765902519226,0.5043765902519226,0.5043765902519226,0.4956234097480774,3,1,3,post_calibration
43,14,3,17,60,0,0,1,0.5053684711456299,0.5053684711456299,0.5053684711456299,0.4946315288543701,3,1,3,post_calibration
44,0,3,0,60,1,0,0,0.5038658976554871,0.5038658976554871,0.5038658976554871,0.49613410234451294,3,2,3,zero_shot_paired
44,1,3,1,60,1,0,0,0.5038698315620422,0.5038698315620422,0.5038698315620422,0.49613022804260254,3,2,3,zero_shot_paired
44,2,3,2,60,1,0,0,0.5042915940284729,0.5042915940284729,0.5042915940284729,0.4957084655761719,3,2,3,zero_shot_paired
44,3,3,4,60,1,0,0,0.5032029151916504,0.5032029151916504,0.5032029151916504,0.496797114610672,3,2,3,zero_shot_paired
44,4,3,5,60,1,0,0,0.5047105550765991,0.5047105550765991,0.5047105550765991,0.49528947472572327,3,2,3,zero_shot_paired
44,5,3,6,60,1,0,0,0.5057770013809204,0.5057770013809204,0.5057770013809204,0.494223028421402,3,2,3,zero_shot_paired
44,6,3,7,60,0,0,1,0.5037357807159424,0.5037357807159424,0.5037357807159424,0.49626418948173523,3,2,3,zero_shot_paired
44,7,3,9,60,0,0,1,0.5022487044334412,0.5022487044334412,0.5022487044334412,0.49775129556655884,3,2,3,zero_shot_paired
44,8,3,10,60,1,0,0,0.5021981596946716,0.5021981596946716,0.5021981596946716,0.4978017807006836,3,2,3,zero_shot_paired
44,9,3,11,60,1,0,0,0.504823625087738,0.504823625087738,0.504823625087738,0.4951763153076172,3,2,3,zero_shot_paired
44,10,3,12,60,1,0,0,0.503757894039154,0.503757894039154,0.503757894039154,0.49624207615852356,3,2,3,zero_shot_paired
44,11,3,13,60,0,0,1,0.5030781626701355,0.5030781626701355,0.5030781626701355,0.4969218373298645,3,2,3,zero_shot_paired
44,12,3,14,60,0,0,1,0.5055825710296631,0.5055825710296631,0.5055825710296631,0.4944174289703369,3,2,3,zero_shot_paired
44,13,3,16,60,0,0,1,0.5042315125465393,0.5042315125465393,0.5042315125465393,0.4957684874534607,3,2,3,zero_shot_paired
44,14,3,17,60,0,0,1,0.5052890181541443,0.5052890181541443,0.5052890181541443,0.4947109818458557,3,2,3,zero_shot_paired
44,0,3,0,60,1,0,0,0.5046578049659729,0.5046578049659729,0.5046578049659729,0.4953422248363495,3,2,3,post_calibration
44,1,3,1,60,1,0,0,0.5046321749687195,0.5046321749687195,0.5046321749687195,0.49536776542663574,3,2,3,post_calibration
44,2,3,2,60,1,0,0,0.5053660273551941,0.5053660273551941,0.5053660273551941,0.4946339726448059,3,2,3,post_calibration
44,3,3,4,60,1,0,0,0.5040938854217529,0.5040938854217529,0.5040938854217529,0.49590611457824707,3,2,3,post_calibration
44,4,3,5,60,1,0,0,0.5055944323539734,0.5055944323539734,0.5055944323539734,0.4944056272506714,3,2,3,post_calibration
44,5,3,6,60,1,0,0,0.5066244006156921,0.5066244006156921,0.5066244006156921,0.49337562918663025,3,2,3,post_calibration
44,6,3,7,60,0,0,1,0.5046210885047913,0.5046210885047913,0.5046210885047913,0.49537891149520874,3,2,3,post_calibration
44,7,3,9,60,0,0,1,0.5031313300132751,0.5031313300132751,0.5031313300132751,0.49686864018440247,3,2,3,post_calibration
44,8,3,10,60,1,0,0,0.5030838847160339,0.5030838847160339,0.5030838847160339,0.4969160854816437,3,2,3,post_calibration
44,9,3,11,60,1,0,0,0.5058788657188416,0.5058788657188416,0.5058788657188416,0.49412113428115845,3,2,3,post_calibration
44,10,3,12,60,1,0,0,0.504477858543396,0.504477858543396,0.504477858543396,0.495522141456604,3,2,3,post_calibration
44,11,3,13,60,0,0,1,0.503617525100708,0.503617525100708,0.503617525100708,0.4963824450969696,3,2,3,post_calibration
44,12,3,14,60,0,0,1,0.5064029097557068,0.5064029097557068,0.5064029097557068,0.49359703063964844,3,2,3,post_calibration
44,13,3,16,60,0,0,1,0.504964292049408,0.504964292049408,0.504964292049408,0.49503567814826965,3,2,3,post_calibration
44,14,3,17,60,0,0,1,0.5061240792274475,0.5061240792274475,0.5061240792274475,0.4938759207725525,3,2,3,post_calibration
45,0,3,1,60,1,0,0,0.5038698315620422,0.5038698315620422,0.5038698315620422,0.49613022804260254,3,3,3,zero_shot_paired
45,1,3,3,60,0,0,1,0.5043554306030273,0.5043554306030273,0.5043554306030273,0.49564453959465027,3,3,3,zero_shot_paired
45,2,3,4,60,1,0,0,0.5032029151916504,0.5032029151916504,0.5032029151916504,0.496797114610672,3,3,3,zero_shot_paired
45,3,3,5,60,1,0,0,0.5047105550765991,0.5047105550765991,0.5047105550765991,0.49528947472572327,3,3,3,zero_shot_paired
45,4,3,6,60,1,0,0,0.5057770013809204,0.5057770013809204,0.5057770013809204,0.494223028421402,3,3,3,zero_shot_paired
45,5,3,7,60,0,0,1,0.5037357807159424,0.5037357807159424,0.5037357807159424,0.49626418948173523,3,3,3,zero_shot_paired
45,6,3,8,60,0,0,1,0.5059207081794739,0.5059207081794739,0.5059207081794739,0.4940792918205261,3,3,3,zero_shot_paired
45,7,3,9,60,0,0,1,0.5022487044334412,0.5022487044334412,0.5022487044334412,0.49775129556655884,3,3,3,zero_shot_paired
45,8,3,10,60,1,0,0,0.5021981596946716,0.5021981596946716,0.5021981596946716,0.4978017807006836,3,3,3,zero_shot_paired
45,9,3,11,60,1,0,0,0.504823625087738,0.504823625087738,0.504823625087738,0.4951763153076172,3,3,3,zero_shot_paired
45,10,3,12,60,1,0,0,0.503757894039154,0.503757894039154,0.503757894039154,0.49624207615852356,3,3,3,zero_shot_paired
45,11,3,13,60,0,0,1,0.5030781626701355,0.5030781626701355,0.5030781626701355,0.4969218373298645,3,3,3,zero_shot_paired
45,12,3,15,60,1,0,0,0.5037670135498047,0.5037670135498047,0.5037670135498047,0.4962329864501953,3,3,3,zero_shot_paired
45,13,3,16,60,0,0,1,0.5042315125465393,0.5042315125465393,0.5042315125465393,0.4957684874534607,3,3,3,zero_shot_paired
45,14,3,17,60,0,0,1,0.5052890181541443,0.5052890181541443,0.5052890181541443,0.4947109818458557,3,3,3,zero_shot_paired
45,0,3,1,60,1,0,0,0.503351092338562,0.503351092338562,0.503351092338562,0.4966488480567932,3,3,3,post_calibration
45,1,3,3,60,0,0,1,0.5036460161209106,0.5036460161209106,0.5036460161209106,0.49635395407676697,3,3,3,post_calibration
45,2,3,4,60,1,0,0,0.5028426051139832,0.5028426051139832,0.5028426051139832,0.4971574544906616,3,3,3,post_calibration
45,3,3,5,60,1,0,0,0.5043348670005798,0.5043348670005798,0.5043348670005798,0.49566516280174255,3,3,3,post_calibration
45,4,3,6,60,1,0,0,0.5052345991134644,0.5052345991134644,0.5052345991134644,0.49476537108421326,3,3,3,post_calibration
45,5,3,7,60,0,0,1,0.5030178427696228,0.5030178427696228,0.5030178427696228,0.4969821274280548,3,3,3,post_calibration
45,6,3,8,60,0,0,1,0.505366325378418,0.505366325378418,0.505366325378418,0.4946337044239044,3,3,3,post_calibration
45,7,3,9,60,0,0,1,0.5017621517181396,0.5017621517181396,0.5017621517181396,0.49823787808418274,3,3,3,post_calibration
45,8,3,10,60,1,0,0,0.5017026662826538,0.5017026662826538,0.5017026662826538,0.4982973039150238,3,3,3,post_calibration
45,9,3,11,60,1,0,0,0.5043200850486755,0.5043200850486755,0.5043200850486755,0.49567994475364685,3,3,3,post_calibration
45,10,3,12,60,1,0,0,0.5034324526786804,0.5034324526786804,0.5034324526786804,0.4965675473213196,3,3,3,post_calibration
45,11,3,13,60,0,0,1,0.5027397274971008,0.5027397274971008,0.5027397274971008,0.4972602128982544,3,3,3,post_calibration
45,12,3,15,60,1,0,0,0.5034118294715881,0.5034118294715881,0.5034118294715881,0.49658820033073425,3,3,3,post_calibration
45,13,3,16,60,0,0,1,0.5037856698036194,0.5037856698036194,0.5037856698036194,0.4962143301963806,3,3,3,post_calibration
45,14,3,17,60,0,0,1,0.5047847628593445,0.5047847628593445,0.5047847628593445,0.49521520733833313,3,3,3,post_calibration
46,0,3,0,60,1,0,0,0.5038658976554871,0.5038658976554871,0.5038658976554871,0.49613410234451294,3,4,3,zero_shot_paired
46,1,3,1,60,1,0,0,0.5038698315620422,0.5038698315620422,0.5038698315620422,0.49613022804260254,3,4,3,zero_shot_paired
46,2,3,2,60,1,0,0,0.5042915940284729,0.5042915940284729,0.5042915940284729,0.4957084655761719,3,4,3,zero_shot_paired
46,3,3,3,60,0,0,1,0.5043554306030273,0.5043554306030273,0.5043554306030273,0.49564453959465027,3,4,3,zero_shot_paired
46,4,3,5,60,1,0,0,0.5047105550765991,0.5047105550765991,0.5047105550765991,0.49528947472572327,3,4,3,zero_shot_paired
46,5,3,6,60,1,0,0,0.5057770013809204,0.5057770013809204,0.5057770013809204,0.494223028421402,3,4,3,zero_shot_paired
46,6,3,8,60,0,0,1,0.5059207081794739,0.5059207081794739,0.5059207081794739,0.4940792918205261,3,4,3,zero_shot_paired
46,7,3,9,60,0,0,1,0.5022487044334412,0.5022487044334412,0.5022487044334412,0.49775129556655884,3,4,3,zero_shot_paired
46,8,3,10,60,1,0,0,0.5021981596946716,0.5021981596946716,0.5021981596946716,0.4978017807006836,3,4,3,zero_shot_paired
46,9,3,12,60,1,0,0,0.503757894039154,0.503757894039154,0.503757894039154,0.49624207615852356,3,4,3,zero_shot_paired
46,10,3,13,60,0,0,1,0.5030781626701355,0.5030781626701355,0.5030781626701355,0.4969218373298645,3,4,3,zero_shot_paired
46,11,3,14,60,0,0,1,0.5055825710296631,0.5055825710296631,0.5055825710296631,0.4944174289703369,3,4,3,zero_shot_paired
46,12,3,15,60,1,0,0,0.5037670135498047,0.5037670135498047,0.5037670135498047,0.4962329864501953,3,4,3,zero_shot_paired
46,13,3,16,60,0,0,1,0.5042315125465393,0.5042315125465393,0.5042315125465393,0.4957684874534607,3,4,3,zero_shot_paired
46,14,3,17,60,0,0,1,0.5052890181541443,0.5052890181541443,0.5052890181541443,0.4947109818458557,3,4,3,zero_shot_paired
46,0,3,0,60,1,0,0,0.503275990486145,0.503275990486145,0.503275990486145,0.49672403931617737,3,4,3,post_calibration
46,1,3,1,60,1,0,0,0.5032395124435425,0.5032395124435425,0.5032395124435425,0.4967604875564575,3,4,3,post_calibration
46,2,3,2,60,1,0,0,0.5037491917610168,0.5037491917610168,0.5037491917610168,0.49625083804130554,3,4,3,post_calibration
46,3,3,3,60,0,0,1,0.5038372874259949,0.5038372874259949,0.5038372874259949,0.4961627125740051,3,4,3,post_calibration
46,4,3,5,60,1,0,0,0.5042213201522827,0.5042213201522827,0.5042213201522827,0.4957786500453949,3,4,3,post_calibration
46,5,3,6,60,1,0,0,0.5050737857818604,0.5050737857818604,0.5050737857818604,0.49492621421813965,3,4,3,post_calibration
46,6,3,8,60,0,0,1,0.5052514672279358,0.5052514672279358,0.5052514672279358,0.4947485625743866,3,4,3,post_calibration
46,7,3,9,60,0,0,1,0.5017932653427124,0.5017932653427124,0.5017932653427124,0.4982067346572876,3,4,3,post_calibration
46,8,3,10,60,1,0,0,0.5014248490333557,0.5014248490333557,0.5014248490333557,0.4985751211643219,3,4,3,post_calibration
46,9,3,12,60,1,0,0,0.5032981038093567,0.5032981038093567,0.5032981038093567,0.4967018961906433,3,4,3,post_calibration
46,10,3,13,60,0,0,1,0.5024125576019287,0.5024125576019287,0.5024125576019287,0.4975873827934265,3,4,3,post_calibration
46,11,3,14,60,0,0,1,0.504864513874054,0.504864513874054,0.504864513874054,0.49513548612594604,3,4,3,post_calibration
46,12,3,15,60,1,0,0,0.5030240416526794,0.5030240416526794,0.5030240416526794,0.49697598814964294,3,4,3,post_calibration
46,13,3,16,60,0,0,1,0.5037792921066284,0.5037792921066284,0.5037792921066284,0.4962207078933716,3,4,3,post_calibration
46,14,3,17,60,0,0,1,0.5048489570617676,0.5048489570617676,0.5048489570617676,0.49515098333358765,3,4,3,post_calibration
47,0,3,0,60,1,0,0,0.5038658976554871,0.5038658976554871,0.5038658976554871,0.49613410234451294,3,5,3,zero_shot_paired
47,1,3,1,60,1,0,0,0.5038698315620422,0.5038698315620422,0.5038698315620422,0.49613022804260254,3,5,3,zero_shot_paired
47,2,3,2,60,1,0,0,0.5042915940284729,0.5042915940284729,0.5042915940284729,0.4957084655761719,3,5,3,zero_shot_paired
47,3,3,3,60,0,0,1,0.5043554306030273,0.5043554306030273,0.5043554306030273,0.49564453959465027,3,5,3,zero_shot_paired
47,4,3,4,60,1,0,0,0.5032029151916504,0.5032029151916504,0.5032029151916504,0.496797114610672,3,5,3,zero_shot_paired
47,5,3,5,60,1,0,0,0.5047105550765991,0.5047105550765991,0.5047105550765991,0.49528947472572327,3,5,3,zero_shot_paired
47,6,3,7,60,0,0,1,0.5037357807159424,0.5037357807159424,0.5037357807159424,0.49626418948173523,3,5,3,zero_shot_paired
47,7,3,8,60,0,0,1,0.5059207081794739,0.5059207081794739,0.5059207081794739,0.4940792918205261,3,5,3,zero_shot_paired
47,8,3,9,60,0,0,1,0.5022487044334412,0.5022487044334412,0.5022487044334412,0.49775129556655884,3,5,3,zero_shot_paired
47,9,3,10,60,1,0,0,0.5021981596946716,0.5021981596946716,0.5021981596946716,0.4978017807006836,3,5,3,zero_shot_paired
47,10,3,11,60,1,0,0,0.504823625087738,0.504823625087738,0.504823625087738,0.4951763153076172,3,5,3,zero_shot_paired
47,11,3,12,60,1,0,0,0.503757894039154,0.503757894039154,0.503757894039154,0.49624207615852356,3,5,3,zero_shot_paired
47,12,3,13,60,0,0,1,0.5030781626701355,0.5030781626701355,0.5030781626701355,0.4969218373298645,3,5,3,zero_shot_paired
47,13,3,14,60,0,0,1,0.5055825710296631,0.5055825710296631,0.5055825710296631,0.4944174289703369,3,5,3,zero_shot_paired
47,14,3,15,60,1,0,0,0.5037670135498047,0.5037670135498047,0.5037670135498047,0.4962329864501953,3,5,3,zero_shot_paired
47,0,3,0,60,1,0,0,0.5044196248054504,0.5044196248054504,0.5044196248054504,0.49558040499687195,3,5,3,post_calibration
47,1,3,1,60,1,0,0,0.5042492747306824,0.5042492747306824,0.5042492747306824,0.49575075507164,3,5,3,post_calibration
47,2,3,2,60,1,0,0,0.5048010349273682,0.5048010349273682,0.5048010349273682,0.49519893527030945,3,5,3,post_calibration
47,3,3,3,60,0,0,1,0.5049009323120117,0.5049009323120117,0.5049009323120117,0.4950990676879883,3,5,3,post_calibration
47,4,3,4,60,1,0,0,0.5034238696098328,0.5034238696098328,0.5034238696098328,0.496576189994812,3,5,3,post_calibration
47,5,3,5,60,1,0,0,0.5051456093788147,0.5051456093788147,0.5051456093788147,0.4948543608188629,3,5,3,post_calibration
47,6,3,7,60,0,0,1,0.5041147470474243,0.5041147470474243,0.5041147470474243,0.4958852231502533,3,5,3,post_calibration
47,7,3,8,60,0,0,1,0.5064692497253418,0.5064692497253418,0.5064692497253418,0.4935307502746582,3,5,3,post_calibration
47,8,3,9,60,0,0,1,0.5026364922523499,0.5026364922523499,0.5026364922523499,0.49736353754997253,3,5,3,post_calibration
47,9,3,10,60,1,0,0,0.5029003620147705,0.5029003620147705,0.5029003620147705,0.49709969758987427,3,5,3,post_calibration
47,10,3,11,60,1,0,0,0.505368173122406,0.505368173122406,0.505368173122406,0.4946318566799164,3,5,3,post_calibration
47,11,3,12,60,1,0,0,0.5040791034698486,0.5040791034698486,0.5040791034698486,0.49592092633247375,3,5,3,post_calibration
47,12,3,13,60,0,0,1,0.5033956170082092,0.5033956170082092,0.5033956170082092,0.4966043531894684,3,5,3,post_calibration
47,13,3,14,60,0,0,1,0.5062323212623596,0.5062323212623596,0.5062323212623596,0.4937676191329956,3,5,3,post_calibration
47,14,3,15,60,1,0,0,0.5042895674705505,0.5042895674705505,0.5042895674705505,0.49571043252944946,3,5,3,post_calibration
48,0,3,0,60,1,0,0,0.5038658976554871,0.5038658976554871,0.5038658976554871,0.49613410234451294,3,6,3,zero_shot_paired
48,1,3,1,60,1,0,0,0.5038698315620422,0.5038698315620422,0.5038698315620422,0.49613022804260254,3,6,3,zero_shot_paired
48,2,3,2,60,1,0,0,0.5042915940284729,0.5042915940284729,0.5042915940284729,0.4957084655761719,3,6,3,zero_shot_paired
48,3,3,3,60,0,0,1,0.5043554306030273,0.5043554306030273,0.5043554306030273,0.49564453959465027,3,6,3,zero_shot_paired
48,4,3,4,60,1,0,0,0.5032029151916504,0.5032029151916504,0.5032029151916504,0.496797114610672,3,6,3,zero_shot_paired
48,5,3,5,60,1,0,0,0.5047105550765991,0.5047105550765991,0.5047105550765991,0.49528947472572327,3,6,3,zero_shot_paired
48,6,3,6,60,1,0,0,0.5057770013809204,0.5057770013809204,0.5057770013809204,0.494223028421402,3,6,3,zero_shot_paired
48,7,3,7,60,0,0,1,0.5037357807159424,0.5037357807159424,0.5037357807159424,0.49626418948173523,3,6,3,zero_shot_paired
48,8,3,8,60,0,0,1,0.5059207081794739,0.5059207081794739,0.5059207081794739,0.4940792918205261,3,6,3,zero_shot_paired
48,9,3,9,60,0,0,1,0.5022487044334412,0.5022487044334412,0.5022487044334412,0.49775129556655884,3,6,3,zero_shot_paired
48,10,3,11,60,1,0,0,0.504823625087738,0.504823625087738,0.504823625087738,0.4951763153076172,3,6,3,zero_shot_paired
48,11,3,14,60,0,0,1,0.5055825710296631,0.5055825710296631,0.5055825710296631,0.4944174289703369,3,6,3,zero_shot_paired
48,12,3,15,60,1,0,0,0.5037670135498047,0.5037670135498047,0.5037670135498047,0.4962329864501953,3,6,3,zero_shot_paired
48,13,3,16,60,0,0,1,0.5042315125465393,0.5042315125465393,0.5042315125465393,0.4957684874534607,3,6,3,zero_shot_paired
48,14,3,17,60,0,0,1,0.5052890181541443,0.5052890181541443,0.5052890181541443,0.4947109818458557,3,6,3,zero_shot_paired
48,0,3,0,60,1,0,0,0.5036664009094238,0.5036664009094238,0.5036664009094238,0.49633362889289856,3,6,3,post_calibration
48,1,3,1,60,1,0,0,0.50318443775177,0.50318443775177,0.50318443775177,0.49681556224823,3,6,3,post_calibration
48,2,3,2,60,1,0,0,0.5038703083992004,0.5038703083992004,0.5038703083992004,0.49612969160079956,3,6,3,post_calibration
48,3,3,3,60,0,0,1,0.5039182305335999,0.5039182305335999,0.5039182305335999,0.49608176946640015,3,6,3,post_calibration
48,4,3,4,60,1,0,0,0.5026501417160034,0.5026501417160034,0.5026501417160034,0.4973498582839966,3,6,3,post_calibration
48,5,3,5,60,1,0,0,0.5041689276695251,0.5041689276695251,0.5041689276695251,0.49583104252815247,3,6,3,post_calibration
48,6,3,6,60,1,0,0,0.5050948858261108,0.5050948858261108,0.5050948858261108,0.49490514397621155,3,6,3,post_calibration
48,7,3,7,60,0,0,1,0.5034449100494385,0.5034449100494385,0.5034449100494385,0.4965550899505615,3,6,3,post_calibration
48,8,3,8,60,0,0,1,0.5051703453063965,0.5051703453063965,0.5051703453063965,0.4948296546936035,3,6,3,post_calibration
48,9,3,9,60,0,0,1,0.5016213655471802,0.5016213655471802,0.5016213655471802,0.4983786344528198,3,6,3,post_calibration
48,10,3,11,60,1,0,0,0.5042629837989807,0.5042629837989807,0.5042629837989807,0.4957370460033417,3,6,3,post_calibration
48,11,3,14,60,0,0,1,0.5049611926078796,0.5049611926078796,0.5049611926078796,0.49503883719444275,3,6,3,post_calibration
48,12,3,15,60,1,0,0,0.5030027627944946,0.5030027627944946,0.5030027627944946,0.49699729681015015,3,6,3,post_calibration
48,13,3,16,60,0,0,1,0.5036851763725281,0.5036851763725281,0.5036851763725281,0.4963148236274719,3,6,3,post_calibration
48,14,3,17,60,0,0,1,0.5049313902854919,0.5049313902854919,0.5049313902854919,0.49506863951683044,3,6,3,post_calibration
49,0,3,0,60,1,0,0,0.5038658976554871,0.5038658976554871,0.5038658976554871,0.49613410234451294,3,1,6,zero_shot_paired
49,1,3,1,60,1,0,0,0.5038698315620422,0.5038698315620422,0.5038698315620422,0.49613022804260254,3,1,6,zero_shot_paired
49,2,3,3,60,0,0,1,0.5043554306030273,0.5043554306030273,0.5043554306030273,0.49564453959465027,3,1,6,zero_shot_paired
49,3,3,4,60,1,0,0,0.5032029151916504,0.5032029151916504,0.5032029151916504,0.496797114610672,3,1,6,zero_shot_paired
49,4,3,5,60,1,0,0,0.5047105550765991,0.5047105550765991,0.5047105550765991,0.49528947472572327,3,1,6,zero_shot_paired
49,5,3,6,60,1,0,0,0.5057770013809204,0.5057770013809204,0.5057770013809204,0.494223028421402,3,1,6,zero_shot_paired
49,6,3,7,60,0,0,1,0.5037357807159424,0.5037357807159424,0.5037357807159424,0.49626418948173523,3,1,6,zero_shot_paired
49,7,3,8,60,0,0,1,0.5059207081794739,0.5059207081794739,0.5059207081794739,0.4940792918205261,3,1,6,zero_shot_paired
49,8,3,11,60,1,0,0,0.504823625087738,0.504823625087738,0.504823625087738,0.4951763153076172,3,1,6,zero_shot_paired
49,9,3,13,60,0,0,1,0.5030781626701355,0.5030781626701355,0.5030781626701355,0.4969218373298645,3,1,6,zero_shot_paired
49,10,3,15,60,1,0,0,0.5037670135498047,0.5037670135498047,0.5037670135498047,0.4962329864501953,3,1,6,zero_shot_paired
49,11,3,16,60,0,0,1,0.5042315125465393,0.5042315125465393,0.5042315125465393,0.4957684874534607,3,1,6,zero_shot_paired
49,0,3,0,60,1,0,0,0.5035877823829651,0.5035877823829651,0.5035877823829651,0.4964121878147125,3,1,6,post_calibration
49,1,3,1,60,1,0,0,0.5039337277412415,0.5039337277412415,0.5039337277412415,0.49606627225875854,3,1,6,post_calibration
49,2,3,3,60,0,0,1,0.5041503310203552,0.5041503310203552,0.5041503310203552,0.4958496689796448,3,1,6,post_calibration
49,3,3,4,60,1,0,0,0.5032337307929993,0.5032337307929993,0.5032337307929993,0.49676626920700073,3,1,6,post_calibration
49,4,3,5,60,1,0,0,0.5045258402824402,0.5045258402824402,0.5045258402824402,0.4954741299152374,3,1,6,post_calibration
49,5,3,6,60,1,0,0,0.5054296851158142,0.5054296851158142,0.5054296851158142,0.4945703148841858,3,1,6,post_calibration
49,6,3,7,60,0,0,1,0.503152072429657,0.503152072429657,0.503152072429657,0.496847927570343,3,1,6,post_calibration
49,7,3,8,60,0,0,1,0.5059086680412292,0.5059086680412292,0.5059086680412292,0.49409130215644836,3,1,6,post_calibration
49,8,3,11,60,1,0,0,0.5047690868377686,0.5047690868377686,0.5047690868377686,0.49523094296455383,3,1,6,post_calibration
49,9,3,13,60,0,0,1,0.5030725002288818,0.5030725002288818,0.5030725002288818,0.49692749977111816,3,1,6,post_calibration
49,10,3,15,60,1,0,0,0.5037527084350586,0.5037527084350586,0.5037527084350586,0.4962472915649414,3,1,6,post_calibration
49,11,3,16,60,0,0,1,0.5039710402488708,0.5039710402488708,0.5039710402488708,0.49602892994880676,3,1,6,post_calibration
50,0,3,0,60,1,0,0,0.5038658976554871,0.5038658976554871,0.5038658976554871,0.49613410234451294,3,2,6,zero_shot_paired
50,1,3,2,60,1,0,0,0.5042915940284729,0.5042915940284729,0.5042915940284729,0.4957084655761719,3,2,6,zero_shot_paired
50,2,3,4,60,1,0,0,0.5032029151916504,0.5032029151916504,0.5032029151916504,0.496797114610672,3,2,6,zero_shot_paired
50,3,3,7,60,0,0,1,0.5037357807159424,0.5037357807159424,0.5037357807159424,0.49626418948173523,3,2,6,zero_shot_paired
50,4,3,8,60,0,0,1,0.5059207081794739,0.5059207081794739,0.5059207081794739,0.4940792918205261,3,2,6,zero_shot_paired
50,5,3,9,60,0,0,1,0.5022487044334412,0.5022487044334412,0.5022487044334412,0.49775129556655884,3,2,6,zero_shot_paired
50,6,3,10,60,1,0,0,0.5021981596946716,0.5021981596946716,0.5021981596946716,0.4978017807006836,3,2,6,zero_shot_paired
50,7,3,11,60,1,0,0,0.504823625087738,0.504823625087738,0.504823625087738,0.4951763153076172,3,2,6,zero_shot_paired
50,8,3,12,60,1,0,0,0.503757894039154,0.503757894039154,0.503757894039154,0.49624207615852356,3,2,6,zero_shot_paired
50,9,3,14,60,0,0,1,0.5055825710296631,0.5055825710296631,0.5055825710296631,0.4944174289703369,3,2,6,zero_shot_paired
50,10,3,15,60,1,0,0,0.5037670135498047,0.5037670135498047,0.5037670135498047,0.4962329864501953,3,2,6,zero_shot_paired
50,11,3,17,60,0,0,1,0.5052890181541443,0.5052890181541443,0.5052890181541443,0.4947109818458557,3,2,6,zero_shot_paired
50,0,3,0,60,1,0,0,0.5034951567649841,0.5034951567649841,0.5034951567649841,0.49650487303733826,3,2,6,post_calibration
50,1,3,2,60,1,0,0,0.5038205981254578,0.5038205981254578,0.5038205981254578,0.4961794316768646,3,2,6,post_calibration
50,2,3,4,60,1,0,0,0.502784252166748,0.502784252166748,0.502784252166748,0.49721574783325195,3,2,6,post_calibration
50,3,3,7,60,0,0,1,0.502859890460968,0.502859890460968,0.502859890460968,0.4971400797367096,3,2,6,post_calibration
50,4,3,8,60,0,0,1,0.5052633881568909,0.5052633881568909,0.5052633881568909,0.4947366416454315,3,2,6,post_calibration
50,5,3,9,60,0,0,1,0.5017759799957275,0.5017759799957275,0.5017759799957275,0.4982239902019501,3,2,6,post_calibration
50,6,3,10,60,1,0,0,0.5016669631004333,0.5016669631004333,0.5016669631004333,0.49833303689956665,3,2,6,post_calibration
50,7,3,11,60,1,0,0,0.5044651627540588,0.5044651627540588,0.5044651627540588,0.49553486704826355,3,2,6,post_calibration
50,8,3,12,60,1,0,0,0.5033408999443054,0.5033408999443054,0.5033408999443054,0.49665912985801697,3,2,6,post_calibration
50,9,3,14,60,0,0,1,0.5050880908966064,0.5050880908966064,0.5050880908966064,0.49491190910339355,3,2,6,post_calibration
50,10,3,15,60,1,0,0,0.5033616423606873,0.5033616423606873,0.5033616423606873,0.49663835763931274,3,2,6,post_calibration
50,11,3,17,60,0,0,1,0.5045992732048035,0.5045992732048035,0.5045992732048035,0.49540072679519653,3,2,6,post_calibration
51,0,3,1,60,1,0,0,0.5038698315620422,0.5038698315620422,0.5038698315620422,0.49613022804260254,3,3,6,zero_shot_paired
51,1,3,2,60,1,0,0,0.5042915940284729,0.5042915940284729,0.5042915940284729,0.4957084655761719,3,3,6,zero_shot_paired
51,2,3,3,60,0,0,1,0.5043554306030273,0.5043554306030273,0.5043554306030273,0.49564453959465027,3,3,6,zero_shot_paired
51,3,3,5,60,1,0,0,0.5047105550765991,0.5047105550765991,0.5047105550765991,0.49528947472572327,3,3,6,zero_shot_paired
51,4,3,6,60,1,0,0,0.5057770013809204,0.5057770013809204,0.5057770013809204,0.494223028421402,3,3,6,zero_shot_paired
51,5,3,9,60,0,0,1,0.5022487044334412,0.5022487044334412,0.5022487044334412,0.49775129556655884,3,3,6,zero_shot_paired
51,6,3,10,60,1,0,0,0.5021981596946716,0.5021981596946716,0.5021981596946716,0.4978017807006836,3,3,6,zero_shot_paired
51,7,3,12,60,1,0,0,0.503757894039154,0.503757894039154,0.503757894039154,0.49624207615852356,3,3,6,zero_shot_paired
51,8,3,13,60,0,0,1,0.5030781626701355,0.5030781626701355,0.5030781626701355,0.4969218373298645,3,3,6,zero_shot_paired
51,9,3,14,60,0,0,1,0.5055825710296631,0.5055825710296631,0.5055825710296631,0.4944174289703369,3,3,6,zero_shot_paired
51,10,3,16,60,0,0,1,0.5042315125465393,0.5042315125465393,0.5042315125465393,0.4957684874534607,3,3,6,zero_shot_paired
51,11,3,17,60,0,0,1,0.5052890181541443,0.5052890181541443,0.5052890181541443,0.4947109818458557,3,3,6,zero_shot_paired
51,0,3,1,60,1,0,0,0.5038551688194275,0.5038551688194275,0.5038551688194275,0.4961448013782501,3,3,6,post_calibration
51,1,3,2,60,1,0,0,0.5039963722229004,0.5039963722229004,0.5039963722229004,0.4960036873817444,3,3,6,post_calibration
51,2,3,3,60,0,0,1,0.5042073130607605,0.5042073130607605,0.5042073130607605,0.4957926571369171,3,3,6,post_calibration
51,3,3,5,60,1,0,0,0.5042191743850708,0.5042191743850708,0.5042191743850708,0.4957808256149292,3,3,6,post_calibration
51,4,3,6,60,1,0,0,0.5056172013282776,0.5056172013282776,0.5056172013282776,0.4943827688694,3,3,6,post_calibration
51,5,3,9,60,0,0,1,0.5020552277565002,0.5020552277565002,0.5020552277565002,0.49794477224349976,3,3,6,post_calibration
51,6,3,10,60,1,0,0,0.5016759634017944,0.5016759634017944,0.5016759634017944,0.4983240067958832,3,3,6,post_calibration
51,7,3,12,60,1,0,0,0.5033496022224426,0.5033496022224426,0.5033496022224426,0.496650367975235,3,3,6,post_calibration
51,8,3,13,60,0,0,1,0.502778172492981,0.502778172492981,0.502778172492981,0.49722182750701904,3,3,6,post_calibration
51,9,3,14,60,0,0,1,0.5053207278251648,0.5053207278251648,0.5053207278251648,0.4946792721748352,3,3,6,post_calibration
51,10,3,16,60,0,0,1,0.5038632750511169,0.5038632750511169,0.5038632750511169,0.49613669514656067,3,3,6,post_calibration
51,11,3,17,60,0,0,1,0.5050210356712341,0.5050210356712341,0.5050210356712341,0.49497896432876587,3,3,6,post_calibration
52,0,3,0,60,1,0,0,0.5038658976554871,0.5038658976554871,0.5038658976554871,0.49613410234451294,3,1,9,zero_shot_paired
52,1,3,3,60,0,0,1,0.5043554306030273,0.5043554306030273,0.5043554306030273,0.49564459919929504,3,1,9,zero_shot_paired
52,2,3,5,60,1,0,0,0.5047106146812439,0.5047106146812439,0.5047106146812439,0.4952894449234009,3,1,9,zero_shot_paired
52,3,3,9,60,0,0,1,0.5022486448287964,0.5022486448287964,0.5022486448287964,0.4977513551712036,3,1,9,zero_shot_paired
52,4,3,10,60,1,0,0,0.5021981596946716,0.5021981596946716,0.5021981596946716,0.49780184030532837,3,1,9,zero_shot_paired
52,5,3,11,60,1,0,0,0.5048235654830933,0.5048235654830933,0.5048235654830933,0.49517643451690674,3,1,9,zero_shot_paired
52,6,3,13,60,0,0,1,0.5030781626701355,0.5030781626701355,0.5030781626701355,0.4969218373298645,3,1,9,zero_shot_paired
52,7,3,15,60,1,0,0,0.5037669539451599,0.5037669539451599,0.5037669539451599,0.4962330758571625,3,1,9,zero_shot_paired
52,8,3,17,60,0,0,1,0.5052890777587891,0.5052890777587891,0.5052890777587891,0.49471089243888855,3,1,9,zero_shot_paired
52,0,3,0,60,1,0,0,0.5037202835083008,0.5037202835083008,0.5037202835083008,0.49627968668937683,3,1,9,post_calibration
52,1,3,3,60,0,0,1,0.504186749458313,0.504186749458313,0.504186749458313,0.4958132207393646,3,1,9,post_calibration
52,2,3,5,60,1,0,0,0.5047014355659485,0.5047014355659485,0.5047014355659485,0.4952985346317291,3,1,9,post_calibration
52,3,3,9,60,0,0,1,0.5021460056304932,0.5021460056304932,0.5021460056304932,0.4978540241718292,3,1,9,post_calibration
52,4,3,10,60,1,0,0,0.5019313097000122,0.5019313097000122,0.5019313097000122,0.4980687201023102,3,1,9,post_calibration
52,5,3,11,60,1,0,0,0.5047416687011719,0.5047416687011719,0.5047416687011719,0.49525830149650574,3,1,9,post_calibration
52,6,3,13,60,0,0,1,0.5028172135353088,0.5028172135353088,0.5028172135353088,0.4971827566623688,3,1,9,post_calibration
52,7,3,15,60,1,0,0,0.5037021636962891,0.5037021636962891,0.5037021636962891,0.49629783630371094,3,1,9,post_calibration
52,8,3,17,60,0,0,1,0.5053375959396362,0.5053375959396362,0.5053375959396362,0.4946623742580414,3,1,9,post_calibration
53,0,3,1,60,1,0,0,0.5038697719573975,0.5038697719573975,0.5038697719573975,0.49613022804260254,3,2,9,zero_shot_paired
53,1,3,2,60,1,0,0,0.5042916536331177,0.5042916536331177,0.5042916536331177,0.4957084059715271,3,2,9,zero_shot_paired
53,2,3,4,60,1,0,0,0.5032028555870056,0.5032028555870056,0.5032028555870056,0.4967971742153168,3,2,9,zero_shot_paired
53,3,3,6,60,1,0,0,0.5057770013809204,0.5057770013809204,0.5057770013809204,0.494223028421402,3,2,9,zero_shot_paired
53,4,3,7,60,0,0,1,0.5037358403205872,0.5037358403205872,0.5037358403205872,0.49626418948173523,3,2,9,zero_shot_paired
53,5,3,8,60,0,0,1,0.5059207081794739,0.5059207081794739,0.5059207081794739,0.4940792918205261,3,2,9,zero_shot_paired
53,6,3,12,60,1,0,0,0.503757894039154,0.503757894039154,0.503757894039154,0.49624207615852356,3,2,9,zero_shot_paired
53,7,3,14,60,0,0,1,0.5055826902389526,0.5055826902389526,0.5055826902389526,0.49441733956336975,3,2,9,zero_shot_paired
53,8,3,16,60,0,0,1,0.5042315125465393,0.5042315125465393,0.5042315125465393,0.4957684576511383,3,2,9,zero_shot_paired
53,0,3,1,60,1,0,0,0.504136323928833,0.504136323928833,0.504136323928833,0.4958636462688446,3,2,9,post_calibration
53,1,3,2,60,1,0,0,0.5045926570892334,0.5045926570892334,0.5045926570892334,0.4954073429107666,3,2,9,post_calibration
53,2,3,4,60,1,0,0,0.5032573938369751,0.5032573938369751,0.5032573938369751,0.4967426061630249,3,2,9,post_calibration
53,3,3,6,60,1,0,0,0.5059177875518799,0.5059177875518799,0.5059177875518799,0.4940822124481201,3,2,9,post_calibration
53,4,3,7,60,0,0,1,0.5039047002792358,0.5039047002792358,0.5039047002792358,0.49609529972076416,3,2,9,post_calibration
53,5,3,8,60,0,0,1,0.505759060382843,0.505759060382843,0.505759060382843,0.49424096941947937,3,2,9,post_calibration
53,6,3,12,60,1,0,0,0.5039425492286682,0.5039425492286682,0.5039425492286682,0.4960574507713318,3,2,9,post_calibration
53,7,3,14,60,0,0,1,0.5056846737861633,0.5056846737861633,0.5056846737861633,0.49431535601615906,3,2,9,post_calibration
53,8,3,16,60,0,0,1,0.5044328570365906,0.5044328570365906,0.5044328570365906,0.4955672025680542,3,2,9,post_calibration
54,0,3,2,60,1,0,0,0.5042921900749207,0.5042921900749207,0.5042921900749207,0.49570780992507935,3,1,12,zero_shot_paired
54,1,3,5,60,1,0,0,0.5047116279602051,0.5047116279602051,0.5047116279602051,0.49528834223747253,3,1,12,zero_shot_paired
54,2,3,8,60,0,0,1,0.50592041015625,0.50592041015625,0.50592041015625,0.49407958984375,3,1,12,zero_shot_paired
54,3,3,12,60,1,0,0,0.5037573575973511,0.5037573575973511,0.5037573575973511,0.4962426722049713,3,1,12,zero_shot_paired
54,4,3,13,60,0,0,1,0.5030782222747803,0.5030782222747803,0.5030782222747803,0.49692174792289734,3,1,12,zero_shot_paired
54,5,3,17,60,0,0,1,0.5052879452705383,0.5052879452705383,0.5052879452705383,0.49471205472946167,3,1,12,zero_shot_paired
54,0,3,2,60,1,0,0,0.5030105113983154,0.5030105113983154,0.5030105113983154,0.4969894289970398,3,1,12,post_calibration
54,1,3,5,60,1,0,0,0.5035804510116577,0.5035804510116577,0.5035804510116577,0.4964195787906647,3,1,12,post_calibration
54,2,3,8,60,0,0,1,0.5044549107551575,0.5044549107551575,0.5044549107551575,0.49554505944252014,3,1,12,post_calibration
54,3,3,12,60,1,0,0,0.5027251839637756,0.5027251839637756,0.5027251839637756,0.49727484583854675,3,1,12,post_calibration
54,4,3,13,60,0,0,1,0.5020317435264587,0.5020317435264587,0.5020317435264587,0.49796825647354126,3,1,12,post_calibration
54,5,3,17,60,0,0,1,0.5044798851013184,0.5044798851013184,0.5044798851013184,0.49552011489868164,3,1,12,post_calibration
55,0,3,0,60,1,0,0,0.503865122795105,0.503865122795105,0.503865122795105,0.496134877204895,3,2,12,zero_shot_paired
55,1,3,5,60,1,0,0,0.5047116279602051,0.5047116279602051,0.5047116279602051,0.49528834223747253,3,2,12,zero_shot_paired
55,2,3,6,60,1,0,0,0.50577712059021,0.50577712059021,0.50577712059021,0.49422287940979004,3,2,12,zero_shot_paired
55,3,3,7,60,0,0,1,0.5037357211112976,0.5037357211112976,0.5037357211112976,0.4962642788887024,3,2,12,zero_shot_paired
55,4,3,9,60,0,0,1,0.5022486448287964,0.5022486448287964,0.5022486448287964,0.497751384973526,3,2,12,zero_shot_paired
55,5,3,14,60,0,0,1,0.5055833458900452,0.5055833458900452,0.5055833458900452,0.49441665410995483,3,2,12,zero_shot_paired
55,0,3,0,60,1,0,0,0.502164363861084,0.502164363861084,0.502164363861084,0.497835636138916,3,2,12,post_calibration
55,1,3,5,60,1,0,0,0.5031180381774902,0.5031180381774902,0.5031180381774902,0.49688199162483215,3,2,12,post_calibration
55,2,3,6,60,1,0,0,0.5042493939399719,0.5042493939399719,0.5042493939399719,0.4957505762577057,3,2,12,post_calibration
55,3,3,7,60,0,0,1,0.5021129250526428,0.5021129250526428,0.5021129250526428,0.4978870749473572,3,2,12,post_calibration
55,4,3,9,60,0,0,1,0.5008012652397156,0.5008012652397156,0.5008012652397156,0.4991987347602844,3,2,12,post_calibration
55,5,3,14,60,0,0,1,0.5039142370223999,0.5039142370223999,0.5039142370223999,0.4960857331752777,3,2,12,post_calibration
56,0,3,4,60,1,0,0,0.5032027363777161,0.5032027363777161,0.5032027363777161,0.49679726362228394,3,3,12,zero_shot_paired
56,1,3,8,60,0,0,1,0.50592041015625,0.50592041015625,0.50592041015625,0.49407958984375,3,3,12,zero_shot_paired
56,2,3,9,60,0,0,1,0.5022486448287964,0.5022486448287964,0.5022486448287964,0.497751384973526,3,3,12,zero_shot_paired
56,3,3,11,60,1,0,0,0.5048233270645142,0.5048233270645142,0.5048233270645142,0.4951767027378082,3,3,12,zero_shot_paired
56,4,3,13,60,0,0,1,0.5030782222747803,0.5030782222747803,0.5030782222747803,0.49692174792289734,3,3,12,zero_shot_paired
56,5,3,15,60,1,0,0,0.5037677884101868,0.5037677884101868,0.5037677884101868,0.49623218178749084,3,3,12,zero_shot_paired
56,0,3,4,60,1,0,0,0.5022841691970825,0.5022841691970825,0.5022841691970825,0.4977158010005951,3,3,12,post_calibration
56,1,3,8,60,0,0,1,0.50507652759552,0.50507652759552,0.50507652759552,0.49492350220680237,3,3,12,post_calibration
56,2,3,9,60,0,0,1,0.5012202858924866,0.5012202858924866,0.5012202858924866,0.4987797439098358,3,3,12,post_calibration
56,3,3,11,60,1,0,0,0.503603994846344,0.503603994846344,0.503603994846344,0.4963960647583008,3,3,12,post_calibration
56,4,3,13,60,0,0,1,0.502072811126709,0.502072811126709,0.502072811126709,0.4979272186756134,3,3,12,post_calibration
56,5,3,15,60,1,0,0,0.5027484893798828,0.5027484893798828,0.5027484893798828,0.4972514808177948,3,3,12,post_calibration
