fold,trial_index,subject_id,trial_id,n_windows,y_true,y_pred,correct,p_pred,confidence,p_class_0,p_class_1,target_subject,calibration_fold,calibration_shots,stage
1,0,0,0,60,1,0,0,0.5011656284332275,0.5011656284332275,0.5011656284332275,0.4988343417644501,0,,,zero_shot_all_trials
1,1,0,1,60,1,0,0,0.5024545788764954,0.5024545788764954,0.5024545788764954,0.49754539132118225,0,,,zero_shot_all_trials
1,2,0,2,60,1,1,1,0.5017286539077759,0.5017286539077759,0.4982713460922241,0.5017286539077759,0,,,zero_shot_all_trials
1,3,0,3,60,1,1,1,0.502920925617218,0.502920925617218,0.497079074382782,0.502920925617218,0,,,zero_shot_all_trials
1,4,0,4,60,1,0,0,0.5014815926551819,0.5014815926551819,0.5014815926551819,0.4985184073448181,0,,,zero_shot_all_trials
1,5,0,5,60,0,1,0,0.500083863735199,0.500083863735199,0.4999161660671234,0.500083863735199,0,,,zero_shot_all_trials
1,6,0,6,60,1,0,0,0.502139151096344,0.502139151096344,0.502139151096344,0.497860848903656,0,,,zero_shot_all_trials
1,7,0,7,60,0,1,0,0.5013347268104553,0.5013347268104553,0.4986652731895447,0.5013347268104553,0,,,zero_shot_all_trials
1,8,0,8,60,0,0,1,0.50250244140625,0.50250244140625,0.50250244140625,0.49749755859375,0,,,zero_shot_all_trials
1,9,0,9,60,1,1,1,0.5003883838653564,0.5003883838653564,0.49961164593696594,0.5003883838653564,0,,,zero_shot_all_trials
1,10,0,10,60,1,1,1,0.5009727478027344,0.5009727478027344,0.4990272521972656,0.5009727478027344,0,,,zero_shot_all_trials
1,11,0,11,60,1,1,1,0.5040295124053955,0.5040295124053955,0.4959704279899597,0.5040295124053955,0,,,zero_shot_all_trials
1,12,0,12,60,1,0,0,0.5023073554039001,0.5023073554039001,0.5023073554039001,0.49769264459609985,0,,,zero_shot_all_trials
1,13,0,13,60,1,1,1,0.5002686977386475,0.5002686977386475,0.49973124265670776,0.5002686977386475,0,,,zero_shot_all_trials
1,14,0,14,60,0,0,1,0.5030131936073303,0.5030131936073303,0.5030131936073303,0.4969868063926697,0,,,zero_shot_all_trials
1,15,0,15,60,1,0,0,0.5049309134483337,0.5049309134483337,0.5049309134483337,0.49506905674934387,0,,,zero_shot_all_trials
1,16,0,16,60,0,0,1,0.5009899139404297,0.5009899139404297,0.5009899139404297,0.4990100562572479,0,,,zero_shot_all_trials
1,17,0,17,60,1,0,0,0.502718985080719,0.502718985080719,0.502718985080719,0.4972810745239258,0,,,zero_shot_all_trials
1,0,0,0,60,1,0,0,0.501165509223938,0.501165509223938,0.501165509223938,0.498834490776062,0,1,3,zero_shot_paired
1,1,0,1,60,1,0,0,0.5024546384811401,0.5024546384811401,0.5024546384811401,0.49754536151885986,0,1,3,zero_shot_paired
1,2,0,2,60,1,1,1,0.5017287135124207,0.5017287135124207,0.49827128648757935,0.5017287135124207,0,1,3,zero_shot_paired
1,3,0,3,60,1,1,1,0.5029211044311523,0.5029211044311523,0.49707895517349243,0.5029211044311523,0,1,3,zero_shot_paired
1,4,0,4,60,1,0,0,0.5014817714691162,0.5014817714691162,0.5014817714691162,0.4985182285308838,0,1,3,zero_shot_paired
1,5,0,5,60,0,1,0,0.5000839829444885,0.5000839829444885,0.49991604685783386,0.5000839829444885,0,1,3,zero_shot_paired
1,6,0,6,60,1,0,0,0.5021390914916992,0.5021390914916992,0.5021390914916992,0.4978608787059784,0,1,3,zero_shot_paired
1,7,0,7,60,0,1,0,0.5013347268104553,0.5013347268104553,0.49866530299186707,0.5013347268104553,0,1,3,zero_shot_paired
1,8,0,8,60,0,0,1,0.50250244140625,0.50250244140625,0.50250244140625,0.4974975883960724,0,1,3,zero_shot_paired
1,9,0,9,60,1,1,1,0.5003883838653564,0.5003883838653564,0.49961164593696594,0.5003883838653564,0,1,3,zero_shot_paired
1,10,0,10,60,1,1,1,0.5009728074073792,0.5009728074073792,0.4990272521972656,0.5009728074073792,0,1,3,zero_shot_paired
1,11,0,11,60,1,1,1,0.5040295124053955,0.5040295124053955,0.4959704279899597,0.5040295124053955,0,1,3,zero_shot_paired
1,12,0,13,60,1,1,1,0.5002683997154236,0.5002683997154236,0.49973157048225403,0.5002683997154236,0,1,3,zero_shot_paired
1,13,0,15,60,1,0,0,0.5049309730529785,0.5049309730529785,0.5049309730529785,0.4950689971446991,0,1,3,zero_shot_paired
1,14,0,16,60,0,0,1,0.5009900331497192,0.5009900331497192,0.5009900331497192,0.4990099370479584,0,1,3,zero_shot_paired
1,0,0,0,60,1,0,0,0.5011328458786011,0.5011328458786011,0.5011328458786011,0.49886712431907654,0,1,3,post_calibration
1,1,0,1,60,1,0,0,0.5024070143699646,0.5024070143699646,0.5024070143699646,0.4975929856300354,0,1,3,post_calibration
1,2,0,2,60,1,1,1,0.5018273591995239,0.5018273591995239,0.4981726408004761,0.5018273591995239,0,1,3,post_calibration
1,3,0,3,60,1,1,1,0.5028570890426636,0.5028570890426636,0.49714288115501404,0.5028570890426636,0,1,3,post_calibration
1,4,0,4,60,1,0,0,0.5014979243278503,0.5014979243278503,0.5014979243278503,0.49850210547447205,0,1,3,post_calibration
1,5,0,5,60,0,1,0,0.5002123713493347,0.5002123713493347,0.4997876286506653,0.5002123713493347,0,1,3,post_calibration
1,6,0,6,60,1,0,0,0.5022111535072327,0.5022111535072327,0.5022111535072327,0.49778884649276733,0,1,3,post_calibration
1,7,0,7,60,0,1,0,0.5013179779052734,0.5013179779052734,0.4986819922924042,0.5013179779052734,0,1,3,post_calibration
1,8,0,8,60,0,0,1,0.5025132894515991,0.5025132894515991,0.5025132894515991,0.4974866807460785,0,1,3,post_calibration
1,9,0,9,60,1,1,1,0.5005889534950256,0.5005889534950256,0.49941107630729675,0.5005889534950256,0,1,3,post_calibration
1,10,0,10,60,1,1,1,0.5011204481124878,0.5011204481124878,0.4988795220851898,0.5011204481124878,0,1,3,post_calibration
1,11,0,11,60,1,1,1,0.5041012763977051,0.5041012763977051,0.49589869379997253,0.5041012763977051,0,1,3,post_calibration
1,12,0,13,60,1,1,1,0.5001850128173828,0.5001850128173828,0.4998149573802948,0.5001850128173828,0,1,3,post_calibration
1,13,0,15,60,1,0,0,0.5052065253257751,0.5052065253257751,0.5052065253257751,0.49479350447654724,0,1,3,post_calibration
1,14,0,16,60,0,0,1,0.5010650753974915,0.5010650753974915,0.5010650753974915,0.49893489480018616,0,1,3,post_calibration
2,0,0,0,60,1,0,0,0.501165509223938,0.501165509223938,0.501165509223938,0.498834490776062,0,2,3,zero_shot_paired
2,1,0,1,60,1,0,0,0.5024546384811401,0.5024546384811401,0.5024546384811401,0.49754536151885986,0,2,3,zero_shot_paired
2,2,0,2,60,1,1,1,0.5017287135124207,0.5017287135124207,0.49827128648757935,0.5017287135124207,0,2,3,zero_shot_paired
2,3,0,3,60,1,1,1,0.5029211044311523,0.5029211044311523,0.49707895517349243,0.5029211044311523,0,2,3,zero_shot_paired
2,4,0,5,60,0,1,0,0.5000839829444885,0.5000839829444885,0.49991604685783386,0.5000839829444885,0,2,3,zero_shot_paired
2,5,0,6,60,1,0,0,0.5021390914916992,0.5021390914916992,0.5021390914916992,0.4978608787059784,0,2,3,zero_shot_paired
2,6,0,7,60,0,1,0,0.5013347268104553,0.5013347268104553,0.49866530299186707,0.5013347268104553,0,2,3,zero_shot_paired
2,7,0,8,60,0,0,1,0.50250244140625,0.50250244140625,0.50250244140625,0.4974975883960724,0,2,3,zero_shot_paired
2,8,0,9,60,1,1,1,0.5003883838653564,0.5003883838653564,0.49961164593696594,0.5003883838653564,0,2,3,zero_shot_paired
2,9,0,10,60,1,1,1,0.5009728074073792,0.5009728074073792,0.4990272521972656,0.5009728074073792,0,2,3,zero_shot_paired
2,10,0,11,60,1,1,1,0.5040295124053955,0.5040295124053955,0.4959704279899597,0.5040295124053955,0,2,3,zero_shot_paired
2,11,0,12,60,1,0,0,0.5023070573806763,0.5023070573806763,0.5023070573806763,0.4976929724216461,0,2,3,zero_shot_paired
2,12,0,13,60,1,1,1,0.5002683997154236,0.5002683997154236,0.49973157048225403,0.5002683997154236,0,2,3,zero_shot_paired
2,13,0,14,60,0,0,1,0.5030131936073303,0.5030131936073303,0.5030131936073303,0.4969868063926697,0,2,3,zero_shot_paired
2,14,0,17,60,1,0,0,0.502718985080719,0.502718985080719,0.502718985080719,0.497281014919281,0,2,3,zero_shot_paired
2,0,0,0,60,1,0,0,0.5011283755302429,0.5011283755302429,0.5011283755302429,0.4988716244697571,0,2,3,post_calibration
2,1,0,1,60,1,0,0,0.5023843050003052,0.5023843050003052,0.5023843050003052,0.4976157248020172,0,2,3,post_calibration
2,2,0,2,60,1,1,1,0.5019305348396301,0.5019305348396301,0.4980694651603699,0.5019305348396301,0,2,3,post_calibration
2,3,0,3,60,1,1,1,0.5029685497283936,0.5029685497283936,0.49703142046928406,0.5029685497283936,0,2,3,post_calibration
2,4,0,5,60,0,1,0,0.5001084804534912,0.5001084804534912,0.4998915195465088,0.5001084804534912,0,2,3,post_calibration
2,5,0,6,60,1,0,0,0.5021368265151978,0.5021368265151978,0.5021368265151978,0.49786320328712463,0,2,3,post_calibration
2,6,0,7,60,0,1,0,0.5014252662658691,0.5014252662658691,0.49857470393180847,0.5014252662658691,0,2,3,post_calibration
2,7,0,8,60,0,0,1,0.5025585293769836,0.5025585293769836,0.5025585293769836,0.49744153022766113,0,2,3,post_calibration
2,8,0,9,60,1,1,1,0.5003283619880676,0.5003283619880676,0.4996716380119324,0.5003283619880676,0,2,3,post_calibration
2,9,0,10,60,1,1,1,0.5008581876754761,0.5008581876754761,0.4991418123245239,0.5008581876754761,0,2,3,post_calibration
2,10,0,11,60,1,1,1,0.5040093064308167,0.5040093064308167,0.49599069356918335,0.5040093064308167,0,2,3,post_calibration
2,11,0,12,60,1,0,0,0.5024089217185974,0.5024089217185974,0.5024089217185974,0.4975910484790802,0,2,3,post_calibration
2,12,0,13,60,1,1,1,0.5002483129501343,0.5002483129501343,0.4997517168521881,0.5002483129501343,0,2,3,post_calibration
2,13,0,14,60,0,0,1,0.5031301379203796,0.5031301379203796,0.5031301379203796,0.49686989188194275,0,2,3,post_calibration
2,14,0,17,60,1,0,0,0.5026393532752991,0.5026393532752991,0.5026393532752991,0.4973606765270233,0,2,3,post_calibration
3,0,0,0,60,1,0,0,0.501165509223938,0.501165509223938,0.501165509223938,0.498834490776062,0,3,3,zero_shot_paired
3,1,0,1,60,1,0,0,0.5024546384811401,0.5024546384811401,0.5024546384811401,0.49754536151885986,0,3,3,zero_shot_paired
3,2,0,2,60,1,1,1,0.5017287135124207,0.5017287135124207,0.49827128648757935,0.5017287135124207,0,3,3,zero_shot_paired
3,3,0,3,60,1,1,1,0.5029211044311523,0.5029211044311523,0.49707895517349243,0.5029211044311523,0,3,3,zero_shot_paired
3,4,0,4,60,1,0,0,0.5014817714691162,0.5014817714691162,0.5014817714691162,0.4985182285308838,0,3,3,zero_shot_paired
3,5,0,5,60,0,1,0,0.5000839829444885,0.5000839829444885,0.49991604685783386,0.5000839829444885,0,3,3,zero_shot_paired
3,6,0,8,60,0,0,1,0.50250244140625,0.50250244140625,0.50250244140625,0.4974975883960724,0,3,3,zero_shot_paired
3,7,0,10,60,1,1,1,0.5009728074073792,0.5009728074073792,0.4990272521972656,0.5009728074073792,0,3,3,zero_shot_paired
3,8,0,11,60,1,1,1,0.5040295124053955,0.5040295124053955,0.4959704279899597,0.5040295124053955,0,3,3,zero_shot_paired
3,9,0,12,60,1,0,0,0.5023070573806763,0.5023070573806763,0.5023070573806763,0.4976929724216461,0,3,3,zero_shot_paired
3,10,0,13,60,1,1,1,0.5002683997154236,0.5002683997154236,0.49973157048225403,0.5002683997154236,0,3,3,zero_shot_paired
3,11,0,14,60,0,0,1,0.5030131936073303,0.5030131936073303,0.5030131936073303,0.4969868063926697,0,3,3,zero_shot_paired
3,12,0,15,60,1,0,0,0.5049309730529785,0.5049309730529785,0.5049309730529785,0.4950689971446991,0,3,3,zero_shot_paired
3,13,0,16,60,0,0,1,0.5009900331497192,0.5009900331497192,0.5009900331497192,0.4990099370479584,0,3,3,zero_shot_paired
3,14,0,17,60,1,0,0,0.502718985080719,0.502718985080719,0.502718985080719,0.497281014919281,0,3,3,zero_shot_paired
3,0,0,0,60,1,0,0,0.5009873509407043,0.5009873509407043,0.5009873509407043,0.49901270866394043,0,3,3,post_calibration
3,1,0,1,60,1,0,0,0.5027783513069153,0.5027783513069153,0.5027783513069153,0.4972217082977295,0,3,3,post_calibration
3,2,0,2,60,1,1,1,0.5016562342643738,0.5016562342643738,0.4983437657356262,0.5016562342643738,0,3,3,post_calibration
3,3,0,3,60,1,1,1,0.5025442838668823,0.5025442838668823,0.4974556863307953,0.5025442838668823,0,3,3,post_calibration
3,4,0,4,60,1,0,0,0.5012151002883911,0.5012151002883911,0.5012151002883911,0.4987848997116089,0,3,3,post_calibration
3,5,0,5,60,0,0,1,0.5000308752059937,0.5000308752059937,0.5000308752059937,0.49996915459632874,0,3,3,post_calibration
3,6,0,8,60,0,0,1,0.5024208426475525,0.5024208426475525,0.5024208426475525,0.4975791573524475,0,3,3,post_calibration
3,7,0,10,60,1,1,1,0.5010197758674622,0.5010197758674622,0.49898019433021545,0.5010197758674622,0,3,3,post_calibration
3,8,0,11,60,1,1,1,0.5040836930274963,0.5040836930274963,0.49591633677482605,0.5040836930274963,0,3,3,post_calibration
3,9,0,12,60,1,0,0,0.5021467804908752,0.5021467804908752,0.5021467804908752,0.49785318970680237,0,3,3,post_calibration
3,10,0,13,60,1,1,1,0.5002342462539673,0.5002342462539673,0.4997657239437103,0.5002342462539673,0,3,3,post_calibration
3,11,0,14,60,0,0,1,0.5027817487716675,0.5027817487716675,0.5027817487716675,0.4972182512283325,0,3,3,post_calibration
3,12,0,15,60,1,0,0,0.504998505115509,0.504998505115509,0.504998505115509,0.49500152468681335,0,3,3,post_calibration
3,13,0,16,60,0,0,1,0.5011076331138611,0.5011076331138611,0.5011076331138611,0.4988923668861389,0,3,3,post_calibration
3,14,0,17,60,1,0,0,0.5028834342956543,0.5028834342956543,0.5028834342956543,0.4971165359020233,0,3,3,post_calibration
4,0,0,0,60,1,0,0,0.501165509223938,0.501165509223938,0.501165509223938,0.498834490776062,0,4,3,zero_shot_paired
4,1,0,1,60,1,0,0,0.5024546384811401,0.5024546384811401,0.5024546384811401,0.49754536151885986,0,4,3,zero_shot_paired
4,2,0,3,60,1,1,1,0.5029211044311523,0.5029211044311523,0.49707895517349243,0.5029211044311523,0,4,3,zero_shot_paired
4,3,0,4,60,1,0,0,0.5014817714691162,0.5014817714691162,0.5014817714691162,0.4985182285308838,0,4,3,zero_shot_paired
4,4,0,6,60,1,0,0,0.5021390914916992,0.5021390914916992,0.5021390914916992,0.4978608787059784,0,4,3,zero_shot_paired
4,5,0,7,60,0,1,0,0.5013347268104553,0.5013347268104553,0.49866530299186707,0.5013347268104553,0,4,3,zero_shot_paired
4,6,0,8,60,0,0,1,0.50250244140625,0.50250244140625,0.50250244140625,0.4974975883960724,0,4,3,zero_shot_paired
4,7,0,9,60,1,1,1,0.5003883838653564,0.5003883838653564,0.49961164593696594,0.5003883838653564,0,4,3,zero_shot_paired
4,8,0,10,60,1,1,1,0.5009728074073792,0.5009728074073792,0.4990272521972656,0.5009728074073792,0,4,3,zero_shot_paired
4,9,0,11,60,1,1,1,0.5040295124053955,0.5040295124053955,0.4959704279899597,0.5040295124053955,0,4,3,zero_shot_paired
4,10,0,12,60,1,0,0,0.5023070573806763,0.5023070573806763,0.5023070573806763,0.4976929724216461,0,4,3,zero_shot_paired
4,11,0,14,60,0,0,1,0.5030131936073303,0.5030131936073303,0.5030131936073303,0.4969868063926697,0,4,3,zero_shot_paired
4,12,0,15,60,1,0,0,0.5049309730529785,0.5049309730529785,0.5049309730529785,0.4950689971446991,0,4,3,zero_shot_paired
4,13,0,16,60,0,0,1,0.5009900331497192,0.5009900331497192,0.5009900331497192,0.4990099370479584,0,4,3,zero_shot_paired
4,14,0,17,60,1,0,0,0.502718985080719,0.502718985080719,0.502718985080719,0.497281014919281,0,4,3,zero_shot_paired
4,0,0,0,60,1,0,0,0.5009618997573853,0.5009618997573853,0.5009618997573853,0.49903813004493713,0,4,3,post_calibration
4,1,0,1,60,1,0,0,0.5022194981575012,0.5022194981575012,0.5022194981575012,0.49778056144714355,0,4,3,post_calibration
4,2,0,3,60,1,1,1,0.5032797455787659,0.5032797455787659,0.49672025442123413,0.5032797455787659,0,4,3,post_calibration
4,3,0,4,60,1,0,0,0.5014848709106445,0.5014848709106445,0.5014848709106445,0.4985150992870331,0,4,3,post_calibration
4,4,0,6,60,1,0,0,0.5018661022186279,0.5018661022186279,0.5018661022186279,0.4981338381767273,0,4,3,post_calibration
4,5,0,7,60,0,1,0,0.5015680193901062,0.5015680193901062,0.4984320104122162,0.5015680193901062,0,4,3,post_calibration
4,6,0,8,60,0,0,1,0.5023613572120667,0.5023613572120667,0.5023613572120667,0.49763864278793335,0,4,3,post_calibration
4,7,0,9,60,1,1,1,0.5003687739372253,0.5003687739372253,0.49963128566741943,0.5003687739372253,0,4,3,post_calibration
4,8,0,10,60,1,1,1,0.5007703304290771,0.5007703304290771,0.49922963976860046,0.5007703304290771,0,4,3,post_calibration
4,9,0,11,60,1,1,1,0.5041292309761047,0.5041292309761047,0.4958707392215729,0.5041292309761047,0,4,3,post_calibration
4,10,0,12,60,1,0,0,0.502337634563446,0.502337634563446,0.502337634563446,0.49766242504119873,0,4,3,post_calibration
4,11,0,14,60,0,0,1,0.5028902888298035,0.5028902888298035,0.5028902888298035,0.49710971117019653,0,4,3,post_calibration
4,12,0,15,60,1,0,0,0.5046908259391785,0.5046908259391785,0.5046908259391785,0.49530917406082153,0,4,3,post_calibration
4,13,0,16,60,0,0,1,0.5008345246315002,0.5008345246315002,0.5008345246315002,0.49916544556617737,0,4,3,post_calibration
4,14,0,17,60,1,0,0,0.5026569366455078,0.5026569366455078,0.5026569366455078,0.4973430633544922,0,4,3,post_calibration
5,0,0,1,60,1,0,0,0.5024546384811401,0.5024546384811401,0.5024546384811401,0.49754536151885986,0,5,3,zero_shot_paired
5,1,0,2,60,1,1,1,0.5017287135124207,0.5017287135124207,0.49827128648757935,0.5017287135124207,0,5,3,zero_shot_paired
5,2,0,3,60,1,1,1,0.5029211044311523,0.5029211044311523,0.49707895517349243,0.5029211044311523,0,5,3,zero_shot_paired
5,3,0,4,60,1,0,0,0.5014817714691162,0.5014817714691162,0.5014817714691162,0.4985182285308838,0,5,3,zero_shot_paired
5,4,0,5,60,0,1,0,0.5000839829444885,0.5000839829444885,0.49991604685783386,0.5000839829444885,0,5,3,zero_shot_paired
5,5,0,6,60,1,0,0,0.5021390914916992,0.5021390914916992,0.5021390914916992,0.4978608787059784,0,5,3,zero_shot_paired
5,6,0,7,60,0,1,0,0.5013347268104553,0.5013347268104553,0.49866530299186707,0.5013347268104553,0,5,3,zero_shot_paired
5,7,0,9,60,1,1,1,0.5003883838653564,0.5003883838653564,0.49961164593696594,0.5003883838653564,0,5,3,zero_shot_paired
5,8,0,10,60,1,1,1,0.5009728074073792,0.5009728074073792,0.4990272521972656,0.5009728074073792,0,5,3,zero_shot_paired
5,9,0,12,60,1,0,0,0.5023070573806763,0.5023070573806763,0.5023070573806763,0.4976929724216461,0,5,3,zero_shot_paired
5,10,0,13,60,1,1,1,0.5002683997154236,0.5002683997154236,0.49973157048225403,0.5002683997154236,0,5,3,zero_shot_paired
5,11,0,14,60,0,0,1,0.5030131936073303,0.5030131936073303,0.5030131936073303,0.4969868063926697,0,5,3,zero_shot_paired
5,12,0,15,60,1,0,0,0.5049309730529785,0.5049309730529785,0.5049309730529785,0.4950689971446991,0,5,3,zero_shot_paired
5,13,0,16,60,0,0,1,0.5009900331497192,0.5009900331497192,0.5009900331497192,0.4990099370479584,0,5,3,zero_shot_paired
5,14,0,17,60,1,0,0,0.502718985080719,0.502718985080719,0.502718985080719,0.497281014919281,0,5,3,zero_shot_paired
5,0,0,1,60,1,0,0,0.5025237798690796,0.5025237798690796,0.5025237798690796,0.4974762201309204,0,5,3,post_calibration
5,1,0,2,60,1,1,1,0.501783549785614,0.501783549785614,0.498216450214386,0.501783549785614,0,5,3,post_calibration
5,2,0,3,60,1,1,1,0.5029582381248474,0.5029582381248474,0.4970417320728302,0.5029582381248474,0,5,3,post_calibration
5,3,0,4,60,1,0,0,0.5014690160751343,0.5014690160751343,0.5014690160751343,0.4985310137271881,0,5,3,post_calibration
5,4,0,5,60,0,0,1,0.5000432133674622,0.5000432133674622,0.5000432133674622,0.49995675683021545,0,5,3,post_calibration
5,5,0,6,60,1,0,0,0.5022069215774536,0.5022069215774536,0.5022069215774536,0.4977930784225464,0,5,3,post_calibration
5,6,0,7,60,0,1,0,0.5015356540679932,0.5015356540679932,0.49846431612968445,0.5015356540679932,0,5,3,post_calibration
5,7,0,9,60,1,1,1,0.500398576259613,0.500398576259613,0.4996013939380646,0.500398576259613,0,5,3,post_calibration
5,8,0,10,60,1,1,1,0.500977098941803,0.500977098941803,0.49902287125587463,0.500977098941803,0,5,3,post_calibration
5,9,0,12,60,1,0,0,0.5023238062858582,0.5023238062858582,0.5023238062858582,0.49767613410949707,0,5,3,post_calibration
5,10,0,13,60,1,1,1,0.5002780556678772,0.5002780556678772,0.4997219741344452,0.5002780556678772,0,5,3,post_calibration
5,11,0,14,60,0,0,1,0.5028437376022339,0.5028437376022339,0.5028437376022339,0.4971562325954437,0,5,3,post_calibration
5,12,0,15,60,1,0,0,0.5049228072166443,0.5049228072166443,0.5049228072166443,0.4950772225856781,0,5,3,post_calibration
5,13,0,16,60,0,0,1,0.5009503364562988,0.5009503364562988,0.5009503364562988,0.49904969334602356,0,5,3,post_calibration
5,14,0,17,60,1,0,0,0.502808153629303,0.502808153629303,0.502808153629303,0.4971918761730194,0,5,3,post_calibration
6,0,0,0,60,1,0,0,0.501165509223938,0.501165509223938,0.501165509223938,0.498834490776062,0,6,3,zero_shot_paired
6,1,0,2,60,1,1,1,0.5017287135124207,0.5017287135124207,0.49827128648757935,0.5017287135124207,0,6,3,zero_shot_paired
6,2,0,4,60,1,0,0,0.5014817714691162,0.5014817714691162,0.5014817714691162,0.4985182285308838,0,6,3,zero_shot_paired
6,3,0,5,60,0,1,0,0.5000839829444885,0.5000839829444885,0.49991604685783386,0.5000839829444885,0,6,3,zero_shot_paired
6,4,0,6,60,1,0,0,0.5021390914916992,0.5021390914916992,0.5021390914916992,0.4978608787059784,0,6,3,zero_shot_paired
6,5,0,7,60,0,1,0,0.5013347268104553,0.5013347268104553,0.49866530299186707,0.5013347268104553,0,6,3,zero_shot_paired
6,6,0,8,60,0,0,1,0.50250244140625,0.50250244140625,0.50250244140625,0.4974975883960724,0,6,3,zero_shot_paired
6,7,0,9,60,1,1,1,0.5003883838653564,0.5003883838653564,0.49961164593696594,0.5003883838653564,0,6,3,zero_shot_paired
6,8,0,11,60,1,1,1,0.5040295124053955,0.5040295124053955,0.4959704279899597,0.5040295124053955,0,6,3,zero_shot_paired
6,9,0,12,60,1,0,0,0.5023070573806763,0.5023070573806763,0.5023070573806763,0.4976929724216461,0,6,3,zero_shot_paired
6,10,0,13,60,1,1,1,0.5002683997154236,0.5002683997154236,0.49973157048225403,0.5002683997154236,0,6,3,zero_shot_paired
6,11,0,14,60,0,0,1,0.5030131936073303,0.5030131936073303,0.5030131936073303,0.4969868063926697,0,6,3,zero_shot_paired
6,12,0,15,60,1,0,0,0.5049309730529785,0.5049309730529785,0.5049309730529785,0.4950689971446991,0,6,3,zero_shot_paired
6,13,0,16,60,0,0,1,0.5009900331497192,0.5009900331497192,0.5009900331497192,0.4990099370479584,0,6,3,zero_shot_paired
6,14,0,17,60,1,0,0,0.502718985080719,0.502718985080719,0.502718985080719,0.497281014919281,0,6,3,zero_shot_paired
6,0,0,0,60,1,0,0,0.501210629940033,0.501210629940033,0.501210629940033,0.49878939986228943,0,6,3,post_calibration
6,1,0,2,60,1,1,1,0.5018189549446106,0.5018189549446106,0.4981811046600342,0.5018189549446106,0,6,3,post_calibration
6,2,0,4,60,1,0,0,0.5015180706977844,0.5015180706977844,0.5015180706977844,0.4984819293022156,0,6,3,post_calibration
6,3,0,5,60,0,0,1,0.5000240206718445,0.5000240206718445,0.5000240206718445,0.4999760091304779,0,6,3,post_calibration
6,4,0,6,60,1,0,0,0.5019873976707458,0.5019873976707458,0.5019873976707458,0.49801263213157654,0,6,3,post_calibration
6,5,0,7,60,0,1,0,0.5015667080879211,0.5015667080879211,0.49843329191207886,0.5015667080879211,0,6,3,post_calibration
6,6,0,8,60,0,0,1,0.5024572610855103,0.5024572610855103,0.5024572610855103,0.49754273891448975,0,6,3,post_calibration
6,7,0,9,60,1,1,1,0.5003542304039001,0.5003542304039001,0.49964573979377747,0.5003542304039001,0,6,3,post_calibration
6,8,0,11,60,1,1,1,0.5040468573570251,0.5040468573570251,0.49595317244529724,0.5040468573570251,0,6,3,post_calibration
6,9,0,12,60,1,0,0,0.5023977160453796,0.5023977160453796,0.5023977160453796,0.497602254152298,0,6,3,post_calibration
6,10,0,13,60,1,1,1,0.500435471534729,0.500435471534729,0.4995644688606262,0.500435471534729,0,6,3,post_calibration
6,11,0,14,60,0,0,1,0.5029465556144714,0.5029465556144714,0.5029465556144714,0.49705347418785095,0,6,3,post_calibration
6,12,0,15,60,1,0,0,0.504851222038269,0.504851222038269,0.504851222038269,0.49514880776405334,0,6,3,post_calibration
6,13,0,16,60,0,0,1,0.5009247064590454,0.5009247064590454,0.5009247064590454,0.499075323343277,0,6,3,post_calibration
6,14,0,17,60,1,0,0,0.5025590658187866,0.5025590658187866,0.5025590658187866,0.49744096398353577,0,6,3,post_calibration
7,0,0,0,60,1,0,0,0.501165509223938,0.501165509223938,0.501165509223938,0.498834490776062,0,1,6,zero_shot_paired
7,1,0,1,60,1,0,0,0.5024546384811401,0.5024546384811401,0.5024546384811401,0.49754536151885986,0,1,6,zero_shot_paired
7,2,0,3,60,1,1,1,0.5029211044311523,0.5029211044311523,0.49707895517349243,0.5029211044311523,0,1,6,zero_shot_paired
7,3,0,5,60,0,1,0,0.5000839829444885,0.5000839829444885,0.49991604685783386,0.5000839829444885,0,1,6,zero_shot_paired
7,4,0,6,60,1,0,0,0.5021390914916992,0.5021390914916992,0.5021390914916992,0.4978608787059784,0,1,6,zero_shot_paired
7,5,0,8,60,0,0,1,0.50250244140625,0.50250244140625,0.50250244140625,0.4974975883960724,0,1,6,zero_shot_paired
7,6,0,9,60,1,1,1,0.5003883838653564,0.5003883838653564,0.49961164593696594,0.5003883838653564,0,1,6,zero_shot_paired
7,7,0,10,60,1,1,1,0.5009728074073792,0.5009728074073792,0.4990272521972656,0.5009728074073792,0,1,6,zero_shot_paired
7,8,0,11,60,1,1,1,0.5040295124053955,0.5040295124053955,0.4959704279899597,0.5040295124053955,0,1,6,zero_shot_paired
7,9,0,14,60,0,0,1,0.5030131936073303,0.5030131936073303,0.5030131936073303,0.4969868063926697,0,1,6,zero_shot_paired
7,10,0,15,60,1,0,0,0.5049309730529785,0.5049309730529785,0.5049309730529785,0.4950689971446991,0,1,6,zero_shot_paired
7,11,0,17,60,1,0,0,0.502718985080719,0.502718985080719,0.502718985080719,0.497281014919281,0,1,6,zero_shot_paired
7,0,0,0,60,1,0,0,0.5011533498764038,0.5011533498764038,0.5011533498764038,0.49884670972824097,0,1,6,post_calibration
7,1,0,1,60,1,0,0,0.5027273893356323,0.5027273893356323,0.5027273893356323,0.4972726106643677,0,1,6,post_calibration
7,2,0,3,60,1,1,1,0.5026829242706299,0.5026829242706299,0.49731704592704773,0.5026829242706299,0,1,6,post_calibration
7,3,0,5,60,0,1,0,0.5000744462013245,0.5000744462013245,0.49992552399635315,0.5000744462013245,0,1,6,post_calibration
7,4,0,6,60,1,0,0,0.5023326277732849,0.5023326277732849,0.5023326277732849,0.4976674020290375,0,1,6,post_calibration
7,5,0,8,60,0,0,1,0.5024614930152893,0.5024614930152893,0.5024614930152893,0.4975384473800659,0,1,6,post_calibration
7,6,0,9,60,1,1,1,0.5004748702049255,0.5004748702049255,0.49952518939971924,0.5004748702049255,0,1,6,post_calibration
7,7,0,10,60,1,1,1,0.5009444952011108,0.5009444952011108,0.4990554749965668,0.5009444952011108,0,1,6,post_calibration
7,8,0,11,60,1,1,1,0.5040681958198547,0.5040681958198547,0.49593183398246765,0.5040681958198547,0,1,6,post_calibration
7,9,0,14,60,0,0,1,0.5029041767120361,0.5029041767120361,0.5029041767120361,0.49709582328796387,0,1,6,post_calibration
7,10,0,15,60,1,0,0,0.5050658583641052,0.5050658583641052,0.5050658583641052,0.49493408203125,0,1,6,post_calibration
7,11,0,17,60,1,0,0,0.502945601940155,0.502945601940155,0.502945601940155,0.49705439805984497,0,1,6,post_calibration
8,0,0,1,60,1,0,0,0.5024546384811401,0.5024546384811401,0.5024546384811401,0.49754536151885986,0,2,6,zero_shot_paired
8,1,0,2,60,1,1,1,0.5017287135124207,0.5017287135124207,0.49827128648757935,0.5017287135124207,0,2,6,zero_shot_paired
8,2,0,4,60,1,0,0,0.5014817714691162,0.5014817714691162,0.5014817714691162,0.4985182285308838,0,2,6,zero_shot_paired
8,3,0,5,60,0,1,0,0.5000839829444885,0.5000839829444885,0.49991604685783386,0.5000839829444885,0,2,6,zero_shot_paired
8,4,0,6,60,1,0,0,0.5021390914916992,0.5021390914916992,0.5021390914916992,0.4978608787059784,0,2,6,zero_shot_paired
8,5,0,7,60,0,1,0,0.5013347268104553,0.5013347268104553,0.49866530299186707,0.5013347268104553,0,2,6,zero_shot_paired
8,6,0,12,60,1,0,0,0.5023070573806763,0.5023070573806763,0.5023070573806763,0.4976929724216461,0,2,6,zero_shot_paired
8,7,0,13,60,1,1,1,0.5002683997154236,0.5002683997154236,0.49973157048225403,0.5002683997154236,0,2,6,zero_shot_paired
8,8,0,14,60,0,0,1,0.5030131936073303,0.5030131936073303,0.5030131936073303,0.4969868063926697,0,2,6,zero_shot_paired
8,9,0,15,60,1,0,0,0.5049309730529785,0.5049309730529785,0.5049309730529785,0.4950689971446991,0,2,6,zero_shot_paired
8,10,0,16,60,0,0,1,0.5009900331497192,0.5009900331497192,0.5009900331497192,0.4990099370479584,0,2,6,zero_shot_paired
8,11,0,17,60,1,0,0,0.502718985080719,0.502718985080719,0.502718985080719,0.497281014919281,0,2,6,zero_shot_paired
8,0,0,1,60,1,0,0,0.5022008419036865,0.5022008419036865,0.5022008419036865,0.4977991282939911,0,2,6,post_calibration
8,1,0,2,60,1,1,1,0.50208580493927,0.50208580493927,0.4979141652584076,0.50208580493927,0,2,6,post_calibration
8,2,0,4,60,1,0,0,0.5013073086738586,0.5013073086738586,0.5013073086738586,0.49869272112846375,0,2,6,post_calibration
8,3,0,5,60,0,1,0,0.5003620386123657,0.5003620386123657,0.4996379017829895,0.5003620386123657,0,2,6,post_calibration
8,4,0,6,60,1,0,0,0.501984179019928,0.501984179019928,0.501984179019928,0.4980158805847168,0,2,6,post_calibration
8,5,0,7,60,0,1,0,0.5018444061279297,0.5018444061279297,0.4981555938720703,0.5018444061279297,0,2,6,post_calibration
8,6,0,12,60,1,0,0,0.5018908381462097,0.5018908381462097,0.5018908381462097,0.4981091618537903,0,2,6,post_calibration
8,7,0,13,60,1,1,1,0.500466525554657,0.500466525554657,0.49953341484069824,0.500466525554657,0,2,6,post_calibration
8,8,0,14,60,0,0,1,0.5027334094047546,0.5027334094047546,0.5027334094047546,0.4972665309906006,0,2,6,post_calibration
8,9,0,15,60,1,0,0,0.5047975778579712,0.5047975778579712,0.5047975778579712,0.4952024221420288,0,2,6,post_calibration
8,10,0,16,60,0,0,1,0.5009217262268066,0.5009217262268066,0.5009217262268066,0.49907827377319336,0,2,6,post_calibration
8,11,0,17,60,1,0,0,0.5025976300239563,0.5025976300239563,0.5025976300239563,0.4974023699760437,0,2,6,post_calibration
9,0,0,0,60,1,0,0,0.501165509223938,0.501165509223938,0.501165509223938,0.498834490776062,0,3,6,zero_shot_paired
9,1,0,2,60,1,1,1,0.5017287135124207,0.5017287135124207,0.49827128648757935,0.5017287135124207,0,3,6,zero_shot_paired
9,2,0,3,60,1,1,1,0.5029211044311523,0.5029211044311523,0.49707895517349243,0.5029211044311523,0,3,6,zero_shot_paired
9,3,0,4,60,1,0,0,0.5014817714691162,0.5014817714691162,0.5014817714691162,0.4985182285308838,0,3,6,zero_shot_paired
9,4,0,7,60,0,1,0,0.5013347268104553,0.5013347268104553,0.49866530299186707,0.5013347268104553,0,3,6,zero_shot_paired
9,5,0,8,60,0,0,1,0.50250244140625,0.50250244140625,0.50250244140625,0.4974975883960724,0,3,6,zero_shot_paired
9,6,0,9,60,1,1,1,0.5003883838653564,0.5003883838653564,0.49961164593696594,0.5003883838653564,0,3,6,zero_shot_paired
9,7,0,10,60,1,1,1,0.5009728074073792,0.5009728074073792,0.4990272521972656,0.5009728074073792,0,3,6,zero_shot_paired
9,8,0,11,60,1,1,1,0.5040295124053955,0.5040295124053955,0.4959704279899597,0.5040295124053955,0,3,6,zero_shot_paired
9,9,0,12,60,1,0,0,0.5023070573806763,0.5023070573806763,0.5023070573806763,0.4976929724216461,0,3,6,zero_shot_paired
9,10,0,13,60,1,1,1,0.5002683997154236,0.5002683997154236,0.49973157048225403,0.5002683997154236,0,3,6,zero_shot_paired
9,11,0,16,60,0,0,1,0.5009900331497192,0.5009900331497192,0.5009900331497192,0.4990099370479584,0,3,6,zero_shot_paired
9,0,0,0,60,1,0,0,0.5011026859283447,0.5011026859283447,0.5011026859283447,0.4988973140716553,0,3,6,post_calibration
9,1,0,2,60,1,1,1,0.5018677711486816,0.5018677711486816,0.49813225865364075,0.5018677711486816,0,3,6,post_calibration
9,2,0,3,60,1,1,1,0.5032509565353394,0.5032509565353394,0.49674901366233826,0.5032509565353394,0,3,6,post_calibration
9,3,0,4,60,1,0,0,0.5016205906867981,0.5016205906867981,0.5016205906867981,0.4983793795108795,0,3,6,post_calibration
9,4,0,7,60,0,1,0,0.5014301538467407,0.5014301538467407,0.4985698163509369,0.5014301538467407,0,3,6,post_calibration
9,5,0,8,60,0,0,1,0.5024522542953491,0.5024522542953491,0.5024522542953491,0.4975477159023285,0,3,6,post_calibration
9,6,0,9,60,1,1,1,0.5001756548881531,0.5001756548881531,0.4998243749141693,0.5001756548881531,0,3,6,post_calibration
9,7,0,10,60,1,1,1,0.5008888244628906,0.5008888244628906,0.499111145734787,0.5008888244628906,0,3,6,post_calibration
9,8,0,11,60,1,1,1,0.5040910243988037,0.5040910243988037,0.4959089457988739,0.5040910243988037,0,3,6,post_calibration
9,9,0,12,60,1,0,0,0.5025644898414612,0.5025644898414612,0.5025644898414612,0.4974355697631836,0,3,6,post_calibration
9,10,0,13,60,1,1,1,0.5004269480705261,0.5004269480705261,0.49957308173179626,0.5004269480705261,0,3,6,post_calibration
9,11,0,16,60,0,0,1,0.5006812214851379,0.5006812214851379,0.5006812214851379,0.49931877851486206,0,3,6,post_calibration
10,0,0,0,60,1,0,0,0.5011654496192932,0.5011654496192932,0.5011654496192932,0.4988345503807068,0,1,9,zero_shot_paired
10,1,0,1,60,1,0,0,0.5024547576904297,0.5024547576904297,0.5024547576904297,0.4975452721118927,0,1,9,zero_shot_paired
10,2,0,3,60,1,1,1,0.5029209852218628,0.5029209852218628,0.4970790147781372,0.5029209852218628,0,1,9,zero_shot_paired
10,3,0,4,60,1,0,0,0.5014816522598267,0.5014816522598267,0.5014816522598267,0.49851834774017334,0,1,9,zero_shot_paired
10,4,0,5,60,0,1,0,0.5000839233398438,0.5000839233398438,0.49991610646247864,0.5000839233398438,0,1,9,zero_shot_paired
10,5,0,9,60,1,1,1,0.5003883242607117,0.5003883242607117,0.49961167573928833,0.5003883242607117,0,1,9,zero_shot_paired
10,6,0,10,60,1,1,1,0.5009728074073792,0.5009728074073792,0.4990272521972656,0.5009728074073792,0,1,9,zero_shot_paired
10,7,0,11,60,1,1,1,0.5040295124053955,0.5040295124053955,0.4959704279899597,0.5040295124053955,0,1,9,zero_shot_paired
10,8,0,16,60,0,0,1,0.5009900331497192,0.5009900331497192,0.5009900331497192,0.4990099370479584,0,1,9,zero_shot_paired
10,0,0,0,60,1,0,0,0.5008924007415771,0.5008924007415771,0.5008924007415771,0.49910759925842285,0,1,9,post_calibration
10,1,0,1,60,1,0,0,0.5023412108421326,0.5023412108421326,0.5023412108421326,0.49765878915786743,0,1,9,post_calibration
10,2,0,3,60,1,1,1,0.5029715299606323,0.5029715299606323,0.49702849984169006,0.5029715299606323,0,1,9,post_calibration
10,3,0,4,60,1,0,0,0.5014117360115051,0.5014117360115051,0.5014117360115051,0.4985882639884949,0,1,9,post_calibration
10,4,0,5,60,0,1,0,0.5000746846199036,0.5000746846199036,0.4999253451824188,0.5000746846199036,0,1,9,post_calibration
10,5,0,9,60,1,1,1,0.5005752444267273,0.5005752444267273,0.4994247555732727,0.5005752444267273,0,1,9,post_calibration
10,6,0,10,60,1,1,1,0.501105546951294,0.501105546951294,0.49889442324638367,0.501105546951294,0,1,9,post_calibration
10,7,0,11,60,1,1,1,0.504150390625,0.504150390625,0.4958495795726776,0.504150390625,0,1,9,post_calibration
10,8,0,16,60,0,0,1,0.5007665753364563,0.5007665753364563,0.5007665753364563,0.4992334246635437,0,1,9,post_calibration
11,0,0,2,60,1,1,1,0.5017286539077759,0.5017286539077759,0.4982713460922241,0.5017286539077759,0,2,9,zero_shot_paired
11,1,0,6,60,1,0,0,0.502139151096344,0.502139151096344,0.502139151096344,0.4978608787059784,0,2,9,zero_shot_paired
11,2,0,7,60,0,1,0,0.5013347268104553,0.5013347268104553,0.4986652731895447,0.5013347268104553,0,2,9,zero_shot_paired
11,3,0,8,60,0,0,1,0.5025025010108948,0.5025025010108948,0.5025025010108948,0.49749746918678284,0,2,9,zero_shot_paired
11,4,0,12,60,1,0,0,0.5023071765899658,0.5023071765899658,0.5023071765899658,0.49769285321235657,0,2,9,zero_shot_paired
11,5,0,13,60,1,1,1,0.5002687573432922,0.5002687573432922,0.49973124265670776,0.5002687573432922,0,2,9,zero_shot_paired
11,6,0,14,60,0,0,1,0.5030130743980408,0.5030130743980408,0.5030130743980408,0.4969869554042816,0,2,9,zero_shot_paired
11,7,0,15,60,1,0,0,0.5049309134483337,0.5049309134483337,0.5049309134483337,0.49506905674934387,0,2,9,zero_shot_paired
11,8,0,17,60,1,0,0,0.502718985080719,0.502718985080719,0.502718985080719,0.4972810745239258,0,2,9,zero_shot_paired
11,0,0,2,60,1,1,1,0.5019179582595825,0.5019179582595825,0.49808207154273987,0.5019179582595825,0,2,9,post_calibration
11,1,0,6,60,1,0,0,0.5019458532333374,0.5019458532333374,0.5019458532333374,0.498054176568985,0,2,9,post_calibration
11,2,0,7,60,0,1,0,0.5015552639961243,0.5015552639961243,0.4984447658061981,0.5015552639961243,0,2,9,post_calibration
11,3,0,8,60,0,0,1,0.5023356080055237,0.5023356080055237,0.5023356080055237,0.49766436219215393,0,2,9,post_calibration
11,4,0,12,60,1,0,0,0.5019817352294922,0.5019817352294922,0.5019817352294922,0.4980182647705078,0,2,9,post_calibration
11,5,0,13,60,1,1,1,0.500457763671875,0.500457763671875,0.4995422065258026,0.500457763671875,0,2,9,post_calibration
11,6,0,14,60,0,0,1,0.5026996731758118,0.5026996731758118,0.5026996731758118,0.4973003566265106,0,2,9,post_calibration
11,7,0,15,60,1,0,0,0.5047897696495056,0.5047897696495056,0.5047897696495056,0.4952102303504944,0,2,9,post_calibration
11,8,0,17,60,1,0,0,0.5026808977127075,0.5026808977127075,0.5026808977127075,0.4973191022872925,0,2,9,post_calibration
12,0,0,3,60,1,1,1,0.5029230117797852,0.5029230117797852,0.49707701802253723,0.5029230117797852,0,1,12,zero_shot_paired
12,1,0,4,60,1,0,0,0.5014851093292236,0.5014851093292236,0.5014851093292236,0.498514860868454,0,1,12,zero_shot_paired
12,2,0,9,60,1,1,1,0.5003883838653564,0.5003883838653564,0.49961164593696594,0.5003883838653564,0,1,12,zero_shot_paired
12,3,0,10,60,1,1,1,0.5009744167327881,0.5009744167327881,0.4990255832672119,0.5009744167327881,0,1,12,zero_shot_paired
12,4,0,14,60,0,0,1,0.5030125379562378,0.5030125379562378,0.5030125379562378,0.4969874620437622,0,1,12,zero_shot_paired
12,5,0,16,60,0,0,1,0.5009873509407043,0.5009873509407043,0.5009873509407043,0.49901270866394043,0,1,12,zero_shot_paired
12,0,0,3,60,1,1,1,0.5030770897865295,0.5030770897865295,0.49692294001579285,0.5030770897865295,0,1,12,post_calibration
12,1,0,4,60,1,0,0,0.5013570785522461,0.5013570785522461,0.5013570785522461,0.4986429512500763,0,1,12,post_calibration
12,2,0,9,60,1,1,1,0.5006239414215088,0.5006239414215088,0.4993760883808136,0.5006239414215088,0,1,12,post_calibration
12,3,0,10,60,1,1,1,0.501095712184906,0.501095712184906,0.4989043176174164,0.501095712184906,0,1,12,post_calibration
12,4,0,14,60,0,0,1,0.5029457807540894,0.5029457807540894,0.5029457807540894,0.49705421924591064,0,1,12,post_calibration
12,5,0,16,60,0,0,1,0.5007767081260681,0.5007767081260681,0.5007767081260681,0.4992232620716095,0,1,12,post_calibration
13,0,0,0,60,1,0,0,0.5011681914329529,0.5011681914329529,0.5011681914329529,0.4988318681716919,0,2,12,zero_shot_paired
13,1,0,4,60,1,0,0,0.5014851093292236,0.5014851093292236,0.5014851093292236,0.498514860868454,0,2,12,zero_shot_paired
13,2,0,5,60,0,1,0,0.5000827312469482,0.5000827312469482,0.49991723895072937,0.5000827312469482,0,2,12,zero_shot_paired
13,3,0,12,60,1,0,0,0.5023074746131897,0.5023074746131897,0.5023074746131897,0.4976925253868103,0,2,12,zero_shot_paired
13,4,0,14,60,0,0,1,0.5030125379562378,0.5030125379562378,0.5030125379562378,0.4969874620437622,0,2,12,zero_shot_paired
13,5,0,17,60,1,0,0,0.5027180314064026,0.5027180314064026,0.5027180314064026,0.4972819983959198,0,2,12,zero_shot_paired
13,0,0,0,60,1,0,0,0.5009996294975281,0.5009996294975281,0.5009996294975281,0.49900031089782715,0,2,12,post_calibration
13,1,0,4,60,1,0,0,0.5015043020248413,0.5015043020248413,0.5015043020248413,0.4984956979751587,0,2,12,post_calibration
13,2,0,5,60,0,1,0,0.5002952218055725,0.5002952218055725,0.4997047483921051,0.5002952218055725,0,2,12,post_calibration
13,3,0,12,60,1,0,0,0.5022491216659546,0.5022491216659546,0.5022491216659546,0.4977508783340454,0,2,12,post_calibration
13,4,0,14,60,0,0,1,0.5030131936073303,0.5030131936073303,0.5030131936073303,0.4969868063926697,0,2,12,post_calibration
13,5,0,17,60,1,0,0,0.5025518536567688,0.5025518536567688,0.5025518536567688,0.4974480867385864,0,2,12,post_calibration
14,0,0,1,60,1,0,0,0.5024582147598267,0.5024582147598267,0.5024582147598267,0.4975418150424957,0,3,12,zero_shot_paired
14,1,0,2,60,1,1,1,0.5017290711402893,0.5017290711402893,0.4982709288597107,0.5017290711402893,0,3,12,zero_shot_paired
14,2,0,7,60,0,1,0,0.5013319849967957,0.5013319849967957,0.49866801500320435,0.5013319849967957,0,3,12,zero_shot_paired
14,3,0,10,60,1,1,1,0.5009744167327881,0.5009744167327881,0.4990255832672119,0.5009744167327881,0,3,12,zero_shot_paired
14,4,0,11,60,1,1,1,0.5040302872657776,0.5040302872657776,0.4959697127342224,0.5040302872657776,0,3,12,zero_shot_paired
14,5,0,16,60,0,0,1,0.5009873509407043,0.5009873509407043,0.5009873509407043,0.49901270866394043,0,3,12,zero_shot_paired
14,0,0,1,60,1,0,0,0.5022258162498474,0.5022258162498474,0.5022258162498474,0.4977741837501526,0,3,12,post_calibration
14,1,0,2,60,1,1,1,0.5020309090614319,0.5020309090614319,0.4979690909385681,0.5020309090614319,0,3,12,post_calibration
14,2,0,7,60,0,1,0,0.5016124248504639,0.5016124248504639,0.49838757514953613,0.5016124248504639,0,3,12,post_calibration
14,3,0,10,60,1,1,1,0.5009956359863281,0.5009956359863281,0.49900439381599426,0.5009956359863281,0,3,12,post_calibration
14,4,0,11,60,1,1,1,0.5042814016342163,0.5042814016342163,0.4957186281681061,0.5042814016342163,0,3,12,post_calibration
14,5,0,16,60,0,0,1,0.500630259513855,0.500630259513855,0.500630259513855,0.49936971068382263,0,3,12,post_calibration
2,0,1,0,60,1,1,1,0.5025083422660828,0.5025083422660828,0.49749162793159485,0.5025083422660828,1,,,zero_shot_all_trials
2,1,1,1,60,0,1,0,0.5001978278160095,0.5001978278160095,0.4998021721839905,0.5001978278160095,1,,,zero_shot_all_trials
2,2,1,2,60,1,0,0,0.5036641955375671,0.5036641955375671,0.5036641955375671,0.49633583426475525,1,,,zero_shot_all_trials
2,3,1,3,60,0,0,1,0.5014193058013916,0.5014193058013916,0.5014193058013916,0.4985806345939636,1,,,zero_shot_all_trials
2,4,1,4,60,0,0,1,0.5033777952194214,0.5033777952194214,0.5033777952194214,0.4966222047805786,1,,,zero_shot_all_trials
2,5,1,5,60,0,1,0,0.5009714365005493,0.5009714365005493,0.49902862310409546,0.5009714365005493,1,,,zero_shot_all_trials
2,6,1,6,60,1,1,1,0.504215657711029,0.504215657711029,0.49578434228897095,0.504215657711029,1,,,zero_shot_all_trials
2,7,1,7,60,0,1,0,0.5035011768341064,0.5035011768341064,0.49649882316589355,0.5035011768341064,1,,,zero_shot_all_trials
2,8,1,8,60,0,0,1,0.5000360012054443,0.5000360012054443,0.5000360012054443,0.49996402859687805,1,,,zero_shot_all_trials
2,9,1,9,60,0,1,0,0.5040360689163208,0.5040360689163208,0.4959639012813568,0.5040360689163208,1,,,zero_shot_all_trials
2,10,1,10,60,1,0,0,0.5031129121780396,0.5031129121780396,0.5031129121780396,0.49688711762428284,1,,,zero_shot_all_trials
2,11,1,11,60,1,1,1,0.5029581189155579,0.5029581189155579,0.49704185128211975,0.5029581189155579,1,,,zero_shot_all_trials
2,12,1,12,60,1,1,1,0.5056284070014954,0.5056284070014954,0.494371622800827,0.5056284070014954,1,,,zero_shot_all_trials
2,13,1,13,60,0,1,0,0.5023815035820007,0.5023815035820007,0.4976184368133545,0.5023815035820007,1,,,zero_shot_all_trials
2,14,1,14,60,0,1,0,0.502311646938324,0.502311646938324,0.497688353061676,0.502311646938324,1,,,zero_shot_all_trials
2,15,1,15,60,0,1,0,0.5020975470542908,0.5020975470542908,0.4979024827480316,0.5020975470542908,1,,,zero_shot_all_trials
2,16,1,16,60,0,1,0,0.5027337074279785,0.5027337074279785,0.4972662925720215,0.5027337074279785,1,,,zero_shot_all_trials
2,17,1,17,60,1,1,1,0.5033571720123291,0.5033571720123291,0.4966428875923157,0.5033571720123291,1,,,zero_shot_all_trials
15,0,1,0,60,1,1,1,0.5025084614753723,0.5025084614753723,0.4974915683269501,0.5025084614753723,1,1,3,zero_shot_paired
15,1,1,1,60,0,1,0,0.5001978278160095,0.5001978278160095,0.4998021721839905,0.5001978278160095,1,1,3,zero_shot_paired
15,2,1,2,60,1,0,0,0.5036645531654358,0.5036645531654358,0.5036645531654358,0.4963354170322418,1,1,3,zero_shot_paired
15,3,1,3,60,0,0,1,0.5014193058013916,0.5014193058013916,0.5014193058013916,0.4985806345939636,1,1,3,zero_shot_paired
15,4,1,4,60,0,0,1,0.5033777356147766,0.5033777356147766,0.5033777356147766,0.496622234582901,1,1,3,zero_shot_paired
15,5,1,5,60,0,1,0,0.5009711980819702,0.5009711980819702,0.4990288019180298,0.5009711980819702,1,1,3,zero_shot_paired
15,6,1,6,60,1,1,1,0.5042155981063843,0.5042155981063843,0.4957844018936157,0.5042155981063843,1,1,3,zero_shot_paired
15,7,1,9,60,0,1,0,0.5040360689163208,0.5040360689163208,0.4959639012813568,0.5040360689163208,1,1,3,zero_shot_paired
15,8,1,11,60,1,1,1,0.5029581785202026,0.5029581785202026,0.49704182147979736,0.5029581785202026,1,1,3,zero_shot_paired
15,9,1,12,60,1,1,1,0.5056284070014954,0.5056284070014954,0.494371622800827,0.5056284070014954,1,1,3,zero_shot_paired
15,10,1,13,60,0,1,0,0.5023817420005798,0.5023817420005798,0.49761825799942017,0.5023817420005798,1,1,3,zero_shot_paired
15,11,1,14,60,0,1,0,0.5023115873336792,0.5023115873336792,0.497688353061676,0.5023115873336792,1,1,3,zero_shot_paired
15,12,1,15,60,0,1,0,0.5020976066589355,0.5020976066589355,0.49790242314338684,0.5020976066589355,1,1,3,zero_shot_paired
15,13,1,16,60,0,1,0,0.5027337074279785,0.5027337074279785,0.4972662627696991,0.5027337074279785,1,1,3,zero_shot_paired
15,14,1,17,60,1,1,1,0.5033571720123291,0.5033571720123291,0.4966428279876709,0.5033571720123291,1,1,3,zero_shot_paired
15,0,1,0,60,1,1,1,0.5025076270103455,0.5025076270103455,0.49749240279197693,0.5025076270103455,1,1,3,post_calibration
15,1,1,1,60,0,1,0,0.5001035928726196,0.5001035928726196,0.49989640712738037,0.5001035928726196,1,1,3,post_calibration
15,2,1,2,60,1,0,0,0.5035418272018433,0.5035418272018433,0.5035418272018433,0.49645817279815674,1,1,3,post_calibration
15,3,1,3,60,0,0,1,0.5014101266860962,0.5014101266860962,0.5014101266860962,0.4985898733139038,1,1,3,post_calibration
15,4,1,4,60,0,0,1,0.5033401846885681,0.5033401846885681,0.5033401846885681,0.4966598451137543,1,1,3,post_calibration
15,5,1,5,60,0,1,0,0.5011940002441406,0.5011940002441406,0.49880605936050415,0.5011940002441406,1,1,3,post_calibration
15,6,1,6,60,1,1,1,0.504279375076294,0.504279375076294,0.49572062492370605,0.504279375076294,1,1,3,post_calibration
15,7,1,9,60,0,1,0,0.504188060760498,0.504188060760498,0.49581193923950195,0.504188060760498,1,1,3,post_calibration
15,8,1,11,60,1,1,1,0.503145158290863,0.503145158290863,0.49685487151145935,0.503145158290863,1,1,3,post_calibration
15,9,1,12,60,1,1,1,0.5055495500564575,0.5055495500564575,0.4944504201412201,0.5055495500564575,1,1,3,post_calibration
15,10,1,13,60,0,1,0,0.5024293661117554,0.5024293661117554,0.497570663690567,0.5024293661117554,1,1,3,post_calibration
15,11,1,14,60,0,1,0,0.5023701786994934,0.5023701786994934,0.4976298213005066,0.5023701786994934,1,1,3,post_calibration
15,12,1,15,60,0,1,0,0.5022404789924622,0.5022404789924622,0.49775952100753784,0.5022404789924622,1,1,3,post_calibration
15,13,1,16,60,0,1,0,0.502592146396637,0.502592146396637,0.49740779399871826,0.502592146396637,1,1,3,post_calibration
15,14,1,17,60,1,1,1,0.5034695267677307,0.5034695267677307,0.4965304434299469,0.5034695267677307,1,1,3,post_calibration
16,0,1,0,60,1,1,1,0.5025084614753723,0.5025084614753723,0.4974915683269501,0.5025084614753723,1,2,3,zero_shot_paired
16,1,1,1,60,0,1,0,0.5001978278160095,0.5001978278160095,0.4998021721839905,0.5001978278160095,1,2,3,zero_shot_paired
16,2,1,4,60,0,0,1,0.5033777356147766,0.5033777356147766,0.5033777356147766,0.496622234582901,1,2,3,zero_shot_paired
16,3,1,6,60,1,1,1,0.5042155981063843,0.5042155981063843,0.4957844018936157,0.5042155981063843,1,2,3,zero_shot_paired
16,4,1,7,60,0,1,0,0.5035011768341064,0.5035011768341064,0.49649882316589355,0.5035011768341064,1,2,3,zero_shot_paired
16,5,1,8,60,0,0,1,0.5000362396240234,0.5000362396240234,0.5000362396240234,0.49996379017829895,1,2,3,zero_shot_paired
16,6,1,9,60,0,1,0,0.5040360689163208,0.5040360689163208,0.4959639012813568,0.5040360689163208,1,2,3,zero_shot_paired
16,7,1,10,60,1,0,0,0.5031129717826843,0.5031129717826843,0.5031129717826843,0.49688705801963806,1,2,3,zero_shot_paired
16,8,1,11,60,1,1,1,0.5029581785202026,0.5029581785202026,0.49704182147979736,0.5029581785202026,1,2,3,zero_shot_paired
16,9,1,12,60,1,1,1,0.5056284070014954,0.5056284070014954,0.494371622800827,0.5056284070014954,1,2,3,zero_shot_paired
16,10,1,13,60,0,1,0,0.5023817420005798,0.5023817420005798,0.49761825799942017,0.5023817420005798,1,2,3,zero_shot_paired
16,11,1,14,60,0,1,0,0.5023115873336792,0.5023115873336792,0.497688353061676,0.5023115873336792,1,2,3,zero_shot_paired
16,12,1,15,60,0,1,0,0.5020976066589355,0.5020976066589355,0.49790242314338684,0.5020976066589355,1,2,3,zero_shot_paired
16,13,1,16,60,0,1,0,0.5027337074279785,0.5027337074279785,0.4972662627696991,0.5027337074279785,1,2,3,zero_shot_paired
16,14,1,17,60,1,1,1,0.5033571720123291,0.5033571720123291,0.4966428279876709,0.5033571720123291,1,2,3,zero_shot_paired
16,0,1,0,60,1,1,1,0.5025015473365784,0.5025015473365784,0.49749842286109924,0.5025015473365784,1,2,3,post_calibration
16,1,1,1,60,0,1,0,0.500203013420105,0.500203013420105,0.49979695677757263,0.500203013420105,1,2,3,post_calibration
16,2,1,4,60,0,0,1,0.5033218860626221,0.5033218860626221,0.5033218860626221,0.49667808413505554,1,2,3,post_calibration
16,3,1,6,60,1,1,1,0.5042260885238647,0.5042260885238647,0.49577388167381287,0.5042260885238647,1,2,3,post_calibration
16,4,1,7,60,0,1,0,0.503440797328949,0.503440797328949,0.496559202671051,0.503440797328949,1,2,3,post_calibration
16,5,1,8,60,0,0,1,0.5002515912055969,0.5002515912055969,0.5002515912055969,0.49974843859672546,1,2,3,post_calibration
16,6,1,9,60,0,1,0,0.5039517879486084,0.5039517879486084,0.496048241853714,0.5039517879486084,1,2,3,post_calibration
16,7,1,10,60,1,0,0,0.5030397176742554,0.5030397176742554,0.5030397176742554,0.49696028232574463,1,2,3,post_calibration
16,8,1,11,60,1,1,1,0.5029582977294922,0.5029582977294922,0.4970417022705078,0.5029582977294922,1,2,3,post_calibration
16,9,1,12,60,1,1,1,0.5056194067001343,0.5056194067001343,0.49438056349754333,0.5056194067001343,1,2,3,post_calibration
16,10,1,13,60,0,1,0,0.5022305846214294,0.5022305846214294,0.49776944518089294,0.5022305846214294,1,2,3,post_calibration
16,11,1,14,60,0,1,0,0.5022678375244141,0.5022678375244141,0.49773213267326355,0.5022678375244141,1,2,3,post_calibration
16,12,1,15,60,0,1,0,0.5021064877510071,0.5021064877510071,0.49789345264434814,0.5021064877510071,1,2,3,post_calibration
16,13,1,16,60,0,1,0,0.5027762651443481,0.5027762651443481,0.49722373485565186,0.5027762651443481,1,2,3,post_calibration
16,14,1,17,60,1,1,1,0.5033836960792542,0.5033836960792542,0.4966163635253906,0.5033836960792542,1,2,3,post_calibration
17,0,1,0,60,1,1,1,0.5025084614753723,0.5025084614753723,0.4974915683269501,0.5025084614753723,1,3,3,zero_shot_paired
17,1,1,2,60,1,0,0,0.5036645531654358,0.5036645531654358,0.5036645531654358,0.4963354170322418,1,3,3,zero_shot_paired
17,2,1,3,60,0,0,1,0.5014193058013916,0.5014193058013916,0.5014193058013916,0.4985806345939636,1,3,3,zero_shot_paired
17,3,1,4,60,0,0,1,0.5033777356147766,0.5033777356147766,0.5033777356147766,0.496622234582901,1,3,3,zero_shot_paired
17,4,1,5,60,0,1,0,0.5009711980819702,0.5009711980819702,0.4990288019180298,0.5009711980819702,1,3,3,zero_shot_paired
17,5,1,6,60,1,1,1,0.5042155981063843,0.5042155981063843,0.4957844018936157,0.5042155981063843,1,3,3,zero_shot_paired
17,6,1,7,60,0,1,0,0.5035011768341064,0.5035011768341064,0.49649882316589355,0.5035011768341064,1,3,3,zero_shot_paired
17,7,1,8,60,0,0,1,0.5000362396240234,0.5000362396240234,0.5000362396240234,0.49996379017829895,1,3,3,zero_shot_paired
17,8,1,9,60,0,1,0,0.5040360689163208,0.5040360689163208,0.4959639012813568,0.5040360689163208,1,3,3,zero_shot_paired
17,9,1,10,60,1,0,0,0.5031129717826843,0.5031129717826843,0.5031129717826843,0.49688705801963806,1,3,3,zero_shot_paired
17,10,1,13,60,0,1,0,0.5023817420005798,0.5023817420005798,0.49761825799942017,0.5023817420005798,1,3,3,zero_shot_paired
17,11,1,14,60,0,1,0,0.5023115873336792,0.5023115873336792,0.497688353061676,0.5023115873336792,1,3,3,zero_shot_paired
17,12,1,15,60,0,1,0,0.5020976066589355,0.5020976066589355,0.49790242314338684,0.5020976066589355,1,3,3,zero_shot_paired
17,13,1,16,60,0,1,0,0.5027337074279785,0.5027337074279785,0.4972662627696991,0.5027337074279785,1,3,3,zero_shot_paired
17,14,1,17,60,1,1,1,0.5033571720123291,0.5033571720123291,0.4966428279876709,0.5033571720123291,1,3,3,zero_shot_paired
17,0,1,0,60,1,1,1,0.5025004148483276,0.5025004148483276,0.49749964475631714,0.5025004148483276,1,3,3,post_calibration
17,1,1,2,60,1,0,0,0.5038151741027832,0.5038151741027832,0.5038151741027832,0.4961848556995392,1,3,3,post_calibration
17,2,1,3,60,0,0,1,0.5013541579246521,0.5013541579246521,0.5013541579246521,0.4986458420753479,1,3,3,post_calibration
17,3,1,4,60,0,0,1,0.5033986568450928,0.5033986568450928,0.5033986568450928,0.49660131335258484,1,3,3,post_calibration
17,4,1,5,60,0,1,0,0.5007808208465576,0.5007808208465576,0.4992191791534424,0.5007808208465576,1,3,3,post_calibration
17,5,1,6,60,1,1,1,0.504242479801178,0.504242479801178,0.49575749039649963,0.504242479801178,1,3,3,post_calibration
17,6,1,7,60,0,1,0,0.5034546852111816,0.5034546852111816,0.49654531478881836,0.5034546852111816,1,3,3,post_calibration
17,7,1,8,60,0,0,1,0.5001403093338013,0.5001403093338013,0.5001403093338013,0.4998597502708435,1,3,3,post_calibration
17,8,1,9,60,0,1,0,0.5038753747940063,0.5038753747940063,0.49612465500831604,0.5038753747940063,1,3,3,post_calibration
17,9,1,10,60,1,0,0,0.5030641555786133,0.5030641555786133,0.5030641555786133,0.4969358742237091,1,3,3,post_calibration
17,10,1,13,60,0,1,0,0.5023326873779297,0.5023326873779297,0.4976673126220703,0.5023326873779297,1,3,3,post_calibration
17,11,1,14,60,0,1,0,0.5021724700927734,0.5021724700927734,0.49782758951187134,0.5021724700927734,1,3,3,post_calibration
17,12,1,15,60,0,1,0,0.5020485520362854,0.5020485520362854,0.4979514181613922,0.5020485520362854,1,3,3,post_calibration
17,13,1,16,60,0,1,0,0.5028315186500549,0.5028315186500549,0.49716851115226746,0.5028315186500549,1,3,3,post_calibration
17,14,1,17,60,1,1,1,0.5033439993858337,0.5033439993858337,0.49665606021881104,0.5033439993858337,1,3,3,post_calibration
18,0,1,0,60,1,1,1,0.5025084614753723,0.5025084614753723,0.4974915683269501,0.5025084614753723,1,4,3,zero_shot_paired
18,1,1,1,60,0,1,0,0.5001978278160095,0.5001978278160095,0.4998021721839905,0.5001978278160095,1,4,3,zero_shot_paired
18,2,1,2,60,1,0,0,0.5036645531654358,0.5036645531654358,0.5036645531654358,0.4963354170322418,1,4,3,zero_shot_paired
18,3,1,3,60,0,0,1,0.5014193058013916,0.5014193058013916,0.5014193058013916,0.4985806345939636,1,4,3,zero_shot_paired
18,4,1,4,60,0,0,1,0.5033777356147766,0.5033777356147766,0.5033777356147766,0.496622234582901,1,4,3,zero_shot_paired
18,5,1,5,60,0,1,0,0.5009711980819702,0.5009711980819702,0.4990288019180298,0.5009711980819702,1,4,3,zero_shot_paired
18,6,1,6,60,1,1,1,0.5042155981063843,0.5042155981063843,0.4957844018936157,0.5042155981063843,1,4,3,zero_shot_paired
18,7,1,7,60,0,1,0,0.5035011768341064,0.5035011768341064,0.49649882316589355,0.5035011768341064,1,4,3,zero_shot_paired
18,8,1,8,60,0,0,1,0.5000362396240234,0.5000362396240234,0.5000362396240234,0.49996379017829895,1,4,3,zero_shot_paired
18,9,1,10,60,1,0,0,0.5031129717826843,0.5031129717826843,0.5031129717826843,0.49688705801963806,1,4,3,zero_shot_paired
18,10,1,11,60,1,1,1,0.5029581785202026,0.5029581785202026,0.49704182147979736,0.5029581785202026,1,4,3,zero_shot_paired
18,11,1,12,60,1,1,1,0.5056284070014954,0.5056284070014954,0.494371622800827,0.5056284070014954,1,4,3,zero_shot_paired
18,12,1,13,60,0,1,0,0.5023817420005798,0.5023817420005798,0.49761825799942017,0.5023817420005798,1,4,3,zero_shot_paired
18,13,1,14,60,0,1,0,0.5023115873336792,0.5023115873336792,0.497688353061676,0.5023115873336792,1,4,3,zero_shot_paired
18,14,1,16,60,0,1,0,0.5027337074279785,0.5027337074279785,0.4972662627696991,0.5027337074279785,1,4,3,zero_shot_paired
18,0,1,0,60,1,1,1,0.5024803876876831,0.5024803876876831,0.4975196123123169,0.5024803876876831,1,4,3,post_calibration
18,1,1,1,60,0,1,0,0.5004194378852844,0.5004194378852844,0.49958059191703796,0.5004194378852844,1,4,3,post_calibration
18,2,1,2,60,1,0,0,0.5036646127700806,0.5036646127700806,0.5036646127700806,0.49633532762527466,1,4,3,post_calibration
18,3,1,3,60,0,0,1,0.5013248324394226,0.5013248324394226,0.5013248324394226,0.4986751675605774,1,4,3,post_calibration
18,4,1,4,60,0,0,1,0.503325343132019,0.503325343132019,0.503325343132019,0.49667468667030334,1,4,3,post_calibration
18,5,1,5,60,0,1,0,0.5009838342666626,0.5009838342666626,0.499016135931015,0.5009838342666626,1,4,3,post_calibration
18,6,1,6,60,1,1,1,0.5042495727539062,0.5042495727539062,0.49575042724609375,0.5042495727539062,1,4,3,post_calibration
18,7,1,7,60,0,1,0,0.5034978985786438,0.5034978985786438,0.4965021014213562,0.5034978985786438,1,4,3,post_calibration
18,8,1,8,60,0,0,1,0.5000573992729187,0.5000573992729187,0.5000573992729187,0.4999425709247589,1,4,3,post_calibration
18,9,1,10,60,1,0,0,0.5031074285507202,0.5031074285507202,0.5031074285507202,0.4968925416469574,1,4,3,post_calibration
18,10,1,11,60,1,1,1,0.502726674079895,0.502726674079895,0.49727335572242737,0.502726674079895,1,4,3,post_calibration
18,11,1,12,60,1,1,1,0.50579833984375,0.50579833984375,0.4942016899585724,0.50579833984375,1,4,3,post_calibration
18,12,1,13,60,0,1,0,0.5022364258766174,0.5022364258766174,0.49776360392570496,0.5022364258766174,1,4,3,post_calibration
18,13,1,14,60,0,1,0,0.5021824240684509,0.5021824240684509,0.49781760573387146,0.5021824240684509,1,4,3,post_calibration
18,14,1,16,60,0,1,0,0.5027545690536499,0.5027545690536499,0.4972454607486725,0.5027545690536499,1,4,3,post_calibration
19,0,1,0,60,1,1,1,0.5025084614753723,0.5025084614753723,0.4974915683269501,0.5025084614753723,1,5,3,zero_shot_paired
19,1,1,1,60,0,1,0,0.5001978278160095,0.5001978278160095,0.4998021721839905,0.5001978278160095,1,5,3,zero_shot_paired
19,2,1,2,60,1,0,0,0.5036645531654358,0.5036645531654358,0.5036645531654358,0.4963354170322418,1,5,3,zero_shot_paired
19,3,1,3,60,0,0,1,0.5014193058013916,0.5014193058013916,0.5014193058013916,0.4985806345939636,1,5,3,zero_shot_paired
19,4,1,4,60,0,0,1,0.5033777356147766,0.5033777356147766,0.5033777356147766,0.496622234582901,1,5,3,zero_shot_paired
19,5,1,5,60,0,1,0,0.5009711980819702,0.5009711980819702,0.4990288019180298,0.5009711980819702,1,5,3,zero_shot_paired
19,6,1,7,60,0,1,0,0.5035011768341064,0.5035011768341064,0.49649882316589355,0.5035011768341064,1,5,3,zero_shot_paired
19,7,1,8,60,0,0,1,0.5000362396240234,0.5000362396240234,0.5000362396240234,0.49996379017829895,1,5,3,zero_shot_paired
19,8,1,9,60,0,1,0,0.5040360689163208,0.5040360689163208,0.4959639012813568,0.5040360689163208,1,5,3,zero_shot_paired
19,9,1,10,60,1,0,0,0.5031129717826843,0.5031129717826843,0.5031129717826843,0.49688705801963806,1,5,3,zero_shot_paired
19,10,1,11,60,1,1,1,0.5029581785202026,0.5029581785202026,0.49704182147979736,0.5029581785202026,1,5,3,zero_shot_paired
19,11,1,12,60,1,1,1,0.5056284070014954,0.5056284070014954,0.494371622800827,0.5056284070014954,1,5,3,zero_shot_paired
19,12,1,13,60,0,1,0,0.5023817420005798,0.5023817420005798,0.49761825799942017,0.5023817420005798,1,5,3,zero_shot_paired
19,13,1,15,60,0,1,0,0.5020976066589355,0.5020976066589355,0.49790242314338684,0.5020976066589355,1,5,3,zero_shot_paired
19,14,1,17,60,1,1,1,0.5033571720123291,0.5033571720123291,0.4966428279876709,0.5033571720123291,1,5,3,zero_shot_paired
19,0,1,0,60,1,1,1,0.5026461482048035,0.5026461482048035,0.4973539113998413,0.5026461482048035,1,5,3,post_calibration
19,1,1,1,60,0,1,0,0.5002789497375488,0.5002789497375488,0.49972108006477356,0.5002789497375488,1,5,3,post_calibration
19,2,1,2,60,1,0,0,0.5037187933921814,0.5037187933921814,0.5037187933921814,0.4962812066078186,1,5,3,post_calibration
19,3,1,3,60,0,0,1,0.5013906955718994,0.5013906955718994,0.5013906955718994,0.49860936403274536,1,5,3,post_calibration
19,4,1,4,60,0,0,1,0.5034412741661072,0.5034412741661072,0.5034412741661072,0.4965587854385376,1,5,3,post_calibration
19,5,1,5,60,0,1,0,0.5008609890937805,0.5008609890937805,0.4991389811038971,0.5008609890937805,1,5,3,post_calibration
19,6,1,7,60,0,1,0,0.5035458207130432,0.5035458207130432,0.4964541494846344,0.5035458207130432,1,5,3,post_calibration
19,7,1,8,60,0,1,0,0.500055730342865,0.500055730342865,0.4999442994594574,0.500055730342865,1,5,3,post_calibration
19,8,1,9,60,0,1,0,0.5039747357368469,0.5039747357368469,0.4960252344608307,0.5039747357368469,1,5,3,post_calibration
19,9,1,10,60,1,0,0,0.503177285194397,0.503177285194397,0.503177285194397,0.4968227744102478,1,5,3,post_calibration
19,10,1,11,60,1,1,1,0.5030159950256348,0.5030159950256348,0.49698400497436523,0.5030159950256348,1,5,3,post_calibration
19,11,1,12,60,1,1,1,0.5056931376457214,0.5056931376457214,0.4943068325519562,0.5056931376457214,1,5,3,post_calibration
19,12,1,13,60,0,1,0,0.5024235248565674,0.5024235248565674,0.497576504945755,0.5024235248565674,1,5,3,post_calibration
19,13,1,15,60,0,1,0,0.5020899176597595,0.5020899176597595,0.4979100525379181,0.5020899176597595,1,5,3,post_calibration
19,14,1,17,60,1,1,1,0.503309428691864,0.503309428691864,0.4966906011104584,0.503309428691864,1,5,3,post_calibration
20,0,1,1,60,0,1,0,0.5001978278160095,0.5001978278160095,0.4998021721839905,0.5001978278160095,1,6,3,zero_shot_paired
20,1,1,2,60,1,0,0,0.5036645531654358,0.5036645531654358,0.5036645531654358,0.4963354170322418,1,6,3,zero_shot_paired
20,2,1,3,60,0,0,1,0.5014193058013916,0.5014193058013916,0.5014193058013916,0.4985806345939636,1,6,3,zero_shot_paired
20,3,1,5,60,0,1,0,0.5009711980819702,0.5009711980819702,0.4990288019180298,0.5009711980819702,1,6,3,zero_shot_paired
20,4,1,6,60,1,1,1,0.5042155981063843,0.5042155981063843,0.4957844018936157,0.5042155981063843,1,6,3,zero_shot_paired
20,5,1,7,60,0,1,0,0.5035011768341064,0.5035011768341064,0.49649882316589355,0.5035011768341064,1,6,3,zero_shot_paired
20,6,1,8,60,0,0,1,0.5000362396240234,0.5000362396240234,0.5000362396240234,0.49996379017829895,1,6,3,zero_shot_paired
20,7,1,9,60,0,1,0,0.5040360689163208,0.5040360689163208,0.4959639012813568,0.5040360689163208,1,6,3,zero_shot_paired
20,8,1,10,60,1,0,0,0.5031129717826843,0.5031129717826843,0.5031129717826843,0.49688705801963806,1,6,3,zero_shot_paired
20,9,1,11,60,1,1,1,0.5029581785202026,0.5029581785202026,0.49704182147979736,0.5029581785202026,1,6,3,zero_shot_paired
20,10,1,12,60,1,1,1,0.5056284070014954,0.5056284070014954,0.494371622800827,0.5056284070014954,1,6,3,zero_shot_paired
20,11,1,14,60,0,1,0,0.5023115873336792,0.5023115873336792,0.497688353061676,0.5023115873336792,1,6,3,zero_shot_paired
20,12,1,15,60,0,1,0,0.5020976066589355,0.5020976066589355,0.49790242314338684,0.5020976066589355,1,6,3,zero_shot_paired
20,13,1,16,60,0,1,0,0.5027337074279785,0.5027337074279785,0.4972662627696991,0.5027337074279785,1,6,3,zero_shot_paired
20,14,1,17,60,1,1,1,0.5033571720123291,0.5033571720123291,0.4966428279876709,0.5033571720123291,1,6,3,zero_shot_paired
20,0,1,1,60,0,1,0,0.5002525448799133,0.5002525448799133,0.49974748492240906,0.5002525448799133,1,6,3,post_calibration
20,1,1,2,60,1,0,0,0.5034043192863464,0.5034043192863464,0.5034043192863464,0.49659568071365356,1,6,3,post_calibration
20,2,1,3,60,0,0,1,0.5013800859451294,0.5013800859451294,0.5013800859451294,0.4986199140548706,1,6,3,post_calibration
20,3,1,5,60,0,1,0,0.501099705696106,0.501099705696106,0.49890023469924927,0.501099705696106,1,6,3,post_calibration
20,4,1,6,60,1,1,1,0.5041669011116028,0.5041669011116028,0.4958331286907196,0.5041669011116028,1,6,3,post_calibration
20,5,1,7,60,0,1,0,0.5035558342933655,0.5035558342933655,0.49644413590431213,0.5035558342933655,1,6,3,post_calibration
20,6,1,8,60,0,1,0,0.5000026226043701,0.5000026226043701,0.49999740719795227,0.5000026226043701,1,6,3,post_calibration
20,7,1,9,60,0,1,0,0.5039160847663879,0.5039160847663879,0.49608391523361206,0.5039160847663879,1,6,3,post_calibration
20,8,1,10,60,1,0,0,0.50309818983078,0.50309818983078,0.50309818983078,0.4969017803668976,1,6,3,post_calibration
20,9,1,11,60,1,1,1,0.5029997229576111,0.5029997229576111,0.4970002770423889,0.5029997229576111,1,6,3,post_calibration
20,10,1,12,60,1,1,1,0.5056392550468445,0.5056392550468445,0.4943607747554779,0.5056392550468445,1,6,3,post_calibration
20,11,1,14,60,0,1,0,0.502230167388916,0.502230167388916,0.4977698028087616,0.502230167388916,1,6,3,post_calibration
20,12,1,15,60,0,1,0,0.5020909309387207,0.5020909309387207,0.4979090988636017,0.5020909309387207,1,6,3,post_calibration
20,13,1,16,60,0,1,0,0.5027767419815063,0.5027767419815063,0.4972231984138489,0.5027767419815063,1,6,3,post_calibration
20,14,1,17,60,1,1,1,0.5033658742904663,0.5033658742904663,0.4966341555118561,0.5033658742904663,1,6,3,post_calibration
21,0,1,0,60,1,1,1,0.5025084614753723,0.5025084614753723,0.4974915683269501,0.5025084614753723,1,1,6,zero_shot_paired
21,1,1,1,60,0,1,0,0.5001978278160095,0.5001978278160095,0.4998021721839905,0.5001978278160095,1,1,6,zero_shot_paired
21,2,1,4,60,0,0,1,0.5033777356147766,0.5033777356147766,0.5033777356147766,0.496622234582901,1,1,6,zero_shot_paired
21,3,1,6,60,1,1,1,0.5042155981063843,0.5042155981063843,0.4957844018936157,0.5042155981063843,1,1,6,zero_shot_paired
21,4,1,7,60,0,1,0,0.5035011768341064,0.5035011768341064,0.49649882316589355,0.5035011768341064,1,1,6,zero_shot_paired
21,5,1,9,60,0,1,0,0.5040360689163208,0.5040360689163208,0.4959639012813568,0.5040360689163208,1,1,6,zero_shot_paired
21,6,1,10,60,1,0,0,0.5031129717826843,0.5031129717826843,0.5031129717826843,0.49688705801963806,1,1,6,zero_shot_paired
21,7,1,11,60,1,1,1,0.5029581785202026,0.5029581785202026,0.49704182147979736,0.5029581785202026,1,1,6,zero_shot_paired
21,8,1,12,60,1,1,1,0.5056284070014954,0.5056284070014954,0.494371622800827,0.5056284070014954,1,1,6,zero_shot_paired
21,9,1,14,60,0,1,0,0.5023115873336792,0.5023115873336792,0.497688353061676,0.5023115873336792,1,1,6,zero_shot_paired
21,10,1,15,60,0,1,0,0.5020976066589355,0.5020976066589355,0.49790242314338684,0.5020976066589355,1,1,6,zero_shot_paired
21,11,1,16,60,0,1,0,0.5027337074279785,0.5027337074279785,0.4972662627696991,0.5027337074279785,1,1,6,zero_shot_paired
21,0,1,0,60,1,1,1,0.5025303959846497,0.5025303959846497,0.49746957421302795,0.5025303959846497,1,1,6,post_calibration
21,1,1,1,60,0,1,0,0.5000514984130859,0.5000514984130859,0.49994850158691406,0.5000514984130859,1,1,6,post_calibration
21,2,1,4,60,0,0,1,0.5034374594688416,0.5034374594688416,0.5034374594688416,0.49656254053115845,1,1,6,post_calibration
21,3,1,6,60,1,1,1,0.5042904615402222,0.5042904615402222,0.49570953845977783,0.5042904615402222,1,1,6,post_calibration
21,4,1,7,60,0,1,0,0.5034178495407104,0.5034178495407104,0.4965820908546448,0.5034178495407104,1,1,6,post_calibration
21,5,1,9,60,0,1,0,0.5042805075645447,0.5042805075645447,0.4957194924354553,0.5042805075645447,1,1,6,post_calibration
21,6,1,10,60,1,0,0,0.5030068755149841,0.5030068755149841,0.5030068755149841,0.49699312448501587,1,1,6,post_calibration
21,7,1,11,60,1,1,1,0.5028749704360962,0.5028749704360962,0.4971249997615814,0.5028749704360962,1,1,6,post_calibration
21,8,1,12,60,1,1,1,0.5056876540184021,0.5056876540184021,0.4943122863769531,0.5056876540184021,1,1,6,post_calibration
21,9,1,14,60,0,1,0,0.5025365948677063,0.5025365948677063,0.4974633753299713,0.5025365948677063,1,1,6,post_calibration
21,10,1,15,60,0,1,0,0.5022942423820496,0.5022942423820496,0.4977057874202728,0.5022942423820496,1,1,6,post_calibration
21,11,1,16,60,0,1,0,0.5028817057609558,0.5028817057609558,0.4971182942390442,0.5028817057609558,1,1,6,post_calibration
22,0,1,0,60,1,1,1,0.5025084614753723,0.5025084614753723,0.4974915683269501,0.5025084614753723,1,2,6,zero_shot_paired
22,1,1,1,60,0,1,0,0.5001978278160095,0.5001978278160095,0.4998021721839905,0.5001978278160095,1,2,6,zero_shot_paired
22,2,1,2,60,1,0,0,0.5036645531654358,0.5036645531654358,0.5036645531654358,0.4963354170322418,1,2,6,zero_shot_paired
22,3,1,3,60,0,0,1,0.5014193058013916,0.5014193058013916,0.5014193058013916,0.4985806345939636,1,2,6,zero_shot_paired
22,4,1,5,60,0,1,0,0.5009711980819702,0.5009711980819702,0.4990288019180298,0.5009711980819702,1,2,6,zero_shot_paired
22,5,1,8,60,0,0,1,0.5000362396240234,0.5000362396240234,0.5000362396240234,0.49996379017829895,1,2,6,zero_shot_paired
22,6,1,9,60,0,1,0,0.5040360689163208,0.5040360689163208,0.4959639012813568,0.5040360689163208,1,2,6,zero_shot_paired
22,7,1,10,60,1,0,0,0.5031129717826843,0.5031129717826843,0.5031129717826843,0.49688705801963806,1,2,6,zero_shot_paired
22,8,1,12,60,1,1,1,0.5056284070014954,0.5056284070014954,0.494371622800827,0.5056284070014954,1,2,6,zero_shot_paired
22,9,1,13,60,0,1,0,0.5023817420005798,0.5023817420005798,0.49761825799942017,0.5023817420005798,1,2,6,zero_shot_paired
22,10,1,15,60,0,1,0,0.5020976066589355,0.5020976066589355,0.49790242314338684,0.5020976066589355,1,2,6,zero_shot_paired
22,11,1,17,60,1,1,1,0.5033571720123291,0.5033571720123291,0.4966428279876709,0.5033571720123291,1,2,6,zero_shot_paired
22,0,1,0,60,1,1,1,0.5024902820587158,0.5024902820587158,0.4975097179412842,0.5024902820587158,1,2,6,post_calibration
22,1,1,1,60,0,1,0,0.5000349879264832,0.5000349879264832,0.49996504187583923,0.5000349879264832,1,2,6,post_calibration
22,2,1,2,60,1,0,0,0.5038003921508789,0.5038003921508789,0.5038003921508789,0.4961996078491211,1,2,6,post_calibration
22,3,1,3,60,0,0,1,0.5015958547592163,0.5015958547592163,0.5015958547592163,0.4984041452407837,1,2,6,post_calibration
22,4,1,5,60,0,1,0,0.501099169254303,0.501099169254303,0.498900830745697,0.501099169254303,1,2,6,post_calibration
22,5,1,8,60,0,0,1,0.5000093579292297,0.5000093579292297,0.5000093579292297,0.4999906122684479,1,2,6,post_calibration
22,6,1,9,60,0,1,0,0.5041053891181946,0.5041053891181946,0.4958946406841278,0.5041053891181946,1,2,6,post_calibration
22,7,1,10,60,1,0,0,0.5030776858329773,0.5030776858329773,0.5030776858329773,0.4969222843647003,1,2,6,post_calibration
22,8,1,12,60,1,1,1,0.5055904984474182,0.5055904984474182,0.4944095313549042,0.5055904984474182,1,2,6,post_calibration
22,9,1,13,60,0,1,0,0.5023766756057739,0.5023766756057739,0.49762338399887085,0.5023766756057739,1,2,6,post_calibration
22,10,1,15,60,0,1,0,0.5021132826805115,0.5021132826805115,0.4978867173194885,0.5021132826805115,1,2,6,post_calibration
22,11,1,17,60,1,1,1,0.5033234357833862,0.5033234357833862,0.49667659401893616,0.5033234357833862,1,2,6,post_calibration
23,0,1,2,60,1,0,0,0.5036645531654358,0.5036645531654358,0.5036645531654358,0.4963354170322418,1,3,6,zero_shot_paired
23,1,1,3,60,0,0,1,0.5014193058013916,0.5014193058013916,0.5014193058013916,0.4985806345939636,1,3,6,zero_shot_paired
23,2,1,4,60,0,0,1,0.5033777356147766,0.5033777356147766,0.5033777356147766,0.496622234582901,1,3,6,zero_shot_paired
23,3,1,5,60,0,1,0,0.5009711980819702,0.5009711980819702,0.4990288019180298,0.5009711980819702,1,3,6,zero_shot_paired
23,4,1,6,60,1,1,1,0.5042155981063843,0.5042155981063843,0.4957844018936157,0.5042155981063843,1,3,6,zero_shot_paired
23,5,1,7,60,0,1,0,0.5035011768341064,0.5035011768341064,0.49649882316589355,0.5035011768341064,1,3,6,zero_shot_paired
23,6,1,8,60,0,0,1,0.5000362396240234,0.5000362396240234,0.5000362396240234,0.49996379017829895,1,3,6,zero_shot_paired
23,7,1,11,60,1,1,1,0.5029581785202026,0.5029581785202026,0.49704182147979736,0.5029581785202026,1,3,6,zero_shot_paired
23,8,1,13,60,0,1,0,0.5023817420005798,0.5023817420005798,0.49761825799942017,0.5023817420005798,1,3,6,zero_shot_paired
23,9,1,14,60,0,1,0,0.5023115873336792,0.5023115873336792,0.497688353061676,0.5023115873336792,1,3,6,zero_shot_paired
23,10,1,16,60,0,1,0,0.5027337074279785,0.5027337074279785,0.4972662627696991,0.5027337074279785,1,3,6,zero_shot_paired
23,11,1,17,60,1,1,1,0.5033571720123291,0.5033571720123291,0.4966428279876709,0.5033571720123291,1,3,6,zero_shot_paired
23,0,1,2,60,1,0,0,0.5036777257919312,0.5036777257919312,0.5036777257919312,0.4963223338127136,1,3,6,post_calibration
23,1,1,3,60,0,0,1,0.5014365911483765,0.5014365911483765,0.5014365911483765,0.49856340885162354,1,3,6,post_calibration
23,2,1,4,60,0,0,1,0.5033830404281616,0.5033830404281616,0.5033830404281616,0.4966169595718384,1,3,6,post_calibration
23,3,1,5,60,0,1,0,0.5008956789970398,0.5008956789970398,0.4991043210029602,0.5008956789970398,1,3,6,post_calibration
23,4,1,6,60,1,1,1,0.504220724105835,0.504220724105835,0.49577924609184265,0.504220724105835,1,3,6,post_calibration
23,5,1,7,60,0,1,0,0.5035024881362915,0.5035024881362915,0.4964975416660309,0.5035024881362915,1,3,6,post_calibration
23,6,1,8,60,0,0,1,0.5000483989715576,0.5000483989715576,0.5000483989715576,0.49995163083076477,1,3,6,post_calibration
23,7,1,11,60,1,1,1,0.5027791261672974,0.5027791261672974,0.4972209334373474,0.5027791261672974,1,3,6,post_calibration
23,8,1,13,60,0,1,0,0.5023491978645325,0.5023491978645325,0.49765074253082275,0.5023491978645325,1,3,6,post_calibration
23,9,1,14,60,0,1,0,0.5022638440132141,0.5022638440132141,0.4977361857891083,0.5022638440132141,1,3,6,post_calibration
23,10,1,16,60,0,1,0,0.5026026368141174,0.5026026368141174,0.49739739298820496,0.5026026368141174,1,3,6,post_calibration
23,11,1,17,60,1,1,1,0.5033701062202454,0.5033701062202454,0.49662989377975464,0.5033701062202454,1,3,6,post_calibration
24,0,1,0,60,1,1,1,0.5025084614753723,0.5025084614753723,0.4974915683269501,0.5025084614753723,1,1,9,zero_shot_paired
24,1,1,1,60,0,1,0,0.5001978278160095,0.5001978278160095,0.4998021721839905,0.5001978278160095,1,1,9,zero_shot_paired
24,2,1,2,60,1,0,0,0.5036641955375671,0.5036641955375671,0.5036641955375671,0.49633583426475525,1,1,9,zero_shot_paired
24,3,1,3,60,0,0,1,0.501419186592102,0.501419186592102,0.501419186592102,0.49858078360557556,1,1,9,zero_shot_paired
24,4,1,4,60,0,0,1,0.5033777356147766,0.5033777356147766,0.5033777356147766,0.496622234582901,1,1,9,zero_shot_paired
24,5,1,10,60,1,0,0,0.5031129121780396,0.5031129121780396,0.5031129121780396,0.49688705801963806,1,1,9,zero_shot_paired
24,6,1,13,60,0,1,0,0.5023815035820007,0.5023815035820007,0.4976184368133545,0.5023815035820007,1,1,9,zero_shot_paired
24,7,1,14,60,0,1,0,0.5023115277290344,0.5023115277290344,0.4976884722709656,0.5023115277290344,1,1,9,zero_shot_paired
24,8,1,15,60,0,1,0,0.5020976662635803,0.5020976662635803,0.49790236353874207,0.5020976662635803,1,1,9,zero_shot_paired
24,0,1,0,60,1,1,1,0.5027192831039429,0.5027192831039429,0.49728068709373474,0.5027192831039429,1,1,9,post_calibration
24,1,1,1,60,0,1,0,0.500386118888855,0.500386118888855,0.4996139109134674,0.500386118888855,1,1,9,post_calibration
24,2,1,2,60,1,0,0,0.5038625001907349,0.5038625001907349,0.5038625001907349,0.49613747000694275,1,1,9,post_calibration
24,3,1,3,60,0,0,1,0.5013473033905029,0.5013473033905029,0.5013473033905029,0.49865269660949707,1,1,9,post_calibration
24,4,1,4,60,0,0,1,0.503512442111969,0.503512442111969,0.503512442111969,0.496487557888031,1,1,9,post_calibration
24,5,1,10,60,1,0,0,0.5030174851417542,0.5030174851417542,0.5030174851417542,0.49698254466056824,1,1,9,post_calibration
24,6,1,13,60,0,1,0,0.5024906992912292,0.5024906992912292,0.49750930070877075,0.5024906992912292,1,1,9,post_calibration
24,7,1,14,60,0,1,0,0.5022933483123779,0.5022933483123779,0.49770668148994446,0.5022933483123779,1,1,9,post_calibration
24,8,1,15,60,0,1,0,0.5021589398384094,0.5021589398384094,0.4978410601615906,0.5021589398384094,1,1,9,post_calibration
25,0,1,5,60,0,1,0,0.5009714961051941,0.5009714961051941,0.4990285336971283,0.5009714961051941,1,2,9,zero_shot_paired
25,1,1,6,60,1,1,1,0.504215657711029,0.504215657711029,0.49578431248664856,0.504215657711029,1,2,9,zero_shot_paired
25,2,1,7,60,0,1,0,0.5035011172294617,0.5035011172294617,0.49649882316589355,0.5035011172294617,1,2,9,zero_shot_paired
25,3,1,8,60,0,0,1,0.5000360012054443,0.5000360012054443,0.5000360012054443,0.49996402859687805,1,2,9,zero_shot_paired
25,4,1,9,60,0,1,0,0.5040360689163208,0.5040360689163208,0.4959639012813568,0.5040360689163208,1,2,9,zero_shot_paired
25,5,1,11,60,1,1,1,0.5029579997062683,0.5029579997062683,0.4970420300960541,0.5029579997062683,1,2,9,zero_shot_paired
25,6,1,12,60,1,1,1,0.5056284666061401,0.5056284666061401,0.49437153339385986,0.5056284666061401,1,2,9,zero_shot_paired
25,7,1,16,60,0,1,0,0.5027337074279785,0.5027337074279785,0.4972662627696991,0.5027337074279785,1,2,9,zero_shot_paired
25,8,1,17,60,1,1,1,0.5033571720123291,0.5033571720123291,0.4966428875923157,0.5033571720123291,1,2,9,zero_shot_paired
25,0,1,5,60,0,1,0,0.501090943813324,0.501090943813324,0.49890902638435364,0.501090943813324,1,2,9,post_calibration
25,1,1,6,60,1,1,1,0.504135251045227,0.504135251045227,0.49586471915245056,0.504135251045227,1,2,9,post_calibration
25,2,1,7,60,0,1,0,0.5034743547439575,0.5034743547439575,0.4965256452560425,0.5034743547439575,1,2,9,post_calibration
25,3,1,8,60,0,1,0,0.5000410079956055,0.5000410079956055,0.4999590218067169,0.5000410079956055,1,2,9,post_calibration
25,4,1,9,60,0,1,0,0.5040413737297058,0.5040413737297058,0.4959586262702942,0.5040413737297058,1,2,9,post_calibration
25,5,1,11,60,1,1,1,0.5029542446136475,0.5029542446136475,0.49704572558403015,0.5029542446136475,1,2,9,post_calibration
25,6,1,12,60,1,1,1,0.5055585503578186,0.5055585503578186,0.4944414496421814,0.5055585503578186,1,2,9,post_calibration
25,7,1,16,60,0,1,0,0.502622663974762,0.502622663974762,0.4973773658275604,0.502622663974762,1,2,9,post_calibration
25,8,1,17,60,1,1,1,0.5033835768699646,0.5033835768699646,0.4966164529323578,0.5033835768699646,1,2,9,post_calibration
26,0,1,1,60,0,1,0,0.5001955032348633,0.5001955032348633,0.4998044967651367,0.5001955032348633,1,1,12,zero_shot_paired
26,1,1,3,60,0,0,1,0.5014175772666931,0.5014175772666931,0.5014175772666931,0.4985824227333069,1,1,12,zero_shot_paired
26,2,1,7,60,0,1,0,0.5035032629966736,0.5035032629966736,0.4964967370033264,0.5035032629966736,1,1,12,zero_shot_paired
26,3,1,10,60,1,0,0,0.5031144618988037,0.5031144618988037,0.5031144618988037,0.4968855381011963,1,1,12,zero_shot_paired
26,4,1,14,60,0,1,0,0.5023099184036255,0.5023099184036255,0.4976901113986969,0.5023099184036255,1,1,12,zero_shot_paired
26,5,1,17,60,1,1,1,0.503358006477356,0.503358006477356,0.49664202332496643,0.503358006477356,1,1,12,zero_shot_paired
26,0,1,1,60,0,1,0,0.5003465414047241,0.5003465414047241,0.4996534287929535,0.5003465414047241,1,1,12,post_calibration
26,1,1,3,60,0,0,1,0.5011841654777527,0.5011841654777527,0.5011841654777527,0.4988158643245697,1,1,12,post_calibration
26,2,1,7,60,0,1,0,0.5036139488220215,0.5036139488220215,0.4963860511779785,0.5036139488220215,1,1,12,post_calibration
26,3,1,10,60,1,0,0,0.5032839775085449,0.5032839775085449,0.5032839775085449,0.49671608209609985,1,1,12,post_calibration
26,4,1,14,60,0,1,0,0.5019526481628418,0.5019526481628418,0.4980473518371582,0.5019526481628418,1,1,12,post_calibration
26,5,1,17,60,1,1,1,0.5034557580947876,0.5034557580947876,0.4965442419052124,0.5034557580947876,1,1,12,post_calibration
27,0,1,1,60,0,1,0,0.5001955032348633,0.5001955032348633,0.4998044967651367,0.5001955032348633,1,2,12,zero_shot_paired
27,1,1,5,60,0,1,0,0.5009708404541016,0.5009708404541016,0.4990291893482208,0.5009708404541016,1,2,12,zero_shot_paired
27,2,1,9,60,0,1,0,0.5040342807769775,0.5040342807769775,0.49596577882766724,0.5040342807769775,1,2,12,zero_shot_paired
27,3,1,11,60,1,1,1,0.50295490026474,0.50295490026474,0.4970450699329376,0.50295490026474,1,2,12,zero_shot_paired
27,4,1,15,60,0,1,0,0.5020971894264221,0.5020971894264221,0.4979028105735779,0.5020971894264221,1,2,12,zero_shot_paired
27,5,1,17,60,1,1,1,0.503358006477356,0.503358006477356,0.49664202332496643,0.503358006477356,1,2,12,zero_shot_paired
27,0,1,1,60,0,1,0,0.5001948475837708,0.5001948475837708,0.49980512261390686,0.5001948475837708,1,2,12,post_calibration
27,1,1,5,60,0,1,0,0.5010227560997009,0.5010227560997009,0.4989772140979767,0.5010227560997009,1,2,12,post_calibration
27,2,1,9,60,0,1,0,0.5041420459747314,0.5041420459747314,0.49585792422294617,0.5041420459747314,1,2,12,post_calibration
27,3,1,11,60,1,1,1,0.5030621886253357,0.5030621886253357,0.4969378113746643,0.5030621886253357,1,2,12,post_calibration
27,4,1,15,60,0,1,0,0.5021323561668396,0.5021323561668396,0.4978676438331604,0.5021323561668396,1,2,12,post_calibration
27,5,1,17,60,1,1,1,0.5034466981887817,0.5034466981887817,0.4965532720088959,0.5034466981887817,1,2,12,post_calibration
28,0,1,2,60,1,0,0,0.5036656856536865,0.5036656856536865,0.5036656856536865,0.4963343143463135,1,3,12,zero_shot_paired
28,1,1,3,60,0,0,1,0.5014175772666931,0.5014175772666931,0.5014175772666931,0.4985824227333069,1,3,12,zero_shot_paired
28,2,1,4,60,0,0,1,0.5033765435218811,0.5033765435218811,0.5033765435218811,0.4966234266757965,1,3,12,zero_shot_paired
28,3,1,11,60,1,1,1,0.50295490026474,0.50295490026474,0.4970450699329376,0.50295490026474,1,3,12,zero_shot_paired
28,4,1,13,60,0,1,0,0.5023799538612366,0.5023799538612366,0.4976200759410858,0.5023799538612366,1,3,12,zero_shot_paired
28,5,1,16,60,0,1,0,0.5027327537536621,0.5027327537536621,0.4972672760486603,0.5027327537536621,1,3,12,zero_shot_paired
28,0,1,2,60,1,0,0,0.5042148232460022,0.5042148232460022,0.5042148232460022,0.4957852065563202,1,3,12,post_calibration
28,1,1,3,60,0,0,1,0.501196563243866,0.501196563243866,0.501196563243866,0.49880340695381165,1,3,12,post_calibration
28,2,1,4,60,0,0,1,0.5036187767982483,0.5036187767982483,0.5036187767982483,0.49638116359710693,1,3,12,post_calibration
28,3,1,11,60,1,1,1,0.5025954842567444,0.5025954842567444,0.4974045157432556,0.5025954842567444,1,3,12,post_calibration
28,4,1,13,60,0,1,0,0.5022229552268982,0.5022229552268982,0.4977770745754242,0.5022229552268982,1,3,12,post_calibration
28,5,1,16,60,0,1,0,0.5026180148124695,0.5026180148124695,0.4973820149898529,0.5026180148124695,1,3,12,post_calibration
3,0,2,0,60,1,0,0,0.5023802518844604,0.5023802518844604,0.5023802518844604,0.49761977791786194,2,,,zero_shot_all_trials
3,1,2,1,60,1,0,0,0.501038134098053,0.501038134098053,0.501038134098053,0.498961865901947,2,,,zero_shot_all_trials
3,2,2,2,60,1,0,0,0.5015696287155151,0.5015696287155151,0.5015696287155151,0.4984303414821625,2,,,zero_shot_all_trials
3,3,2,3,60,0,0,1,0.5010285973548889,0.5010285973548889,0.5010285973548889,0.4989714026451111,2,,,zero_shot_all_trials
3,4,2,4,60,1,0,0,0.5047945380210876,0.5047945380210876,0.5047945380210876,0.49520549178123474,2,,,zero_shot_all_trials
3,5,2,5,60,1,1,1,0.5006502866744995,0.5006502866744995,0.4993496835231781,0.5006502866744995,2,,,zero_shot_all_trials
3,6,2,6,60,1,0,0,0.5037081241607666,0.5037081241607666,0.5037081241607666,0.496291846036911,2,,,zero_shot_all_trials
3,7,2,7,60,0,0,1,0.5013549327850342,0.5013549327850342,0.5013549327850342,0.4986450672149658,2,,,zero_shot_all_trials
3,8,2,8,60,0,0,1,0.5059305429458618,0.5059305429458618,0.5059305429458618,0.4940694272518158,2,,,zero_shot_all_trials
3,9,2,9,60,1,1,1,0.5004981756210327,0.5004981756210327,0.4995017647743225,0.5004981756210327,2,,,zero_shot_all_trials
3,10,2,10,60,1,0,0,0.5009422302246094,0.5009422302246094,0.5009422302246094,0.4990577697753906,2,,,zero_shot_all_trials
3,11,2,11,60,1,0,0,0.5040461421012878,0.5040461421012878,0.5040461421012878,0.49595382809638977,2,,,zero_shot_all_trials
3,12,2,12,60,1,0,0,0.502285361289978,0.502285361289978,0.502285361289978,0.4977145791053772,2,,,zero_shot_all_trials
3,13,2,13,60,1,0,0,0.501446008682251,0.501446008682251,0.501446008682251,0.498553991317749,2,,,zero_shot_all_trials
3,14,2,14,60,1,0,0,0.5012370944023132,0.5012370944023132,0.5012370944023132,0.49876290559768677,2,,,zero_shot_all_trials
3,15,2,15,60,1,0,0,0.5026546716690063,0.5026546716690063,0.5026546716690063,0.49734535813331604,2,,,zero_shot_all_trials
3,16,2,16,60,0,0,1,0.5013682842254639,0.5013682842254639,0.5013682842254639,0.49863171577453613,2,,,zero_shot_all_trials
3,17,2,17,60,1,0,0,0.5032677054405212,0.5032677054405212,0.5032677054405212,0.49673226475715637,2,,,zero_shot_all_trials
29,0,2,0,60,1,0,0,0.5023802518844604,0.5023802518844604,0.5023802518844604,0.49761977791786194,2,1,3,zero_shot_paired
29,1,2,1,60,1,0,0,0.5010381937026978,0.5010381937026978,0.5010381937026978,0.49896183609962463,2,1,3,zero_shot_paired
29,2,2,2,60,1,0,0,0.5015694499015808,0.5015694499015808,0.5015694499015808,0.4984305500984192,2,1,3,zero_shot_paired
29,3,2,5,60,1,1,1,0.5006504058837891,0.5006504058837891,0.4993496239185333,0.5006504058837891,2,1,3,zero_shot_paired
29,4,2,6,60,1,0,0,0.5037081837654114,0.5037081837654114,0.5037081837654114,0.496291846036911,2,1,3,zero_shot_paired
29,5,2,7,60,0,0,1,0.5013549327850342,0.5013549327850342,0.5013549327850342,0.4986450672149658,2,1,3,zero_shot_paired
29,6,2,8,60,0,0,1,0.5059305429458618,0.5059305429458618,0.5059305429458618,0.4940694272518158,2,1,3,zero_shot_paired
29,7,2,9,60,1,1,1,0.5004981756210327,0.5004981756210327,0.4995018243789673,0.5004981756210327,2,1,3,zero_shot_paired
29,8,2,10,60,1,0,0,0.5009421706199646,0.5009421706199646,0.5009421706199646,0.4990578293800354,2,1,3,zero_shot_paired
29,9,2,11,60,1,0,0,0.5040461421012878,0.5040461421012878,0.5040461421012878,0.49595382809638977,2,1,3,zero_shot_paired
29,10,2,13,60,1,0,0,0.5014458894729614,0.5014458894729614,0.5014458894729614,0.4985541105270386,2,1,3,zero_shot_paired
29,11,2,14,60,1,0,0,0.5012370944023132,0.5012370944023132,0.5012370944023132,0.49876290559768677,2,1,3,zero_shot_paired
29,12,2,15,60,1,0,0,0.5026547312736511,0.5026547312736511,0.5026547312736511,0.49734529852867126,2,1,3,zero_shot_paired
29,13,2,16,60,0,0,1,0.5013684034347534,0.5013684034347534,0.5013684034347534,0.49863165616989136,2,1,3,zero_shot_paired
29,14,2,17,60,1,0,0,0.5032676458358765,0.5032676458358765,0.5032676458358765,0.49673232436180115,2,1,3,zero_shot_paired
29,0,2,0,60,1,0,0,0.5022479295730591,0.5022479295730591,0.5022479295730591,0.49775204062461853,2,1,3,post_calibration
29,1,2,1,60,1,0,0,0.5011208057403564,0.5011208057403564,0.5011208057403564,0.49887919425964355,2,1,3,post_calibration
29,2,2,2,60,1,0,0,0.5014978051185608,0.5014978051185608,0.5014978051185608,0.4985022246837616,2,1,3,post_calibration
29,3,2,5,60,1,1,1,0.5007550120353699,0.5007550120353699,0.4992450177669525,0.5007550120353699,2,1,3,post_calibration
29,4,2,6,60,1,0,0,0.5036969184875488,0.5036969184875488,0.5036969184875488,0.49630311131477356,2,1,3,post_calibration
29,5,2,7,60,0,0,1,0.501422107219696,0.501422107219696,0.501422107219696,0.49857789278030396,2,1,3,post_calibration
29,6,2,8,60,0,0,1,0.5057886242866516,0.5057886242866516,0.5057886242866516,0.494211345911026,2,1,3,post_calibration
29,7,2,9,60,1,1,1,0.5006365776062012,0.5006365776062012,0.4993634521961212,0.5006365776062012,2,1,3,post_calibration
29,8,2,10,60,1,0,0,0.5008435249328613,0.5008435249328613,0.5008435249328613,0.4991564452648163,2,1,3,post_calibration
29,9,2,11,60,1,0,0,0.5041077733039856,0.5041077733039856,0.5041077733039856,0.4958922863006592,2,1,3,post_calibration
29,10,2,13,60,1,0,0,0.501399040222168,0.501399040222168,0.501399040222168,0.49860092997550964,2,1,3,post_calibration
29,11,2,14,60,1,0,0,0.5011637806892395,0.5011637806892395,0.5011637806892395,0.4988362193107605,2,1,3,post_calibration
29,12,2,15,60,1,0,0,0.5027212500572205,0.5027212500572205,0.5027212500572205,0.49727872014045715,2,1,3,post_calibration
29,13,2,16,60,0,0,1,0.5013640522956848,0.5013640522956848,0.5013640522956848,0.4986359179019928,2,1,3,post_calibration
29,14,2,17,60,1,0,0,0.5031750202178955,0.5031750202178955,0.5031750202178955,0.4968250095844269,2,1,3,post_calibration
30,0,2,0,60,1,0,0,0.5023802518844604,0.5023802518844604,0.5023802518844604,0.49761977791786194,2,2,3,zero_shot_paired
30,1,2,1,60,1,0,0,0.5010381937026978,0.5010381937026978,0.5010381937026978,0.49896183609962463,2,2,3,zero_shot_paired
30,2,2,2,60,1,0,0,0.5015694499015808,0.5015694499015808,0.5015694499015808,0.4984305500984192,2,2,3,zero_shot_paired
30,3,2,3,60,0,0,1,0.5010285973548889,0.5010285973548889,0.5010285973548889,0.4989714026451111,2,2,3,zero_shot_paired
30,4,2,4,60,1,0,0,0.5047945380210876,0.5047945380210876,0.5047945380210876,0.49520549178123474,2,2,3,zero_shot_paired
30,5,2,5,60,1,1,1,0.5006504058837891,0.5006504058837891,0.4993496239185333,0.5006504058837891,2,2,3,zero_shot_paired
30,6,2,7,60,0,0,1,0.5013549327850342,0.5013549327850342,0.5013549327850342,0.4986450672149658,2,2,3,zero_shot_paired
30,7,2,9,60,1,1,1,0.5004981756210327,0.5004981756210327,0.4995018243789673,0.5004981756210327,2,2,3,zero_shot_paired
30,8,2,10,60,1,0,0,0.5009421706199646,0.5009421706199646,0.5009421706199646,0.4990578293800354,2,2,3,zero_shot_paired
30,9,2,11,60,1,0,0,0.5040461421012878,0.5040461421012878,0.5040461421012878,0.49595382809638977,2,2,3,zero_shot_paired
30,10,2,12,60,1,0,0,0.5022854208946228,0.5022854208946228,0.5022854208946228,0.4977145791053772,2,2,3,zero_shot_paired
30,11,2,14,60,1,0,0,0.5012370944023132,0.5012370944023132,0.5012370944023132,0.49876290559768677,2,2,3,zero_shot_paired
30,12,2,15,60,1,0,0,0.5026547312736511,0.5026547312736511,0.5026547312736511,0.49734529852867126,2,2,3,zero_shot_paired
30,13,2,16,60,0,0,1,0.5013684034347534,0.5013684034347534,0.5013684034347534,0.49863165616989136,2,2,3,zero_shot_paired
30,14,2,17,60,1,0,0,0.5032676458358765,0.5032676458358765,0.5032676458358765,0.49673232436180115,2,2,3,zero_shot_paired
30,0,2,0,60,1,0,0,0.5023717880249023,0.5023717880249023,0.5023717880249023,0.49762821197509766,2,2,3,post_calibration
30,1,2,1,60,1,0,0,0.5009973645210266,0.5009973645210266,0.5009973645210266,0.4990026354789734,2,2,3,post_calibration
30,2,2,2,60,1,0,0,0.5015222430229187,0.5015222430229187,0.5015222430229187,0.4984777569770813,2,2,3,post_calibration
30,3,2,3,60,0,0,1,0.5010220408439636,0.5010220408439636,0.5010220408439636,0.498977929353714,2,2,3,post_calibration
30,4,2,4,60,1,0,0,0.504845142364502,0.504845142364502,0.504845142364502,0.49515485763549805,2,2,3,post_calibration
30,5,2,5,60,1,1,1,0.5006574392318726,0.5006574392318726,0.49934256076812744,0.5006574392318726,2,2,3,post_calibration
30,6,2,7,60,0,0,1,0.5013084411621094,0.5013084411621094,0.5013084411621094,0.4986915588378906,2,2,3,post_calibration
30,7,2,9,60,1,1,1,0.5005441308021545,0.5005441308021545,0.49945589900016785,0.5005441308021545,2,2,3,post_calibration
30,8,2,10,60,1,0,0,0.5009750723838806,0.5009750723838806,0.5009750723838806,0.4990249574184418,2,2,3,post_calibration
30,9,2,11,60,1,0,0,0.503967821598053,0.503967821598053,0.503967821598053,0.4960322082042694,2,2,3,post_calibration
30,10,2,12,60,1,0,0,0.5022871494293213,0.5022871494293213,0.5022871494293213,0.4977128803730011,2,2,3,post_calibration
30,11,2,14,60,1,0,0,0.5012327432632446,0.5012327432632446,0.5012327432632446,0.49876728653907776,2,2,3,post_calibration
30,12,2,15,60,1,0,0,0.5026000738143921,0.5026000738143921,0.5026000738143921,0.4973999261856079,2,2,3,post_calibration
30,13,2,16,60,0,0,1,0.5013670921325684,0.5013670921325684,0.5013670921325684,0.4986329674720764,2,2,3,post_calibration
30,14,2,17,60,1,0,0,0.5032580494880676,0.5032580494880676,0.5032580494880676,0.4967419505119324,2,2,3,post_calibration
31,0,2,0,60,1,0,0,0.5023802518844604,0.5023802518844604,0.5023802518844604,0.49761977791786194,2,3,3,zero_shot_paired
31,1,2,2,60,1,0,0,0.5015694499015808,0.5015694499015808,0.5015694499015808,0.4984305500984192,2,3,3,zero_shot_paired
31,2,2,3,60,0,0,1,0.5010285973548889,0.5010285973548889,0.5010285973548889,0.4989714026451111,2,3,3,zero_shot_paired
31,3,2,4,60,1,0,0,0.5047945380210876,0.5047945380210876,0.5047945380210876,0.49520549178123474,2,3,3,zero_shot_paired
31,4,2,5,60,1,1,1,0.5006504058837891,0.5006504058837891,0.4993496239185333,0.5006504058837891,2,3,3,zero_shot_paired
31,5,2,6,60,1,0,0,0.5037081837654114,0.5037081837654114,0.5037081837654114,0.496291846036911,2,3,3,zero_shot_paired
31,6,2,8,60,0,0,1,0.5059305429458618,0.5059305429458618,0.5059305429458618,0.4940694272518158,2,3,3,zero_shot_paired
31,7,2,9,60,1,1,1,0.5004981756210327,0.5004981756210327,0.4995018243789673,0.5004981756210327,2,3,3,zero_shot_paired
31,8,2,11,60,1,0,0,0.5040461421012878,0.5040461421012878,0.5040461421012878,0.49595382809638977,2,3,3,zero_shot_paired
31,9,2,12,60,1,0,0,0.5022854208946228,0.5022854208946228,0.5022854208946228,0.4977145791053772,2,3,3,zero_shot_paired
31,10,2,13,60,1,0,0,0.5014458894729614,0.5014458894729614,0.5014458894729614,0.4985541105270386,2,3,3,zero_shot_paired
31,11,2,14,60,1,0,0,0.5012370944023132,0.5012370944023132,0.5012370944023132,0.49876290559768677,2,3,3,zero_shot_paired
31,12,2,15,60,1,0,0,0.5026547312736511,0.5026547312736511,0.5026547312736511,0.49734529852867126,2,3,3,zero_shot_paired
31,13,2,16,60,0,0,1,0.5013684034347534,0.5013684034347534,0.5013684034347534,0.49863165616989136,2,3,3,zero_shot_paired
31,14,2,17,60,1,0,0,0.5032676458358765,0.5032676458358765,0.5032676458358765,0.49673232436180115,2,3,3,zero_shot_paired
31,0,2,0,60,1,0,0,0.5022082328796387,0.5022082328796387,0.5022082328796387,0.49779176712036133,2,3,3,post_calibration
31,1,2,2,60,1,0,0,0.501448392868042,0.501448392868042,0.501448392868042,0.4985515773296356,2,3,3,post_calibration
31,2,2,3,60,0,0,1,0.5010004639625549,0.5010004639625549,0.5010004639625549,0.49899953603744507,2,3,3,post_calibration
31,3,2,4,60,1,0,0,0.5047379732131958,0.5047379732131958,0.5047379732131958,0.4952619969844818,2,3,3,post_calibration
31,4,2,5,60,1,1,1,0.5006759166717529,0.5006759166717529,0.4993240237236023,0.5006759166717529,2,3,3,post_calibration
31,5,2,6,60,1,0,0,0.5036708116531372,0.5036708116531372,0.5036708116531372,0.4963291585445404,2,3,3,post_calibration
31,6,2,8,60,0,0,1,0.5058364868164062,0.5058364868164062,0.5058364868164062,0.49416348338127136,2,3,3,post_calibration
31,7,2,9,60,1,1,1,0.5007619261741638,0.5007619261741638,0.4992380440235138,0.5007619261741638,2,3,3,post_calibration
31,8,2,11,60,1,0,0,0.5040717720985413,0.5040717720985413,0.5040717720985413,0.49592822790145874,2,3,3,post_calibration
31,9,2,12,60,1,0,0,0.5022327899932861,0.5022327899932861,0.5022327899932861,0.49776723980903625,2,3,3,post_calibration
31,10,2,13,60,1,0,0,0.5013710856437683,0.5013710856437683,0.5013710856437683,0.4986289441585541,2,3,3,post_calibration
31,11,2,14,60,1,0,0,0.501136064529419,0.501136064529419,0.501136064529419,0.49886390566825867,2,3,3,post_calibration
31,12,2,15,60,1,0,0,0.5026137828826904,0.5026137828826904,0.5026137828826904,0.49738624691963196,2,3,3,post_calibration
31,13,2,16,60,0,0,1,0.5012772679328918,0.5012772679328918,0.5012772679328918,0.49872273206710815,2,3,3,post_calibration
31,14,2,17,60,1,0,0,0.5031710863113403,0.5031710863113403,0.5031710863113403,0.4968288838863373,2,3,3,post_calibration
32,0,2,0,60,1,0,0,0.5023802518844604,0.5023802518844604,0.5023802518844604,0.49761977791786194,2,4,3,zero_shot_paired
32,1,2,1,60,1,0,0,0.5010381937026978,0.5010381937026978,0.5010381937026978,0.49896183609962463,2,4,3,zero_shot_paired
32,2,2,3,60,0,0,1,0.5010285973548889,0.5010285973548889,0.5010285973548889,0.4989714026451111,2,4,3,zero_shot_paired
32,3,2,4,60,1,0,0,0.5047945380210876,0.5047945380210876,0.5047945380210876,0.49520549178123474,2,4,3,zero_shot_paired
32,4,2,5,60,1,1,1,0.5006504058837891,0.5006504058837891,0.4993496239185333,0.5006504058837891,2,4,3,zero_shot_paired
32,5,2,6,60,1,0,0,0.5037081837654114,0.5037081837654114,0.5037081837654114,0.496291846036911,2,4,3,zero_shot_paired
32,6,2,7,60,0,0,1,0.5013549327850342,0.5013549327850342,0.5013549327850342,0.4986450672149658,2,4,3,zero_shot_paired
32,7,2,8,60,0,0,1,0.5059305429458618,0.5059305429458618,0.5059305429458618,0.4940694272518158,2,4,3,zero_shot_paired
32,8,2,9,60,1,1,1,0.5004981756210327,0.5004981756210327,0.4995018243789673,0.5004981756210327,2,4,3,zero_shot_paired
32,9,2,10,60,1,0,0,0.5009421706199646,0.5009421706199646,0.5009421706199646,0.4990578293800354,2,4,3,zero_shot_paired
32,10,2,12,60,1,0,0,0.5022854208946228,0.5022854208946228,0.5022854208946228,0.4977145791053772,2,4,3,zero_shot_paired
32,11,2,13,60,1,0,0,0.5014458894729614,0.5014458894729614,0.5014458894729614,0.4985541105270386,2,4,3,zero_shot_paired
32,12,2,14,60,1,0,0,0.5012370944023132,0.5012370944023132,0.5012370944023132,0.49876290559768677,2,4,3,zero_shot_paired
32,13,2,15,60,1,0,0,0.5026547312736511,0.5026547312736511,0.5026547312736511,0.49734529852867126,2,4,3,zero_shot_paired
32,14,2,16,60,0,0,1,0.5013684034347534,0.5013684034347534,0.5013684034347534,0.49863165616989136,2,4,3,zero_shot_paired
32,0,2,0,60,1,0,0,0.5022388100624084,0.5022388100624084,0.5022388100624084,0.49776118993759155,2,4,3,post_calibration
32,1,2,1,60,1,0,0,0.5009472370147705,0.5009472370147705,0.5009472370147705,0.4990527629852295,2,4,3,post_calibration
32,2,2,3,60,0,0,1,0.5009706616401672,0.5009706616401672,0.5009706616401672,0.49902939796447754,2,4,3,post_calibration
32,3,2,4,60,1,0,0,0.5047776103019714,0.5047776103019714,0.5047776103019714,0.49522241950035095,2,4,3,post_calibration
32,4,2,5,60,1,1,1,0.5006809830665588,0.5006809830665588,0.49931907653808594,0.5006809830665588,2,4,3,post_calibration
32,5,2,6,60,1,0,0,0.5035739541053772,0.5035739541053772,0.5035739541053772,0.4964260756969452,2,4,3,post_calibration
32,6,2,7,60,0,0,1,0.5013373494148254,0.5013373494148254,0.5013373494148254,0.49866268038749695,2,4,3,post_calibration
32,7,2,8,60,0,0,1,0.5057898163795471,0.5057898163795471,0.5057898163795471,0.4942101538181305,2,4,3,post_calibration
32,8,2,9,60,1,1,1,0.500670313835144,0.500670313835144,0.49932971596717834,0.500670313835144,2,4,3,post_calibration
32,9,2,10,60,1,0,0,0.5007028579711914,0.5007028579711914,0.5007028579711914,0.4992971420288086,2,4,3,post_calibration
32,10,2,12,60,1,0,0,0.5020251274108887,0.5020251274108887,0.5020251274108887,0.49797487258911133,2,4,3,post_calibration
32,11,2,13,60,1,0,0,0.5012704133987427,0.5012704133987427,0.5012704133987427,0.4987295866012573,2,4,3,post_calibration
32,12,2,14,60,1,0,0,0.5010365843772888,0.5010365843772888,0.5010365843772888,0.4989633858203888,2,4,3,post_calibration
32,13,2,15,60,1,0,0,0.5026202201843262,0.5026202201843262,0.5026202201843262,0.49737977981567383,2,4,3,post_calibration
32,14,2,16,60,0,0,1,0.5012181401252747,0.5012181401252747,0.5012181401252747,0.49878185987472534,2,4,3,post_calibration
33,0,2,0,60,1,0,0,0.5023802518844604,0.5023802518844604,0.5023802518844604,0.49761977791786194,2,5,3,zero_shot_paired
33,1,2,1,60,1,0,0,0.5010381937026978,0.5010381937026978,0.5010381937026978,0.49896183609962463,2,5,3,zero_shot_paired
33,2,2,2,60,1,0,0,0.5015694499015808,0.5015694499015808,0.5015694499015808,0.4984305500984192,2,5,3,zero_shot_paired
33,3,2,3,60,0,0,1,0.5010285973548889,0.5010285973548889,0.5010285973548889,0.4989714026451111,2,5,3,zero_shot_paired
33,4,2,4,60,1,0,0,0.5047945380210876,0.5047945380210876,0.5047945380210876,0.49520549178123474,2,5,3,zero_shot_paired
33,5,2,5,60,1,1,1,0.5006504058837891,0.5006504058837891,0.4993496239185333,0.5006504058837891,2,5,3,zero_shot_paired
33,6,2,6,60,1,0,0,0.5037081837654114,0.5037081837654114,0.5037081837654114,0.496291846036911,2,5,3,zero_shot_paired
33,7,2,7,60,0,0,1,0.5013549327850342,0.5013549327850342,0.5013549327850342,0.4986450672149658,2,5,3,zero_shot_paired
33,8,2,8,60,0,0,1,0.5059305429458618,0.5059305429458618,0.5059305429458618,0.4940694272518158,2,5,3,zero_shot_paired
33,9,2,10,60,1,0,0,0.5009421706199646,0.5009421706199646,0.5009421706199646,0.4990578293800354,2,5,3,zero_shot_paired
33,10,2,11,60,1,0,0,0.5040461421012878,0.5040461421012878,0.5040461421012878,0.49595382809638977,2,5,3,zero_shot_paired
33,11,2,12,60,1,0,0,0.5022854208946228,0.5022854208946228,0.5022854208946228,0.4977145791053772,2,5,3,zero_shot_paired
33,12,2,13,60,1,0,0,0.5014458894729614,0.5014458894729614,0.5014458894729614,0.4985541105270386,2,5,3,zero_shot_paired
33,13,2,14,60,1,0,0,0.5012370944023132,0.5012370944023132,0.5012370944023132,0.49876290559768677,2,5,3,zero_shot_paired
33,14,2,17,60,1,0,0,0.5032676458358765,0.5032676458358765,0.5032676458358765,0.49673232436180115,2,5,3,zero_shot_paired
33,0,2,0,60,1,0,0,0.5022923946380615,0.5022923946380615,0.5022923946380615,0.49770766496658325,2,5,3,post_calibration
33,1,2,1,60,1,0,0,0.500919759273529,0.500919759273529,0.500919759273529,0.49908018112182617,2,5,3,post_calibration
33,2,2,2,60,1,0,0,0.5015828013420105,0.5015828013420105,0.5015828013420105,0.4984171688556671,2,5,3,post_calibration
33,3,2,3,60,0,0,1,0.5010148882865906,0.5010148882865906,0.5010148882865906,0.4989851117134094,2,5,3,post_calibration
33,4,2,4,60,1,0,0,0.5046456456184387,0.5046456456184387,0.5046456456184387,0.4953543543815613,2,5,3,post_calibration
33,5,2,5,60,1,1,1,0.5006440281867981,0.5006440281867981,0.4993560016155243,0.5006440281867981,2,5,3,post_calibration
33,6,2,6,60,1,0,0,0.5037494897842407,0.5037494897842407,0.5037494897842407,0.49625054001808167,2,5,3,post_calibration
33,7,2,7,60,0,0,1,0.5012624263763428,0.5012624263763428,0.5012624263763428,0.49873754382133484,2,5,3,post_calibration
33,8,2,8,60,0,0,1,0.5058863759040833,0.5058863759040833,0.5058863759040833,0.49411365389823914,2,5,3,post_calibration
33,9,2,10,60,1,0,0,0.5008412599563599,0.5008412599563599,0.5008412599563599,0.49915874004364014,2,5,3,post_calibration
33,10,2,11,60,1,0,0,0.5039655566215515,0.5039655566215515,0.5039655566215515,0.49603450298309326,2,5,3,post_calibration
33,11,2,12,60,1,0,0,0.5024109482765198,0.5024109482765198,0.5024109482765198,0.4975890815258026,2,5,3,post_calibration
33,12,2,13,60,1,0,0,0.5013874173164368,0.5013874173164368,0.5013874173164368,0.49861252307891846,2,5,3,post_calibration
33,13,2,14,60,1,0,0,0.5012452602386475,0.5012452602386475,0.5012452602386475,0.49875470995903015,2,5,3,post_calibration
33,14,2,17,60,1,0,0,0.5032650828361511,0.5032650828361511,0.5032650828361511,0.4967349171638489,2,5,3,post_calibration
34,0,2,1,60,1,0,0,0.5010381937026978,0.5010381937026978,0.5010381937026978,0.49896183609962463,2,6,3,zero_shot_paired
34,1,2,2,60,1,0,0,0.5015694499015808,0.5015694499015808,0.5015694499015808,0.4984305500984192,2,6,3,zero_shot_paired
34,2,2,3,60,0,0,1,0.5010285973548889,0.5010285973548889,0.5010285973548889,0.4989714026451111,2,6,3,zero_shot_paired
34,3,2,4,60,1,0,0,0.5047945380210876,0.5047945380210876,0.5047945380210876,0.49520549178123474,2,6,3,zero_shot_paired
34,4,2,6,60,1,0,0,0.5037081837654114,0.5037081837654114,0.5037081837654114,0.496291846036911,2,6,3,zero_shot_paired
34,5,2,7,60,0,0,1,0.5013549327850342,0.5013549327850342,0.5013549327850342,0.4986450672149658,2,6,3,zero_shot_paired
34,6,2,8,60,0,0,1,0.5059305429458618,0.5059305429458618,0.5059305429458618,0.4940694272518158,2,6,3,zero_shot_paired
34,7,2,9,60,1,1,1,0.5004981756210327,0.5004981756210327,0.4995018243789673,0.5004981756210327,2,6,3,zero_shot_paired
34,8,2,10,60,1,0,0,0.5009421706199646,0.5009421706199646,0.5009421706199646,0.4990578293800354,2,6,3,zero_shot_paired
34,9,2,11,60,1,0,0,0.5040461421012878,0.5040461421012878,0.5040461421012878,0.49595382809638977,2,6,3,zero_shot_paired
34,10,2,12,60,1,0,0,0.5022854208946228,0.5022854208946228,0.5022854208946228,0.4977145791053772,2,6,3,zero_shot_paired
34,11,2,13,60,1,0,0,0.5014458894729614,0.5014458894729614,0.5014458894729614,0.4985541105270386,2,6,3,zero_shot_paired
34,12,2,15,60,1,0,0,0.5026547312736511,0.5026547312736511,0.5026547312736511,0.49734529852867126,2,6,3,zero_shot_paired
34,13,2,16,60,0,0,1,0.5013684034347534,0.5013684034347534,0.5013684034347534,0.49863165616989136,2,6,3,zero_shot_paired
34,14,2,17,60,1,0,0,0.5032676458358765,0.5032676458358765,0.5032676458358765,0.49673232436180115,2,6,3,zero_shot_paired
34,0,2,1,60,1,0,0,0.5009640455245972,0.5009640455245972,0.5009640455245972,0.49903592467308044,2,6,3,post_calibration
34,1,2,2,60,1,0,0,0.50143963098526,0.50143963098526,0.50143963098526,0.49856036901474,2,6,3,post_calibration
34,2,2,3,60,0,0,1,0.5009748339653015,0.5009748339653015,0.5009748339653015,0.4990251362323761,2,6,3,post_calibration
34,3,2,4,60,1,0,0,0.5046396851539612,0.5046396851539612,0.5046396851539612,0.4953603148460388,2,6,3,post_calibration
34,4,2,6,60,1,0,0,0.5035942792892456,0.5035942792892456,0.5035942792892456,0.4964057207107544,2,6,3,post_calibration
34,5,2,7,60,0,0,1,0.5014393925666809,0.5014393925666809,0.5014393925666809,0.4985606074333191,2,6,3,post_calibration
34,6,2,8,60,0,0,1,0.5057553052902222,0.5057553052902222,0.5057553052902222,0.49424466490745544,2,6,3,post_calibration
34,7,2,9,60,1,1,1,0.500601053237915,0.500601053237915,0.49939897656440735,0.500601053237915,2,6,3,post_calibration
34,8,2,10,60,1,0,0,0.5007737278938293,0.5007737278938293,0.5007737278938293,0.49922630190849304,2,6,3,post_calibration
34,9,2,11,60,1,0,0,0.5040205717086792,0.5040205717086792,0.5040205717086792,0.4959794580936432,2,6,3,post_calibration
34,10,2,12,60,1,0,0,0.5023847222328186,0.5023847222328186,0.5023847222328186,0.4976152777671814,2,6,3,post_calibration
34,11,2,13,60,1,0,0,0.5013964772224426,0.5013964772224426,0.5013964772224426,0.4986034631729126,2,6,3,post_calibration
34,12,2,15,60,1,0,0,0.5025564432144165,0.5025564432144165,0.5025564432144165,0.4974435269832611,2,6,3,post_calibration
34,13,2,16,60,0,0,1,0.5014738440513611,0.5014738440513611,0.5014738440513611,0.4985261857509613,2,6,3,post_calibration
34,14,2,17,60,1,0,0,0.503185510635376,0.503185510635376,0.503185510635376,0.496814489364624,2,6,3,post_calibration
35,0,2,1,60,1,0,0,0.5010381937026978,0.5010381937026978,0.5010381937026978,0.49896183609962463,2,1,6,zero_shot_paired
35,1,2,3,60,0,0,1,0.5010285973548889,0.5010285973548889,0.5010285973548889,0.4989714026451111,2,1,6,zero_shot_paired
35,2,2,6,60,1,0,0,0.5037081837654114,0.5037081837654114,0.5037081837654114,0.496291846036911,2,1,6,zero_shot_paired
35,3,2,7,60,0,0,1,0.5013549327850342,0.5013549327850342,0.5013549327850342,0.4986450672149658,2,1,6,zero_shot_paired
35,4,2,9,60,1,1,1,0.5004981756210327,0.5004981756210327,0.4995018243789673,0.5004981756210327,2,1,6,zero_shot_paired
35,5,2,10,60,1,0,0,0.5009421706199646,0.5009421706199646,0.5009421706199646,0.4990578293800354,2,1,6,zero_shot_paired
35,6,2,11,60,1,0,0,0.5040461421012878,0.5040461421012878,0.5040461421012878,0.49595382809638977,2,1,6,zero_shot_paired
35,7,2,12,60,1,0,0,0.5022854208946228,0.5022854208946228,0.5022854208946228,0.4977145791053772,2,1,6,zero_shot_paired
35,8,2,14,60,1,0,0,0.5012370944023132,0.5012370944023132,0.5012370944023132,0.49876290559768677,2,1,6,zero_shot_paired
35,9,2,15,60,1,0,0,0.5026547312736511,0.5026547312736511,0.5026547312736511,0.49734529852867126,2,1,6,zero_shot_paired
35,10,2,16,60,0,0,1,0.5013684034347534,0.5013684034347534,0.5013684034347534,0.49863165616989136,2,1,6,zero_shot_paired
35,11,2,17,60,1,0,0,0.5032676458358765,0.5032676458358765,0.5032676458358765,0.49673232436180115,2,1,6,zero_shot_paired
35,0,2,1,60,1,0,0,0.5009477734565735,0.5009477734565735,0.5009477734565735,0.4990522563457489,2,1,6,post_calibration
35,1,2,3,60,0,0,1,0.5009961128234863,0.5009961128234863,0.5009961128234863,0.49900391697883606,2,1,6,post_calibration
35,2,2,6,60,1,0,0,0.5036331415176392,0.5036331415176392,0.5036331415176392,0.49636685848236084,2,1,6,post_calibration
35,3,2,7,60,0,0,1,0.5013506412506104,0.5013506412506104,0.5013506412506104,0.49864935874938965,2,1,6,post_calibration
35,4,2,9,60,1,1,1,0.5007556676864624,0.5007556676864624,0.49924436211586,0.5007556676864624,2,1,6,post_calibration
35,5,2,10,60,1,0,0,0.5008260607719421,0.5008260607719421,0.5008260607719421,0.49917396903038025,2,1,6,post_calibration
35,6,2,11,60,1,0,0,0.5040282607078552,0.5040282607078552,0.5040282607078552,0.49597176909446716,2,1,6,post_calibration
35,7,2,12,60,1,0,0,0.5021279454231262,0.5021279454231262,0.5021279454231262,0.4978720545768738,2,1,6,post_calibration
35,8,2,14,60,1,0,0,0.5010950565338135,0.5010950565338135,0.5010950565338135,0.4989049434661865,2,1,6,post_calibration
35,9,2,15,60,1,0,0,0.5027076005935669,0.5027076005935669,0.5027076005935669,0.4972923994064331,2,1,6,post_calibration
35,10,2,16,60,0,0,1,0.5012362003326416,0.5012362003326416,0.5012362003326416,0.4987637996673584,2,1,6,post_calibration
35,11,2,17,60,1,0,0,0.5031607151031494,0.5031607151031494,0.5031607151031494,0.496839314699173,2,1,6,post_calibration
36,0,2,0,60,1,0,0,0.5023802518844604,0.5023802518844604,0.5023802518844604,0.49761977791786194,2,2,6,zero_shot_paired
36,1,2,2,60,1,0,0,0.5015694499015808,0.5015694499015808,0.5015694499015808,0.4984305500984192,2,2,6,zero_shot_paired
36,2,2,4,60,1,0,0,0.5047945380210876,0.5047945380210876,0.5047945380210876,0.49520549178123474,2,2,6,zero_shot_paired
36,3,2,5,60,1,1,1,0.5006504058837891,0.5006504058837891,0.4993496239185333,0.5006504058837891,2,2,6,zero_shot_paired
36,4,2,6,60,1,0,0,0.5037081837654114,0.5037081837654114,0.5037081837654114,0.496291846036911,2,2,6,zero_shot_paired
36,5,2,8,60,0,0,1,0.5059305429458618,0.5059305429458618,0.5059305429458618,0.4940694272518158,2,2,6,zero_shot_paired
36,6,2,9,60,1,1,1,0.5004981756210327,0.5004981756210327,0.4995018243789673,0.5004981756210327,2,2,6,zero_shot_paired
36,7,2,10,60,1,0,0,0.5009421706199646,0.5009421706199646,0.5009421706199646,0.4990578293800354,2,2,6,zero_shot_paired
36,8,2,12,60,1,0,0,0.5022854208946228,0.5022854208946228,0.5022854208946228,0.4977145791053772,2,2,6,zero_shot_paired
36,9,2,13,60,1,0,0,0.5014458894729614,0.5014458894729614,0.5014458894729614,0.4985541105270386,2,2,6,zero_shot_paired
36,10,2,14,60,1,0,0,0.5012370944023132,0.5012370944023132,0.5012370944023132,0.49876290559768677,2,2,6,zero_shot_paired
36,11,2,16,60,0,0,1,0.5013684034347534,0.5013684034347534,0.5013684034347534,0.49863165616989136,2,2,6,zero_shot_paired
36,0,2,0,60,1,0,0,0.5022343993186951,0.5022343993186951,0.5022343993186951,0.49776557087898254,2,2,6,post_calibration
36,1,2,2,60,1,0,0,0.5014576315879822,0.5014576315879822,0.5014576315879822,0.49854233860969543,2,2,6,post_calibration
36,2,2,4,60,1,0,0,0.5047494769096375,0.5047494769096375,0.5047494769096375,0.49525049328804016,2,2,6,post_calibration
36,3,2,5,60,1,1,1,0.500616729259491,0.500616729259491,0.4993833303451538,0.500616729259491,2,2,6,post_calibration
36,4,2,6,60,1,0,0,0.5035822987556458,0.5035822987556458,0.5035822987556458,0.49641773104667664,2,2,6,post_calibration
36,5,2,8,60,0,0,1,0.5058887600898743,0.5058887600898743,0.5058887600898743,0.49411121010780334,2,2,6,post_calibration
36,6,2,9,60,1,1,1,0.5006074905395508,0.5006074905395508,0.4993925094604492,0.5006074905395508,2,2,6,post_calibration
36,7,2,10,60,1,0,0,0.5008238554000854,0.5008238554000854,0.5008238554000854,0.49917617440223694,2,2,6,post_calibration
36,8,2,12,60,1,0,0,0.502156138420105,0.502156138420105,0.502156138420105,0.497843861579895,2,2,6,post_calibration
36,9,2,13,60,1,0,0,0.501371443271637,0.501371443271637,0.501371443271637,0.49862852692604065,2,2,6,post_calibration
36,10,2,14,60,1,0,0,0.5012842416763306,0.5012842416763306,0.5012842416763306,0.4987157881259918,2,2,6,post_calibration
36,11,2,16,60,0,0,1,0.5012406706809998,0.5012406706809998,0.5012406706809998,0.49875932931900024,2,2,6,post_calibration
37,0,2,0,60,1,0,0,0.5023802518844604,0.5023802518844604,0.5023802518844604,0.49761977791786194,2,3,6,zero_shot_paired
37,1,2,1,60,1,0,0,0.5010381937026978,0.5010381937026978,0.5010381937026978,0.49896183609962463,2,3,6,zero_shot_paired
37,2,2,2,60,1,0,0,0.5015694499015808,0.5015694499015808,0.5015694499015808,0.4984305500984192,2,3,6,zero_shot_paired
37,3,2,3,60,0,0,1,0.5010285973548889,0.5010285973548889,0.5010285973548889,0.4989714026451111,2,3,6,zero_shot_paired
37,4,2,4,60,1,0,0,0.5047945380210876,0.5047945380210876,0.5047945380210876,0.49520549178123474,2,3,6,zero_shot_paired
37,5,2,5,60,1,1,1,0.5006504058837891,0.5006504058837891,0.4993496239185333,0.5006504058837891,2,3,6,zero_shot_paired
37,6,2,7,60,0,0,1,0.5013549327850342,0.5013549327850342,0.5013549327850342,0.4986450672149658,2,3,6,zero_shot_paired
37,7,2,8,60,0,0,1,0.5059305429458618,0.5059305429458618,0.5059305429458618,0.4940694272518158,2,3,6,zero_shot_paired
37,8,2,11,60,1,0,0,0.5040461421012878,0.5040461421012878,0.5040461421012878,0.49595382809638977,2,3,6,zero_shot_paired
37,9,2,13,60,1,0,0,0.5014458894729614,0.5014458894729614,0.5014458894729614,0.4985541105270386,2,3,6,zero_shot_paired
37,10,2,15,60,1,0,0,0.5026547312736511,0.5026547312736511,0.5026547312736511,0.49734529852867126,2,3,6,zero_shot_paired
37,11,2,17,60,1,0,0,0.5032676458358765,0.5032676458358765,0.5032676458358765,0.49673232436180115,2,3,6,zero_shot_paired
37,0,2,0,60,1,0,0,0.5021810531616211,0.5021810531616211,0.5021810531616211,0.4978189170360565,2,3,6,post_calibration
37,1,2,1,60,1,0,0,0.501051664352417,0.501051664352417,0.501051664352417,0.4989483654499054,2,3,6,post_calibration
37,2,2,2,60,1,0,0,0.5013447999954224,0.5013447999954224,0.5013447999954224,0.49865520000457764,2,3,6,post_calibration
37,3,2,3,60,0,0,1,0.5010331869125366,0.5010331869125366,0.5010331869125366,0.49896687269210815,2,3,6,post_calibration
37,4,2,4,60,1,0,0,0.5046608448028564,0.5046608448028564,0.5046608448028564,0.49533918499946594,2,3,6,post_calibration
37,5,2,5,60,1,1,1,0.5007585883140564,0.5007585883140564,0.4992414116859436,0.5007585883140564,2,3,6,post_calibration
37,6,2,7,60,0,0,1,0.5015175342559814,0.5015175342559814,0.5015175342559814,0.49848246574401855,2,3,6,post_calibration
37,7,2,8,60,0,0,1,0.5057752728462219,0.5057752728462219,0.5057752728462219,0.4942246675491333,2,3,6,post_calibration
37,8,2,11,60,1,0,0,0.5040004849433899,0.5040004849433899,0.5040004849433899,0.4959995150566101,2,3,6,post_calibration
37,9,2,13,60,1,0,0,0.5013644695281982,0.5013644695281982,0.5013644695281982,0.49863553047180176,2,3,6,post_calibration
37,10,2,15,60,1,0,0,0.502722442150116,0.502722442150116,0.502722442150116,0.49727752804756165,2,3,6,post_calibration
37,11,2,17,60,1,0,0,0.503000020980835,0.503000020980835,0.503000020980835,0.4970000088214874,2,3,6,post_calibration
38,0,2,1,60,1,0,0,0.5010381937026978,0.5010381937026978,0.5010381937026978,0.49896183609962463,2,1,9,zero_shot_paired
38,1,2,3,60,0,0,1,0.5010285973548889,0.5010285973548889,0.5010285973548889,0.4989714026451111,2,1,9,zero_shot_paired
38,2,2,6,60,1,0,0,0.5037081241607666,0.5037081241607666,0.5037081241607666,0.496291846036911,2,1,9,zero_shot_paired
38,3,2,9,60,1,1,1,0.5004981756210327,0.5004981756210327,0.4995017647743225,0.5004981756210327,2,1,9,zero_shot_paired
38,4,2,12,60,1,0,0,0.5022854804992676,0.5022854804992676,0.5022854804992676,0.4977145195007324,2,1,9,zero_shot_paired
38,5,2,13,60,1,0,0,0.5014458894729614,0.5014458894729614,0.5014458894729614,0.4985540807247162,2,1,9,zero_shot_paired
38,6,2,15,60,1,0,0,0.5026546716690063,0.5026546716690063,0.5026546716690063,0.49734535813331604,2,1,9,zero_shot_paired
38,7,2,16,60,0,0,1,0.5013684034347534,0.5013684034347534,0.5013684034347534,0.49863162636756897,2,1,9,zero_shot_paired
38,8,2,17,60,1,0,0,0.503267765045166,0.503267765045166,0.503267765045166,0.4967322051525116,2,1,9,zero_shot_paired
38,0,2,1,60,1,0,0,0.5010005235671997,0.5010005235671997,0.5010005235671997,0.49899953603744507,2,1,9,post_calibration
38,1,2,3,60,0,0,1,0.5010656118392944,0.5010656118392944,0.5010656118392944,0.49893441796302795,2,1,9,post_calibration
38,2,2,6,60,1,0,0,0.5036019086837769,0.5036019086837769,0.5036019086837769,0.49639812111854553,2,1,9,post_calibration
38,3,2,9,60,1,1,1,0.5006145238876343,0.5006145238876343,0.4993855059146881,0.5006145238876343,2,1,9,post_calibration
38,4,2,12,60,1,0,0,0.5022107362747192,0.5022107362747192,0.5022107362747192,0.49778926372528076,2,1,9,post_calibration
38,5,2,13,60,1,0,0,0.501406729221344,0.501406729221344,0.501406729221344,0.4985933005809784,2,1,9,post_calibration
38,6,2,15,60,1,0,0,0.5025444030761719,0.5025444030761719,0.5025444030761719,0.4974555969238281,2,1,9,post_calibration
38,7,2,16,60,0,0,1,0.5013608932495117,0.5013608932495117,0.5013608932495117,0.4986390769481659,2,1,9,post_calibration
38,8,2,17,60,1,0,0,0.5031948089599609,0.5031948089599609,0.5031948089599609,0.49680519104003906,2,1,9,post_calibration
39,0,2,0,60,1,0,0,0.5023802518844604,0.5023802518844604,0.5023802518844604,0.49761977791786194,2,2,9,zero_shot_paired
39,1,2,2,60,1,0,0,0.5015695691108704,0.5015695691108704,0.5015695691108704,0.49843040108680725,2,2,9,zero_shot_paired
39,2,2,4,60,1,0,0,0.5047945380210876,0.5047945380210876,0.5047945380210876,0.49520549178123474,2,2,9,zero_shot_paired
39,3,2,5,60,1,1,1,0.5006504058837891,0.5006504058837891,0.4993496239185333,0.5006504058837891,2,2,9,zero_shot_paired
39,4,2,7,60,0,0,1,0.501354992389679,0.501354992389679,0.501354992389679,0.49864500761032104,2,2,9,zero_shot_paired
39,5,2,8,60,0,0,1,0.5059306025505066,0.5059306025505066,0.5059306025505066,0.494069367647171,2,2,9,zero_shot_paired
39,6,2,10,60,1,0,0,0.5009422302246094,0.5009422302246094,0.5009422302246094,0.4990577697753906,2,2,9,zero_shot_paired
39,7,2,11,60,1,0,0,0.5040460824966431,0.5040460824966431,0.5040460824966431,0.49595391750335693,2,2,9,zero_shot_paired
39,8,2,14,60,1,0,0,0.501237154006958,0.501237154006958,0.501237154006958,0.4987628757953644,2,2,9,zero_shot_paired
39,0,2,0,60,1,0,0,0.502135694026947,0.502135694026947,0.502135694026947,0.4978642761707306,2,2,9,post_calibration
39,1,2,2,60,1,0,0,0.5013794898986816,0.5013794898986816,0.5013794898986816,0.49862056970596313,2,2,9,post_calibration
39,2,2,4,60,1,0,0,0.5046393275260925,0.5046393275260925,0.5046393275260925,0.49536070227622986,2,2,9,post_calibration
39,3,2,5,60,1,1,1,0.5007272362709045,0.5007272362709045,0.49927279353141785,0.5007272362709045,2,2,9,post_calibration
39,4,2,7,60,0,0,1,0.5012733936309814,0.5012733936309814,0.5012733936309814,0.49872657656669617,2,2,9,post_calibration
39,5,2,8,60,0,0,1,0.5058194398880005,0.5058194398880005,0.5058194398880005,0.49418050050735474,2,2,9,post_calibration
39,6,2,10,60,1,0,0,0.500600278377533,0.500600278377533,0.500600278377533,0.49939969182014465,2,2,9,post_calibration
39,7,2,11,60,1,0,0,0.5038725137710571,0.5038725137710571,0.5038725137710571,0.4961274564266205,2,2,9,post_calibration
39,8,2,14,60,1,0,0,0.5012040138244629,0.5012040138244629,0.5012040138244629,0.4987960457801819,2,2,9,post_calibration
40,0,2,5,60,1,1,1,0.500649631023407,0.500649631023407,0.49935033917427063,0.500649631023407,2,1,12,zero_shot_paired
40,1,2,6,60,1,0,0,0.5037105679512024,0.5037105679512024,0.5037105679512024,0.4962894320487976,2,1,12,zero_shot_paired
40,2,2,7,60,0,0,1,0.5013552308082581,0.5013552308082581,0.5013552308082581,0.49864473938941956,2,1,12,zero_shot_paired
40,3,2,14,60,1,0,0,0.5012387633323669,0.5012387633323669,0.5012387633323669,0.49876123666763306,2,1,12,zero_shot_paired
40,4,2,15,60,1,0,0,0.5026549100875854,0.5026549100875854,0.5026549100875854,0.4973450303077698,2,1,12,zero_shot_paired
40,5,2,17,60,1,0,0,0.5032666325569153,0.5032666325569153,0.5032666325569153,0.4967333674430847,2,1,12,zero_shot_paired
40,0,2,5,60,1,1,1,0.5008954405784607,0.5008954405784607,0.4991045296192169,0.5008954405784607,2,1,12,post_calibration
40,1,2,6,60,1,0,0,0.5035824775695801,0.5035824775695801,0.5035824775695801,0.4964175224304199,2,1,12,post_calibration
40,2,2,7,60,0,0,1,0.5012485384941101,0.5012485384941101,0.5012485384941101,0.4987514913082123,2,1,12,post_calibration
40,3,2,14,60,1,0,0,0.5012441873550415,0.5012441873550415,0.5012441873550415,0.4987557828426361,2,1,12,post_calibration
40,4,2,15,60,1,0,0,0.5026605129241943,0.5026605129241943,0.5026605129241943,0.4973394572734833,2,1,12,post_calibration
40,5,2,17,60,1,0,0,0.5033387541770935,0.5033387541770935,0.5033387541770935,0.4966612458229065,2,1,12,post_calibration
41,0,2,1,60,1,0,0,0.5010367035865784,0.5010367035865784,0.5010367035865784,0.49896326661109924,2,2,12,zero_shot_paired
41,1,2,3,60,0,0,1,0.5010279417037964,0.5010279417037964,0.5010279417037964,0.4989720284938812,2,2,12,zero_shot_paired
41,2,2,9,60,1,1,1,0.5005002021789551,0.5005002021789551,0.4994997978210449,0.5005002021789551,2,2,12,zero_shot_paired
41,3,2,11,60,1,0,0,0.5040456056594849,0.5040456056594849,0.5040456056594849,0.49595436453819275,2,2,12,zero_shot_paired
41,4,2,12,60,1,0,0,0.5022873878479004,0.5022873878479004,0.5022873878479004,0.497712641954422,2,2,12,zero_shot_paired
41,5,2,13,60,1,0,0,0.5014470815658569,0.5014470815658569,0.5014470815658569,0.4985528886318207,2,2,12,zero_shot_paired
41,0,2,1,60,1,0,0,0.5009271502494812,0.5009271502494812,0.5009271502494812,0.4990728199481964,2,2,12,post_calibration
41,1,2,3,60,0,0,1,0.5010361075401306,0.5010361075401306,0.5010361075401306,0.4989638924598694,2,2,12,post_calibration
41,2,2,9,60,1,1,1,0.5007950067520142,0.5007950067520142,0.4992050230503082,0.5007950067520142,2,2,12,post_calibration
41,3,2,11,60,1,0,0,0.5039135217666626,0.5039135217666626,0.5039135217666626,0.4960865080356598,2,2,12,post_calibration
41,4,2,12,60,1,0,0,0.5020782351493835,0.5020782351493835,0.5020782351493835,0.49792176485061646,2,2,12,post_calibration
41,5,2,13,60,1,0,0,0.5015127658843994,0.5015127658843994,0.5015127658843994,0.49848729372024536,2,2,12,post_calibration
42,0,2,1,60,1,0,0,0.5010367035865784,0.5010367035865784,0.5010367035865784,0.49896326661109924,2,3,12,zero_shot_paired
42,1,2,3,60,0,0,1,0.5010279417037964,0.5010279417037964,0.5010279417037964,0.4989720284938812,2,3,12,zero_shot_paired
42,2,2,9,60,1,1,1,0.5005002021789551,0.5005002021789551,0.4994997978210449,0.5005002021789551,2,3,12,zero_shot_paired
42,3,2,10,60,1,0,0,0.5009433031082153,0.5009433031082153,0.5009433031082153,0.4990566670894623,2,3,12,zero_shot_paired
42,4,2,12,60,1,0,0,0.5022873878479004,0.5022873878479004,0.5022873878479004,0.497712641954422,2,3,12,zero_shot_paired
42,5,2,17,60,1,0,0,0.5032666325569153,0.5032666325569153,0.5032666325569153,0.4967333674430847,2,3,12,zero_shot_paired
42,0,2,1,60,1,0,0,0.5009607076644897,0.5009607076644897,0.5009607076644897,0.49903929233551025,2,3,12,post_calibration
42,1,2,3,60,0,0,1,0.500912070274353,0.500912070274353,0.500912070274353,0.49908795952796936,2,3,12,post_calibration
42,2,2,9,60,1,1,1,0.5006272792816162,0.5006272792816162,0.4993727207183838,0.5006272792816162,2,3,12,post_calibration
42,3,2,10,60,1,0,0,0.5008862614631653,0.5008862614631653,0.5008862614631653,0.4991137385368347,2,3,12,post_calibration
42,4,2,12,60,1,0,0,0.5022533535957336,0.5022533535957336,0.5022533535957336,0.49774664640426636,2,3,12,post_calibration
42,5,2,17,60,1,0,0,0.5031675696372986,0.5031675696372986,0.5031675696372986,0.4968324303627014,2,3,12,post_calibration
4,0,3,0,60,1,1,1,0.5007861256599426,0.5007861256599426,0.49921393394470215,0.5007861256599426,3,,,zero_shot_all_trials
4,1,3,1,60,1,0,0,0.5029492974281311,0.5029492974281311,0.5029492974281311,0.4970507025718689,3,,,zero_shot_all_trials
4,2,3,2,60,1,0,0,0.5042622685432434,0.5042622685432434,0.5042622685432434,0.4957377314567566,3,,,zero_shot_all_trials
4,3,3,3,60,0,0,1,0.5040124654769897,0.5040124654769897,0.5040124654769897,0.49598753452301025,3,,,zero_shot_all_trials
4,4,3,4,60,1,0,0,0.5036629438400269,0.5036629438400269,0.5036629438400269,0.49633705615997314,3,,,zero_shot_all_trials
4,5,3,5,60,1,0,0,0.5032958984375,0.5032958984375,0.5032958984375,0.4967041313648224,3,,,zero_shot_all_trials
4,6,3,6,60,1,0,0,0.5035101175308228,0.5035101175308228,0.5035101175308228,0.49648988246917725,3,,,zero_shot_all_trials
4,7,3,7,60,0,0,1,0.5034348964691162,0.5034348964691162,0.5034348964691162,0.4965651333332062,3,,,zero_shot_all_trials
4,8,3,8,60,0,0,1,0.504597544670105,0.504597544670105,0.504597544670105,0.49540242552757263,3,,,zero_shot_all_trials
4,9,3,9,60,0,0,1,0.5051541924476624,0.5051541924476624,0.5051541924476624,0.49484574794769287,3,,,zero_shot_all_trials
4,10,3,10,60,1,0,0,0.5011591911315918,0.5011591911315918,0.5011591911315918,0.4988408386707306,3,,,zero_shot_all_trials
4,11,3,11,60,1,1,1,0.5061674118041992,0.5061674118041992,0.4938325583934784,0.5061674118041992,3,,,zero_shot_all_trials
4,12,3,12,60,1,0,0,0.5007901787757874,0.5007901787757874,0.5007901787757874,0.49920985102653503,3,,,zero_shot_all_trials
4,13,3,13,60,0,1,0,0.5020802617073059,0.5020802617073059,0.4979197382926941,0.5020802617073059,3,,,zero_shot_all_trials
4,14,3,14,60,0,1,0,0.5015864968299866,0.5015864968299866,0.4984135329723358,0.5015864968299866,3,,,zero_shot_all_trials
4,15,3,15,60,1,0,0,0.5001680254936218,0.5001680254936218,0.5001680254936218,0.4998319745063782,3,,,zero_shot_all_trials
4,16,3,16,60,0,0,1,0.5019787549972534,0.5019787549972534,0.5019787549972534,0.49802127480506897,3,,,zero_shot_all_trials
4,17,3,17,60,0,1,0,0.5008556842803955,0.5008556842803955,0.4991443455219269,0.5008556842803955,3,,,zero_shot_all_trials
43,0,3,0,60,1,1,1,0.5007861852645874,0.5007861852645874,0.4992138743400574,0.5007861852645874,3,1,3,zero_shot_paired
43,1,3,2,60,1,0,0,0.5042622089385986,0.5042622089385986,0.5042622089385986,0.495737761259079,3,1,3,zero_shot_paired
43,2,3,3,60,0,0,1,0.5040124654769897,0.5040124654769897,0.5040124654769897,0.49598753452301025,3,1,3,zero_shot_paired
43,3,3,4,60,1,0,0,0.5036629438400269,0.5036629438400269,0.5036629438400269,0.49633705615997314,3,1,3,zero_shot_paired
43,4,3,6,60,1,0,0,0.5035101175308228,0.5035101175308228,0.5035101175308228,0.49648988246917725,3,1,3,zero_shot_paired
43,5,3,7,60,0,0,1,0.5034348964691162,0.5034348964691162,0.5034348964691162,0.4965651035308838,3,1,3,zero_shot_paired
43,6,3,8,60,0,0,1,0.504597544670105,0.504597544670105,0.504597544670105,0.49540242552757263,3,1,3,zero_shot_paired
43,7,3,10,60,1,0,0,0.5011591911315918,0.5011591911315918,0.5011591911315918,0.4988408386707306,3,1,3,zero_shot_paired
43,8,3,11,60,1,1,1,0.5061674118041992,0.5061674118041992,0.4938325583934784,0.5061674118041992,3,1,3,zero_shot_paired
43,9,3,12,60,1,0,0,0.5007901787757874,0.5007901787757874,0.5007901787757874,0.49920979142189026,3,1,3,zero_shot_paired
43,10,3,13,60,0,1,0,0.5020802617073059,0.5020802617073059,0.4979197382926941,0.5020802617073059,3,1,3,zero_shot_paired
43,11,3,14,60,0,1,0,0.5015860795974731,0.5015860795974731,0.49841395020484924,0.5015860795974731,3,1,3,zero_shot_paired
43,12,3,15,60,1,0,0,0.5001680850982666,0.5001680850982666,0.5001680850982666,0.499831885099411,3,1,3,zero_shot_paired
43,13,3,16,60,0,0,1,0.5019788146018982,0.5019788146018982,0.5019788146018982,0.4980212152004242,3,1,3,zero_shot_paired
43,14,3,17,60,0,1,0,0.5008556842803955,0.5008556842803955,0.4991443455219269,0.5008556842803955,3,1,3,zero_shot_paired
43,0,3,0,60,1,1,1,0.5008561015129089,0.5008561015129089,0.49914395809173584,0.5008561015129089,3,1,3,post_calibration
43,1,3,2,60,1,0,0,0.5040897130966187,0.5040897130966187,0.5040897130966187,0.49591028690338135,3,1,3,post_calibration
43,2,3,3,60,0,0,1,0.5037732720375061,0.5037732720375061,0.5037732720375061,0.4962267577648163,3,1,3,post_calibration
43,3,3,4,60,1,0,0,0.5034416317939758,0.5034416317939758,0.5034416317939758,0.49655836820602417,3,1,3,post_calibration
43,4,3,6,60,1,0,0,0.503638744354248,0.503638744354248,0.503638744354248,0.49636122584342957,3,1,3,post_calibration
43,5,3,7,60,0,0,1,0.5036749243736267,0.5036749243736267,0.5036749243736267,0.4963251054286957,3,1,3,post_calibration
43,6,3,8,60,0,0,1,0.5045668482780457,0.5045668482780457,0.5045668482780457,0.49543312191963196,3,1,3,post_calibration
43,7,3,10,60,1,0,0,0.5011926293373108,0.5011926293373108,0.5011926293373108,0.4988073706626892,3,1,3,post_calibration
43,8,3,11,60,1,1,1,0.506212055683136,0.506212055683136,0.4937879145145416,0.506212055683136,3,1,3,post_calibration
43,9,3,12,60,1,0,0,0.5007744431495667,0.5007744431495667,0.5007744431495667,0.49922558665275574,3,1,3,post_calibration
43,10,3,13,60,0,1,0,0.5020163655281067,0.5020163655281067,0.4979836344718933,0.5020163655281067,3,1,3,post_calibration
43,11,3,14,60,0,1,0,0.5017104744911194,0.5017104744911194,0.4982894957065582,0.5017104744911194,3,1,3,post_calibration
43,12,3,15,60,1,0,0,0.5001206994056702,0.5001206994056702,0.5001206994056702,0.49987927079200745,3,1,3,post_calibration
43,13,3,16,60,0,0,1,0.5019550919532776,0.5019550919532776,0.5019550919532776,0.4980449378490448,3,1,3,post_calibration
43,14,3,17,60,0,1,0,0.5007792115211487,0.5007792115211487,0.49922075867652893,0.5007792115211487,3,1,3,post_calibration
44,0,3,0,60,1,1,1,0.5007861852645874,0.5007861852645874,0.4992138743400574,0.5007861852645874,3,2,3,zero_shot_paired
44,1,3,1,60,1,0,0,0.5029492378234863,0.5029492378234863,0.5029492378234863,0.4970507323741913,3,2,3,zero_shot_paired
44,2,3,2,60,1,0,0,0.5042622089385986,0.5042622089385986,0.5042622089385986,0.495737761259079,3,2,3,zero_shot_paired
44,3,3,4,60,1,0,0,0.5036629438400269,0.5036629438400269,0.5036629438400269,0.49633705615997314,3,2,3,zero_shot_paired
44,4,3,5,60,1,0,0,0.5032958984375,0.5032958984375,0.5032958984375,0.4967041015625,3,2,3,zero_shot_paired
44,5,3,6,60,1,0,0,0.5035101175308228,0.5035101175308228,0.5035101175308228,0.49648988246917725,3,2,3,zero_shot_paired
44,6,3,7,60,0,0,1,0.5034348964691162,0.5034348964691162,0.5034348964691162,0.4965651035308838,3,2,3,zero_shot_paired
44,7,3,9,60,0,0,1,0.5051541924476624,0.5051541924476624,0.5051541924476624,0.49484574794769287,3,2,3,zero_shot_paired
44,8,3,10,60,1,0,0,0.5011591911315918,0.5011591911315918,0.5011591911315918,0.4988408386707306,3,2,3,zero_shot_paired
44,9,3,11,60,1,1,1,0.5061674118041992,0.5061674118041992,0.4938325583934784,0.5061674118041992,3,2,3,zero_shot_paired
44,10,3,12,60,1,0,0,0.5007901787757874,0.5007901787757874,0.5007901787757874,0.49920979142189026,3,2,3,zero_shot_paired
44,11,3,13,60,0,1,0,0.5020802617073059,0.5020802617073059,0.4979197382926941,0.5020802617073059,3,2,3,zero_shot_paired
44,12,3,14,60,0,1,0,0.5015860795974731,0.5015860795974731,0.49841395020484924,0.5015860795974731,3,2,3,zero_shot_paired
44,13,3,16,60,0,0,1,0.5019788146018982,0.5019788146018982,0.5019788146018982,0.4980212152004242,3,2,3,zero_shot_paired
44,14,3,17,60,0,1,0,0.5008556842803955,0.5008556842803955,0.4991443455219269,0.5008556842803955,3,2,3,zero_shot_paired
44,0,3,0,60,1,1,1,0.5006393194198608,0.5006393194198608,0.49936071038246155,0.5006393194198608,3,2,3,post_calibration
44,1,3,1,60,1,0,0,0.5030832290649414,0.5030832290649414,0.5030832290649414,0.4969167411327362,3,2,3,post_calibration
44,2,3,2,60,1,0,0,0.5044501423835754,0.5044501423835754,0.5044501423835754,0.49554985761642456,3,2,3,post_calibration
44,3,3,4,60,1,0,0,0.503933846950531,0.503933846950531,0.503933846950531,0.4960661232471466,3,2,3,post_calibration
44,4,3,5,60,1,0,0,0.5033673644065857,0.5033673644065857,0.5033673644065857,0.4966326653957367,3,2,3,post_calibration
44,5,3,6,60,1,0,0,0.5034815669059753,0.5034815669059753,0.5034815669059753,0.49651843309402466,3,2,3,post_calibration
44,6,3,7,60,0,0,1,0.5034438967704773,0.5034438967704773,0.5034438967704773,0.49655604362487793,3,2,3,post_calibration
44,7,3,9,60,0,0,1,0.5051224231719971,0.5051224231719971,0.5051224231719971,0.49487757682800293,3,2,3,post_calibration
44,8,3,10,60,1,0,0,0.5012791752815247,0.5012791752815247,0.5012791752815247,0.49872082471847534,3,2,3,post_calibration
44,9,3,11,60,1,1,1,0.5061613917350769,0.5061613917350769,0.4938385486602783,0.5061613917350769,3,2,3,post_calibration
44,10,3,12,60,1,0,0,0.5008176565170288,0.5008176565170288,0.5008176565170288,0.4991823434829712,3,2,3,post_calibration
44,11,3,13,60,0,1,0,0.5020369291305542,0.5020369291305542,0.4979631304740906,0.5020369291305542,3,2,3,post_calibration
44,12,3,14,60,0,1,0,0.5015890002250671,0.5015890002250671,0.4984109699726105,0.5015890002250671,3,2,3,post_calibration
44,13,3,16,60,0,0,1,0.5020895600318909,0.5020895600318909,0.5020895600318909,0.4979104697704315,3,2,3,post_calibration
44,14,3,17,60,0,1,0,0.5009011030197144,0.5009011030197144,0.49909892678260803,0.5009011030197144,3,2,3,post_calibration
45,0,3,1,60,1,0,0,0.5029492378234863,0.5029492378234863,0.5029492378234863,0.4970507323741913,3,3,3,zero_shot_paired
45,1,3,3,60,0,0,1,0.5040124654769897,0.5040124654769897,0.5040124654769897,0.49598753452301025,3,3,3,zero_shot_paired
45,2,3,4,60,1,0,0,0.5036629438400269,0.5036629438400269,0.5036629438400269,0.49633705615997314,3,3,3,zero_shot_paired
45,3,3,5,60,1,0,0,0.5032958984375,0.5032958984375,0.5032958984375,0.4967041015625,3,3,3,zero_shot_paired
45,4,3,6,60,1,0,0,0.5035101175308228,0.5035101175308228,0.5035101175308228,0.49648988246917725,3,3,3,zero_shot_paired
45,5,3,7,60,0,0,1,0.5034348964691162,0.5034348964691162,0.5034348964691162,0.4965651035308838,3,3,3,zero_shot_paired
45,6,3,8,60,0,0,1,0.504597544670105,0.504597544670105,0.504597544670105,0.49540242552757263,3,3,3,zero_shot_paired
45,7,3,9,60,0,0,1,0.5051541924476624,0.5051541924476624,0.5051541924476624,0.49484574794769287,3,3,3,zero_shot_paired
45,8,3,10,60,1,0,0,0.5011591911315918,0.5011591911315918,0.5011591911315918,0.4988408386707306,3,3,3,zero_shot_paired
45,9,3,11,60,1,1,1,0.5061674118041992,0.5061674118041992,0.4938325583934784,0.5061674118041992,3,3,3,zero_shot_paired
45,10,3,12,60,1,0,0,0.5007901787757874,0.5007901787757874,0.5007901787757874,0.49920979142189026,3,3,3,zero_shot_paired
45,11,3,13,60,0,1,0,0.5020802617073059,0.5020802617073059,0.4979197382926941,0.5020802617073059,3,3,3,zero_shot_paired
45,12,3,15,60,1,0,0,0.5001680850982666,0.5001680850982666,0.5001680850982666,0.499831885099411,3,3,3,zero_shot_paired
45,13,3,16,60,0,0,1,0.5019788146018982,0.5019788146018982,0.5019788146018982,0.4980212152004242,3,3,3,zero_shot_paired
45,14,3,17,60,0,1,0,0.5008556842803955,0.5008556842803955,0.4991443455219269,0.5008556842803955,3,3,3,zero_shot_paired
45,0,3,1,60,1,0,0,0.5028060078620911,0.5028060078620911,0.5028060078620911,0.4971940219402313,3,3,3,post_calibration
45,1,3,3,60,0,0,1,0.5038201808929443,0.5038201808929443,0.5038201808929443,0.4961797893047333,3,3,3,post_calibration
45,2,3,4,60,1,0,0,0.5035305023193359,0.5035305023193359,0.5035305023193359,0.49646949768066406,3,3,3,post_calibration
45,3,3,5,60,1,0,0,0.5032117366790771,0.5032117366790771,0.5032117366790771,0.49678823351860046,3,3,3,post_calibration
45,4,3,6,60,1,0,0,0.5033949613571167,0.5033949613571167,0.5033949613571167,0.4966050088405609,3,3,3,post_calibration
45,5,3,7,60,0,0,1,0.5032663941383362,0.5032663941383362,0.5032663941383362,0.4967336058616638,3,3,3,post_calibration
45,6,3,8,60,0,0,1,0.5045061707496643,0.5045061707496643,0.5045061707496643,0.4954938292503357,3,3,3,post_calibration
45,7,3,9,60,0,0,1,0.5050050020217896,0.5050050020217896,0.5050050020217896,0.49499499797821045,3,3,3,post_calibration
45,8,3,10,60,1,0,0,0.5010431408882141,0.5010431408882141,0.5010431408882141,0.4989568591117859,3,3,3,post_calibration
45,9,3,11,60,1,1,1,0.5062006115913391,0.5062006115913391,0.4937993884086609,0.5062006115913391,3,3,3,post_calibration
45,10,3,12,60,1,0,0,0.5007067322731018,0.5007067322731018,0.5007067322731018,0.4992932677268982,3,3,3,post_calibration
45,11,3,13,60,0,1,0,0.5021584630012512,0.5021584630012512,0.4978415369987488,0.5021584630012512,3,3,3,post_calibration
45,12,3,15,60,1,0,0,0.5001577734947205,0.5001577734947205,0.5001577734947205,0.49984225630760193,3,3,3,post_calibration
45,13,3,16,60,0,0,1,0.5017344355583191,0.5017344355583191,0.5017344355583191,0.4982655644416809,3,3,3,post_calibration
45,14,3,17,60,0,1,0,0.5008593201637268,0.5008593201637268,0.49914073944091797,0.5008593201637268,3,3,3,post_calibration
46,0,3,0,60,1,1,1,0.5007861852645874,0.5007861852645874,0.4992138743400574,0.5007861852645874,3,4,3,zero_shot_paired
46,1,3,1,60,1,0,0,0.5029492378234863,0.5029492378234863,0.5029492378234863,0.4970507323741913,3,4,3,zero_shot_paired
46,2,3,2,60,1,0,0,0.5042622089385986,0.5042622089385986,0.5042622089385986,0.495737761259079,3,4,3,zero_shot_paired
46,3,3,3,60,0,0,1,0.5040124654769897,0.5040124654769897,0.5040124654769897,0.49598753452301025,3,4,3,zero_shot_paired
46,4,3,5,60,1,0,0,0.5032958984375,0.5032958984375,0.5032958984375,0.4967041015625,3,4,3,zero_shot_paired
46,5,3,6,60,1,0,0,0.5035101175308228,0.5035101175308228,0.5035101175308228,0.49648988246917725,3,4,3,zero_shot_paired
46,6,3,8,60,0,0,1,0.504597544670105,0.504597544670105,0.504597544670105,0.49540242552757263,3,4,3,zero_shot_paired
46,7,3,9,60,0,0,1,0.5051541924476624,0.5051541924476624,0.5051541924476624,0.49484574794769287,3,4,3,zero_shot_paired
46,8,3,10,60,1,0,0,0.5011591911315918,0.5011591911315918,0.5011591911315918,0.4988408386707306,3,4,3,zero_shot_paired
46,9,3,12,60,1,0,0,0.5007901787757874,0.5007901787757874,0.5007901787757874,0.49920979142189026,3,4,3,zero_shot_paired
46,10,3,13,60,0,1,0,0.5020802617073059,0.5020802617073059,0.4979197382926941,0.5020802617073059,3,4,3,zero_shot_paired
46,11,3,14,60,0,1,0,0.5015860795974731,0.5015860795974731,0.49841395020484924,0.5015860795974731,3,4,3,zero_shot_paired
46,12,3,15,60,1,0,0,0.5001680850982666,0.5001680850982666,0.5001680850982666,0.499831885099411,3,4,3,zero_shot_paired
46,13,3,16,60,0,0,1,0.5019788146018982,0.5019788146018982,0.5019788146018982,0.4980212152004242,3,4,3,zero_shot_paired
46,14,3,17,60,0,1,0,0.5008556842803955,0.5008556842803955,0.4991443455219269,0.5008556842803955,3,4,3,zero_shot_paired
46,0,3,0,60,1,1,1,0.5008536577224731,0.5008536577224731,0.4991462826728821,0.5008536577224731,3,4,3,post_calibration
46,1,3,1,60,1,0,0,0.5027681589126587,0.5027681589126587,0.5027681589126587,0.4972318708896637,3,4,3,post_calibration
46,2,3,2,60,1,0,0,0.5039848685264587,0.5039848685264587,0.5039848685264587,0.49601519107818604,3,4,3,post_calibration
46,3,3,3,60,0,0,1,0.5037577152252197,0.5037577152252197,0.5037577152252197,0.4962422847747803,3,4,3,post_calibration
46,4,3,5,60,1,0,0,0.5032930970191956,0.5032930970191956,0.5032930970191956,0.49670690298080444,3,4,3,post_calibration
46,5,3,6,60,1,0,0,0.5034329891204834,0.5034329891204834,0.5034329891204834,0.4965670704841614,3,4,3,post_calibration
46,6,3,8,60,0,0,1,0.5044476389884949,0.5044476389884949,0.5044476389884949,0.49555233120918274,3,4,3,post_calibration
46,7,3,9,60,0,0,1,0.5051296949386597,0.5051296949386597,0.5051296949386597,0.4948703348636627,3,4,3,post_calibration
46,8,3,10,60,1,0,0,0.5010541081428528,0.5010541081428528,0.5010541081428528,0.4989459216594696,3,4,3,post_calibration
46,9,3,12,60,1,0,0,0.5007467865943909,0.5007467865943909,0.5007467865943909,0.4992532730102539,3,4,3,post_calibration
46,10,3,13,60,0,1,0,0.5021003484725952,0.5021003484725952,0.4978996515274048,0.5021003484725952,3,4,3,post_calibration
46,11,3,14,60,0,1,0,0.5016820430755615,0.5016820430755615,0.4983179569244385,0.5016820430755615,3,4,3,post_calibration
46,12,3,15,60,1,0,0,0.5000673532485962,0.5000673532485962,0.5000673532485962,0.4999326765537262,3,4,3,post_calibration
46,13,3,16,60,0,0,1,0.5018045902252197,0.5018045902252197,0.5018045902252197,0.4981954097747803,3,4,3,post_calibration
46,14,3,17,60,0,1,0,0.5009710192680359,0.5009710192680359,0.4990289807319641,0.5009710192680359,3,4,3,post_calibration
47,0,3,0,60,1,1,1,0.5007861852645874,0.5007861852645874,0.4992138743400574,0.5007861852645874,3,5,3,zero_shot_paired
47,1,3,1,60,1,0,0,0.5029492378234863,0.5029492378234863,0.5029492378234863,0.4970507323741913,3,5,3,zero_shot_paired
47,2,3,2,60,1,0,0,0.5042622089385986,0.5042622089385986,0.5042622089385986,0.495737761259079,3,5,3,zero_shot_paired
47,3,3,3,60,0,0,1,0.5040124654769897,0.5040124654769897,0.5040124654769897,0.49598753452301025,3,5,3,zero_shot_paired
47,4,3,4,60,1,0,0,0.5036629438400269,0.5036629438400269,0.5036629438400269,0.49633705615997314,3,5,3,zero_shot_paired
47,5,3,5,60,1,0,0,0.5032958984375,0.5032958984375,0.5032958984375,0.4967041015625,3,5,3,zero_shot_paired
47,6,3,7,60,0,0,1,0.5034348964691162,0.5034348964691162,0.5034348964691162,0.4965651035308838,3,5,3,zero_shot_paired
47,7,3,8,60,0,0,1,0.504597544670105,0.504597544670105,0.504597544670105,0.49540242552757263,3,5,3,zero_shot_paired
47,8,3,9,60,0,0,1,0.5051541924476624,0.5051541924476624,0.5051541924476624,0.49484574794769287,3,5,3,zero_shot_paired
47,9,3,10,60,1,0,0,0.5011591911315918,0.5011591911315918,0.5011591911315918,0.4988408386707306,3,5,3,zero_shot_paired
47,10,3,11,60,1,1,1,0.5061674118041992,0.5061674118041992,0.4938325583934784,0.5061674118041992,3,5,3,zero_shot_paired
47,11,3,12,60,1,0,0,0.5007901787757874,0.5007901787757874,0.5007901787757874,0.49920979142189026,3,5,3,zero_shot_paired
47,12,3,13,60,0,1,0,0.5020802617073059,0.5020802617073059,0.4979197382926941,0.5020802617073059,3,5,3,zero_shot_paired
47,13,3,14,60,0,1,0,0.5015860795974731,0.5015860795974731,0.49841395020484924,0.5015860795974731,3,5,3,zero_shot_paired
47,14,3,15,60,1,0,0,0.5001680850982666,0.5001680850982666,0.5001680850982666,0.499831885099411,3,5,3,zero_shot_paired
47,0,3,0,60,1,1,1,0.5008600950241089,0.5008600950241089,0.4991399347782135,0.5008600950241089,3,5,3,post_calibration
47,1,3,1,60,1,0,0,0.5028901100158691,0.5028901100158691,0.5028901100158691,0.49710988998413086,3,5,3,post_calibration
47,2,3,2,60,1,0,0,0.5041874051094055,0.5041874051094055,0.5041874051094055,0.4958125948905945,3,5,3,post_calibration
47,3,3,3,60,0,0,1,0.503862202167511,0.503862202167511,0.503862202167511,0.496137797832489,3,5,3,post_calibration
47,4,3,4,60,1,0,0,0.503543496131897,0.503543496131897,0.503543496131897,0.49645644426345825,3,5,3,post_calibration
47,5,3,5,60,1,0,0,0.5032572150230408,0.5032572150230408,0.5032572150230408,0.49674278497695923,3,5,3,post_calibration
47,6,3,7,60,0,0,1,0.503383457660675,0.503383457660675,0.503383457660675,0.49661657214164734,3,5,3,post_calibration
47,7,3,8,60,0,0,1,0.5045459866523743,0.5045459866523743,0.5045459866523743,0.4954540431499481,3,5,3,post_calibration
47,8,3,9,60,0,0,1,0.5050286054611206,0.5050286054611206,0.5050286054611206,0.494971364736557,3,5,3,post_calibration
47,9,3,10,60,1,0,0,0.5010374188423157,0.5010374188423157,0.5010374188423157,0.4989626109600067,3,5,3,post_calibration
47,10,3,11,60,1,1,1,0.5062153339385986,0.5062153339385986,0.4937846064567566,0.5062153339385986,3,5,3,post_calibration
47,11,3,12,60,1,0,0,0.5006779432296753,0.5006779432296753,0.5006779432296753,0.4993220567703247,3,5,3,post_calibration
47,12,3,13,60,0,1,0,0.5021370053291321,0.5021370053291321,0.4978630244731903,0.5021370053291321,3,5,3,post_calibration
47,13,3,14,60,0,1,0,0.5014743804931641,0.5014743804931641,0.4985256493091583,0.5014743804931641,3,5,3,post_calibration
47,14,3,15,60,1,0,0,0.5001538991928101,0.5001538991928101,0.5001538991928101,0.49984607100486755,3,5,3,post_calibration
48,0,3,0,60,1,1,1,0.5007861852645874,0.5007861852645874,0.4992138743400574,0.5007861852645874,3,6,3,zero_shot_paired
48,1,3,1,60,1,0,0,0.5029492378234863,0.5029492378234863,0.5029492378234863,0.4970507323741913,3,6,3,zero_shot_paired
48,2,3,2,60,1,0,0,0.5042622089385986,0.5042622089385986,0.5042622089385986,0.495737761259079,3,6,3,zero_shot_paired
48,3,3,3,60,0,0,1,0.5040124654769897,0.5040124654769897,0.5040124654769897,0.49598753452301025,3,6,3,zero_shot_paired
48,4,3,4,60,1,0,0,0.5036629438400269,0.5036629438400269,0.5036629438400269,0.49633705615997314,3,6,3,zero_shot_paired
48,5,3,5,60,1,0,0,0.5032958984375,0.5032958984375,0.5032958984375,0.4967041015625,3,6,3,zero_shot_paired
48,6,3,6,60,1,0,0,0.5035101175308228,0.5035101175308228,0.5035101175308228,0.49648988246917725,3,6,3,zero_shot_paired
48,7,3,7,60,0,0,1,0.5034348964691162,0.5034348964691162,0.5034348964691162,0.4965651035308838,3,6,3,zero_shot_paired
48,8,3,8,60,0,0,1,0.504597544670105,0.504597544670105,0.504597544670105,0.49540242552757263,3,6,3,zero_shot_paired
48,9,3,9,60,0,0,1,0.5051541924476624,0.5051541924476624,0.5051541924476624,0.49484574794769287,3,6,3,zero_shot_paired
48,10,3,11,60,1,1,1,0.5061674118041992,0.5061674118041992,0.4938325583934784,0.5061674118041992,3,6,3,zero_shot_paired
48,11,3,14,60,0,1,0,0.5015860795974731,0.5015860795974731,0.49841395020484924,0.5015860795974731,3,6,3,zero_shot_paired
48,12,3,15,60,1,0,0,0.5001680850982666,0.5001680850982666,0.5001680850982666,0.499831885099411,3,6,3,zero_shot_paired
48,13,3,16,60,0,0,1,0.5019788146018982,0.5019788146018982,0.5019788146018982,0.4980212152004242,3,6,3,zero_shot_paired
48,14,3,17,60,0,1,0,0.5008556842803955,0.5008556842803955,0.4991443455219269,0.5008556842803955,3,6,3,zero_shot_paired
48,0,3,0,60,1,1,1,0.5007195472717285,0.5007195472717285,0.4992803931236267,0.5007195472717285,3,6,3,post_calibration
48,1,3,1,60,1,0,0,0.5029838681221008,0.5029838681221008,0.5029838681221008,0.4970161020755768,3,6,3,post_calibration
48,2,3,2,60,1,0,0,0.5042645931243896,0.5042645931243896,0.5042645931243896,0.49573543667793274,3,6,3,post_calibration
48,3,3,3,60,0,0,1,0.5039987564086914,0.5039987564086914,0.5039987564086914,0.4960011839866638,3,6,3,post_calibration
48,4,3,4,60,1,0,0,0.5036181807518005,0.5036181807518005,0.5036181807518005,0.49638184905052185,3,6,3,post_calibration
48,5,3,5,60,1,0,0,0.5033652782440186,0.5033652782440186,0.5033652782440186,0.49663472175598145,3,6,3,post_calibration
48,6,3,6,60,1,0,0,0.5035908222198486,0.5035908222198486,0.5035908222198486,0.49640917778015137,3,6,3,post_calibration
48,7,3,7,60,0,0,1,0.5035039186477661,0.5035039186477661,0.5035039186477661,0.4964961111545563,3,6,3,post_calibration
48,8,3,8,60,0,0,1,0.5045440196990967,0.5045440196990967,0.5045440196990967,0.4954559803009033,3,6,3,post_calibration
48,9,3,9,60,0,0,1,0.5051872134208679,0.5051872134208679,0.5051872134208679,0.49481284618377686,3,6,3,post_calibration
48,10,3,11,60,1,1,1,0.5061419606208801,0.5061419606208801,0.4938580393791199,0.5061419606208801,3,6,3,post_calibration
48,11,3,14,60,0,1,0,0.5016379952430725,0.5016379952430725,0.4983620345592499,0.5016379952430725,3,6,3,post_calibration
48,12,3,15,60,1,0,0,0.5000646710395813,0.5000646710395813,0.5000646710395813,0.4999353587627411,3,6,3,post_calibration
48,13,3,16,60,0,0,1,0.5021648406982422,0.5021648406982422,0.5021648406982422,0.4978352189064026,3,6,3,post_calibration
48,14,3,17,60,0,1,0,0.5008257031440735,0.5008257031440735,0.4991742670536041,0.5008257031440735,3,6,3,post_calibration
49,0,3,0,60,1,1,1,0.5007861852645874,0.5007861852645874,0.4992138743400574,0.5007861852645874,3,1,6,zero_shot_paired
49,1,3,1,60,1,0,0,0.5029492378234863,0.5029492378234863,0.5029492378234863,0.4970507323741913,3,1,6,zero_shot_paired
49,2,3,3,60,0,0,1,0.5040124654769897,0.5040124654769897,0.5040124654769897,0.49598753452301025,3,1,6,zero_shot_paired
49,3,3,4,60,1,0,0,0.5036629438400269,0.5036629438400269,0.5036629438400269,0.49633705615997314,3,1,6,zero_shot_paired
49,4,3,5,60,1,0,0,0.5032958984375,0.5032958984375,0.5032958984375,0.4967041015625,3,1,6,zero_shot_paired
49,5,3,6,60,1,0,0,0.5035101175308228,0.5035101175308228,0.5035101175308228,0.49648988246917725,3,1,6,zero_shot_paired
49,6,3,7,60,0,0,1,0.5034348964691162,0.5034348964691162,0.5034348964691162,0.4965651035308838,3,1,6,zero_shot_paired
49,7,3,8,60,0,0,1,0.504597544670105,0.504597544670105,0.504597544670105,0.49540242552757263,3,1,6,zero_shot_paired
49,8,3,11,60,1,1,1,0.5061674118041992,0.5061674118041992,0.4938325583934784,0.5061674118041992,3,1,6,zero_shot_paired
49,9,3,13,60,0,1,0,0.5020802617073059,0.5020802617073059,0.4979197382926941,0.5020802617073059,3,1,6,zero_shot_paired
49,10,3,15,60,1,0,0,0.5001680850982666,0.5001680850982666,0.5001680850982666,0.499831885099411,3,1,6,zero_shot_paired
49,11,3,16,60,0,0,1,0.5019788146018982,0.5019788146018982,0.5019788146018982,0.4980212152004242,3,1,6,zero_shot_paired
49,0,3,0,60,1,1,1,0.5007884502410889,0.5007884502410889,0.49921151995658875,0.5007884502410889,3,1,6,post_calibration
49,1,3,1,60,1,0,0,0.5029544830322266,0.5029544830322266,0.5029544830322266,0.4970455467700958,3,1,6,post_calibration
49,2,3,3,60,0,0,1,0.5038926601409912,0.5038926601409912,0.5038926601409912,0.4961073398590088,3,1,6,post_calibration
49,3,3,4,60,1,0,0,0.5035613179206848,0.5035613179206848,0.5035613179206848,0.4964386820793152,3,1,6,post_calibration
49,4,3,5,60,1,0,0,0.5032624006271362,0.5032624006271362,0.5032624006271362,0.4967375695705414,3,1,6,post_calibration
49,5,3,6,60,1,0,0,0.5033986568450928,0.5033986568450928,0.5033986568450928,0.49660131335258484,3,1,6,post_calibration
49,6,3,7,60,0,0,1,0.5032881498336792,0.5032881498336792,0.5032881498336792,0.4967118501663208,3,1,6,post_calibration
49,7,3,8,60,0,0,1,0.504557192325592,0.504557192325592,0.504557192325592,0.49544280767440796,3,1,6,post_calibration
49,8,3,11,60,1,1,1,0.5061823725700378,0.5061823725700378,0.49381765723228455,0.5061823725700378,3,1,6,post_calibration
49,9,3,13,60,0,1,0,0.5020613074302673,0.5020613074302673,0.49793872237205505,0.5020613074302673,3,1,6,post_calibration
49,10,3,15,60,1,0,0,0.5001391172409058,0.5001391172409058,0.5001391172409058,0.499860942363739,3,1,6,post_calibration
49,11,3,16,60,0,0,1,0.50185626745224,0.50185626745224,0.50185626745224,0.4981437623500824,3,1,6,post_calibration
50,0,3,0,60,1,1,1,0.5007861852645874,0.5007861852645874,0.4992138743400574,0.5007861852645874,3,2,6,zero_shot_paired
50,1,3,2,60,1,0,0,0.5042622089385986,0.5042622089385986,0.5042622089385986,0.495737761259079,3,2,6,zero_shot_paired
50,2,3,4,60,1,0,0,0.5036629438400269,0.5036629438400269,0.5036629438400269,0.49633705615997314,3,2,6,zero_shot_paired
50,3,3,7,60,0,0,1,0.5034348964691162,0.5034348964691162,0.5034348964691162,0.4965651035308838,3,2,6,zero_shot_paired
50,4,3,8,60,0,0,1,0.504597544670105,0.504597544670105,0.504597544670105,0.49540242552757263,3,2,6,zero_shot_paired
50,5,3,9,60,0,0,1,0.5051541924476624,0.5051541924476624,0.5051541924476624,0.49484574794769287,3,2,6,zero_shot_paired
50,6,3,10,60,1,0,0,0.5011591911315918,0.5011591911315918,0.5011591911315918,0.4988408386707306,3,2,6,zero_shot_paired
50,7,3,11,60,1,1,1,0.5061674118041992,0.5061674118041992,0.4938325583934784,0.5061674118041992,3,2,6,zero_shot_paired
50,8,3,12,60,1,0,0,0.5007901787757874,0.5007901787757874,0.5007901787757874,0.49920979142189026,3,2,6,zero_shot_paired
50,9,3,14,60,0,1,0,0.5015860795974731,0.5015860795974731,0.49841395020484924,0.5015860795974731,3,2,6,zero_shot_paired
50,10,3,15,60,1,0,0,0.5001680850982666,0.5001680850982666,0.5001680850982666,0.499831885099411,3,2,6,zero_shot_paired
50,11,3,17,60,0,1,0,0.5008556842803955,0.5008556842803955,0.4991443455219269,0.5008556842803955,3,2,6,zero_shot_paired
50,0,3,0,60,1,1,1,0.5005268454551697,0.5005268454551697,0.49947309494018555,0.5005268454551697,3,2,6,post_calibration
50,1,3,2,60,1,0,0,0.5042916536331177,0.5042916536331177,0.5042916536331177,0.4957084059715271,3,2,6,post_calibration
50,2,3,4,60,1,0,0,0.5037260055541992,0.5037260055541992,0.5037260055541992,0.4962739944458008,3,2,6,post_calibration
50,3,3,7,60,0,0,1,0.5034326314926147,0.5034326314926147,0.5034326314926147,0.49656736850738525,3,2,6,post_calibration
50,4,3,8,60,0,0,1,0.5046023726463318,0.5046023726463318,0.5046023726463318,0.4953976273536682,3,2,6,post_calibration
50,5,3,9,60,0,0,1,0.5052273869514465,0.5052273869514465,0.5052273869514465,0.49477261304855347,3,2,6,post_calibration
50,6,3,10,60,1,0,0,0.5013411045074463,0.5013411045074463,0.5013411045074463,0.4986588954925537,3,2,6,post_calibration
50,7,3,11,60,1,1,1,0.5060905814170837,0.5060905814170837,0.49390944838523865,0.5060905814170837,3,2,6,post_calibration
50,8,3,12,60,1,0,0,0.5007521510124207,0.5007521510124207,0.5007521510124207,0.49924784898757935,3,2,6,post_calibration
50,9,3,14,60,0,1,0,0.5013999938964844,0.5013999938964844,0.498600035905838,0.5013999938964844,3,2,6,post_calibration
50,10,3,15,60,1,0,0,0.500487744808197,0.500487744808197,0.500487744808197,0.4995122253894806,3,2,6,post_calibration
50,11,3,17,60,0,1,0,0.5008400678634644,0.5008400678634644,0.49915996193885803,0.5008400678634644,3,2,6,post_calibration
51,0,3,1,60,1,0,0,0.5029492378234863,0.5029492378234863,0.5029492378234863,0.4970507323741913,3,3,6,zero_shot_paired
51,1,3,2,60,1,0,0,0.5042622089385986,0.5042622089385986,0.5042622089385986,0.495737761259079,3,3,6,zero_shot_paired
51,2,3,3,60,0,0,1,0.5040124654769897,0.5040124654769897,0.5040124654769897,0.49598753452301025,3,3,6,zero_shot_paired
51,3,3,5,60,1,0,0,0.5032958984375,0.5032958984375,0.5032958984375,0.4967041015625,3,3,6,zero_shot_paired
51,4,3,6,60,1,0,0,0.5035101175308228,0.5035101175308228,0.5035101175308228,0.49648988246917725,3,3,6,zero_shot_paired
51,5,3,9,60,0,0,1,0.5051541924476624,0.5051541924476624,0.5051541924476624,0.49484574794769287,3,3,6,zero_shot_paired
51,6,3,10,60,1,0,0,0.5011591911315918,0.5011591911315918,0.5011591911315918,0.4988408386707306,3,3,6,zero_shot_paired
51,7,3,12,60,1,0,0,0.5007901787757874,0.5007901787757874,0.5007901787757874,0.49920979142189026,3,3,6,zero_shot_paired
51,8,3,13,60,0,1,0,0.5020802617073059,0.5020802617073059,0.4979197382926941,0.5020802617073059,3,3,6,zero_shot_paired
51,9,3,14,60,0,1,0,0.5015860795974731,0.5015860795974731,0.49841395020484924,0.5015860795974731,3,3,6,zero_shot_paired
51,10,3,16,60,0,0,1,0.5019788146018982,0.5019788146018982,0.5019788146018982,0.4980212152004242,3,3,6,zero_shot_paired
51,11,3,17,60,0,1,0,0.5008556842803955,0.5008556842803955,0.4991443455219269,0.5008556842803955,3,3,6,zero_shot_paired
51,0,3,1,60,1,0,0,0.5030613541603088,0.5030613541603088,0.5030613541603088,0.49693864583969116,3,3,6,post_calibration
51,1,3,2,60,1,0,0,0.5042473077774048,0.5042473077774048,0.5042473077774048,0.4957526922225952,3,3,6,post_calibration
51,2,3,3,60,0,0,1,0.5039398670196533,0.5039398670196533,0.5039398670196533,0.49606016278266907,3,3,6,post_calibration
51,3,3,5,60,1,0,0,0.5032883286476135,0.5032883286476135,0.5032883286476135,0.4967116713523865,3,3,6,post_calibration
51,4,3,6,60,1,0,0,0.5036853551864624,0.5036853551864624,0.5036853551864624,0.4963145852088928,3,3,6,post_calibration
51,5,3,9,60,0,0,1,0.5051018595695496,0.5051018595695496,0.5051018595695496,0.49489814043045044,3,3,6,post_calibration
51,6,3,10,60,1,0,0,0.5011007785797119,0.5011007785797119,0.5011007785797119,0.49889928102493286,3,3,6,post_calibration
51,7,3,12,60,1,0,0,0.5006998777389526,0.5006998777389526,0.5006998777389526,0.4993000626564026,3,3,6,post_calibration
51,8,3,13,60,0,1,0,0.5020847320556641,0.5020847320556641,0.4979152977466583,0.5020847320556641,3,3,6,post_calibration
51,9,3,14,60,0,1,0,0.5016643404960632,0.5016643404960632,0.49833568930625916,0.5016643404960632,3,3,6,post_calibration
51,10,3,16,60,0,0,1,0.5020204186439514,0.5020204186439514,0.5020204186439514,0.4979795813560486,3,3,6,post_calibration
51,11,3,17,60,0,1,0,0.5008553266525269,0.5008553266525269,0.49914467334747314,0.5008553266525269,3,3,6,post_calibration
52,0,3,0,60,1,1,1,0.5007860660552979,0.5007860660552979,0.49921396374702454,0.5007860660552979,3,1,9,zero_shot_paired
52,1,3,3,60,0,0,1,0.5040124654769897,0.5040124654769897,0.5040124654769897,0.49598756432533264,3,1,9,zero_shot_paired
52,2,3,5,60,1,0,0,0.5032960176467896,0.5032960176467896,0.5032960176467896,0.49670401215553284,3,1,9,zero_shot_paired
52,3,3,9,60,0,0,1,0.5051541924476624,0.5051541924476624,0.5051541924476624,0.49484574794769287,3,1,9,zero_shot_paired
52,4,3,10,60,1,0,0,0.5011591911315918,0.5011591911315918,0.5011591911315918,0.4988408386707306,3,1,9,zero_shot_paired
52,5,3,11,60,1,1,1,0.5061675906181335,0.5061675906181335,0.49383240938186646,0.5061675906181335,3,1,9,zero_shot_paired
52,6,3,13,60,0,1,0,0.5020803809165955,0.5020803809165955,0.49791961908340454,0.5020803809165955,3,1,9,zero_shot_paired
52,7,3,15,60,1,0,0,0.500167965888977,0.500167965888977,0.500167965888977,0.49983200430870056,3,1,9,zero_shot_paired
52,8,3,17,60,0,1,0,0.5008556246757507,0.5008556246757507,0.49914443492889404,0.5008556246757507,3,1,9,zero_shot_paired
52,0,3,0,60,1,1,1,0.500783383846283,0.500783383846283,0.49921661615371704,0.500783383846283,3,1,9,post_calibration
52,1,3,3,60,0,0,1,0.5038748979568481,0.5038748979568481,0.5038748979568481,0.49612507224082947,3,1,9,post_calibration
52,2,3,5,60,1,0,0,0.503207266330719,0.503207266330719,0.503207266330719,0.496792733669281,3,1,9,post_calibration
52,3,3,9,60,0,0,1,0.5051596760749817,0.5051596760749817,0.5051596760749817,0.4948403537273407,3,1,9,post_calibration
52,4,3,10,60,1,0,0,0.5010688304901123,0.5010688304901123,0.5010688304901123,0.4989311099052429,3,1,9,post_calibration
52,5,3,11,60,1,1,1,0.5061538219451904,0.5061538219451904,0.49384620785713196,0.5061538219451904,3,1,9,post_calibration
52,6,3,13,60,0,1,0,0.5020397305488586,0.5020397305488586,0.49796029925346375,0.5020397305488586,3,1,9,post_calibration
52,7,3,15,60,1,0,0,0.5001232624053955,0.5001232624053955,0.5001232624053955,0.4998767375946045,3,1,9,post_calibration
52,8,3,17,60,0,1,0,0.5008454322814941,0.5008454322814941,0.49915453791618347,0.5008454322814941,3,1,9,post_calibration
53,0,3,1,60,1,0,0,0.5029492378234863,0.5029492378234863,0.5029492378234863,0.49705076217651367,3,2,9,zero_shot_paired
53,1,3,2,60,1,0,0,0.5042621493339539,0.5042621493339539,0.5042621493339539,0.49573779106140137,3,2,9,zero_shot_paired
53,2,3,4,60,1,0,0,0.5036629438400269,0.5036629438400269,0.5036629438400269,0.49633702635765076,3,2,9,zero_shot_paired
53,3,3,6,60,1,0,0,0.5035101771354675,0.5035101771354675,0.5035101771354675,0.49648985266685486,3,2,9,zero_shot_paired
53,4,3,7,60,0,0,1,0.5034348964691162,0.5034348964691162,0.5034348964691162,0.4965651333332062,3,2,9,zero_shot_paired
53,5,3,8,60,0,0,1,0.5045977234840393,0.5045977234840393,0.5045977234840393,0.4954023063182831,3,2,9,zero_shot_paired
53,6,3,12,60,1,0,0,0.5007901191711426,0.5007901191711426,0.5007901191711426,0.4992098808288574,3,2,9,zero_shot_paired
53,7,3,14,60,0,1,0,0.5015864968299866,0.5015864968299866,0.4984135329723358,0.5015864968299866,3,2,9,zero_shot_paired
53,8,3,16,60,0,0,1,0.5019788146018982,0.5019788146018982,0.5019788146018982,0.4980212152004242,3,2,9,zero_shot_paired
53,0,3,1,60,1,0,0,0.502810001373291,0.502810001373291,0.502810001373291,0.497189998626709,3,2,9,post_calibration
53,1,3,2,60,1,0,0,0.504269003868103,0.504269003868103,0.504269003868103,0.495730996131897,3,2,9,post_calibration
53,2,3,4,60,1,0,0,0.503719687461853,0.503719687461853,0.503719687461853,0.496280312538147,3,2,9,post_calibration
53,3,3,6,60,1,0,0,0.5034918189048767,0.5034918189048767,0.5034918189048767,0.4965081214904785,3,2,9,post_calibration
53,4,3,7,60,0,0,1,0.5034767985343933,0.5034767985343933,0.5034767985343933,0.4965232014656067,3,2,9,post_calibration
53,5,3,8,60,0,0,1,0.5045145750045776,0.5045145750045776,0.5045145750045776,0.49548542499542236,3,2,9,post_calibration
53,6,3,12,60,1,0,0,0.500793993473053,0.500793993473053,0.500793993473053,0.499206006526947,3,2,9,post_calibration
53,7,3,14,60,0,1,0,0.5016686916351318,0.5016686916351318,0.49833133816719055,0.5016686916351318,3,2,9,post_calibration
53,8,3,16,60,0,0,1,0.501943051815033,0.501943051815033,0.501943051815033,0.49805697798728943,3,2,9,post_calibration
54,0,3,2,60,1,0,0,0.5042620897293091,0.5042620897293091,0.5042620897293091,0.4957379102706909,3,1,12,zero_shot_paired
54,1,3,5,60,1,0,0,0.5032971501350403,0.5032971501350403,0.5032971501350403,0.49670279026031494,3,1,12,zero_shot_paired
54,2,3,8,60,0,0,1,0.5045971274375916,0.5045971274375916,0.5045971274375916,0.49540287256240845,3,1,12,zero_shot_paired
54,3,3,12,60,1,0,0,0.5007898211479187,0.5007898211479187,0.5007898211479187,0.4992101490497589,3,1,12,zero_shot_paired
54,4,3,13,60,0,1,0,0.5020780563354492,0.5020780563354492,0.497921884059906,0.5020780563354492,3,1,12,zero_shot_paired
54,5,3,17,60,0,1,0,0.5008569955825806,0.5008569955825806,0.49914300441741943,0.5008569955825806,3,1,12,zero_shot_paired
54,0,3,2,60,1,0,0,0.5040379166603088,0.5040379166603088,0.5040379166603088,0.49596208333969116,3,1,12,post_calibration
54,1,3,5,60,1,0,0,0.5032596588134766,0.5032596588134766,0.5032596588134766,0.4967403709888458,3,1,12,post_calibration
54,2,3,8,60,0,0,1,0.5042137503623962,0.5042137503623962,0.5042137503623962,0.49578624963760376,3,1,12,post_calibration
54,3,3,12,60,1,0,0,0.500731348991394,0.500731348991394,0.500731348991394,0.49926865100860596,3,1,12,post_calibration
54,4,3,13,60,0,1,0,0.5021291971206665,0.5021291971206665,0.4978708028793335,0.5021291971206665,3,1,12,post_calibration
54,5,3,17,60,0,1,0,0.5009897947311401,0.5009897947311401,0.4990101754665375,0.5009897947311401,3,1,12,post_calibration
55,0,3,0,60,1,1,1,0.5007857084274292,0.5007857084274292,0.4992143511772156,0.5007857084274292,3,2,12,zero_shot_paired
55,1,3,5,60,1,0,0,0.5032971501350403,0.5032971501350403,0.5032971501350403,0.49670279026031494,3,2,12,zero_shot_paired
55,2,3,6,60,1,0,0,0.5035086274147034,0.5035086274147034,0.5035086274147034,0.49649137258529663,3,2,12,zero_shot_paired
55,3,3,7,60,0,0,1,0.5034328699111938,0.5034328699111938,0.5034328699111938,0.49656713008880615,3,2,12,zero_shot_paired
55,4,3,9,60,0,0,1,0.5051558017730713,0.5051558017730713,0.5051558017730713,0.4948441982269287,3,2,12,zero_shot_paired
55,5,3,14,60,0,1,0,0.5015856623649597,0.5015856623649597,0.49841436743736267,0.5015856623649597,3,2,12,zero_shot_paired
55,0,3,0,60,1,1,1,0.5009791851043701,0.5009791851043701,0.4990208148956299,0.5009791851043701,3,2,12,post_calibration
55,1,3,5,60,1,0,0,0.5031695365905762,0.5031695365905762,0.5031695365905762,0.49683043360710144,3,2,12,post_calibration
55,2,3,6,60,1,0,0,0.5032758116722107,0.5032758116722107,0.5032758116722107,0.4967241883277893,3,2,12,post_calibration
55,3,3,7,60,0,0,1,0.5033239722251892,0.5033239722251892,0.5033239722251892,0.4966759979724884,3,2,12,post_calibration
55,4,3,9,60,0,0,1,0.505001962184906,0.505001962184906,0.505001962184906,0.4949980080127716,3,2,12,post_calibration
55,5,3,14,60,0,1,0,0.5017452836036682,0.5017452836036682,0.4982546865940094,0.5017452836036682,3,2,12,post_calibration
56,0,3,4,60,1,0,0,0.5036627650260925,0.5036627650260925,0.5036627650260925,0.4963372051715851,3,3,12,zero_shot_paired
56,1,3,8,60,0,0,1,0.5045971274375916,0.5045971274375916,0.5045971274375916,0.49540287256240845,3,3,12,zero_shot_paired
56,2,3,9,60,0,0,1,0.5051558017730713,0.5051558017730713,0.5051558017730713,0.4948441982269287,3,3,12,zero_shot_paired
56,3,3,11,60,1,1,1,0.5061684250831604,0.5061684250831604,0.4938315451145172,0.5061684250831604,3,3,12,zero_shot_paired
56,4,3,13,60,0,1,0,0.5020780563354492,0.5020780563354492,0.497921884059906,0.5020780563354492,3,3,12,zero_shot_paired
56,5,3,15,60,1,0,0,0.5001674294471741,0.5001674294471741,0.5001674294471741,0.49983254075050354,3,3,12,zero_shot_paired
56,0,3,4,60,1,0,0,0.5035843849182129,0.5035843849182129,0.5035843849182129,0.4964156448841095,3,3,12,post_calibration
56,1,3,8,60,0,0,1,0.5042806267738342,0.5042806267738342,0.5042806267738342,0.49571937322616577,3,3,12,post_calibration
56,2,3,9,60,0,0,1,0.504934549331665,0.504934549331665,0.504934549331665,0.4950654208660126,3,3,12,post_calibration
56,3,3,11,60,1,1,1,0.5062447786331177,0.5062447786331177,0.4937552213668823,0.5062447786331177,3,3,12,post_calibration
56,4,3,13,60,0,1,0,0.5020748972892761,0.5020748972892761,0.49792513251304626,0.5020748972892761,3,3,12,post_calibration
56,5,3,15,60,1,0,0,0.5000983476638794,0.5000983476638794,0.5000983476638794,0.4999016225337982,3,3,12,post_calibration
5,0,4,0,60,1,0,0,0.5028666257858276,0.5028666257858276,0.5028666257858276,0.49713334441185,4,,,zero_shot_all_trials
5,1,4,1,60,0,0,1,0.5004847049713135,0.5004847049713135,0.5004847049713135,0.49951526522636414,4,,,zero_shot_all_trials
5,2,4,2,60,1,0,0,0.5040667057037354,0.5040667057037354,0.5040667057037354,0.4959332346916199,4,,,zero_shot_all_trials
5,3,4,3,60,0,0,1,0.5010516047477722,0.5010516047477722,0.5010516047477722,0.49894842505455017,4,,,zero_shot_all_trials
5,4,4,4,60,0,0,1,0.5049474239349365,0.5049474239349365,0.5049474239349365,0.4950525164604187,4,,,zero_shot_all_trials
5,5,4,5,60,1,1,1,0.5011848211288452,0.5011848211288452,0.4988151490688324,0.5011848211288452,4,,,zero_shot_all_trials
5,6,4,6,60,1,0,0,0.5016945004463196,0.5016945004463196,0.5016945004463196,0.49830546975135803,4,,,zero_shot_all_trials
5,7,4,7,60,0,1,0,0.5007163286209106,0.5007163286209106,0.49928370118141174,0.5007163286209106,4,,,zero_shot_all_trials
5,8,4,8,60,0,0,1,0.5037962198257446,0.5037962198257446,0.5037962198257446,0.49620380997657776,4,,,zero_shot_all_trials
5,9,4,9,60,1,0,0,0.5017756223678589,0.5017756223678589,0.5017756223678589,0.4982243478298187,4,,,zero_shot_all_trials
5,10,4,10,60,1,0,0,0.5009543895721436,0.5009543895721436,0.5009543895721436,0.4990456700325012,4,,,zero_shot_all_trials
5,11,4,11,60,1,0,0,0.5017997622489929,0.5017997622489929,0.5017997622489929,0.4982001781463623,4,,,zero_shot_all_trials
5,12,4,12,60,1,1,1,0.5022859573364258,0.5022859573364258,0.4977140724658966,0.5022859573364258,4,,,zero_shot_all_trials
5,13,4,13,60,1,1,1,0.5049700140953064,0.5049700140953064,0.4950299859046936,0.5049700140953064,4,,,zero_shot_all_trials
5,14,4,14,60,1,0,0,0.5022945404052734,0.5022945404052734,0.5022945404052734,0.49770548939704895,4,,,zero_shot_all_trials
5,15,4,15,60,1,0,0,0.5004259943962097,0.5004259943962097,0.5004259943962097,0.49957403540611267,4,,,zero_shot_all_trials
5,16,4,16,60,0,1,0,0.5091760158538818,0.5091760158538818,0.4908239245414734,0.5091760158538818,4,,,zero_shot_all_trials
5,17,4,17,60,0,0,1,0.5004258155822754,0.5004258155822754,0.5004258155822754,0.499574214220047,4,,,zero_shot_all_trials
57,0,4,2,60,1,0,0,0.5040667057037354,0.5040667057037354,0.5040667057037354,0.49593329429626465,4,1,3,zero_shot_paired
57,1,4,3,60,0,0,1,0.501051664352417,0.501051664352417,0.501051664352417,0.4989483654499054,4,1,3,zero_shot_paired
57,2,4,4,60,0,0,1,0.5049470067024231,0.5049470067024231,0.5049470067024231,0.4950530230998993,4,1,3,zero_shot_paired
57,3,4,5,60,1,1,1,0.5011849403381348,0.5011849403381348,0.49881502985954285,0.5011849403381348,4,1,3,zero_shot_paired
57,4,4,6,60,1,0,0,0.5016945600509644,0.5016945600509644,0.5016945600509644,0.49830546975135803,4,1,3,zero_shot_paired
57,5,4,7,60,0,1,0,0.5007165670394897,0.5007165670394897,0.49928346276283264,0.5007165670394897,4,1,3,zero_shot_paired
57,6,4,8,60,0,0,1,0.5037961006164551,0.5037961006164551,0.5037961006164551,0.4962039291858673,4,1,3,zero_shot_paired
57,7,4,10,60,1,0,0,0.5009543895721436,0.5009543895721436,0.5009543895721436,0.4990456700325012,4,1,3,zero_shot_paired
57,8,4,11,60,1,0,0,0.5017997622489929,0.5017997622489929,0.5017997622489929,0.4982001781463623,4,1,3,zero_shot_paired
57,9,4,12,60,1,1,1,0.5022860169410706,0.5022860169410706,0.49771398305892944,0.5022860169410706,4,1,3,zero_shot_paired
57,10,4,13,60,1,1,1,0.504970133304596,0.504970133304596,0.49502992630004883,0.504970133304596,4,1,3,zero_shot_paired
57,11,4,14,60,1,0,0,0.5022944808006287,0.5022944808006287,0.5022944808006287,0.4977055490016937,4,1,3,zero_shot_paired
57,12,4,15,60,1,0,0,0.5004259347915649,0.5004259347915649,0.5004259347915649,0.49957406520843506,4,1,3,zero_shot_paired
57,13,4,16,60,0,1,0,0.5091760754585266,0.5091760754585266,0.490823894739151,0.5091760754585266,4,1,3,zero_shot_paired
57,14,4,17,60,0,0,1,0.5004257559776306,0.5004257559776306,0.5004257559776306,0.4995742440223694,4,1,3,zero_shot_paired
57,0,4,2,60,1,0,0,0.5040584206581116,0.5040584206581116,0.5040584206581116,0.49594154953956604,4,1,3,post_calibration
57,1,4,3,60,0,0,1,0.5010502338409424,0.5010502338409424,0.5010502338409424,0.4989497661590576,4,1,3,post_calibration
57,2,4,4,60,0,0,1,0.5049449801445007,0.5049449801445007,0.5049449801445007,0.4950549602508545,4,1,3,post_calibration
57,3,4,5,60,1,1,1,0.501181960105896,0.501181960105896,0.498818039894104,0.501181960105896,4,1,3,post_calibration
57,4,4,6,60,1,0,0,0.5016857385635376,0.5016857385635376,0.5016857385635376,0.4983142912387848,4,1,3,post_calibration
57,5,4,7,60,0,1,0,0.5006606578826904,0.5006606578826904,0.49933940172195435,0.5006606578826904,4,1,3,post_calibration
57,6,4,8,60,0,0,1,0.5037822127342224,0.5037822127342224,0.5037822127342224,0.4962177872657776,4,1,3,post_calibration
57,7,4,10,60,1,0,0,0.5009056329727173,0.5009056329727173,0.5009056329727173,0.4990943372249603,4,1,3,post_calibration
57,8,4,11,60,1,0,0,0.5018011927604675,0.5018011927604675,0.5018011927604675,0.4981987774372101,4,1,3,post_calibration
57,9,4,12,60,1,1,1,0.5023705959320068,0.5023705959320068,0.49762946367263794,0.5023705959320068,4,1,3,post_calibration
57,10,4,13,60,1,1,1,0.5050250291824341,0.5050250291824341,0.4949749708175659,0.5050250291824341,4,1,3,post_calibration
57,11,4,14,60,1,0,0,0.5023650527000427,0.5023650527000427,0.5023650527000427,0.49763497710227966,4,1,3,post_calibration
57,12,4,15,60,1,0,0,0.5004488229751587,0.5004488229751587,0.5004488229751587,0.4995511472225189,4,1,3,post_calibration
57,13,4,16,60,0,1,0,0.5092008113861084,0.5092008113861084,0.4907991588115692,0.5092008113861084,4,1,3,post_calibration
57,14,4,17,60,0,0,1,0.5004287958145142,0.5004287958145142,0.5004287958145142,0.4995712339878082,4,1,3,post_calibration
58,0,4,0,60,1,0,0,0.5028667449951172,0.5028667449951172,0.5028667449951172,0.4971332550048828,4,2,3,zero_shot_paired
58,1,4,1,60,0,0,1,0.5004846453666687,0.5004846453666687,0.5004846453666687,0.4995153546333313,4,2,3,zero_shot_paired
58,2,4,2,60,1,0,0,0.5040667057037354,0.5040667057037354,0.5040667057037354,0.49593329429626465,4,2,3,zero_shot_paired
58,3,4,4,60,0,0,1,0.5049470067024231,0.5049470067024231,0.5049470067024231,0.4950530230998993,4,2,3,zero_shot_paired
58,4,4,5,60,1,1,1,0.5011849403381348,0.5011849403381348,0.49881502985954285,0.5011849403381348,4,2,3,zero_shot_paired
58,5,4,6,60,1,0,0,0.5016945600509644,0.5016945600509644,0.5016945600509644,0.49830546975135803,4,2,3,zero_shot_paired
58,6,4,7,60,0,1,0,0.5007165670394897,0.5007165670394897,0.49928346276283264,0.5007165670394897,4,2,3,zero_shot_paired
58,7,4,9,60,1,0,0,0.5017756223678589,0.5017756223678589,0.5017756223678589,0.4982243776321411,4,2,3,zero_shot_paired
58,8,4,11,60,1,0,0,0.5017997622489929,0.5017997622489929,0.5017997622489929,0.4982001781463623,4,2,3,zero_shot_paired
58,9,4,12,60,1,1,1,0.5022860169410706,0.5022860169410706,0.49771398305892944,0.5022860169410706,4,2,3,zero_shot_paired
58,10,4,13,60,1,1,1,0.504970133304596,0.504970133304596,0.49502992630004883,0.504970133304596,4,2,3,zero_shot_paired
58,11,4,14,60,1,0,0,0.5022944808006287,0.5022944808006287,0.5022944808006287,0.4977055490016937,4,2,3,zero_shot_paired
58,12,4,15,60,1,0,0,0.5004259347915649,0.5004259347915649,0.5004259347915649,0.49957406520843506,4,2,3,zero_shot_paired
58,13,4,16,60,0,1,0,0.5091760754585266,0.5091760754585266,0.490823894739151,0.5091760754585266,4,2,3,zero_shot_paired
58,14,4,17,60,0,0,1,0.5004257559776306,0.5004257559776306,0.5004257559776306,0.4995742440223694,4,2,3,zero_shot_paired
58,0,4,0,60,1,0,0,0.502859354019165,0.502859354019165,0.502859354019165,0.49714067578315735,4,2,3,post_calibration
58,1,4,1,60,0,0,1,0.5004862546920776,0.5004862546920776,0.5004862546920776,0.4995137155056,4,2,3,post_calibration
58,2,4,2,60,1,0,0,0.5039702653884888,0.5039702653884888,0.5039702653884888,0.4960297644138336,4,2,3,post_calibration
58,3,4,4,60,0,0,1,0.5046728849411011,0.5046728849411011,0.5046728849411011,0.4953271448612213,4,2,3,post_calibration
58,4,4,5,60,1,1,1,0.5010714530944824,0.5010714530944824,0.4989284873008728,0.5010714530944824,4,2,3,post_calibration
58,5,4,6,60,1,0,0,0.5016072392463684,0.5016072392463684,0.5016072392463684,0.4983927011489868,4,2,3,post_calibration
58,6,4,7,60,0,1,0,0.5007510185241699,0.5007510185241699,0.49924901127815247,0.5007510185241699,4,2,3,post_calibration
58,7,4,9,60,1,0,0,0.5017660856246948,0.5017660856246948,0.5017660856246948,0.4982339143753052,4,2,3,post_calibration
58,8,4,11,60,1,0,0,0.5018371939659119,0.5018371939659119,0.5018371939659119,0.4981628358364105,4,2,3,post_calibration
58,9,4,12,60,1,1,1,0.5023435354232788,0.5023435354232788,0.4976564049720764,0.5023435354232788,4,2,3,post_calibration
58,10,4,13,60,1,1,1,0.5049065947532654,0.5049065947532654,0.495093435049057,0.5049065947532654,4,2,3,post_calibration
58,11,4,14,60,1,0,0,0.5023328065872192,0.5023328065872192,0.5023328065872192,0.4976671636104584,4,2,3,post_calibration
58,12,4,15,60,1,0,0,0.5003294348716736,0.5003294348716736,0.5003294348716736,0.4996706247329712,4,2,3,post_calibration
58,13,4,16,60,0,1,0,0.509140133857727,0.509140133857727,0.49085986614227295,0.509140133857727,4,2,3,post_calibration
58,14,4,17,60,0,0,1,0.5004033446311951,0.5004033446311951,0.5004033446311951,0.49959662556648254,4,2,3,post_calibration
59,0,4,0,60,1,0,0,0.5028667449951172,0.5028667449951172,0.5028667449951172,0.4971332550048828,4,3,3,zero_shot_paired
59,1,4,1,60,0,0,1,0.5004846453666687,0.5004846453666687,0.5004846453666687,0.4995153546333313,4,3,3,zero_shot_paired
59,2,4,2,60,1,0,0,0.5040667057037354,0.5040667057037354,0.5040667057037354,0.49593329429626465,4,3,3,zero_shot_paired
59,3,4,3,60,0,0,1,0.501051664352417,0.501051664352417,0.501051664352417,0.4989483654499054,4,3,3,zero_shot_paired
59,4,4,4,60,0,0,1,0.5049470067024231,0.5049470067024231,0.5049470067024231,0.4950530230998993,4,3,3,zero_shot_paired
59,5,4,5,60,1,1,1,0.5011849403381348,0.5011849403381348,0.49881502985954285,0.5011849403381348,4,3,3,zero_shot_paired
59,6,4,8,60,0,0,1,0.5037961006164551,0.5037961006164551,0.5037961006164551,0.4962039291858673,4,3,3,zero_shot_paired
59,7,4,9,60,1,0,0,0.5017756223678589,0.5017756223678589,0.5017756223678589,0.4982243776321411,4,3,3,zero_shot_paired
59,8,4,10,60,1,0,0,0.5009543895721436,0.5009543895721436,0.5009543895721436,0.4990456700325012,4,3,3,zero_shot_paired
59,9,4,12,60,1,1,1,0.5022860169410706,0.5022860169410706,0.49771398305892944,0.5022860169410706,4,3,3,zero_shot_paired
59,10,4,13,60,1,1,1,0.504970133304596,0.504970133304596,0.49502992630004883,0.504970133304596,4,3,3,zero_shot_paired
59,11,4,14,60,1,0,0,0.5022944808006287,0.5022944808006287,0.5022944808006287,0.4977055490016937,4,3,3,zero_shot_paired
59,12,4,15,60,1,0,0,0.5004259347915649,0.5004259347915649,0.5004259347915649,0.49957406520843506,4,3,3,zero_shot_paired
59,13,4,16,60,0,1,0,0.5091760754585266,0.5091760754585266,0.490823894739151,0.5091760754585266,4,3,3,zero_shot_paired
59,14,4,17,60,0,0,1,0.5004257559776306,0.5004257559776306,0.5004257559776306,0.4995742440223694,4,3,3,zero_shot_paired
59,0,4,0,60,1,0,0,0.5026641488075256,0.5026641488075256,0.5026641488075256,0.497335821390152,4,3,3,post_calibration
59,1,4,1,60,0,0,1,0.5003780722618103,0.5003780722618103,0.5003780722618103,0.4996219277381897,4,3,3,post_calibration
59,2,4,2,60,1,0,0,0.5038456916809082,0.5038456916809082,0.5038456916809082,0.4961543083190918,4,3,3,post_calibration
59,3,4,3,60,0,0,1,0.5007290840148926,0.5007290840148926,0.5007290840148926,0.4992709159851074,4,3,3,post_calibration
59,4,4,4,60,0,0,1,0.5047651529312134,0.5047651529312134,0.5047651529312134,0.4952348470687866,4,3,3,post_calibration
59,5,4,5,60,1,1,1,0.5015304684638977,0.5015304684638977,0.4984695017337799,0.5015304684638977,4,3,3,post_calibration
59,6,4,8,60,0,0,1,0.503545343875885,0.503545343875885,0.503545343875885,0.496454656124115,4,3,3,post_calibration
59,7,4,9,60,1,0,0,0.5017009377479553,0.5017009377479553,0.5017009377479553,0.4982990324497223,4,3,3,post_calibration
59,8,4,10,60,1,0,0,0.5007379651069641,0.5007379651069641,0.5007379651069641,0.4992620646953583,4,3,3,post_calibration
59,9,4,12,60,1,1,1,0.5023843050003052,0.5023843050003052,0.4976157248020172,0.5023843050003052,4,3,3,post_calibration
59,10,4,13,60,1,1,1,0.5049963593482971,0.5049963593482971,0.4950036406517029,0.5049963593482971,4,3,3,post_calibration
59,11,4,14,60,1,0,0,0.5022557973861694,0.5022557973861694,0.5022557973861694,0.49774423241615295,4,3,3,post_calibration
59,12,4,15,60,1,0,0,0.500220000743866,0.500220000743866,0.500220000743866,0.4997800588607788,4,3,3,post_calibration
59,13,4,16,60,0,1,0,0.5093677043914795,0.5093677043914795,0.4906322956085205,0.5093677043914795,4,3,3,post_calibration
59,14,4,17,60,0,0,1,0.5003752112388611,0.5003752112388611,0.5003752112388611,0.4996247887611389,4,3,3,post_calibration
60,0,4,0,60,1,0,0,0.5028667449951172,0.5028667449951172,0.5028667449951172,0.4971332550048828,4,4,3,zero_shot_paired
60,1,4,1,60,0,0,1,0.5004846453666687,0.5004846453666687,0.5004846453666687,0.4995153546333313,4,4,3,zero_shot_paired
60,2,4,2,60,1,0,0,0.5040667057037354,0.5040667057037354,0.5040667057037354,0.49593329429626465,4,4,3,zero_shot_paired
60,3,4,3,60,0,0,1,0.501051664352417,0.501051664352417,0.501051664352417,0.4989483654499054,4,4,3,zero_shot_paired
60,4,4,6,60,1,0,0,0.5016945600509644,0.5016945600509644,0.5016945600509644,0.49830546975135803,4,4,3,zero_shot_paired
60,5,4,7,60,0,1,0,0.5007165670394897,0.5007165670394897,0.49928346276283264,0.5007165670394897,4,4,3,zero_shot_paired
60,6,4,8,60,0,0,1,0.5037961006164551,0.5037961006164551,0.5037961006164551,0.4962039291858673,4,4,3,zero_shot_paired
60,7,4,9,60,1,0,0,0.5017756223678589,0.5017756223678589,0.5017756223678589,0.4982243776321411,4,4,3,zero_shot_paired
60,8,4,10,60,1,0,0,0.5009543895721436,0.5009543895721436,0.5009543895721436,0.4990456700325012,4,4,3,zero_shot_paired
60,9,4,11,60,1,0,0,0.5017997622489929,0.5017997622489929,0.5017997622489929,0.4982001781463623,4,4,3,zero_shot_paired
60,10,4,12,60,1,1,1,0.5022860169410706,0.5022860169410706,0.49771398305892944,0.5022860169410706,4,4,3,zero_shot_paired
60,11,4,13,60,1,1,1,0.504970133304596,0.504970133304596,0.49502992630004883,0.504970133304596,4,4,3,zero_shot_paired
60,12,4,14,60,1,0,0,0.5022944808006287,0.5022944808006287,0.5022944808006287,0.4977055490016937,4,4,3,zero_shot_paired
60,13,4,16,60,0,1,0,0.5091760754585266,0.5091760754585266,0.490823894739151,0.5091760754585266,4,4,3,zero_shot_paired
60,14,4,17,60,0,0,1,0.5004257559776306,0.5004257559776306,0.5004257559776306,0.4995742440223694,4,4,3,zero_shot_paired
60,0,4,0,60,1,0,0,0.5027493834495544,0.5027493834495544,0.5027493834495544,0.49725061655044556,4,4,3,post_calibration
60,1,4,1,60,0,0,1,0.500331699848175,0.500331699848175,0.500331699848175,0.49966830015182495,4,4,3,post_calibration
60,2,4,2,60,1,0,0,0.5039822459220886,0.5039822459220886,0.5039822459220886,0.4960177540779114,4,4,3,post_calibration
60,3,4,3,60,0,0,1,0.5008261203765869,0.5008261203765869,0.5008261203765869,0.4991738498210907,4,4,3,post_calibration
60,4,4,6,60,1,0,0,0.5015931129455566,0.5015931129455566,0.5015931129455566,0.49840691685676575,4,4,3,post_calibration
60,5,4,7,60,0,1,0,0.5008654594421387,0.5008654594421387,0.4991345703601837,0.5008654594421387,4,4,3,post_calibration
60,6,4,8,60,0,0,1,0.503457248210907,0.503457248210907,0.503457248210907,0.496542751789093,4,4,3,post_calibration
60,7,4,9,60,1,0,0,0.5016509890556335,0.5016509890556335,0.5016509890556335,0.49834904074668884,4,4,3,post_calibration
60,8,4,10,60,1,0,0,0.5008989572525024,0.5008989572525024,0.5008989572525024,0.49910107254981995,4,4,3,post_calibration
60,9,4,11,60,1,0,0,0.5016682744026184,0.5016682744026184,0.5016682744026184,0.498331755399704,4,4,3,post_calibration
60,10,4,12,60,1,1,1,0.5023511052131653,0.5023511052131653,0.4976489543914795,0.5023511052131653,4,4,3,post_calibration
60,11,4,13,60,1,1,1,0.5050081014633179,0.5050081014633179,0.49499189853668213,0.5050081014633179,4,4,3,post_calibration
60,12,4,14,60,1,0,0,0.5021573305130005,0.5021573305130005,0.5021573305130005,0.4978426396846771,4,4,3,post_calibration
60,13,4,16,60,0,1,0,0.509178876876831,0.509178876876831,0.49082115292549133,0.509178876876831,4,4,3,post_calibration
60,14,4,17,60,0,0,1,0.5004286170005798,0.5004286170005798,0.5004286170005798,0.49957138299942017,4,4,3,post_calibration
61,0,4,0,60,1,0,0,0.5028667449951172,0.5028667449951172,0.5028667449951172,0.4971332550048828,4,5,3,zero_shot_paired
61,1,4,1,60,0,0,1,0.5004846453666687,0.5004846453666687,0.5004846453666687,0.4995153546333313,4,5,3,zero_shot_paired
61,2,4,3,60,0,0,1,0.501051664352417,0.501051664352417,0.501051664352417,0.4989483654499054,4,5,3,zero_shot_paired
61,3,4,4,60,0,0,1,0.5049470067024231,0.5049470067024231,0.5049470067024231,0.4950530230998993,4,5,3,zero_shot_paired
61,4,4,5,60,1,1,1,0.5011849403381348,0.5011849403381348,0.49881502985954285,0.5011849403381348,4,5,3,zero_shot_paired
61,5,4,6,60,1,0,0,0.5016945600509644,0.5016945600509644,0.5016945600509644,0.49830546975135803,4,5,3,zero_shot_paired
61,6,4,7,60,0,1,0,0.5007165670394897,0.5007165670394897,0.49928346276283264,0.5007165670394897,4,5,3,zero_shot_paired
61,7,4,8,60,0,0,1,0.5037961006164551,0.5037961006164551,0.5037961006164551,0.4962039291858673,4,5,3,zero_shot_paired
61,8,4,9,60,1,0,0,0.5017756223678589,0.5017756223678589,0.5017756223678589,0.4982243776321411,4,5,3,zero_shot_paired
61,9,4,10,60,1,0,0,0.5009543895721436,0.5009543895721436,0.5009543895721436,0.4990456700325012,4,5,3,zero_shot_paired
61,10,4,11,60,1,0,0,0.5017997622489929,0.5017997622489929,0.5017997622489929,0.4982001781463623,4,5,3,zero_shot_paired
61,11,4,12,60,1,1,1,0.5022860169410706,0.5022860169410706,0.49771398305892944,0.5022860169410706,4,5,3,zero_shot_paired
61,12,4,13,60,1,1,1,0.504970133304596,0.504970133304596,0.49502992630004883,0.504970133304596,4,5,3,zero_shot_paired
61,13,4,15,60,1,0,0,0.5004259347915649,0.5004259347915649,0.5004259347915649,0.49957406520843506,4,5,3,zero_shot_paired
61,14,4,17,60,0,0,1,0.5004257559776306,0.5004257559776306,0.5004257559776306,0.4995742440223694,4,5,3,zero_shot_paired
61,0,4,0,60,1,0,0,0.5027728080749512,0.5027728080749512,0.5027728080749512,0.49722719192504883,4,5,3,post_calibration
61,1,4,1,60,0,0,1,0.5006132125854492,0.5006132125854492,0.5006132125854492,0.4993867874145508,4,5,3,post_calibration
61,2,4,3,60,0,0,1,0.5011646747589111,0.5011646747589111,0.5011646747589111,0.49883532524108887,4,5,3,post_calibration
61,3,4,4,60,0,0,1,0.504918098449707,0.504918098449707,0.504918098449707,0.49508190155029297,4,5,3,post_calibration
61,4,4,5,60,1,1,1,0.5011600255966187,0.5011600255966187,0.49884000420570374,0.5011600255966187,4,5,3,post_calibration
61,5,4,6,60,1,0,0,0.5017205476760864,0.5017205476760864,0.5017205476760864,0.4982794225215912,4,5,3,post_calibration
61,6,4,7,60,0,1,0,0.5006231665611267,0.5006231665611267,0.4993768632411957,0.5006231665611267,4,5,3,post_calibration
61,7,4,8,60,0,0,1,0.5038702487945557,0.5038702487945557,0.5038702487945557,0.4961298108100891,4,5,3,post_calibration
61,8,4,9,60,1,0,0,0.5018250346183777,0.5018250346183777,0.5018250346183777,0.4981749653816223,4,5,3,post_calibration
61,9,4,10,60,1,0,0,0.5010753273963928,0.5010753273963928,0.5010753273963928,0.49892473220825195,4,5,3,post_calibration
61,10,4,11,60,1,0,0,0.501844048500061,0.501844048500061,0.501844048500061,0.49815598130226135,4,5,3,post_calibration
61,11,4,12,60,1,1,1,0.5022579431533813,0.5022579431533813,0.4977419972419739,0.5022579431533813,4,5,3,post_calibration
61,12,4,13,60,1,1,1,0.504957377910614,0.504957377910614,0.495042622089386,0.504957377910614,4,5,3,post_calibration
61,13,4,15,60,1,0,0,0.5003979802131653,0.5003979802131653,0.5003979802131653,0.49960196018218994,4,5,3,post_calibration
61,14,4,17,60,0,0,1,0.5005150437355042,0.5005150437355042,0.5005150437355042,0.49948495626449585,4,5,3,post_calibration
62,0,4,0,60,1,0,0,0.5028667449951172,0.5028667449951172,0.5028667449951172,0.4971332550048828,4,6,3,zero_shot_paired
62,1,4,1,60,0,0,1,0.5004846453666687,0.5004846453666687,0.5004846453666687,0.4995153546333313,4,6,3,zero_shot_paired
62,2,4,2,60,1,0,0,0.5040667057037354,0.5040667057037354,0.5040667057037354,0.49593329429626465,4,6,3,zero_shot_paired
62,3,4,3,60,0,0,1,0.501051664352417,0.501051664352417,0.501051664352417,0.4989483654499054,4,6,3,zero_shot_paired
62,4,4,4,60,0,0,1,0.5049470067024231,0.5049470067024231,0.5049470067024231,0.4950530230998993,4,6,3,zero_shot_paired
62,5,4,5,60,1,1,1,0.5011849403381348,0.5011849403381348,0.49881502985954285,0.5011849403381348,4,6,3,zero_shot_paired
62,6,4,6,60,1,0,0,0.5016945600509644,0.5016945600509644,0.5016945600509644,0.49830546975135803,4,6,3,zero_shot_paired
62,7,4,7,60,0,1,0,0.5007165670394897,0.5007165670394897,0.49928346276283264,0.5007165670394897,4,6,3,zero_shot_paired
62,8,4,8,60,0,0,1,0.5037961006164551,0.5037961006164551,0.5037961006164551,0.4962039291858673,4,6,3,zero_shot_paired
62,9,4,9,60,1,0,0,0.5017756223678589,0.5017756223678589,0.5017756223678589,0.4982243776321411,4,6,3,zero_shot_paired
62,10,4,10,60,1,0,0,0.5009543895721436,0.5009543895721436,0.5009543895721436,0.4990456700325012,4,6,3,zero_shot_paired
62,11,4,11,60,1,0,0,0.5017997622489929,0.5017997622489929,0.5017997622489929,0.4982001781463623,4,6,3,zero_shot_paired
62,12,4,14,60,1,0,0,0.5022944808006287,0.5022944808006287,0.5022944808006287,0.4977055490016937,4,6,3,zero_shot_paired
62,13,4,15,60,1,0,0,0.5004259347915649,0.5004259347915649,0.5004259347915649,0.49957406520843506,4,6,3,zero_shot_paired
62,14,4,16,60,0,1,0,0.5091760754585266,0.5091760754585266,0.490823894739151,0.5091760754585266,4,6,3,zero_shot_paired
62,0,4,0,60,1,0,0,0.5030652284622192,0.5030652284622192,0.5030652284622192,0.49693477153778076,4,6,3,post_calibration
62,1,4,1,60,0,0,1,0.500637948513031,0.500637948513031,0.500637948513031,0.49936211109161377,4,6,3,post_calibration
62,2,4,2,60,1,0,0,0.5041689872741699,0.5041689872741699,0.5041689872741699,0.4958310127258301,4,6,3,post_calibration
62,3,4,3,60,0,0,1,0.5012076497077942,0.5012076497077942,0.5012076497077942,0.4987923204898834,4,6,3,post_calibration
62,4,4,4,60,0,0,1,0.5050186514854431,0.5050186514854431,0.5050186514854431,0.4949813783168793,4,6,3,post_calibration
62,5,4,5,60,1,1,1,0.5011715888977051,0.5011715888977051,0.49882838129997253,0.5011715888977051,4,6,3,post_calibration
62,6,4,6,60,1,0,0,0.5018494129180908,0.5018494129180908,0.5018494129180908,0.4981505274772644,4,6,3,post_calibration
62,7,4,7,60,0,1,0,0.5004971027374268,0.5004971027374268,0.49950289726257324,0.5004971027374268,4,6,3,post_calibration
62,8,4,8,60,0,0,1,0.5038713812828064,0.5038713812828064,0.5038713812828064,0.496128648519516,4,6,3,post_calibration
62,9,4,9,60,1,0,0,0.5018715262413025,0.5018715262413025,0.5018715262413025,0.4981285035610199,4,6,3,post_calibration
62,10,4,10,60,1,0,0,0.5010587573051453,0.5010587573051453,0.5010587573051453,0.4989413022994995,4,6,3,post_calibration
62,11,4,11,60,1,0,0,0.501891016960144,0.501891016960144,0.501891016960144,0.49810898303985596,4,6,3,post_calibration
62,12,4,14,60,1,0,0,0.5024641156196594,0.5024641156196594,0.5024641156196594,0.4975358843803406,4,6,3,post_calibration
62,13,4,15,60,1,0,0,0.500476598739624,0.500476598739624,0.500476598739624,0.49952346086502075,4,6,3,post_calibration
62,14,4,16,60,0,1,0,0.5092068910598755,0.5092068910598755,0.4907931387424469,0.5092068910598755,4,6,3,post_calibration
63,0,4,0,60,1,0,0,0.5028667449951172,0.5028667449951172,0.5028667449951172,0.4971332550048828,4,1,6,zero_shot_paired
63,1,4,1,60,0,0,1,0.5004846453666687,0.5004846453666687,0.5004846453666687,0.4995153546333313,4,1,6,zero_shot_paired
63,2,4,4,60,0,0,1,0.5049470067024231,0.5049470067024231,0.5049470067024231,0.4950530230998993,4,1,6,zero_shot_paired
63,3,4,6,60,1,0,0,0.5016945600509644,0.5016945600509644,0.5016945600509644,0.49830546975135803,4,1,6,zero_shot_paired
63,4,4,7,60,0,1,0,0.5007165670394897,0.5007165670394897,0.49928346276283264,0.5007165670394897,4,1,6,zero_shot_paired
63,5,4,9,60,1,0,0,0.5017756223678589,0.5017756223678589,0.5017756223678589,0.4982243776321411,4,1,6,zero_shot_paired
63,6,4,10,60,1,0,0,0.5009543895721436,0.5009543895721436,0.5009543895721436,0.4990456700325012,4,1,6,zero_shot_paired
63,7,4,11,60,1,0,0,0.5017997622489929,0.5017997622489929,0.5017997622489929,0.4982001781463623,4,1,6,zero_shot_paired
63,8,4,13,60,1,1,1,0.504970133304596,0.504970133304596,0.49502992630004883,0.504970133304596,4,1,6,zero_shot_paired
63,9,4,14,60,1,0,0,0.5022944808006287,0.5022944808006287,0.5022944808006287,0.4977055490016937,4,1,6,zero_shot_paired
63,10,4,15,60,1,0,0,0.5004259347915649,0.5004259347915649,0.5004259347915649,0.49957406520843506,4,1,6,zero_shot_paired
63,11,4,17,60,0,0,1,0.5004257559776306,0.5004257559776306,0.5004257559776306,0.4995742440223694,4,1,6,zero_shot_paired
63,0,4,0,60,1,0,0,0.502790093421936,0.502790093421936,0.502790093421936,0.4972098767757416,4,1,6,post_calibration
63,1,4,1,60,0,0,1,0.5005550980567932,0.5005550980567932,0.5005550980567932,0.4994448721408844,4,1,6,post_calibration
63,2,4,4,60,0,0,1,0.5048850774765015,0.5048850774765015,0.5048850774765015,0.4951149523258209,4,1,6,post_calibration
63,3,4,6,60,1,0,0,0.5017455220222473,0.5017455220222473,0.5017455220222473,0.4982544481754303,4,1,6,post_calibration
63,4,4,7,60,0,1,0,0.5006497502326965,0.5006497502326965,0.49935027956962585,0.5006497502326965,4,1,6,post_calibration
63,5,4,9,60,1,0,0,0.5018081068992615,0.5018081068992615,0.5018081068992615,0.49819183349609375,4,1,6,post_calibration
63,6,4,10,60,1,0,0,0.500919759273529,0.500919759273529,0.500919759273529,0.49908024072647095,4,1,6,post_calibration
63,7,4,11,60,1,0,0,0.501807451248169,0.501807451248169,0.501807451248169,0.49819257855415344,4,1,6,post_calibration
63,8,4,13,60,1,1,1,0.5048848390579224,0.5048848390579224,0.49511513113975525,0.5048848390579224,4,1,6,post_calibration
63,9,4,14,60,1,0,0,0.5022649765014648,0.5022649765014648,0.5022649765014648,0.4977349638938904,4,1,6,post_calibration
63,10,4,15,60,1,0,0,0.5004857182502747,0.5004857182502747,0.5004857182502747,0.49951425194740295,4,1,6,post_calibration
63,11,4,17,60,0,0,1,0.5004884004592896,0.5004884004592896,0.5004884004592896,0.49951156973838806,4,1,6,post_calibration
64,0,4,2,60,1,0,0,0.5040667057037354,0.5040667057037354,0.5040667057037354,0.49593329429626465,4,2,6,zero_shot_paired
64,1,4,3,60,0,0,1,0.501051664352417,0.501051664352417,0.501051664352417,0.4989483654499054,4,2,6,zero_shot_paired
64,2,4,4,60,0,0,1,0.5049470067024231,0.5049470067024231,0.5049470067024231,0.4950530230998993,4,2,6,zero_shot_paired
64,3,4,5,60,1,1,1,0.5011849403381348,0.5011849403381348,0.49881502985954285,0.5011849403381348,4,2,6,zero_shot_paired
64,4,4,6,60,1,0,0,0.5016945600509644,0.5016945600509644,0.5016945600509644,0.49830546975135803,4,2,6,zero_shot_paired
64,5,4,8,60,0,0,1,0.5037961006164551,0.5037961006164551,0.5037961006164551,0.4962039291858673,4,2,6,zero_shot_paired
64,6,4,9,60,1,0,0,0.5017756223678589,0.5017756223678589,0.5017756223678589,0.4982243776321411,4,2,6,zero_shot_paired
64,7,4,11,60,1,0,0,0.5017997622489929,0.5017997622489929,0.5017997622489929,0.4982001781463623,4,2,6,zero_shot_paired
64,8,4,12,60,1,1,1,0.5022860169410706,0.5022860169410706,0.49771398305892944,0.5022860169410706,4,2,6,zero_shot_paired
64,9,4,13,60,1,1,1,0.504970133304596,0.504970133304596,0.49502992630004883,0.504970133304596,4,2,6,zero_shot_paired
64,10,4,16,60,0,1,0,0.5091760754585266,0.5091760754585266,0.490823894739151,0.5091760754585266,4,2,6,zero_shot_paired
64,11,4,17,60,0,0,1,0.5004257559776306,0.5004257559776306,0.5004257559776306,0.4995742440223694,4,2,6,zero_shot_paired
64,0,4,2,60,1,0,0,0.5041018724441528,0.5041018724441528,0.5041018724441528,0.4958980977535248,4,2,6,post_calibration
64,1,4,3,60,0,0,1,0.5011240839958191,0.5011240839958191,0.5011240839958191,0.4988759160041809,4,2,6,post_calibration
64,2,4,4,60,0,0,1,0.5048855543136597,0.5048855543136597,0.5048855543136597,0.49511444568634033,4,2,6,post_calibration
64,3,4,5,60,1,1,1,0.5011415481567383,0.5011415481567383,0.4988584518432617,0.5011415481567383,4,2,6,post_calibration
64,4,4,6,60,1,0,0,0.50186687707901,0.50186687707901,0.50186687707901,0.49813312292099,4,2,6,post_calibration
64,5,4,8,60,0,0,1,0.5039172172546387,0.5039172172546387,0.5039172172546387,0.4960828125476837,4,2,6,post_calibration
64,6,4,9,60,1,0,0,0.5016771554946899,0.5016771554946899,0.5016771554946899,0.49832281470298767,4,2,6,post_calibration
64,7,4,11,60,1,0,0,0.5016999840736389,0.5016999840736389,0.5016999840736389,0.4983000159263611,4,2,6,post_calibration
64,8,4,12,60,1,1,1,0.5024101734161377,0.5024101734161377,0.4975898563861847,0.5024101734161377,4,2,6,post_calibration
64,9,4,13,60,1,1,1,0.5050985813140869,0.5050985813140869,0.4949014186859131,0.5050985813140869,4,2,6,post_calibration
64,10,4,16,60,0,1,0,0.5092636346817017,0.5092636346817017,0.4907363951206207,0.5092636346817017,4,2,6,post_calibration
64,11,4,17,60,0,0,1,0.5002880692481995,0.5002880692481995,0.5002880692481995,0.49971190094947815,4,2,6,post_calibration
65,0,4,0,60,1,0,0,0.5028667449951172,0.5028667449951172,0.5028667449951172,0.4971332550048828,4,3,6,zero_shot_paired
65,1,4,1,60,0,0,1,0.5004846453666687,0.5004846453666687,0.5004846453666687,0.4995153546333313,4,3,6,zero_shot_paired
65,2,4,2,60,1,0,0,0.5040667057037354,0.5040667057037354,0.5040667057037354,0.49593329429626465,4,3,6,zero_shot_paired
65,3,4,3,60,0,0,1,0.501051664352417,0.501051664352417,0.501051664352417,0.4989483654499054,4,3,6,zero_shot_paired
65,4,4,5,60,1,1,1,0.5011849403381348,0.5011849403381348,0.49881502985954285,0.5011849403381348,4,3,6,zero_shot_paired
65,5,4,7,60,0,1,0,0.5007165670394897,0.5007165670394897,0.49928346276283264,0.5007165670394897,4,3,6,zero_shot_paired
65,6,4,8,60,0,0,1,0.5037961006164551,0.5037961006164551,0.5037961006164551,0.4962039291858673,4,3,6,zero_shot_paired
65,7,4,10,60,1,0,0,0.5009543895721436,0.5009543895721436,0.5009543895721436,0.4990456700325012,4,3,6,zero_shot_paired
65,8,4,12,60,1,1,1,0.5022860169410706,0.5022860169410706,0.49771398305892944,0.5022860169410706,4,3,6,zero_shot_paired
65,9,4,14,60,1,0,0,0.5022944808006287,0.5022944808006287,0.5022944808006287,0.4977055490016937,4,3,6,zero_shot_paired
65,10,4,15,60,1,0,0,0.5004259347915649,0.5004259347915649,0.5004259347915649,0.49957406520843506,4,3,6,zero_shot_paired
65,11,4,16,60,0,1,0,0.5091760754585266,0.5091760754585266,0.490823894739151,0.5091760754585266,4,3,6,zero_shot_paired
65,0,4,0,60,1,0,0,0.5028780698776245,0.5028780698776245,0.5028780698776245,0.4971218705177307,4,3,6,post_calibration
65,1,4,1,60,0,0,1,0.5003522634506226,0.5003522634506226,0.5003522634506226,0.49964776635169983,4,3,6,post_calibration
65,2,4,2,60,1,0,0,0.5037100911140442,0.5037100911140442,0.5037100911140442,0.49628984928131104,4,3,6,post_calibration
65,3,4,3,60,0,0,1,0.5008114576339722,0.5008114576339722,0.5008114576339722,0.49918851256370544,4,3,6,post_calibration
65,4,4,5,60,1,1,1,0.5012380480766296,0.5012380480766296,0.498761922121048,0.5012380480766296,4,3,6,post_calibration
65,5,4,7,60,0,1,0,0.500917375087738,0.500917375087738,0.49908265471458435,0.500917375087738,4,3,6,post_calibration
65,6,4,8,60,0,0,1,0.5035213828086853,0.5035213828086853,0.5035213828086853,0.4964786469936371,4,3,6,post_calibration
65,7,4,10,60,1,0,0,0.5008881688117981,0.5008881688117981,0.5008881688117981,0.4991118013858795,4,3,6,post_calibration
65,8,4,12,60,1,1,1,0.5024009943008423,0.5024009943008423,0.4975990355014801,0.5024009943008423,4,3,6,post_calibration
65,9,4,14,60,1,0,0,0.5021719336509705,0.5021719336509705,0.5021719336509705,0.4978281259536743,4,3,6,post_calibration
65,10,4,15,60,1,0,0,0.5002008080482483,0.5002008080482483,0.5002008080482483,0.4997991621494293,4,3,6,post_calibration
65,11,4,16,60,0,1,0,0.5091389417648315,0.5091389417648315,0.49086105823516846,0.5091389417648315,4,3,6,post_calibration
66,0,4,0,60,1,0,0,0.5028666257858276,0.5028666257858276,0.5028666257858276,0.49713340401649475,4,1,9,zero_shot_paired
66,1,4,2,60,1,0,0,0.5040667653083801,0.5040667653083801,0.5040667653083801,0.4959332048892975,4,1,9,zero_shot_paired
66,2,4,4,60,0,0,1,0.5049470067024231,0.5049470067024231,0.5049470067024231,0.4950529634952545,4,1,9,zero_shot_paired
66,3,4,5,60,1,1,1,0.5011848211288452,0.5011848211288452,0.4988152086734772,0.5011848211288452,4,1,9,zero_shot_paired
66,4,4,8,60,0,0,1,0.5037961602210999,0.5037961602210999,0.5037961602210999,0.49620380997657776,4,1,9,zero_shot_paired
66,5,4,9,60,1,0,0,0.5017756223678589,0.5017756223678589,0.5017756223678589,0.4982243776321411,4,1,9,zero_shot_paired
66,6,4,10,60,1,0,0,0.5009543299674988,0.5009543299674988,0.5009543299674988,0.4990456700325012,4,1,9,zero_shot_paired
66,7,4,16,60,0,1,0,0.5091760158538818,0.5091760158538818,0.4908239245414734,0.5091760158538818,4,1,9,zero_shot_paired
66,8,4,17,60,0,0,1,0.5004257559776306,0.5004257559776306,0.5004257559776306,0.4995742738246918,4,1,9,zero_shot_paired
66,0,4,0,60,1,0,0,0.502758800983429,0.502758800983429,0.502758800983429,0.49724119901657104,4,1,9,post_calibration
66,1,4,2,60,1,0,0,0.5038694143295288,0.5038694143295288,0.5038694143295288,0.4961306154727936,4,1,9,post_calibration
66,2,4,4,60,0,0,1,0.5047172904014587,0.5047172904014587,0.5047172904014587,0.49528276920318604,4,1,9,post_calibration
66,3,4,5,60,1,1,1,0.5013813376426697,0.5013813376426697,0.4986186623573303,0.5013813376426697,4,1,9,post_calibration
66,4,4,8,60,0,0,1,0.5035802125930786,0.5035802125930786,0.5035802125930786,0.4964197874069214,4,1,9,post_calibration
66,5,4,9,60,1,0,0,0.5016825199127197,0.5016825199127197,0.5016825199127197,0.49831750988960266,4,1,9,post_calibration
66,6,4,10,60,1,0,0,0.5007615089416504,0.5007615089416504,0.5007615089416504,0.4992384910583496,4,1,9,post_calibration
66,7,4,16,60,0,1,0,0.5093258023262024,0.5093258023262024,0.4906741678714752,0.5093258023262024,4,1,9,post_calibration
66,8,4,17,60,0,0,1,0.5003066658973694,0.5003066658973694,0.5003066658973694,0.4996933341026306,4,1,9,post_calibration
67,0,4,1,60,0,0,1,0.5004847645759583,0.5004847645759583,0.5004847645759583,0.49951523542404175,4,2,9,zero_shot_paired
67,1,4,3,60,0,0,1,0.501051664352417,0.501051664352417,0.501051664352417,0.4989483654499054,4,2,9,zero_shot_paired
67,2,4,6,60,1,0,0,0.5016945004463196,0.5016945004463196,0.5016945004463196,0.49830546975135803,4,2,9,zero_shot_paired
67,3,4,7,60,0,1,0,0.5007162690162659,0.5007162690162659,0.4992837607860565,0.5007162690162659,4,2,9,zero_shot_paired
67,4,4,11,60,1,0,0,0.5017997622489929,0.5017997622489929,0.5017997622489929,0.4982001781463623,4,2,9,zero_shot_paired
67,5,4,12,60,1,1,1,0.5022859573364258,0.5022859573364258,0.4977140426635742,0.5022859573364258,4,2,9,zero_shot_paired
67,6,4,13,60,1,1,1,0.5049699544906616,0.5049699544906616,0.49503007531166077,0.5049699544906616,4,2,9,zero_shot_paired
67,7,4,14,60,1,0,0,0.5022943615913391,0.5022943615913391,0.5022943615913391,0.4977056682109833,4,2,9,zero_shot_paired
67,8,4,15,60,1,0,0,0.5004259943962097,0.5004259943962097,0.5004259943962097,0.49957403540611267,4,2,9,zero_shot_paired
67,0,4,1,60,0,0,1,0.500475287437439,0.500475287437439,0.500475287437439,0.49952471256256104,4,2,9,post_calibration
67,1,4,3,60,0,0,1,0.5009472370147705,0.5009472370147705,0.5009472370147705,0.4990527331829071,4,2,9,post_calibration
67,2,4,6,60,1,0,0,0.5015844106674194,0.5015844106674194,0.5015844106674194,0.4984155595302582,4,2,9,post_calibration
67,3,4,7,60,0,1,0,0.5005900859832764,0.5005900859832764,0.499409943819046,0.5005900859832764,4,2,9,post_calibration
67,4,4,11,60,1,0,0,0.5017141103744507,0.5017141103744507,0.5017141103744507,0.4982858896255493,4,2,9,post_calibration
67,5,4,12,60,1,1,1,0.5023819208145142,0.5023819208145142,0.49761804938316345,0.5023819208145142,4,2,9,post_calibration
67,6,4,13,60,1,1,1,0.5047035813331604,0.5047035813331604,0.4952963590621948,0.5047035813331604,4,2,9,post_calibration
67,7,4,14,60,1,0,0,0.5022175908088684,0.5022175908088684,0.5022175908088684,0.4977824091911316,4,2,9,post_calibration
67,8,4,15,60,1,0,0,0.5003810524940491,0.5003810524940491,0.5003810524940491,0.49961891770362854,4,2,9,post_calibration
68,0,4,2,60,1,0,0,0.5040653347969055,0.5040653347969055,0.5040653347969055,0.49593469500541687,4,1,12,zero_shot_paired
68,1,4,3,60,0,0,1,0.5010548830032349,0.5010548830032349,0.5010548830032349,0.49894508719444275,4,1,12,zero_shot_paired
68,2,4,5,60,1,1,1,0.5011852383613586,0.5011852383613586,0.49881479144096375,0.5011852383613586,4,1,12,zero_shot_paired
68,3,4,13,60,1,1,1,0.5049715638160706,0.5049715638160706,0.49502843618392944,0.5049715638160706,4,1,12,zero_shot_paired
68,4,4,15,60,1,0,0,0.5004254579544067,0.5004254579544067,0.5004254579544067,0.49957457184791565,4,1,12,zero_shot_paired
68,5,4,16,60,0,1,0,0.5091769099235535,0.5091769099235535,0.4908231198787689,0.5091769099235535,4,1,12,zero_shot_paired
68,0,4,2,60,1,0,0,0.5037894248962402,0.5037894248962402,0.5037894248962402,0.4962105453014374,4,1,12,post_calibration
68,1,4,3,60,0,0,1,0.5007374286651611,0.5007374286651611,0.5007374286651611,0.49926257133483887,4,1,12,post_calibration
68,2,4,5,60,1,1,1,0.5016106367111206,0.5016106367111206,0.498389333486557,0.5016106367111206,4,1,12,post_calibration
68,3,4,13,60,1,1,1,0.5048120617866516,0.5048120617866516,0.4951879680156708,0.5048120617866516,4,1,12,post_calibration
68,4,4,15,60,1,0,0,0.5001869201660156,0.5001869201660156,0.5001869201660156,0.49981310963630676,4,1,12,post_calibration
68,5,4,16,60,0,1,0,0.5093833804130554,0.5093833804130554,0.4906166195869446,0.5093833804130554,4,1,12,post_calibration
69,0,4,3,60,0,0,1,0.5010548830032349,0.5010548830032349,0.5010548830032349,0.49894508719444275,4,2,12,zero_shot_paired
69,1,4,10,60,1,0,0,0.5009562373161316,0.5009562373161316,0.5009562373161316,0.4990437626838684,4,2,12,zero_shot_paired
69,2,4,11,60,1,0,0,0.5017987489700317,0.5017987489700317,0.5017987489700317,0.49820128083229065,4,2,12,zero_shot_paired
69,3,4,14,60,1,0,0,0.5022943615913391,0.5022943615913391,0.5022943615913391,0.4977056682109833,4,2,12,zero_shot_paired
69,4,4,15,60,1,0,0,0.5004254579544067,0.5004254579544067,0.5004254579544067,0.49957457184791565,4,2,12,zero_shot_paired
69,5,4,17,60,0,0,1,0.5004258155822754,0.5004258155822754,0.5004258155822754,0.4995741844177246,4,2,12,zero_shot_paired
69,0,4,3,60,0,0,1,0.5005450248718262,0.5005450248718262,0.5005450248718262,0.49945497512817383,4,2,12,post_calibration
69,1,4,10,60,1,0,0,0.5007663369178772,0.5007663369178772,0.5007663369178772,0.4992337226867676,4,2,12,post_calibration
69,2,4,11,60,1,0,0,0.5014582276344299,0.5014582276344299,0.5014582276344299,0.49854180216789246,4,2,12,post_calibration
69,3,4,14,60,1,0,0,0.5019044280052185,0.5019044280052185,0.5019044280052185,0.4980955421924591,4,2,12,post_calibration
69,4,4,15,60,1,0,0,0.5001087188720703,0.5001087188720703,0.5001087188720703,0.4998912215232849,4,2,12,post_calibration
69,5,4,17,60,0,0,1,0.5000715255737305,0.5000715255737305,0.5000715255737305,0.4999285042285919,4,2,12,post_calibration
70,0,4,2,60,1,0,0,0.5040653347969055,0.5040653347969055,0.5040653347969055,0.49593469500541687,4,3,12,zero_shot_paired
70,1,4,4,60,0,0,1,0.5049484372138977,0.5049484372138977,0.5049484372138977,0.4950515627861023,4,3,12,zero_shot_paired
70,2,4,8,60,0,0,1,0.5037971138954163,0.5037971138954163,0.5037971138954163,0.49620285630226135,4,3,12,zero_shot_paired
70,3,4,10,60,1,0,0,0.5009562373161316,0.5009562373161316,0.5009562373161316,0.4990437626838684,4,3,12,zero_shot_paired
70,4,4,13,60,1,1,1,0.5049715638160706,0.5049715638160706,0.49502843618392944,0.5049715638160706,4,3,12,zero_shot_paired
70,5,4,15,60,1,0,0,0.5004254579544067,0.5004254579544067,0.5004254579544067,0.49957457184791565,4,3,12,zero_shot_paired
70,0,4,2,60,1,0,0,0.5039746165275574,0.5039746165275574,0.5039746165275574,0.496025413274765,4,3,12,post_calibration
70,1,4,4,60,0,0,1,0.5047417879104614,0.5047417879104614,0.5047417879104614,0.4952582120895386,4,3,12,post_calibration
70,2,4,8,60,0,0,1,0.5037247538566589,0.5037247538566589,0.5037247538566589,0.49627524614334106,4,3,12,post_calibration
70,3,4,10,60,1,0,0,0.5008864998817444,0.5008864998817444,0.5008864998817444,0.4991135001182556,4,3,12,post_calibration
70,4,4,13,60,1,1,1,0.5049418210983276,0.5049418210983276,0.49505814909935,0.5049418210983276,4,3,12,post_calibration
70,5,4,15,60,1,0,0,0.5003782510757446,0.5003782510757446,0.5003782510757446,0.49962177872657776,4,3,12,post_calibration
6,0,5,0,60,1,0,0,0.5058896541595459,0.5058896541595459,0.5058896541595459,0.4941103458404541,5,,,zero_shot_all_trials
6,1,5,1,60,1,0,0,0.5036766529083252,0.5036766529083252,0.5036766529083252,0.49632328748703003,5,,,zero_shot_all_trials
6,2,5,2,60,1,0,0,0.5067079067230225,0.5067079067230225,0.5067079067230225,0.49329206347465515,5,,,zero_shot_all_trials
6,3,5,3,60,0,0,1,0.5020873546600342,0.5020873546600342,0.5020873546600342,0.4979126453399658,5,,,zero_shot_all_trials
6,4,5,4,60,1,1,1,0.5008589625358582,0.5008589625358582,0.49914106726646423,0.5008589625358582,5,,,zero_shot_all_trials
6,5,5,5,60,0,1,0,0.5014286041259766,0.5014286041259766,0.49857139587402344,0.5014286041259766,5,,,zero_shot_all_trials
6,6,5,6,60,1,1,1,0.5032897591590881,0.5032897591590881,0.4967102110385895,0.5032897591590881,5,,,zero_shot_all_trials
6,7,5,7,60,0,1,0,0.5006592273712158,0.5006592273712158,0.4993407726287842,0.5006592273712158,5,,,zero_shot_all_trials
6,8,5,8,60,0,1,0,0.5074262022972107,0.5074262022972107,0.4925737977027893,0.5074262022972107,5,,,zero_shot_all_trials
6,9,5,9,60,1,1,1,0.5002012252807617,0.5002012252807617,0.4997987747192383,0.5002012252807617,5,,,zero_shot_all_trials
6,10,5,10,60,1,0,0,0.5036751627922058,0.5036751627922058,0.5036751627922058,0.4963248074054718,5,,,zero_shot_all_trials
6,11,5,11,60,1,1,1,0.5077688694000244,0.5077688694000244,0.4922311007976532,0.5077688694000244,5,,,zero_shot_all_trials
6,12,5,12,60,1,0,0,0.5012107491493225,0.5012107491493225,0.5012107491493225,0.4987892806529999,5,,,zero_shot_all_trials
6,13,5,13,60,0,1,0,0.5040796399116516,0.5040796399116516,0.495920330286026,0.5040796399116516,5,,,zero_shot_all_trials
6,14,5,14,60,1,0,0,0.5010688900947571,0.5010688900947571,0.5010688900947571,0.49893108010292053,5,,,zero_shot_all_trials
6,15,5,15,60,1,0,0,0.5024939775466919,0.5024939775466919,0.5024939775466919,0.4975060224533081,5,,,zero_shot_all_trials
6,16,5,16,60,0,1,0,0.5014071464538574,0.5014071464538574,0.4985928535461426,0.5014071464538574,5,,,zero_shot_all_trials
6,17,5,17,60,1,0,0,0.5025596618652344,0.5025596618652344,0.5025596618652344,0.4974403977394104,5,,,zero_shot_all_trials
71,0,5,0,60,1,0,0,0.5058897733688354,0.5058897733688354,0.5058897733688354,0.4941101670265198,5,1,3,zero_shot_paired
71,1,5,1,60,1,0,0,0.5036766529083252,0.5036766529083252,0.5036766529083252,0.4963233470916748,5,1,3,zero_shot_paired
71,2,5,3,60,0,0,1,0.5020873546600342,0.5020873546600342,0.5020873546600342,0.4979126453399658,5,1,3,zero_shot_paired
71,3,5,4,60,1,1,1,0.5008588433265686,0.5008588433265686,0.4991411864757538,0.5008588433265686,5,1,3,zero_shot_paired
71,4,5,5,60,0,1,0,0.501428484916687,0.501428484916687,0.4985714554786682,0.501428484916687,5,1,3,zero_shot_paired
71,5,5,6,60,1,1,1,0.5032897591590881,0.5032897591590881,0.4967102110385895,0.5032897591590881,5,1,3,zero_shot_paired
71,6,5,8,60,0,1,0,0.5074263215065002,0.5074263215065002,0.49257367849349976,0.5074263215065002,5,1,3,zero_shot_paired
71,7,5,9,60,1,1,1,0.5002015233039856,0.5002015233039856,0.4997984766960144,0.5002015233039856,5,1,3,zero_shot_paired
71,8,5,10,60,1,0,0,0.5036752820014954,0.5036752820014954,0.5036752820014954,0.49632468819618225,5,1,3,zero_shot_paired
71,9,5,11,60,1,1,1,0.5077691078186035,0.5077691078186035,0.4922308921813965,0.5077691078186035,5,1,3,zero_shot_paired
71,10,5,12,60,1,0,0,0.5012107491493225,0.5012107491493225,0.5012107491493225,0.4987892806529999,5,1,3,zero_shot_paired
71,11,5,13,60,0,1,0,0.5040796399116516,0.5040796399116516,0.495920330286026,0.5040796399116516,5,1,3,zero_shot_paired
71,12,5,14,60,1,0,0,0.5010689496994019,0.5010689496994019,0.5010689496994019,0.49893102049827576,5,1,3,zero_shot_paired
71,13,5,16,60,0,1,0,0.5014071464538574,0.5014071464538574,0.4985927939414978,0.5014071464538574,5,1,3,zero_shot_paired
71,14,5,17,60,1,0,0,0.5025596618652344,0.5025596618652344,0.5025596618652344,0.4974403977394104,5,1,3,zero_shot_paired
71,0,5,0,60,1,0,0,0.5060107111930847,0.5060107111930847,0.5060107111930847,0.4939892590045929,5,1,3,post_calibration
71,1,5,1,60,1,0,0,0.503738284111023,0.503738284111023,0.503738284111023,0.49626171588897705,5,1,3,post_calibration
71,2,5,3,60,0,0,1,0.5022093057632446,0.5022093057632446,0.5022093057632446,0.49779069423675537,5,1,3,post_calibration
71,3,5,4,60,1,1,1,0.5006648898124695,0.5006648898124695,0.4993351399898529,0.5006648898124695,5,1,3,post_calibration
71,4,5,5,60,0,1,0,0.5013407468795776,0.5013407468795776,0.49865928292274475,0.5013407468795776,5,1,3,post_calibration
71,5,5,6,60,1,1,1,0.5032047033309937,0.5032047033309937,0.49679526686668396,0.5032047033309937,5,1,3,post_calibration
71,6,5,8,60,0,1,0,0.5072506666183472,0.5072506666183472,0.49274930357933044,0.5072506666183472,5,1,3,post_calibration
71,7,5,9,60,1,1,1,0.5002349615097046,0.5002349615097046,0.499765008687973,0.5002349615097046,5,1,3,post_calibration
71,8,5,10,60,1,0,0,0.5038432478904724,0.5038432478904724,0.5038432478904724,0.4961567521095276,5,1,3,post_calibration
71,9,5,11,60,1,1,1,0.5077517032623291,0.5077517032623291,0.4922482967376709,0.5077517032623291,5,1,3,post_calibration
71,10,5,12,60,1,0,0,0.5012272000312805,0.5012272000312805,0.5012272000312805,0.4987727999687195,5,1,3,post_calibration
71,11,5,13,60,0,1,0,0.5039662718772888,0.5039662718772888,0.49603375792503357,0.5039662718772888,5,1,3,post_calibration
71,12,5,14,60,1,0,0,0.5011478066444397,0.5011478066444397,0.5011478066444397,0.4988521933555603,5,1,3,post_calibration
71,13,5,16,60,0,1,0,0.5013906955718994,0.5013906955718994,0.498609334230423,0.5013906955718994,5,1,3,post_calibration
71,14,5,17,60,1,0,0,0.5026089549064636,0.5026089549064636,0.5026089549064636,0.49739107489585876,5,1,3,post_calibration
72,0,5,1,60,1,0,0,0.5036766529083252,0.5036766529083252,0.5036766529083252,0.4963233470916748,5,2,3,zero_shot_paired
72,1,5,2,60,1,0,0,0.5067077875137329,0.5067077875137329,0.5067077875137329,0.4932921826839447,5,2,3,zero_shot_paired
72,2,5,3,60,0,0,1,0.5020873546600342,0.5020873546600342,0.5020873546600342,0.4979126453399658,5,2,3,zero_shot_paired
72,3,5,4,60,1,1,1,0.5008588433265686,0.5008588433265686,0.4991411864757538,0.5008588433265686,5,2,3,zero_shot_paired
72,4,5,5,60,0,1,0,0.501428484916687,0.501428484916687,0.4985714554786682,0.501428484916687,5,2,3,zero_shot_paired
72,5,5,6,60,1,1,1,0.5032897591590881,0.5032897591590881,0.4967102110385895,0.5032897591590881,5,2,3,zero_shot_paired
72,6,5,7,60,0,1,0,0.5006592273712158,0.5006592273712158,0.49934080243110657,0.5006592273712158,5,2,3,zero_shot_paired
72,7,5,8,60,0,1,0,0.5074263215065002,0.5074263215065002,0.49257367849349976,0.5074263215065002,5,2,3,zero_shot_paired
72,8,5,9,60,1,1,1,0.5002015233039856,0.5002015233039856,0.4997984766960144,0.5002015233039856,5,2,3,zero_shot_paired
72,9,5,10,60,1,0,0,0.5036752820014954,0.5036752820014954,0.5036752820014954,0.49632468819618225,5,2,3,zero_shot_paired
72,10,5,11,60,1,1,1,0.5077691078186035,0.5077691078186035,0.4922308921813965,0.5077691078186035,5,2,3,zero_shot_paired
72,11,5,12,60,1,0,0,0.5012107491493225,0.5012107491493225,0.5012107491493225,0.4987892806529999,5,2,3,zero_shot_paired
72,12,5,14,60,1,0,0,0.5010689496994019,0.5010689496994019,0.5010689496994019,0.49893102049827576,5,2,3,zero_shot_paired
72,13,5,15,60,1,0,0,0.5024939775466919,0.5024939775466919,0.5024939775466919,0.4975060224533081,5,2,3,zero_shot_paired
72,14,5,16,60,0,1,0,0.5014071464538574,0.5014071464538574,0.4985927939414978,0.5014071464538574,5,2,3,zero_shot_paired
72,0,5,1,60,1,0,0,0.5036184787750244,0.5036184787750244,0.5036184787750244,0.4963814914226532,5,2,3,post_calibration
72,1,5,2,60,1,0,0,0.5067185759544373,0.5067185759544373,0.5067185759544373,0.49328142404556274,5,2,3,post_calibration
72,2,5,3,60,0,0,1,0.5019878149032593,0.5019878149032593,0.5019878149032593,0.49801215529441833,5,2,3,post_calibration
72,3,5,4,60,1,1,1,0.5007794499397278,0.5007794499397278,0.49922052025794983,0.5007794499397278,5,2,3,post_calibration
72,4,5,5,60,0,1,0,0.501383364200592,0.501383364200592,0.49861660599708557,0.501383364200592,5,2,3,post_calibration
72,5,5,6,60,1,1,1,0.5033566355705261,0.5033566355705261,0.4966433644294739,0.5033566355705261,5,2,3,post_calibration
72,6,5,7,60,0,1,0,0.5006800293922424,0.5006800293922424,0.49931997060775757,0.5006800293922424,5,2,3,post_calibration
72,7,5,8,60,0,1,0,0.5075700283050537,0.5075700283050537,0.4924299418926239,0.5075700283050537,5,2,3,post_calibration
72,8,5,9,60,1,1,1,0.5003228187561035,0.5003228187561035,0.4996771216392517,0.5003228187561035,5,2,3,post_calibration
72,9,5,10,60,1,0,0,0.5038014650344849,0.5038014650344849,0.5038014650344849,0.49619850516319275,5,2,3,post_calibration
72,10,5,11,60,1,1,1,0.5077015161514282,0.5077015161514282,0.4922984540462494,0.5077015161514282,5,2,3,post_calibration
72,11,5,12,60,1,0,0,0.5014058947563171,0.5014058947563171,0.5014058947563171,0.49859413504600525,5,2,3,post_calibration
72,12,5,14,60,1,0,0,0.5011127591133118,0.5011127591133118,0.5011127591133118,0.49888724088668823,5,2,3,post_calibration
72,13,5,15,60,1,0,0,0.5024151802062988,0.5024151802062988,0.5024151802062988,0.49758481979370117,5,2,3,post_calibration
72,14,5,16,60,0,1,0,0.5013903975486755,0.5013903975486755,0.49860960245132446,0.5013903975486755,5,2,3,post_calibration
73,0,5,0,60,1,0,0,0.5058897733688354,0.5058897733688354,0.5058897733688354,0.4941101670265198,5,3,3,zero_shot_paired
73,1,5,1,60,1,0,0,0.5036766529083252,0.5036766529083252,0.5036766529083252,0.4963233470916748,5,3,3,zero_shot_paired
73,2,5,2,60,1,0,0,0.5067077875137329,0.5067077875137329,0.5067077875137329,0.4932921826839447,5,3,3,zero_shot_paired
73,3,5,3,60,0,0,1,0.5020873546600342,0.5020873546600342,0.5020873546600342,0.4979126453399658,5,3,3,zero_shot_paired
73,4,5,4,60,1,1,1,0.5008588433265686,0.5008588433265686,0.4991411864757538,0.5008588433265686,5,3,3,zero_shot_paired
73,5,5,5,60,0,1,0,0.501428484916687,0.501428484916687,0.4985714554786682,0.501428484916687,5,3,3,zero_shot_paired
73,6,5,6,60,1,1,1,0.5032897591590881,0.5032897591590881,0.4967102110385895,0.5032897591590881,5,3,3,zero_shot_paired
73,7,5,7,60,0,1,0,0.5006592273712158,0.5006592273712158,0.49934080243110657,0.5006592273712158,5,3,3,zero_shot_paired
73,8,5,8,60,0,1,0,0.5074263215065002,0.5074263215065002,0.49257367849349976,0.5074263215065002,5,3,3,zero_shot_paired
73,9,5,9,60,1,1,1,0.5002015233039856,0.5002015233039856,0.4997984766960144,0.5002015233039856,5,3,3,zero_shot_paired
73,10,5,10,60,1,0,0,0.5036752820014954,0.5036752820014954,0.5036752820014954,0.49632468819618225,5,3,3,zero_shot_paired
73,11,5,12,60,1,0,0,0.5012107491493225,0.5012107491493225,0.5012107491493225,0.4987892806529999,5,3,3,zero_shot_paired
73,12,5,13,60,0,1,0,0.5040796399116516,0.5040796399116516,0.495920330286026,0.5040796399116516,5,3,3,zero_shot_paired
73,13,5,15,60,1,0,0,0.5024939775466919,0.5024939775466919,0.5024939775466919,0.4975060224533081,5,3,3,zero_shot_paired
73,14,5,17,60,1,0,0,0.5025596618652344,0.5025596618652344,0.5025596618652344,0.4974403977394104,5,3,3,zero_shot_paired
73,0,5,0,60,1,0,0,0.5059285163879395,0.5059285163879395,0.5059285163879395,0.49407148361206055,5,3,3,post_calibration
73,1,5,1,60,1,0,0,0.5035573840141296,0.5035573840141296,0.5035573840141296,0.49644261598587036,5,3,3,post_calibration
73,2,5,2,60,1,0,0,0.5067124366760254,0.5067124366760254,0.5067124366760254,0.4932875335216522,5,3,3,post_calibration
73,3,5,3,60,0,0,1,0.5020192861557007,0.5020192861557007,0.5020192861557007,0.49798068404197693,5,3,3,post_calibration
73,4,5,4,60,1,1,1,0.5006545782089233,0.5006545782089233,0.4993453919887543,0.5006545782089233,5,3,3,post_calibration
73,5,5,5,60,0,1,0,0.5014306902885437,0.5014306902885437,0.4985692501068115,0.5014306902885437,5,3,3,post_calibration
73,6,5,6,60,1,1,1,0.5034147500991821,0.5034147500991821,0.49658524990081787,0.5034147500991821,5,3,3,post_calibration
73,7,5,7,60,0,1,0,0.5007994174957275,0.5007994174957275,0.4992005527019501,0.5007994174957275,5,3,3,post_calibration
73,8,5,8,60,0,1,0,0.5073382258415222,0.5073382258415222,0.49266183376312256,0.5073382258415222,5,3,3,post_calibration
73,9,5,9,60,1,0,0,0.5000593662261963,0.5000593662261963,0.5000593662261963,0.4999406635761261,5,3,3,post_calibration
73,10,5,10,60,1,0,0,0.503731369972229,0.503731369972229,0.503731369972229,0.4962686598300934,5,3,3,post_calibration
73,11,5,12,60,1,0,0,0.5011794567108154,0.5011794567108154,0.5011794567108154,0.49882060289382935,5,3,3,post_calibration
73,12,5,13,60,0,1,0,0.504120409488678,0.504120409488678,0.4958796203136444,0.504120409488678,5,3,3,post_calibration
73,13,5,15,60,1,0,0,0.5024110674858093,0.5024110674858093,0.5024110674858093,0.4975889325141907,5,3,3,post_calibration
73,14,5,17,60,1,0,0,0.5024683475494385,0.5024683475494385,0.5024683475494385,0.4975316524505615,5,3,3,post_calibration
74,0,5,0,60,1,0,0,0.5058897733688354,0.5058897733688354,0.5058897733688354,0.4941101670265198,5,4,3,zero_shot_paired
74,1,5,1,60,1,0,0,0.5036766529083252,0.5036766529083252,0.5036766529083252,0.4963233470916748,5,4,3,zero_shot_paired
74,2,5,2,60,1,0,0,0.5067077875137329,0.5067077875137329,0.5067077875137329,0.4932921826839447,5,4,3,zero_shot_paired
74,3,5,4,60,1,1,1,0.5008588433265686,0.5008588433265686,0.4991411864757538,0.5008588433265686,5,4,3,zero_shot_paired
74,4,5,5,60,0,1,0,0.501428484916687,0.501428484916687,0.4985714554786682,0.501428484916687,5,4,3,zero_shot_paired
74,5,5,7,60,0,1,0,0.5006592273712158,0.5006592273712158,0.49934080243110657,0.5006592273712158,5,4,3,zero_shot_paired
74,6,5,8,60,0,1,0,0.5074263215065002,0.5074263215065002,0.49257367849349976,0.5074263215065002,5,4,3,zero_shot_paired
74,7,5,10,60,1,0,0,0.5036752820014954,0.5036752820014954,0.5036752820014954,0.49632468819618225,5,4,3,zero_shot_paired
74,8,5,11,60,1,1,1,0.5077691078186035,0.5077691078186035,0.4922308921813965,0.5077691078186035,5,4,3,zero_shot_paired
74,9,5,12,60,1,0,0,0.5012107491493225,0.5012107491493225,0.5012107491493225,0.4987892806529999,5,4,3,zero_shot_paired
74,10,5,13,60,0,1,0,0.5040796399116516,0.5040796399116516,0.495920330286026,0.5040796399116516,5,4,3,zero_shot_paired
74,11,5,14,60,1,0,0,0.5010689496994019,0.5010689496994019,0.5010689496994019,0.49893102049827576,5,4,3,zero_shot_paired
74,12,5,15,60,1,0,0,0.5024939775466919,0.5024939775466919,0.5024939775466919,0.4975060224533081,5,4,3,zero_shot_paired
74,13,5,16,60,0,1,0,0.5014071464538574,0.5014071464538574,0.4985927939414978,0.5014071464538574,5,4,3,zero_shot_paired
74,14,5,17,60,1,0,0,0.5025596618652344,0.5025596618652344,0.5025596618652344,0.4974403977394104,5,4,3,zero_shot_paired
74,0,5,0,60,1,0,0,0.505976676940918,0.505976676940918,0.505976676940918,0.49402332305908203,5,4,3,post_calibration
74,1,5,1,60,1,0,0,0.5036720037460327,0.5036720037460327,0.5036720037460327,0.4963279664516449,5,4,3,post_calibration
74,2,5,2,60,1,0,0,0.5066094994544983,0.5066094994544983,0.5066094994544983,0.4933905005455017,5,4,3,post_calibration
74,3,5,4,60,1,1,1,0.5008734464645386,0.5008734464645386,0.4991265535354614,0.5008734464645386,5,4,3,post_calibration
74,4,5,5,60,0,1,0,0.5016380548477173,0.5016380548477173,0.4983619451522827,0.5016380548477173,5,4,3,post_calibration
74,5,5,7,60,0,1,0,0.5008350610733032,0.5008350610733032,0.4991649091243744,0.5008350610733032,5,4,3,post_calibration
74,6,5,8,60,0,1,0,0.5072591304779053,0.5072591304779053,0.4927408695220947,0.5072591304779053,5,4,3,post_calibration
74,7,5,10,60,1,0,0,0.5035818219184875,0.5035818219184875,0.5035818219184875,0.4964181184768677,5,4,3,post_calibration
74,8,5,11,60,1,1,1,0.5080435276031494,0.5080435276031494,0.49195653200149536,0.5080435276031494,5,4,3,post_calibration
74,9,5,12,60,1,0,0,0.5010230541229248,0.5010230541229248,0.5010230541229248,0.4989769458770752,5,4,3,post_calibration
74,10,5,13,60,0,1,0,0.504152774810791,0.504152774810791,0.4958471953868866,0.504152774810791,5,4,3,post_calibration
74,11,5,14,60,1,0,0,0.5008912682533264,0.5008912682533264,0.5008912682533264,0.49910879135131836,5,4,3,post_calibration
74,12,5,15,60,1,0,0,0.5023409724235535,0.5023409724235535,0.5023409724235535,0.4976590573787689,5,4,3,post_calibration
74,13,5,16,60,0,1,0,0.5015133619308472,0.5015133619308472,0.4984866678714752,0.5015133619308472,5,4,3,post_calibration
74,14,5,17,60,1,0,0,0.5024418830871582,0.5024418830871582,0.5024418830871582,0.4975581467151642,5,4,3,post_calibration
75,0,5,0,60,1,0,0,0.5058897733688354,0.5058897733688354,0.5058897733688354,0.4941101670265198,5,5,3,zero_shot_paired
75,1,5,1,60,1,0,0,0.5036766529083252,0.5036766529083252,0.5036766529083252,0.4963233470916748,5,5,3,zero_shot_paired
75,2,5,2,60,1,0,0,0.5067077875137329,0.5067077875137329,0.5067077875137329,0.4932921826839447,5,5,3,zero_shot_paired
75,3,5,3,60,0,0,1,0.5020873546600342,0.5020873546600342,0.5020873546600342,0.4979126453399658,5,5,3,zero_shot_paired
75,4,5,6,60,1,1,1,0.5032897591590881,0.5032897591590881,0.4967102110385895,0.5032897591590881,5,5,3,zero_shot_paired
75,5,5,7,60,0,1,0,0.5006592273712158,0.5006592273712158,0.49934080243110657,0.5006592273712158,5,5,3,zero_shot_paired
75,6,5,8,60,0,1,0,0.5074263215065002,0.5074263215065002,0.49257367849349976,0.5074263215065002,5,5,3,zero_shot_paired
75,7,5,9,60,1,1,1,0.5002015233039856,0.5002015233039856,0.4997984766960144,0.5002015233039856,5,5,3,zero_shot_paired
75,8,5,10,60,1,0,0,0.5036752820014954,0.5036752820014954,0.5036752820014954,0.49632468819618225,5,5,3,zero_shot_paired
75,9,5,11,60,1,1,1,0.5077691078186035,0.5077691078186035,0.4922308921813965,0.5077691078186035,5,5,3,zero_shot_paired
75,10,5,13,60,0,1,0,0.5040796399116516,0.5040796399116516,0.495920330286026,0.5040796399116516,5,5,3,zero_shot_paired
75,11,5,14,60,1,0,0,0.5010689496994019,0.5010689496994019,0.5010689496994019,0.49893102049827576,5,5,3,zero_shot_paired
75,12,5,15,60,1,0,0,0.5024939775466919,0.5024939775466919,0.5024939775466919,0.4975060224533081,5,5,3,zero_shot_paired
75,13,5,16,60,0,1,0,0.5014071464538574,0.5014071464538574,0.4985927939414978,0.5014071464538574,5,5,3,zero_shot_paired
75,14,5,17,60,1,0,0,0.5025596618652344,0.5025596618652344,0.5025596618652344,0.4974403977394104,5,5,3,zero_shot_paired
75,0,5,0,60,1,0,0,0.5059812068939209,0.5059812068939209,0.5059812068939209,0.4940188229084015,5,5,3,post_calibration
75,1,5,1,60,1,0,0,0.5035735368728638,0.5035735368728638,0.5035735368728638,0.49642646312713623,5,5,3,post_calibration
75,2,5,2,60,1,0,0,0.5065644383430481,0.5065644383430481,0.5065644383430481,0.4934355318546295,5,5,3,post_calibration
75,3,5,3,60,0,0,1,0.5019603371620178,0.5019603371620178,0.5019603371620178,0.4980396330356598,5,5,3,post_calibration
75,4,5,6,60,1,1,1,0.5033704042434692,0.5033704042434692,0.49662965536117554,0.5033704042434692,5,5,3,post_calibration
75,5,5,7,60,0,1,0,0.5006791949272156,0.5006791949272156,0.4993208050727844,0.5006791949272156,5,5,3,post_calibration
75,6,5,8,60,0,1,0,0.507426381111145,0.507426381111145,0.4925735592842102,0.507426381111145,5,5,3,post_calibration
75,7,5,9,60,1,1,1,0.5003066062927246,0.5003066062927246,0.4996933937072754,0.5003066062927246,5,5,3,post_calibration
75,8,5,10,60,1,0,0,0.5035498142242432,0.5035498142242432,0.5035498142242432,0.49645015597343445,5,5,3,post_calibration
75,9,5,11,60,1,1,1,0.5080797672271729,0.5080797672271729,0.49192023277282715,0.5080797672271729,5,5,3,post_calibration
75,10,5,13,60,0,1,0,0.5041587948799133,0.5041587948799133,0.49584120512008667,0.5041587948799133,5,5,3,post_calibration
75,11,5,14,60,1,0,0,0.5010637640953064,0.5010637640953064,0.5010637640953064,0.4989362061023712,5,5,3,post_calibration
75,12,5,15,60,1,0,0,0.5024913549423218,0.5024913549423218,0.5024913549423218,0.49750861525535583,5,5,3,post_calibration
75,13,5,16,60,0,1,0,0.5014492273330688,0.5014492273330688,0.49855074286460876,0.5014492273330688,5,5,3,post_calibration
75,14,5,17,60,1,0,0,0.502500593662262,0.502500593662262,0.502500593662262,0.49749940633773804,5,5,3,post_calibration
76,0,5,0,60,1,0,0,0.5058897733688354,0.5058897733688354,0.5058897733688354,0.4941101670265198,5,6,3,zero_shot_paired
76,1,5,2,60,1,0,0,0.5067077875137329,0.5067077875137329,0.5067077875137329,0.4932921826839447,5,6,3,zero_shot_paired
76,2,5,3,60,0,0,1,0.5020873546600342,0.5020873546600342,0.5020873546600342,0.4979126453399658,5,6,3,zero_shot_paired
76,3,5,4,60,1,1,1,0.5008588433265686,0.5008588433265686,0.4991411864757538,0.5008588433265686,5,6,3,zero_shot_paired
76,4,5,5,60,0,1,0,0.501428484916687,0.501428484916687,0.4985714554786682,0.501428484916687,5,6,3,zero_shot_paired
76,5,5,6,60,1,1,1,0.5032897591590881,0.5032897591590881,0.4967102110385895,0.5032897591590881,5,6,3,zero_shot_paired
76,6,5,7,60,0,1,0,0.5006592273712158,0.5006592273712158,0.49934080243110657,0.5006592273712158,5,6,3,zero_shot_paired
76,7,5,9,60,1,1,1,0.5002015233039856,0.5002015233039856,0.4997984766960144,0.5002015233039856,5,6,3,zero_shot_paired
76,8,5,11,60,1,1,1,0.5077691078186035,0.5077691078186035,0.4922308921813965,0.5077691078186035,5,6,3,zero_shot_paired
76,9,5,12,60,1,0,0,0.5012107491493225,0.5012107491493225,0.5012107491493225,0.4987892806529999,5,6,3,zero_shot_paired
76,10,5,13,60,0,1,0,0.5040796399116516,0.5040796399116516,0.495920330286026,0.5040796399116516,5,6,3,zero_shot_paired
76,11,5,14,60,1,0,0,0.5010689496994019,0.5010689496994019,0.5010689496994019,0.49893102049827576,5,6,3,zero_shot_paired
76,12,5,15,60,1,0,0,0.5024939775466919,0.5024939775466919,0.5024939775466919,0.4975060224533081,5,6,3,zero_shot_paired
76,13,5,16,60,0,1,0,0.5014071464538574,0.5014071464538574,0.4985927939414978,0.5014071464538574,5,6,3,zero_shot_paired
76,14,5,17,60,1,0,0,0.5025596618652344,0.5025596618652344,0.5025596618652344,0.4974403977394104,5,6,3,zero_shot_paired
76,0,5,0,60,1,0,0,0.5061081051826477,0.5061081051826477,0.5061081051826477,0.4938918650150299,5,6,3,post_calibration
76,1,5,2,60,1,0,0,0.506921112537384,0.506921112537384,0.506921112537384,0.49307888746261597,5,6,3,post_calibration
76,2,5,3,60,0,0,1,0.5022367835044861,0.5022367835044861,0.5022367835044861,0.4977632164955139,5,6,3,post_calibration
76,3,5,4,60,1,1,1,0.5008122324943542,0.5008122324943542,0.49918779730796814,0.5008122324943542,5,6,3,post_calibration
76,4,5,5,60,0,1,0,0.5014641880989075,0.5014641880989075,0.49853581190109253,0.5014641880989075,5,6,3,post_calibration
76,5,5,6,60,1,1,1,0.5031036734580994,0.5031036734580994,0.496896356344223,0.5031036734580994,5,6,3,post_calibration
76,6,5,7,60,0,1,0,0.5005146861076355,0.5005146861076355,0.4994852840900421,0.5005146861076355,5,6,3,post_calibration
76,7,5,9,60,1,1,1,0.5000209808349609,0.5000209808349609,0.4999789893627167,0.5000209808349609,5,6,3,post_calibration
76,8,5,11,60,1,1,1,0.5077409148216248,0.5077409148216248,0.49225911498069763,0.5077409148216248,5,6,3,post_calibration
76,9,5,12,60,1,0,0,0.5011760592460632,0.5011760592460632,0.5011760592460632,0.49882394075393677,5,6,3,post_calibration
76,10,5,13,60,0,1,0,0.5039172172546387,0.5039172172546387,0.4960828125476837,0.5039172172546387,5,6,3,post_calibration
76,11,5,14,60,1,0,0,0.5010862946510315,0.5010862946510315,0.5010862946510315,0.4989137351512909,5,6,3,post_calibration
76,12,5,15,60,1,0,0,0.502596914768219,0.502596914768219,0.502596914768219,0.4974031150341034,5,6,3,post_calibration
76,13,5,16,60,0,1,0,0.5013532638549805,0.5013532638549805,0.49864670634269714,0.5013532638549805,5,6,3,post_calibration
76,14,5,17,60,1,0,0,0.5025189518928528,0.5025189518928528,0.5025189518928528,0.4974810481071472,5,6,3,post_calibration
77,0,5,0,60,1,0,0,0.5058897733688354,0.5058897733688354,0.5058897733688354,0.4941101670265198,5,1,6,zero_shot_paired
77,1,5,1,60,1,0,0,0.5036766529083252,0.5036766529083252,0.5036766529083252,0.4963233470916748,5,1,6,zero_shot_paired
77,2,5,2,60,1,0,0,0.5067077875137329,0.5067077875137329,0.5067077875137329,0.4932921826839447,5,1,6,zero_shot_paired
77,3,5,4,60,1,1,1,0.5008588433265686,0.5008588433265686,0.4991411864757538,0.5008588433265686,5,1,6,zero_shot_paired
77,4,5,5,60,0,1,0,0.501428484916687,0.501428484916687,0.4985714554786682,0.501428484916687,5,1,6,zero_shot_paired
77,5,5,6,60,1,1,1,0.5032897591590881,0.5032897591590881,0.4967102110385895,0.5032897591590881,5,1,6,zero_shot_paired
77,6,5,7,60,0,1,0,0.5006592273712158,0.5006592273712158,0.49934080243110657,0.5006592273712158,5,1,6,zero_shot_paired
77,7,5,8,60,0,1,0,0.5074263215065002,0.5074263215065002,0.49257367849349976,0.5074263215065002,5,1,6,zero_shot_paired
77,8,5,11,60,1,1,1,0.5077691078186035,0.5077691078186035,0.4922308921813965,0.5077691078186035,5,1,6,zero_shot_paired
77,9,5,13,60,0,1,0,0.5040796399116516,0.5040796399116516,0.495920330286026,0.5040796399116516,5,1,6,zero_shot_paired
77,10,5,15,60,1,0,0,0.5024939775466919,0.5024939775466919,0.5024939775466919,0.4975060224533081,5,1,6,zero_shot_paired
77,11,5,17,60,1,0,0,0.5025596618652344,0.5025596618652344,0.5025596618652344,0.4974403977394104,5,1,6,zero_shot_paired
77,0,5,0,60,1,0,0,0.5059970021247864,0.5059970021247864,0.5059970021247864,0.4940029978752136,5,1,6,post_calibration
77,1,5,1,60,1,0,0,0.5037121772766113,0.5037121772766113,0.5037121772766113,0.49628782272338867,5,1,6,post_calibration
77,2,5,2,60,1,0,0,0.5066739320755005,0.5066739320755005,0.5066739320755005,0.4933260381221771,5,1,6,post_calibration
77,3,5,4,60,1,1,1,0.5008707046508789,0.5008707046508789,0.4991292953491211,0.5008707046508789,5,1,6,post_calibration
77,4,5,5,60,0,1,0,0.5014814734458923,0.5014814734458923,0.49851852655410767,0.5014814734458923,5,1,6,post_calibration
77,5,5,6,60,1,1,1,0.503264307975769,0.503264307975769,0.49673566222190857,0.503264307975769,5,1,6,post_calibration
77,6,5,7,60,0,1,0,0.5006870031356812,0.5006870031356812,0.49931296706199646,0.5006870031356812,5,1,6,post_calibration
77,7,5,8,60,0,1,0,0.5073598623275757,0.5073598623275757,0.4926401376724243,0.5073598623275757,5,1,6,post_calibration
77,8,5,11,60,1,1,1,0.5077171921730042,0.5077171921730042,0.49228277802467346,0.5077171921730042,5,1,6,post_calibration
77,9,5,13,60,0,1,0,0.5040470957756042,0.5040470957756042,0.49595287442207336,0.5040470957756042,5,1,6,post_calibration
77,10,5,15,60,1,0,0,0.5025932192802429,0.5025932192802429,0.5025932192802429,0.4974067509174347,5,1,6,post_calibration
77,11,5,17,60,1,0,0,0.5024890303611755,0.5024890303611755,0.5024890303611755,0.49751099944114685,5,1,6,post_calibration
78,0,5,3,60,0,0,1,0.5020873546600342,0.5020873546600342,0.5020873546600342,0.4979126453399658,5,2,6,zero_shot_paired
78,1,5,4,60,1,1,1,0.5008588433265686,0.5008588433265686,0.4991411864757538,0.5008588433265686,5,2,6,zero_shot_paired
78,2,5,7,60,0,1,0,0.5006592273712158,0.5006592273712158,0.49934080243110657,0.5006592273712158,5,2,6,zero_shot_paired
78,3,5,9,60,1,1,1,0.5002015233039856,0.5002015233039856,0.4997984766960144,0.5002015233039856,5,2,6,zero_shot_paired
78,4,5,10,60,1,0,0,0.5036752820014954,0.5036752820014954,0.5036752820014954,0.49632468819618225,5,2,6,zero_shot_paired
78,5,5,11,60,1,1,1,0.5077691078186035,0.5077691078186035,0.4922308921813965,0.5077691078186035,5,2,6,zero_shot_paired
78,6,5,12,60,1,0,0,0.5012107491493225,0.5012107491493225,0.5012107491493225,0.4987892806529999,5,2,6,zero_shot_paired
78,7,5,13,60,0,1,0,0.5040796399116516,0.5040796399116516,0.495920330286026,0.5040796399116516,5,2,6,zero_shot_paired
78,8,5,14,60,1,0,0,0.5010689496994019,0.5010689496994019,0.5010689496994019,0.49893102049827576,5,2,6,zero_shot_paired
78,9,5,15,60,1,0,0,0.5024939775466919,0.5024939775466919,0.5024939775466919,0.4975060224533081,5,2,6,zero_shot_paired
78,10,5,16,60,0,1,0,0.5014071464538574,0.5014071464538574,0.4985927939414978,0.5014071464538574,5,2,6,zero_shot_paired
78,11,5,17,60,1,0,0,0.5025596618652344,0.5025596618652344,0.5025596618652344,0.4974403977394104,5,2,6,zero_shot_paired
78,0,5,3,60,0,0,1,0.5018186569213867,0.5018186569213867,0.5018186569213867,0.49818137288093567,5,2,6,post_calibration
78,1,5,4,60,1,1,1,0.5009859204292297,0.5009859204292297,0.49901407957077026,0.5009859204292297,5,2,6,post_calibration
78,2,5,7,60,0,1,0,0.5008289813995361,0.5008289813995361,0.49917104840278625,0.5008289813995361,5,2,6,post_calibration
78,3,5,9,60,1,1,1,0.5002642273902893,0.5002642273902893,0.4997357428073883,0.5002642273902893,5,2,6,post_calibration
78,4,5,10,60,1,0,0,0.5036779642105103,0.5036779642105103,0.5036779642105103,0.4963220953941345,5,2,6,post_calibration
78,5,5,11,60,1,1,1,0.5078361630439758,0.5078361630439758,0.49216386675834656,0.5078361630439758,5,2,6,post_calibration
78,6,5,12,60,1,0,0,0.5011821389198303,0.5011821389198303,0.5011821389198303,0.4988178312778473,5,2,6,post_calibration
78,7,5,13,60,0,1,0,0.5042151808738708,0.5042151808738708,0.49578484892845154,0.5042151808738708,5,2,6,post_calibration
78,8,5,14,60,1,0,0,0.5011330246925354,0.5011330246925354,0.5011330246925354,0.4988669455051422,5,2,6,post_calibration
78,9,5,15,60,1,0,0,0.5024465322494507,0.5024465322494507,0.5024465322494507,0.49755343794822693,5,2,6,post_calibration
78,10,5,16,60,0,1,0,0.5014391541481018,0.5014391541481018,0.4985608458518982,0.5014391541481018,5,2,6,post_calibration
78,11,5,17,60,1,0,0,0.5025376677513123,0.5025376677513123,0.5025376677513123,0.49746236205101013,5,2,6,post_calibration
79,0,5,0,60,1,0,0,0.5058897733688354,0.5058897733688354,0.5058897733688354,0.4941101670265198,5,3,6,zero_shot_paired
79,1,5,1,60,1,0,0,0.5036766529083252,0.5036766529083252,0.5036766529083252,0.4963233470916748,5,3,6,zero_shot_paired
79,2,5,2,60,1,0,0,0.5067077875137329,0.5067077875137329,0.5067077875137329,0.4932921826839447,5,3,6,zero_shot_paired
79,3,5,3,60,0,0,1,0.5020873546600342,0.5020873546600342,0.5020873546600342,0.4979126453399658,5,3,6,zero_shot_paired
79,4,5,5,60,0,1,0,0.501428484916687,0.501428484916687,0.4985714554786682,0.501428484916687,5,3,6,zero_shot_paired
79,5,5,6,60,1,1,1,0.5032897591590881,0.5032897591590881,0.4967102110385895,0.5032897591590881,5,3,6,zero_shot_paired
79,6,5,8,60,0,1,0,0.5074263215065002,0.5074263215065002,0.49257367849349976,0.5074263215065002,5,3,6,zero_shot_paired
79,7,5,9,60,1,1,1,0.5002015233039856,0.5002015233039856,0.4997984766960144,0.5002015233039856,5,3,6,zero_shot_paired
79,8,5,10,60,1,0,0,0.5036752820014954,0.5036752820014954,0.5036752820014954,0.49632468819618225,5,3,6,zero_shot_paired
79,9,5,12,60,1,0,0,0.5012107491493225,0.5012107491493225,0.5012107491493225,0.4987892806529999,5,3,6,zero_shot_paired
79,10,5,14,60,1,0,0,0.5010689496994019,0.5010689496994019,0.5010689496994019,0.49893102049827576,5,3,6,zero_shot_paired
79,11,5,16,60,0,1,0,0.5014071464538574,0.5014071464538574,0.4985927939414978,0.5014071464538574,5,3,6,zero_shot_paired
79,0,5,0,60,1,0,0,0.5058311820030212,0.5058311820030212,0.5058311820030212,0.49416878819465637,5,3,6,post_calibration
79,1,5,1,60,1,0,0,0.5035901069641113,0.5035901069641113,0.5035901069641113,0.49640989303588867,5,3,6,post_calibration
79,2,5,2,60,1,0,0,0.5067347288131714,0.5067347288131714,0.5067347288131714,0.4932653307914734,5,3,6,post_calibration
79,3,5,3,60,0,0,1,0.5021116733551025,0.5021116733551025,0.5021116733551025,0.49788835644721985,5,3,6,post_calibration
79,4,5,5,60,0,1,0,0.5012953281402588,0.5012953281402588,0.4987047016620636,0.5012953281402588,5,3,6,post_calibration
79,5,5,6,60,1,1,1,0.5032093524932861,0.5032093524932861,0.49679064750671387,0.5032093524932861,5,3,6,post_calibration
79,6,5,8,60,0,1,0,0.5074068903923035,0.5074068903923035,0.4925931394100189,0.5074068903923035,5,3,6,post_calibration
79,7,5,9,60,1,1,1,0.5001611709594727,0.5001611709594727,0.49983885884284973,0.5001611709594727,5,3,6,post_calibration
79,8,5,10,60,1,0,0,0.5036759376525879,0.5036759376525879,0.5036759376525879,0.4963240325450897,5,3,6,post_calibration
79,9,5,12,60,1,0,0,0.501213550567627,0.501213550567627,0.501213550567627,0.49878641963005066,5,3,6,post_calibration
79,10,5,14,60,1,0,0,0.5010619759559631,0.5010619759559631,0.5010619759559631,0.49893805384635925,5,3,6,post_calibration
79,11,5,16,60,0,1,0,0.5014472007751465,0.5014472007751465,0.49855276942253113,0.5014472007751465,5,3,6,post_calibration
80,0,5,3,60,0,0,1,0.5020873546600342,0.5020873546600342,0.5020873546600342,0.4979126453399658,5,1,9,zero_shot_paired
80,1,5,4,60,1,1,1,0.5008587837219238,0.5008587837219238,0.49914124608039856,0.5008587837219238,5,1,9,zero_shot_paired
80,2,5,5,60,0,1,0,0.5014285445213318,0.5014285445213318,0.4985714554786682,0.5014285445213318,5,1,9,zero_shot_paired
80,3,5,9,60,1,1,1,0.5002011060714722,0.5002011060714722,0.49979889392852783,0.5002011060714722,5,1,9,zero_shot_paired
80,4,5,11,60,1,1,1,0.5077691078186035,0.5077691078186035,0.4922308921813965,0.5077691078186035,5,1,9,zero_shot_paired
80,5,5,12,60,1,0,0,0.5012108087539673,0.5012108087539673,0.5012108087539673,0.4987891912460327,5,1,9,zero_shot_paired
80,6,5,15,60,1,0,0,0.5024939775466919,0.5024939775466919,0.5024939775466919,0.4975060224533081,5,1,9,zero_shot_paired
80,7,5,16,60,0,1,0,0.5014071464538574,0.5014071464538574,0.4985928535461426,0.5014071464538574,5,1,9,zero_shot_paired
80,8,5,17,60,1,0,0,0.5025596618652344,0.5025596618652344,0.5025596618652344,0.4974403977394104,5,1,9,zero_shot_paired
80,0,5,3,60,0,0,1,0.5021504759788513,0.5021504759788513,0.5021504759788513,0.49784958362579346,5,1,9,post_calibration
80,1,5,4,60,1,1,1,0.5007951259613037,0.5007951259613037,0.4992049038410187,0.5007951259613037,5,1,9,post_calibration
80,2,5,5,60,0,1,0,0.5013556480407715,0.5013556480407715,0.4986443519592285,0.5013556480407715,5,1,9,post_calibration
80,3,5,9,60,1,1,1,0.5001581311225891,0.5001581311225891,0.4998418688774109,0.5001581311225891,5,1,9,post_calibration
80,4,5,11,60,1,1,1,0.5077213048934937,0.5077213048934937,0.49227872490882874,0.5077213048934937,5,1,9,post_calibration
80,5,5,12,60,1,0,0,0.5012595653533936,0.5012595653533936,0.5012595653533936,0.49874046444892883,5,1,9,post_calibration
80,6,5,15,60,1,0,0,0.5024246573448181,0.5024246573448181,0.5024246573448181,0.4975753426551819,5,1,9,post_calibration
80,7,5,16,60,0,1,0,0.5012726783752441,0.5012726783752441,0.49872729182243347,0.5012726783752441,5,1,9,post_calibration
80,8,5,17,60,1,0,0,0.5025485754013062,0.5025485754013062,0.5025485754013062,0.49745145440101624,5,1,9,post_calibration
81,0,5,0,60,1,0,0,0.5058897137641907,0.5058897137641907,0.5058897137641907,0.4941102862358093,5,2,9,zero_shot_paired
81,1,5,1,60,1,0,0,0.5036765933036804,0.5036765933036804,0.5036765933036804,0.4963233768939972,5,2,9,zero_shot_paired
81,2,5,2,60,1,0,0,0.5067078471183777,0.5067078471183777,0.5067078471183777,0.4932921230792999,5,2,9,zero_shot_paired
81,3,5,6,60,1,1,1,0.5032898783683777,0.5032898783683777,0.4967101514339447,0.5032898783683777,5,2,9,zero_shot_paired
81,4,5,7,60,0,1,0,0.5006593465805054,0.5006593465805054,0.4993407130241394,0.5006593465805054,5,2,9,zero_shot_paired
81,5,5,8,60,0,1,0,0.5074262022972107,0.5074262022972107,0.4925737977027893,0.5074262022972107,5,2,9,zero_shot_paired
81,6,5,10,60,1,0,0,0.5036753416061401,0.5036753416061401,0.5036753416061401,0.49632468819618225,5,2,9,zero_shot_paired
81,7,5,13,60,0,1,0,0.5040796399116516,0.5040796399116516,0.495920330286026,0.5040796399116516,5,2,9,zero_shot_paired
81,8,5,14,60,1,0,0,0.5010689496994019,0.5010689496994019,0.5010689496994019,0.49893102049827576,5,2,9,zero_shot_paired
81,0,5,0,60,1,0,0,0.5057499408721924,0.5057499408721924,0.5057499408721924,0.4942500591278076,5,2,9,post_calibration
81,1,5,1,60,1,0,0,0.5034120678901672,0.5034120678901672,0.5034120678901672,0.49658793210983276,5,2,9,post_calibration
81,2,5,2,60,1,0,0,0.5065945386886597,0.5065945386886597,0.5065945386886597,0.49340546131134033,5,2,9,post_calibration
81,3,5,6,60,1,1,1,0.5033677220344543,0.5033677220344543,0.49663230776786804,0.5033677220344543,5,2,9,post_calibration
81,4,5,7,60,0,1,0,0.5008798837661743,0.5008798837661743,0.4991200864315033,0.5008798837661743,5,2,9,post_calibration
81,5,5,8,60,0,1,0,0.5073700547218323,0.5073700547218323,0.49262991547584534,0.5073700547218323,5,2,9,post_calibration
81,6,5,10,60,1,0,0,0.5031715035438538,0.5031715035438538,0.5031715035438538,0.49682849645614624,5,2,9,post_calibration
81,7,5,13,60,0,1,0,0.5042955279350281,0.5042955279350281,0.4957044720649719,0.5042955279350281,5,2,9,post_calibration
81,8,5,14,60,1,0,0,0.5009410977363586,0.5009410977363586,0.5009410977363586,0.49905890226364136,5,2,9,post_calibration
82,0,5,3,60,0,0,1,0.5020877718925476,0.5020877718925476,0.5020877718925476,0.4979122281074524,5,1,12,zero_shot_paired
82,1,5,4,60,1,1,1,0.5008575320243835,0.5008575320243835,0.49914249777793884,0.5008575320243835,5,1,12,zero_shot_paired
82,2,5,11,60,1,1,1,0.5077682137489319,0.5077682137489319,0.4922317564487457,0.5077682137489319,5,1,12,zero_shot_paired
82,3,5,13,60,0,1,0,0.5040821433067322,0.5040821433067322,0.4959178566932678,0.5040821433067322,5,1,12,zero_shot_paired
82,4,5,14,60,1,0,0,0.5010692477226257,0.5010692477226257,0.5010692477226257,0.49893075227737427,5,1,12,zero_shot_paired
82,5,5,17,60,1,0,0,0.5025575160980225,0.5025575160980225,0.5025575160980225,0.49744242429733276,5,1,12,zero_shot_paired
82,0,5,3,60,0,0,1,0.5020169019699097,0.5020169019699097,0.5020169019699097,0.49798309803009033,5,1,12,post_calibration
82,1,5,4,60,1,1,1,0.5008875727653503,0.5008875727653503,0.4991123676300049,0.5008875727653503,5,1,12,post_calibration
82,2,5,11,60,1,1,1,0.5077866315841675,0.5077866315841675,0.4922133684158325,0.5077866315841675,5,1,12,post_calibration
82,3,5,13,60,0,1,0,0.5041234493255615,0.5041234493255615,0.49587658047676086,0.5041234493255615,5,1,12,post_calibration
82,4,5,14,60,1,0,0,0.500957190990448,0.500957190990448,0.500957190990448,0.499042809009552,5,1,12,post_calibration
82,5,5,17,60,1,0,0,0.5025247931480408,0.5025247931480408,0.5025247931480408,0.49747520685195923,5,1,12,post_calibration
83,0,5,4,60,1,1,1,0.5008575320243835,0.5008575320243835,0.49914249777793884,0.5008575320243835,5,2,12,zero_shot_paired
83,1,5,8,60,0,1,0,0.5074267983436584,0.5074267983436584,0.49257326126098633,0.5074267983436584,5,2,12,zero_shot_paired
83,2,5,10,60,1,0,0,0.503673791885376,0.503673791885376,0.503673791885376,0.496326208114624,5,2,12,zero_shot_paired
83,3,5,12,60,1,0,0,0.5012111663818359,0.5012111663818359,0.5012111663818359,0.49878883361816406,5,2,12,zero_shot_paired
83,4,5,16,60,0,1,0,0.5014050602912903,0.5014050602912903,0.49859490990638733,0.5014050602912903,5,2,12,zero_shot_paired
83,5,5,17,60,1,0,0,0.5025575160980225,0.5025575160980225,0.5025575160980225,0.49744242429733276,5,2,12,zero_shot_paired
83,0,5,4,60,1,1,1,0.5008725523948669,0.5008725523948669,0.49912744760513306,0.5008725523948669,5,2,12,post_calibration
83,1,5,8,60,0,1,0,0.5074658989906311,0.5074658989906311,0.4925341010093689,0.5074658989906311,5,2,12,post_calibration
83,2,5,10,60,1,0,0,0.5037407279014587,0.5037407279014587,0.5037407279014587,0.49625930190086365,5,2,12,post_calibration
83,3,5,12,60,1,0,0,0.5012399554252625,0.5012399554252625,0.5012399554252625,0.49876004457473755,5,2,12,post_calibration
83,4,5,16,60,0,1,0,0.5014939308166504,0.5014939308166504,0.4985061287879944,0.5014939308166504,5,2,12,post_calibration
83,5,5,17,60,1,0,0,0.502602756023407,0.502602756023407,0.502602756023407,0.497397243976593,5,2,12,post_calibration
84,0,5,1,60,1,0,0,0.5036741495132446,0.5036741495132446,0.5036741495132446,0.49632591009140015,5,3,12,zero_shot_paired
84,1,5,4,60,1,1,1,0.5008575320243835,0.5008575320243835,0.49914249777793884,0.5008575320243835,5,3,12,zero_shot_paired
84,2,5,6,60,1,1,1,0.5032894015312195,0.5032894015312195,0.4967106580734253,0.5032894015312195,5,3,12,zero_shot_paired
84,3,5,7,60,0,1,0,0.500659167766571,0.500659167766571,0.49934089183807373,0.500659167766571,5,3,12,zero_shot_paired
84,4,5,13,60,0,1,0,0.5040821433067322,0.5040821433067322,0.4959178566932678,0.5040821433067322,5,3,12,zero_shot_paired
84,5,5,15,60,1,0,0,0.5024913549423218,0.5024913549423218,0.5024913549423218,0.4975086450576782,5,3,12,zero_shot_paired
84,0,5,1,60,1,0,0,0.503507137298584,0.503507137298584,0.503507137298584,0.4964928925037384,5,3,12,post_calibration
84,1,5,4,60,1,1,1,0.5010507702827454,0.5010507702827454,0.49894922971725464,0.5010507702827454,5,3,12,post_calibration
84,2,5,6,60,1,1,1,0.5032317042350769,0.5032317042350769,0.4967682957649231,0.5032317042350769,5,3,12,post_calibration
84,3,5,7,60,0,1,0,0.5005623698234558,0.5005623698234558,0.4994376301765442,0.5005623698234558,5,3,12,post_calibration
84,4,5,13,60,0,1,0,0.504104495048523,0.504104495048523,0.4958955645561218,0.504104495048523,5,3,12,post_calibration
84,5,5,15,60,1,0,0,0.5022550821304321,0.5022550821304321,0.5022550821304321,0.49774494767189026,5,3,12,post_calibration
7,0,6,0,60,1,1,1,0.5066479444503784,0.5066479444503784,0.4933520257472992,0.5066479444503784,6,,,zero_shot_all_trials
7,1,6,1,60,0,0,1,0.5050147771835327,0.5050147771835327,0.5050147771835327,0.4949852228164673,6,,,zero_shot_all_trials
7,2,6,2,60,1,1,1,0.5039170980453491,0.5039170980453491,0.4960829019546509,0.5039170980453491,6,,,zero_shot_all_trials
7,3,6,3,60,0,1,0,0.5043576955795288,0.5043576955795288,0.49564236402511597,0.5043576955795288,6,,,zero_shot_all_trials
7,4,6,4,60,1,1,1,0.5013771653175354,0.5013771653175354,0.4986228048801422,0.5013771653175354,6,,,zero_shot_all_trials
7,5,6,5,60,0,1,0,0.5013759136199951,0.5013759136199951,0.4986240863800049,0.5013759136199951,6,,,zero_shot_all_trials
7,6,6,6,60,1,1,1,0.5014170408248901,0.5014170408248901,0.49858298897743225,0.5014170408248901,6,,,zero_shot_all_trials
7,7,6,7,60,0,1,0,0.509527862071991,0.509527862071991,0.4904721677303314,0.509527862071991,6,,,zero_shot_all_trials
7,8,6,8,60,0,0,1,0.5063909888267517,0.5063909888267517,0.5063909888267517,0.4936090111732483,6,,,zero_shot_all_trials
7,9,6,9,60,0,0,1,0.5004255175590515,0.5004255175590515,0.5004255175590515,0.4995745122432709,6,,,zero_shot_all_trials
7,10,6,10,60,1,0,0,0.5073142647743225,0.5073142647743225,0.5073142647743225,0.4926857054233551,6,,,zero_shot_all_trials
7,11,6,11,60,1,0,0,0.5011597871780396,0.5011597871780396,0.5011597871780396,0.49884024262428284,6,,,zero_shot_all_trials
7,12,6,12,60,1,1,1,0.5109077095985413,0.5109077095985413,0.48909229040145874,0.5109077095985413,6,,,zero_shot_all_trials
7,13,6,13,60,0,0,1,0.5030374526977539,0.5030374526977539,0.5030374526977539,0.49696260690689087,6,,,zero_shot_all_trials
7,14,6,14,60,0,1,0,0.5084418058395386,0.5084418058395386,0.4915582239627838,0.5084418058395386,6,,,zero_shot_all_trials
7,15,6,15,60,1,0,0,0.5063790082931519,0.5063790082931519,0.5063790082931519,0.49362102150917053,6,,,zero_shot_all_trials
7,16,6,16,60,0,1,0,0.5036395788192749,0.5036395788192749,0.4963604211807251,0.5036395788192749,6,,,zero_shot_all_trials
7,17,6,17,60,0,0,1,0.5058991312980652,0.5058991312980652,0.5058991312980652,0.4941008687019348,6,,,zero_shot_all_trials
85,0,6,0,60,1,1,1,0.5066477656364441,0.5066477656364441,0.4933522045612335,0.5066477656364441,6,1,3,zero_shot_paired
85,1,6,1,60,0,0,1,0.5050148367881775,0.5050148367881775,0.5050148367881775,0.4949851632118225,6,1,3,zero_shot_paired
85,2,6,2,60,1,1,1,0.5039171576499939,0.5039171576499939,0.4960828423500061,0.5039171576499939,6,1,3,zero_shot_paired
85,3,6,3,60,0,1,0,0.5043577551841736,0.5043577551841736,0.4956423044204712,0.5043577551841736,6,1,3,zero_shot_paired
85,4,6,4,60,1,1,1,0.501377284526825,0.501377284526825,0.4986226558685303,0.501377284526825,6,1,3,zero_shot_paired
85,5,6,6,60,1,1,1,0.5014170408248901,0.5014170408248901,0.49858298897743225,0.5014170408248901,6,1,3,zero_shot_paired
85,6,6,7,60,0,1,0,0.509527862071991,0.509527862071991,0.4904721677303314,0.509527862071991,6,1,3,zero_shot_paired
85,7,6,8,60,0,0,1,0.5063909888267517,0.5063909888267517,0.5063909888267517,0.4936090111732483,6,1,3,zero_shot_paired
85,8,6,9,60,0,0,1,0.5004255175590515,0.5004255175590515,0.5004255175590515,0.4995744824409485,6,1,3,zero_shot_paired
85,9,6,10,60,1,0,0,0.5073142647743225,0.5073142647743225,0.5073142647743225,0.4926857054233551,6,1,3,zero_shot_paired
85,10,6,13,60,0,0,1,0.5030374526977539,0.5030374526977539,0.5030374526977539,0.4969625473022461,6,1,3,zero_shot_paired
85,11,6,14,60,0,1,0,0.5084418058395386,0.5084418058395386,0.4915582239627838,0.5084418058395386,6,1,3,zero_shot_paired
85,12,6,15,60,1,0,0,0.5063790082931519,0.5063790082931519,0.5063790082931519,0.49362102150917053,6,1,3,zero_shot_paired
85,13,6,16,60,0,1,0,0.5036395788192749,0.5036395788192749,0.4963604211807251,0.5036395788192749,6,1,3,zero_shot_paired
85,14,6,17,60,0,0,1,0.5058990120887756,0.5058990120887756,0.5058990120887756,0.494100958108902,6,1,3,zero_shot_paired
85,0,6,0,60,1,1,1,0.5067330002784729,0.5067330002784729,0.4932669699192047,0.5067330002784729,6,1,3,post_calibration
85,1,6,1,60,0,0,1,0.5052756071090698,0.5052756071090698,0.5052756071090698,0.49472442269325256,6,1,3,post_calibration
85,2,6,2,60,1,1,1,0.5038498640060425,0.5038498640060425,0.4961501359939575,0.5038498640060425,6,1,3,post_calibration
85,3,6,3,60,0,1,0,0.5045380592346191,0.5045380592346191,0.49546191096305847,0.5045380592346191,6,1,3,post_calibration
85,4,6,4,60,1,1,1,0.5014069676399231,0.5014069676399231,0.4985930621623993,0.5014069676399231,6,1,3,post_calibration
85,5,6,6,60,1,1,1,0.5013638734817505,0.5013638734817505,0.4986360967159271,0.5013638734817505,6,1,3,post_calibration
85,6,6,7,60,0,1,0,0.5096219182014465,0.5096219182014465,0.4903780519962311,0.5096219182014465,6,1,3,post_calibration
85,7,6,8,60,0,0,1,0.5065407156944275,0.5065407156944275,0.5065407156944275,0.4934592545032501,6,1,3,post_calibration
85,8,6,9,60,0,0,1,0.5004852414131165,0.5004852414131165,0.5004852414131165,0.49951472878456116,6,1,3,post_calibration
85,9,6,10,60,1,0,0,0.5075597167015076,0.5075597167015076,0.5075597167015076,0.49244025349617004,6,1,3,post_calibration
85,10,6,13,60,0,0,1,0.5031020641326904,0.5031020641326904,0.5031020641326904,0.4968979060649872,6,1,3,post_calibration
85,11,6,14,60,0,1,0,0.5084240436553955,0.5084240436553955,0.4915759563446045,0.5084240436553955,6,1,3,post_calibration
85,12,6,15,60,1,0,0,0.5064857602119446,0.5064857602119446,0.5064857602119446,0.4935142397880554,6,1,3,post_calibration
85,13,6,16,60,0,1,0,0.5036002993583679,0.5036002993583679,0.4963996708393097,0.5036002993583679,6,1,3,post_calibration
85,14,6,17,60,0,0,1,0.5060892105102539,0.5060892105102539,0.5060892105102539,0.4939107894897461,6,1,3,post_calibration
86,0,6,0,60,1,1,1,0.5066477656364441,0.5066477656364441,0.4933522045612335,0.5066477656364441,6,2,3,zero_shot_paired
86,1,6,1,60,0,0,1,0.5050148367881775,0.5050148367881775,0.5050148367881775,0.4949851632118225,6,2,3,zero_shot_paired
86,2,6,2,60,1,1,1,0.5039171576499939,0.5039171576499939,0.4960828423500061,0.5039171576499939,6,2,3,zero_shot_paired
86,3,6,3,60,0,1,0,0.5043577551841736,0.5043577551841736,0.4956423044204712,0.5043577551841736,6,2,3,zero_shot_paired
86,4,6,4,60,1,1,1,0.501377284526825,0.501377284526825,0.4986226558685303,0.501377284526825,6,2,3,zero_shot_paired
86,5,6,5,60,0,1,0,0.5013759136199951,0.5013759136199951,0.4986240863800049,0.5013759136199951,6,2,3,zero_shot_paired
86,6,6,7,60,0,1,0,0.509527862071991,0.509527862071991,0.4904721677303314,0.509527862071991,6,2,3,zero_shot_paired
86,7,6,9,60,0,0,1,0.5004255175590515,0.5004255175590515,0.5004255175590515,0.4995744824409485,6,2,3,zero_shot_paired
86,8,6,10,60,1,0,0,0.5073142647743225,0.5073142647743225,0.5073142647743225,0.4926857054233551,6,2,3,zero_shot_paired
86,9,6,11,60,1,0,0,0.5011597871780396,0.5011597871780396,0.5011597871780396,0.49884024262428284,6,2,3,zero_shot_paired
86,10,6,12,60,1,1,1,0.5109074711799622,0.5109074711799622,0.48909249901771545,0.5109074711799622,6,2,3,zero_shot_paired
86,11,6,13,60,0,0,1,0.5030374526977539,0.5030374526977539,0.5030374526977539,0.4969625473022461,6,2,3,zero_shot_paired
86,12,6,14,60,0,1,0,0.5084418058395386,0.5084418058395386,0.4915582239627838,0.5084418058395386,6,2,3,zero_shot_paired
86,13,6,15,60,1,0,0,0.5063790082931519,0.5063790082931519,0.5063790082931519,0.49362102150917053,6,2,3,zero_shot_paired
86,14,6,17,60,0,0,1,0.5058990120887756,0.5058990120887756,0.5058990120887756,0.494100958108902,6,2,3,zero_shot_paired
86,0,6,0,60,1,1,1,0.5065546035766602,0.5065546035766602,0.49344539642333984,0.5065546035766602,6,2,3,post_calibration
86,1,6,1,60,0,0,1,0.5050046443939209,0.5050046443939209,0.5050046443939209,0.4949953258037567,6,2,3,post_calibration
86,2,6,2,60,1,1,1,0.5038285851478577,0.5038285851478577,0.49617138504981995,0.5038285851478577,6,2,3,post_calibration
86,3,6,3,60,0,1,0,0.5042964816093445,0.5042964816093445,0.4957035481929779,0.5042964816093445,6,2,3,post_calibration
86,4,6,4,60,1,1,1,0.5013080835342407,0.5013080835342407,0.4986918568611145,0.5013080835342407,6,2,3,post_calibration
86,5,6,5,60,0,1,0,0.5013118386268616,0.5013118386268616,0.4986882209777832,0.5013118386268616,6,2,3,post_calibration
86,6,6,7,60,0,1,0,0.5094897150993347,0.5094897150993347,0.4905102849006653,0.5094897150993347,6,2,3,post_calibration
86,7,6,9,60,0,0,1,0.50034499168396,0.50034499168396,0.50034499168396,0.49965497851371765,6,2,3,post_calibration
86,8,6,10,60,1,0,0,0.5073068141937256,0.5073068141937256,0.5073068141937256,0.4926932454109192,6,2,3,post_calibration
86,9,6,11,60,1,0,0,0.5011889338493347,0.5011889338493347,0.5011889338493347,0.4988110661506653,6,2,3,post_calibration
86,10,6,12,60,1,1,1,0.5108708143234253,0.5108708143234253,0.4891291558742523,0.5108708143234253,6,2,3,post_calibration
86,11,6,13,60,0,0,1,0.5030476450920105,0.5030476450920105,0.5030476450920105,0.4969523251056671,6,2,3,post_calibration
86,12,6,14,60,0,1,0,0.508370578289032,0.508370578289032,0.491629421710968,0.508370578289032,6,2,3,post_calibration
86,13,6,15,60,1,0,0,0.5063647627830505,0.5063647627830505,0.5063647627830505,0.49363523721694946,6,2,3,post_calibration
86,14,6,17,60,0,0,1,0.5060534477233887,0.5060534477233887,0.5060534477233887,0.49394652247428894,6,2,3,post_calibration
87,0,6,0,60,1,1,1,0.5066477656364441,0.5066477656364441,0.4933522045612335,0.5066477656364441,6,3,3,zero_shot_paired
87,1,6,1,60,0,0,1,0.5050148367881775,0.5050148367881775,0.5050148367881775,0.4949851632118225,6,3,3,zero_shot_paired
87,2,6,2,60,1,1,1,0.5039171576499939,0.5039171576499939,0.4960828423500061,0.5039171576499939,6,3,3,zero_shot_paired
87,3,6,4,60,1,1,1,0.501377284526825,0.501377284526825,0.4986226558685303,0.501377284526825,6,3,3,zero_shot_paired
87,4,6,5,60,0,1,0,0.5013759136199951,0.5013759136199951,0.4986240863800049,0.5013759136199951,6,3,3,zero_shot_paired
87,5,6,6,60,1,1,1,0.5014170408248901,0.5014170408248901,0.49858298897743225,0.5014170408248901,6,3,3,zero_shot_paired
87,6,6,7,60,0,1,0,0.509527862071991,0.509527862071991,0.4904721677303314,0.509527862071991,6,3,3,zero_shot_paired
87,7,6,8,60,0,0,1,0.5063909888267517,0.5063909888267517,0.5063909888267517,0.4936090111732483,6,3,3,zero_shot_paired
87,8,6,9,60,0,0,1,0.5004255175590515,0.5004255175590515,0.5004255175590515,0.4995744824409485,6,3,3,zero_shot_paired
87,9,6,11,60,1,0,0,0.5011597871780396,0.5011597871780396,0.5011597871780396,0.49884024262428284,6,3,3,zero_shot_paired
87,10,6,12,60,1,1,1,0.5109074711799622,0.5109074711799622,0.48909249901771545,0.5109074711799622,6,3,3,zero_shot_paired
87,11,6,13,60,0,0,1,0.5030374526977539,0.5030374526977539,0.5030374526977539,0.4969625473022461,6,3,3,zero_shot_paired
87,12,6,14,60,0,1,0,0.5084418058395386,0.5084418058395386,0.4915582239627838,0.5084418058395386,6,3,3,zero_shot_paired
87,13,6,16,60,0,1,0,0.5036395788192749,0.5036395788192749,0.4963604211807251,0.5036395788192749,6,3,3,zero_shot_paired
87,14,6,17,60,0,0,1,0.5058990120887756,0.5058990120887756,0.5058990120887756,0.494100958108902,6,3,3,zero_shot_paired
87,0,6,0,60,1,1,1,0.5065101385116577,0.5065101385116577,0.4934898316860199,0.5065101385116577,6,3,3,post_calibration
87,1,6,1,60,0,0,1,0.5047531127929688,0.5047531127929688,0.5047531127929688,0.49524688720703125,6,3,3,post_calibration
87,2,6,2,60,1,1,1,0.50408536195755,0.50408536195755,0.49591460824012756,0.50408536195755,6,3,3,post_calibration
87,3,6,4,60,1,1,1,0.5013158917427063,0.5013158917427063,0.4986840784549713,0.5013158917427063,6,3,3,post_calibration
87,4,6,5,60,0,1,0,0.5013086795806885,0.5013086795806885,0.4986913204193115,0.5013086795806885,6,3,3,post_calibration
87,5,6,6,60,1,1,1,0.5014016628265381,0.5014016628265381,0.4985983669757843,0.5014016628265381,6,3,3,post_calibration
87,6,6,7,60,0,1,0,0.5095483660697937,0.5095483660697937,0.4904516041278839,0.5095483660697937,6,3,3,post_calibration
87,7,6,8,60,0,0,1,0.5061854720115662,0.5061854720115662,0.5061854720115662,0.49381452798843384,6,3,3,post_calibration
87,8,6,9,60,0,0,1,0.5003700852394104,0.5003700852394104,0.5003700852394104,0.4996299147605896,6,3,3,post_calibration
87,9,6,11,60,1,0,0,0.501037061214447,0.501037061214447,0.501037061214447,0.498962938785553,6,3,3,post_calibration
87,10,6,12,60,1,1,1,0.5109431147575378,0.5109431147575378,0.48905691504478455,0.5109431147575378,6,3,3,post_calibration
87,11,6,13,60,0,0,1,0.5029184818267822,0.5029184818267822,0.5029184818267822,0.4970815181732178,6,3,3,post_calibration
87,12,6,14,60,0,1,0,0.5082134008407593,0.5082134008407593,0.4917866289615631,0.5082134008407593,6,3,3,post_calibration
87,13,6,16,60,0,1,0,0.5034480690956116,0.5034480690956116,0.4965519607067108,0.5034480690956116,6,3,3,post_calibration
87,14,6,17,60,0,0,1,0.5058718323707581,0.5058718323707581,0.5058718323707581,0.49412816762924194,6,3,3,post_calibration
88,0,6,1,60,0,0,1,0.5050148367881775,0.5050148367881775,0.5050148367881775,0.4949851632118225,6,4,3,zero_shot_paired
88,1,6,2,60,1,1,1,0.5039171576499939,0.5039171576499939,0.4960828423500061,0.5039171576499939,6,4,3,zero_shot_paired
88,2,6,3,60,0,1,0,0.5043577551841736,0.5043577551841736,0.4956423044204712,0.5043577551841736,6,4,3,zero_shot_paired
88,3,6,4,60,1,1,1,0.501377284526825,0.501377284526825,0.4986226558685303,0.501377284526825,6,4,3,zero_shot_paired
88,4,6,5,60,0,1,0,0.5013759136199951,0.5013759136199951,0.4986240863800049,0.5013759136199951,6,4,3,zero_shot_paired
88,5,6,6,60,1,1,1,0.5014170408248901,0.5014170408248901,0.49858298897743225,0.5014170408248901,6,4,3,zero_shot_paired
88,6,6,8,60,0,0,1,0.5063909888267517,0.5063909888267517,0.5063909888267517,0.4936090111732483,6,4,3,zero_shot_paired
88,7,6,9,60,0,0,1,0.5004255175590515,0.5004255175590515,0.5004255175590515,0.4995744824409485,6,4,3,zero_shot_paired
88,8,6,10,60,1,0,0,0.5073142647743225,0.5073142647743225,0.5073142647743225,0.4926857054233551,6,4,3,zero_shot_paired
88,9,6,11,60,1,0,0,0.5011597871780396,0.5011597871780396,0.5011597871780396,0.49884024262428284,6,4,3,zero_shot_paired
88,10,6,12,60,1,1,1,0.5109074711799622,0.5109074711799622,0.48909249901771545,0.5109074711799622,6,4,3,zero_shot_paired
88,11,6,13,60,0,0,1,0.5030374526977539,0.5030374526977539,0.5030374526977539,0.4969625473022461,6,4,3,zero_shot_paired
88,12,6,14,60,0,1,0,0.5084418058395386,0.5084418058395386,0.4915582239627838,0.5084418058395386,6,4,3,zero_shot_paired
88,13,6,15,60,1,0,0,0.5063790082931519,0.5063790082931519,0.5063790082931519,0.49362102150917053,6,4,3,zero_shot_paired
88,14,6,16,60,0,1,0,0.5036395788192749,0.5036395788192749,0.4963604211807251,0.5036395788192749,6,4,3,zero_shot_paired
88,0,6,1,60,0,0,1,0.5051530003547668,0.5051530003547668,0.5051530003547668,0.49484699964523315,6,4,3,post_calibration
88,1,6,2,60,1,1,1,0.5038444399833679,0.5038444399833679,0.49615558981895447,0.5038444399833679,6,4,3,post_calibration
88,2,6,3,60,0,1,0,0.5045105814933777,0.5045105814933777,0.4954894185066223,0.5045105814933777,6,4,3,post_calibration
88,3,6,4,60,1,1,1,0.5011498332023621,0.5011498332023621,0.49885016679763794,0.5011498332023621,6,4,3,post_calibration
88,4,6,5,60,0,1,0,0.5011948943138123,0.5011948943138123,0.49880510568618774,0.5011948943138123,6,4,3,post_calibration
88,5,6,6,60,1,1,1,0.5011004209518433,0.5011004209518433,0.4988996088504791,0.5011004209518433,6,4,3,post_calibration
88,6,6,8,60,0,0,1,0.5065988898277283,0.5065988898277283,0.5065988898277283,0.4934011399745941,6,4,3,post_calibration
88,7,6,9,60,0,0,1,0.5005016326904297,0.5005016326904297,0.5005016326904297,0.4994983375072479,6,4,3,post_calibration
88,8,6,10,60,1,0,0,0.507452130317688,0.507452130317688,0.507452130317688,0.4925478398799896,6,4,3,post_calibration
88,9,6,11,60,1,0,0,0.5014320611953735,0.5014320611953735,0.5014320611953735,0.49856799840927124,6,4,3,post_calibration
88,10,6,12,60,1,1,1,0.5108168721199036,0.5108168721199036,0.48918309807777405,0.5108168721199036,6,4,3,post_calibration
88,11,6,13,60,0,0,1,0.5029956102371216,0.5029956102371216,0.5029956102371216,0.49700435996055603,6,4,3,post_calibration
88,12,6,14,60,0,1,0,0.5084449052810669,0.5084449052810669,0.4915550947189331,0.5084449052810669,6,4,3,post_calibration
88,13,6,15,60,1,0,0,0.5063437223434448,0.5063437223434448,0.5063437223434448,0.4936562776565552,6,4,3,post_calibration
88,14,6,16,60,0,1,0,0.5035727024078369,0.5035727024078369,0.4964272379875183,0.5035727024078369,6,4,3,post_calibration
89,0,6,0,60,1,1,1,0.5066477656364441,0.5066477656364441,0.4933522045612335,0.5066477656364441,6,5,3,zero_shot_paired
89,1,6,3,60,0,1,0,0.5043577551841736,0.5043577551841736,0.4956423044204712,0.5043577551841736,6,5,3,zero_shot_paired
89,2,6,4,60,1,1,1,0.501377284526825,0.501377284526825,0.4986226558685303,0.501377284526825,6,5,3,zero_shot_paired
89,3,6,5,60,0,1,0,0.5013759136199951,0.5013759136199951,0.4986240863800049,0.5013759136199951,6,5,3,zero_shot_paired
89,4,6,6,60,1,1,1,0.5014170408248901,0.5014170408248901,0.49858298897743225,0.5014170408248901,6,5,3,zero_shot_paired
89,5,6,7,60,0,1,0,0.509527862071991,0.509527862071991,0.4904721677303314,0.509527862071991,6,5,3,zero_shot_paired
89,6,6,8,60,0,0,1,0.5063909888267517,0.5063909888267517,0.5063909888267517,0.4936090111732483,6,5,3,zero_shot_paired
89,7,6,9,60,0,0,1,0.5004255175590515,0.5004255175590515,0.5004255175590515,0.4995744824409485,6,5,3,zero_shot_paired
89,8,6,10,60,1,0,0,0.5073142647743225,0.5073142647743225,0.5073142647743225,0.4926857054233551,6,5,3,zero_shot_paired
89,9,6,11,60,1,0,0,0.5011597871780396,0.5011597871780396,0.5011597871780396,0.49884024262428284,6,5,3,zero_shot_paired
89,10,6,12,60,1,1,1,0.5109074711799622,0.5109074711799622,0.48909249901771545,0.5109074711799622,6,5,3,zero_shot_paired
89,11,6,13,60,0,0,1,0.5030374526977539,0.5030374526977539,0.5030374526977539,0.4969625473022461,6,5,3,zero_shot_paired
89,12,6,15,60,1,0,0,0.5063790082931519,0.5063790082931519,0.5063790082931519,0.49362102150917053,6,5,3,zero_shot_paired
89,13,6,16,60,0,1,0,0.5036395788192749,0.5036395788192749,0.4963604211807251,0.5036395788192749,6,5,3,zero_shot_paired
89,14,6,17,60,0,0,1,0.5058990120887756,0.5058990120887756,0.5058990120887756,0.494100958108902,6,5,3,zero_shot_paired
89,0,6,0,60,1,1,1,0.5066580772399902,0.5066580772399902,0.4933418929576874,0.5066580772399902,6,5,3,post_calibration
89,1,6,3,60,0,1,0,0.5042892694473267,0.5042892694473267,0.4957107603549957,0.5042892694473267,6,5,3,post_calibration
89,2,6,4,60,1,1,1,0.5013089776039124,0.5013089776039124,0.49869096279144287,0.5013089776039124,6,5,3,post_calibration
89,3,6,5,60,0,1,0,0.5012538433074951,0.5012538433074951,0.49874618649482727,0.5012538433074951,6,5,3,post_calibration
89,4,6,6,60,1,1,1,0.501246988773346,0.501246988773346,0.49875301122665405,0.501246988773346,6,5,3,post_calibration
89,5,6,7,60,0,1,0,0.5096056461334229,0.5096056461334229,0.49039438366889954,0.5096056461334229,6,5,3,post_calibration
89,6,6,8,60,0,0,1,0.506474494934082,0.506474494934082,0.506474494934082,0.49352556467056274,6,5,3,post_calibration
89,7,6,9,60,0,0,1,0.5005475282669067,0.5005475282669067,0.5005475282669067,0.4994524419307709,6,5,3,post_calibration
89,8,6,10,60,1,0,0,0.5073912143707275,0.5073912143707275,0.5073912143707275,0.4926087558269501,6,5,3,post_calibration
89,9,6,11,60,1,0,0,0.5012023448944092,0.5012023448944092,0.5012023448944092,0.49879762530326843,6,5,3,post_calibration
89,10,6,12,60,1,1,1,0.510912299156189,0.510912299156189,0.48908770084381104,0.510912299156189,6,5,3,post_calibration
89,11,6,13,60,0,0,1,0.5030617713928223,0.5030617713928223,0.5030617713928223,0.4969382882118225,6,5,3,post_calibration
89,12,6,15,60,1,0,0,0.5064020752906799,0.5064020752906799,0.5064020752906799,0.49359795451164246,6,5,3,post_calibration
89,13,6,16,60,0,1,0,0.5036296248435974,0.5036296248435974,0.4963703453540802,0.5036296248435974,6,5,3,post_calibration
89,14,6,17,60,0,0,1,0.5059777498245239,0.5059777498245239,0.5059777498245239,0.4940222203731537,6,5,3,post_calibration
90,0,6,0,60,1,1,1,0.5066477656364441,0.5066477656364441,0.4933522045612335,0.5066477656364441,6,6,3,zero_shot_paired
90,1,6,1,60,0,0,1,0.5050148367881775,0.5050148367881775,0.5050148367881775,0.4949851632118225,6,6,3,zero_shot_paired
90,2,6,2,60,1,1,1,0.5039171576499939,0.5039171576499939,0.4960828423500061,0.5039171576499939,6,6,3,zero_shot_paired
90,3,6,3,60,0,1,0,0.5043577551841736,0.5043577551841736,0.4956423044204712,0.5043577551841736,6,6,3,zero_shot_paired
90,4,6,5,60,0,1,0,0.5013759136199951,0.5013759136199951,0.4986240863800049,0.5013759136199951,6,6,3,zero_shot_paired
90,5,6,6,60,1,1,1,0.5014170408248901,0.5014170408248901,0.49858298897743225,0.5014170408248901,6,6,3,zero_shot_paired
90,6,6,7,60,0,1,0,0.509527862071991,0.509527862071991,0.4904721677303314,0.509527862071991,6,6,3,zero_shot_paired
90,7,6,8,60,0,0,1,0.5063909888267517,0.5063909888267517,0.5063909888267517,0.4936090111732483,6,6,3,zero_shot_paired
90,8,6,10,60,1,0,0,0.5073142647743225,0.5073142647743225,0.5073142647743225,0.4926857054233551,6,6,3,zero_shot_paired
90,9,6,11,60,1,0,0,0.5011597871780396,0.5011597871780396,0.5011597871780396,0.49884024262428284,6,6,3,zero_shot_paired
90,10,6,12,60,1,1,1,0.5109074711799622,0.5109074711799622,0.48909249901771545,0.5109074711799622,6,6,3,zero_shot_paired
90,11,6,14,60,0,1,0,0.5084418058395386,0.5084418058395386,0.4915582239627838,0.5084418058395386,6,6,3,zero_shot_paired
90,12,6,15,60,1,0,0,0.5063790082931519,0.5063790082931519,0.5063790082931519,0.49362102150917053,6,6,3,zero_shot_paired
90,13,6,16,60,0,1,0,0.5036395788192749,0.5036395788192749,0.4963604211807251,0.5036395788192749,6,6,3,zero_shot_paired
90,14,6,17,60,0,0,1,0.5058990120887756,0.5058990120887756,0.5058990120887756,0.494100958108902,6,6,3,zero_shot_paired
90,0,6,0,60,1,1,1,0.506697952747345,0.506697952747345,0.49330201745033264,0.506697952747345,6,6,3,post_calibration
90,1,6,1,60,0,0,1,0.5050679445266724,0.5050679445266724,0.5050679445266724,0.49493202567100525,6,6,3,post_calibration
90,2,6,2,60,1,1,1,0.5039839744567871,0.5039839744567871,0.4960159659385681,0.5039839744567871,6,6,3,post_calibration
90,3,6,3,60,0,1,0,0.5044654011726379,0.5044654011726379,0.49553462862968445,0.5044654011726379,6,6,3,post_calibration
90,4,6,5,60,0,1,0,0.5014973878860474,0.5014973878860474,0.498502641916275,0.5014973878860474,6,6,3,post_calibration
90,5,6,6,60,1,1,1,0.5015708208084106,0.5015708208084106,0.49842917919158936,0.5015708208084106,6,6,3,post_calibration
90,6,6,7,60,0,1,0,0.5095119476318359,0.5095119476318359,0.49048808217048645,0.5095119476318359,6,6,3,post_calibration
90,7,6,8,60,0,0,1,0.5063781142234802,0.5063781142234802,0.5063781142234802,0.4936218559741974,6,6,3,post_calibration
90,8,6,10,60,1,0,0,0.5075372457504272,0.5075372457504272,0.5075372457504272,0.49246272444725037,6,6,3,post_calibration
90,9,6,11,60,1,0,0,0.5010013580322266,0.5010013580322266,0.5010013580322266,0.49899864196777344,6,6,3,post_calibration
90,10,6,12,60,1,1,1,0.5109795331954956,0.5109795331954956,0.489020437002182,0.5109795331954956,6,6,3,post_calibration
90,11,6,14,60,0,1,0,0.5085472464561462,0.5085472464561462,0.49145275354385376,0.5085472464561462,6,6,3,post_calibration
90,12,6,15,60,1,0,0,0.506500780582428,0.506500780582428,0.506500780582428,0.493499219417572,6,6,3,post_calibration
90,13,6,16,60,0,1,0,0.503673255443573,0.503673255443573,0.496326744556427,0.503673255443573,6,6,3,post_calibration
90,14,6,17,60,0,0,1,0.5057311654090881,0.5057311654090881,0.5057311654090881,0.49426886439323425,6,6,3,post_calibration
91,0,6,2,60,1,1,1,0.5039171576499939,0.5039171576499939,0.4960828423500061,0.5039171576499939,6,1,6,zero_shot_paired
91,1,6,3,60,0,1,0,0.5043577551841736,0.5043577551841736,0.4956423044204712,0.5043577551841736,6,1,6,zero_shot_paired
91,2,6,4,60,1,1,1,0.501377284526825,0.501377284526825,0.4986226558685303,0.501377284526825,6,1,6,zero_shot_paired
91,3,6,5,60,0,1,0,0.5013759136199951,0.5013759136199951,0.4986240863800049,0.5013759136199951,6,1,6,zero_shot_paired
91,4,6,7,60,0,1,0,0.509527862071991,0.509527862071991,0.4904721677303314,0.509527862071991,6,1,6,zero_shot_paired
91,5,6,10,60,1,0,0,0.5073142647743225,0.5073142647743225,0.5073142647743225,0.4926857054233551,6,1,6,zero_shot_paired
91,6,6,11,60,1,0,0,0.5011597871780396,0.5011597871780396,0.5011597871780396,0.49884024262428284,6,1,6,zero_shot_paired
91,7,6,12,60,1,1,1,0.5109074711799622,0.5109074711799622,0.48909249901771545,0.5109074711799622,6,1,6,zero_shot_paired
91,8,6,13,60,0,0,1,0.5030374526977539,0.5030374526977539,0.5030374526977539,0.4969625473022461,6,1,6,zero_shot_paired
91,9,6,15,60,1,0,0,0.5063790082931519,0.5063790082931519,0.5063790082931519,0.49362102150917053,6,1,6,zero_shot_paired
91,10,6,16,60,0,1,0,0.5036395788192749,0.5036395788192749,0.4963604211807251,0.5036395788192749,6,1,6,zero_shot_paired
91,11,6,17,60,0,0,1,0.5058990120887756,0.5058990120887756,0.5058990120887756,0.494100958108902,6,1,6,zero_shot_paired
91,0,6,2,60,1,1,1,0.5037110447883606,0.5037110447883606,0.4962889552116394,0.5037110447883606,6,1,6,post_calibration
91,1,6,3,60,0,1,0,0.5043201446533203,0.5043201446533203,0.4956798255443573,0.5043201446533203,6,1,6,post_calibration
91,2,6,4,60,1,1,1,0.501437246799469,0.501437246799469,0.498562753200531,0.501437246799469,6,1,6,post_calibration
91,3,6,5,60,0,1,0,0.5012884140014648,0.5012884140014648,0.49871158599853516,0.5012884140014648,6,1,6,post_calibration
91,4,6,7,60,0,1,0,0.5094794034957886,0.5094794034957886,0.4905206263065338,0.5094794034957886,6,1,6,post_calibration
91,5,6,10,60,1,0,0,0.5075642466545105,0.5075642466545105,0.5075642466545105,0.4924357533454895,6,1,6,post_calibration
91,6,6,11,60,1,0,0,0.5013827085494995,0.5013827085494995,0.5013827085494995,0.4986172616481781,6,1,6,post_calibration
91,7,6,12,60,1,1,1,0.5108476281166077,0.5108476281166077,0.4891524016857147,0.5108476281166077,6,1,6,post_calibration
91,8,6,13,60,0,0,1,0.50328528881073,0.50328528881073,0.50328528881073,0.49671471118927,6,1,6,post_calibration
91,9,6,15,60,1,0,0,0.5066101551055908,0.5066101551055908,0.5066101551055908,0.49338987469673157,6,1,6,post_calibration
91,10,6,16,60,0,1,0,0.503670871257782,0.503670871257782,0.496329128742218,0.503670871257782,6,1,6,post_calibration
91,11,6,17,60,0,0,1,0.50593501329422,0.50593501329422,0.50593501329422,0.4940650165081024,6,1,6,post_calibration
92,0,6,0,60,1,1,1,0.5066477656364441,0.5066477656364441,0.4933522045612335,0.5066477656364441,6,2,6,zero_shot_paired
92,1,6,1,60,0,0,1,0.5050148367881775,0.5050148367881775,0.5050148367881775,0.4949851632118225,6,2,6,zero_shot_paired
92,2,6,2,60,1,1,1,0.5039171576499939,0.5039171576499939,0.4960828423500061,0.5039171576499939,6,2,6,zero_shot_paired
92,3,6,4,60,1,1,1,0.501377284526825,0.501377284526825,0.4986226558685303,0.501377284526825,6,2,6,zero_shot_paired
92,4,6,5,60,0,1,0,0.5013759136199951,0.5013759136199951,0.4986240863800049,0.5013759136199951,6,2,6,zero_shot_paired
92,5,6,6,60,1,1,1,0.5014170408248901,0.5014170408248901,0.49858298897743225,0.5014170408248901,6,2,6,zero_shot_paired
92,6,6,7,60,0,1,0,0.509527862071991,0.509527862071991,0.4904721677303314,0.509527862071991,6,2,6,zero_shot_paired
92,7,6,8,60,0,0,1,0.5063909888267517,0.5063909888267517,0.5063909888267517,0.4936090111732483,6,2,6,zero_shot_paired
92,8,6,9,60,0,0,1,0.5004255175590515,0.5004255175590515,0.5004255175590515,0.4995744824409485,6,2,6,zero_shot_paired
92,9,6,13,60,0,0,1,0.5030374526977539,0.5030374526977539,0.5030374526977539,0.4969625473022461,6,2,6,zero_shot_paired
92,10,6,14,60,0,1,0,0.5084418058395386,0.5084418058395386,0.4915582239627838,0.5084418058395386,6,2,6,zero_shot_paired
92,11,6,15,60,1,0,0,0.5063790082931519,0.5063790082931519,0.5063790082931519,0.49362102150917053,6,2,6,zero_shot_paired
92,0,6,0,60,1,1,1,0.5064408779144287,0.5064408779144287,0.4935591220855713,0.5064408779144287,6,2,6,post_calibration
92,1,6,1,60,0,0,1,0.504901111125946,0.504901111125946,0.504901111125946,0.49509888887405396,6,2,6,post_calibration
92,2,6,2,60,1,1,1,0.5040419101715088,0.5040419101715088,0.4959580600261688,0.5040419101715088,6,2,6,post_calibration
92,3,6,4,60,1,1,1,0.5012015700340271,0.5012015700340271,0.4987984299659729,0.5012015700340271,6,2,6,post_calibration
92,4,6,5,60,0,1,0,0.501477837562561,0.501477837562561,0.49852216243743896,0.501477837562561,6,2,6,post_calibration
92,5,6,6,60,1,1,1,0.5013754367828369,0.5013754367828369,0.4986245632171631,0.5013754367828369,6,2,6,post_calibration
92,6,6,7,60,0,1,0,0.5093868374824524,0.5093868374824524,0.4906131625175476,0.5093868374824524,6,2,6,post_calibration
92,7,6,8,60,0,0,1,0.5064430832862854,0.5064430832862854,0.5064430832862854,0.493556946516037,6,2,6,post_calibration
92,8,6,9,60,0,0,1,0.5004580020904541,0.5004580020904541,0.5004580020904541,0.4995419979095459,6,2,6,post_calibration
92,9,6,13,60,0,0,1,0.5030074119567871,0.5030074119567871,0.5030074119567871,0.4969926178455353,6,2,6,post_calibration
92,10,6,14,60,0,1,0,0.5081499814987183,0.5081499814987183,0.4918500483036041,0.5081499814987183,6,2,6,post_calibration
92,11,6,15,60,1,0,0,0.5062423944473267,0.5062423944473267,0.5062423944473267,0.49375760555267334,6,2,6,post_calibration
93,0,6,0,60,1,1,1,0.5066477656364441,0.5066477656364441,0.4933522045612335,0.5066477656364441,6,3,6,zero_shot_paired
93,1,6,1,60,0,0,1,0.5050148367881775,0.5050148367881775,0.5050148367881775,0.4949851632118225,6,3,6,zero_shot_paired
93,2,6,3,60,0,1,0,0.5043577551841736,0.5043577551841736,0.4956423044204712,0.5043577551841736,6,3,6,zero_shot_paired
93,3,6,6,60,1,1,1,0.5014170408248901,0.5014170408248901,0.49858298897743225,0.5014170408248901,6,3,6,zero_shot_paired
93,4,6,8,60,0,0,1,0.5063909888267517,0.5063909888267517,0.5063909888267517,0.4936090111732483,6,3,6,zero_shot_paired
93,5,6,9,60,0,0,1,0.5004255175590515,0.5004255175590515,0.5004255175590515,0.4995744824409485,6,3,6,zero_shot_paired
93,6,6,10,60,1,0,0,0.5073142647743225,0.5073142647743225,0.5073142647743225,0.4926857054233551,6,3,6,zero_shot_paired
93,7,6,11,60,1,0,0,0.5011597871780396,0.5011597871780396,0.5011597871780396,0.49884024262428284,6,3,6,zero_shot_paired
93,8,6,12,60,1,1,1,0.5109074711799622,0.5109074711799622,0.48909249901771545,0.5109074711799622,6,3,6,zero_shot_paired
93,9,6,14,60,0,1,0,0.5084418058395386,0.5084418058395386,0.4915582239627838,0.5084418058395386,6,3,6,zero_shot_paired
93,10,6,16,60,0,1,0,0.5036395788192749,0.5036395788192749,0.4963604211807251,0.5036395788192749,6,3,6,zero_shot_paired
93,11,6,17,60,0,0,1,0.5058990120887756,0.5058990120887756,0.5058990120887756,0.494100958108902,6,3,6,zero_shot_paired
93,0,6,0,60,1,1,1,0.506712019443512,0.506712019443512,0.49328798055648804,0.506712019443512,6,3,6,post_calibration
93,1,6,1,60,0,0,1,0.5050499439239502,0.5050499439239502,0.5050499439239502,0.4949500858783722,6,3,6,post_calibration
93,2,6,3,60,0,1,0,0.5044161677360535,0.5044161677360535,0.4955838620662689,0.5044161677360535,6,3,6,post_calibration
93,3,6,6,60,1,1,1,0.5014127492904663,0.5014127492904663,0.4985872209072113,0.5014127492904663,6,3,6,post_calibration
93,4,6,8,60,0,0,1,0.5064423680305481,0.5064423680305481,0.5064423680305481,0.4935576021671295,6,3,6,post_calibration
93,5,6,9,60,0,0,1,0.5004292130470276,0.5004292130470276,0.5004292130470276,0.4995708167552948,6,3,6,post_calibration
93,6,6,10,60,1,0,0,0.5075104236602783,0.5075104236602783,0.5075104236602783,0.4924895763397217,6,3,6,post_calibration
93,7,6,11,60,1,0,0,0.5011898279190063,0.5011898279190063,0.5011898279190063,0.49881017208099365,6,3,6,post_calibration
93,8,6,12,60,1,1,1,0.5111287832260132,0.5111287832260132,0.4888712465763092,0.5111287832260132,6,3,6,post_calibration
93,9,6,14,60,0,1,0,0.5085106492042542,0.5085106492042542,0.49148938059806824,0.5085106492042542,6,3,6,post_calibration
93,10,6,16,60,0,1,0,0.5035957098007202,0.5035957098007202,0.4964043200016022,0.5035957098007202,6,3,6,post_calibration
93,11,6,17,60,0,0,1,0.5060358047485352,0.5060358047485352,0.5060358047485352,0.49396419525146484,6,3,6,post_calibration
94,0,6,2,60,1,1,1,0.5039172172546387,0.5039172172546387,0.49608275294303894,0.5039172172546387,6,1,9,zero_shot_paired
94,1,6,3,60,0,1,0,0.504357635974884,0.504357635974884,0.49564236402511597,0.504357635974884,6,1,9,zero_shot_paired
94,2,6,4,60,1,1,1,0.5013771653175354,0.5013771653175354,0.4986228048801422,0.5013771653175354,6,1,9,zero_shot_paired
94,3,6,8,60,0,0,1,0.5063909888267517,0.5063909888267517,0.5063909888267517,0.4936089813709259,6,1,9,zero_shot_paired
94,4,6,9,60,0,0,1,0.5004254579544067,0.5004254579544067,0.5004254579544067,0.49957457184791565,6,1,9,zero_shot_paired
94,5,6,10,60,1,0,0,0.5073143243789673,0.5073143243789673,0.5073143243789673,0.4926856458187103,6,1,9,zero_shot_paired
94,6,6,14,60,0,1,0,0.5084415078163147,0.5084415078163147,0.4915584921836853,0.5084415078163147,6,1,9,zero_shot_paired
94,7,6,15,60,1,0,0,0.5063794255256653,0.5063794255256653,0.5063794255256653,0.4936205744743347,6,1,9,zero_shot_paired
94,8,6,16,60,0,1,0,0.5036395788192749,0.5036395788192749,0.4963603615760803,0.5036395788192749,6,1,9,zero_shot_paired
94,0,6,2,60,1,1,1,0.5038721561431885,0.5038721561431885,0.49612781405448914,0.5038721561431885,6,1,9,post_calibration
94,1,6,3,60,0,1,0,0.5044164061546326,0.5044164061546326,0.4955836236476898,0.5044164061546326,6,1,9,post_calibration
94,2,6,4,60,1,1,1,0.5014511942863464,0.5014511942863464,0.4985487759113312,0.5014511942863464,6,1,9,post_calibration
94,3,6,8,60,0,0,1,0.5068321228027344,0.5068321228027344,0.5068321228027344,0.49316784739494324,6,1,9,post_calibration
94,4,6,9,60,0,0,1,0.50071781873703,0.50071781873703,0.50071781873703,0.49928218126296997,6,1,9,post_calibration
94,5,6,10,60,1,0,0,0.5078610777854919,0.5078610777854919,0.5078610777854919,0.4921388626098633,6,1,9,post_calibration
94,6,6,14,60,0,1,0,0.5084899067878723,0.5084899067878723,0.4915101230144501,0.5084899067878723,6,1,9,post_calibration
94,7,6,15,60,1,0,0,0.5065901279449463,0.5065901279449463,0.5065901279449463,0.4934098720550537,6,1,9,post_calibration
94,8,6,16,60,0,1,0,0.5037150382995605,0.5037150382995605,0.49628499150276184,0.5037150382995605,6,1,9,post_calibration
95,0,6,0,60,1,1,1,0.5066476464271545,0.5066476464271545,0.49335235357284546,0.5066476464271545,6,2,9,zero_shot_paired
95,1,6,1,60,0,0,1,0.5050148367881775,0.5050148367881775,0.5050148367881775,0.4949851632118225,6,2,9,zero_shot_paired
95,2,6,5,60,0,1,0,0.5013759136199951,0.5013759136199951,0.4986240863800049,0.5013759136199951,6,2,9,zero_shot_paired
95,3,6,6,60,1,1,1,0.5014169216156006,0.5014169216156006,0.4985830783843994,0.5014169216156006,6,2,9,zero_shot_paired
95,4,6,7,60,0,1,0,0.509527862071991,0.509527862071991,0.49047210812568665,0.509527862071991,6,2,9,zero_shot_paired
95,5,6,11,60,1,0,0,0.5011597871780396,0.5011597871780396,0.5011597871780396,0.49884024262428284,6,2,9,zero_shot_paired
95,6,6,12,60,1,1,1,0.5109074711799622,0.5109074711799622,0.48909249901771545,0.5109074711799622,6,2,9,zero_shot_paired
95,7,6,13,60,0,0,1,0.5030373930931091,0.5030373930931091,0.5030373930931091,0.49696263670921326,6,2,9,zero_shot_paired
95,8,6,17,60,0,0,1,0.5058990716934204,0.5058990716934204,0.5058990716934204,0.4941009283065796,6,2,9,zero_shot_paired
95,0,6,0,60,1,1,1,0.5069155097007751,0.5069155097007751,0.49308446049690247,0.5069155097007751,6,2,9,post_calibration
95,1,6,1,60,0,0,1,0.5050649046897888,0.5050649046897888,0.5050649046897888,0.49493512511253357,6,2,9,post_calibration
95,2,6,5,60,0,1,0,0.5013842582702637,0.5013842582702637,0.49861574172973633,0.5013842582702637,6,2,9,post_calibration
95,3,6,6,60,1,1,1,0.5013086199760437,0.5013086199760437,0.4986913204193115,0.5013086199760437,6,2,9,post_calibration
95,4,6,7,60,0,1,0,0.5095385909080505,0.5095385909080505,0.4904613792896271,0.5095385909080505,6,2,9,post_calibration
95,5,6,11,60,1,0,0,0.5008946061134338,0.5008946061134338,0.5008946061134338,0.49910539388656616,6,2,9,post_calibration
95,6,6,12,60,1,1,1,0.5110918879508972,0.5110918879508972,0.4889081120491028,0.5110918879508972,6,2,9,post_calibration
95,7,6,13,60,0,0,1,0.5032942891120911,0.5032942891120911,0.5032942891120911,0.49670568108558655,6,2,9,post_calibration
95,8,6,17,60,0,0,1,0.5059013962745667,0.5059013962745667,0.5059013962745667,0.49409857392311096,6,2,9,post_calibration
96,0,6,2,60,1,1,1,0.5039194226264954,0.5039194226264954,0.49608051776885986,0.5039194226264954,6,1,12,zero_shot_paired
96,1,6,5,60,0,1,0,0.5013742446899414,0.5013742446899414,0.498625785112381,0.5013742446899414,6,1,12,zero_shot_paired
96,2,6,6,60,1,1,1,0.5014172196388245,0.5014172196388245,0.49858278036117554,0.5014172196388245,6,1,12,zero_shot_paired
96,3,6,8,60,0,0,1,0.5063894987106323,0.5063894987106323,0.5063894987106323,0.49361056089401245,6,1,12,zero_shot_paired
96,4,6,12,60,1,1,1,0.510908842086792,0.510908842086792,0.489091157913208,0.510908842086792,6,1,12,zero_shot_paired
96,5,6,16,60,0,1,0,0.5036372542381287,0.5036372542381287,0.49636274576187134,0.5036372542381287,6,1,12,zero_shot_paired
96,0,6,2,60,1,1,1,0.5037499666213989,0.5037499666213989,0.4962499737739563,0.5037499666213989,6,1,12,post_calibration
96,1,6,5,60,0,1,0,0.5013278722763062,0.5013278722763062,0.49867212772369385,0.5013278722763062,6,1,12,post_calibration
96,2,6,6,60,1,1,1,0.5014608502388,0.5014608502388,0.49853911995887756,0.5014608502388,6,1,12,post_calibration
96,3,6,8,60,0,0,1,0.5063483119010925,0.5063483119010925,0.5063483119010925,0.4936516582965851,6,1,12,post_calibration
96,4,6,12,60,1,1,1,0.5109958052635193,0.5109958052635193,0.4890041947364807,0.5109958052635193,6,1,12,post_calibration
96,5,6,16,60,0,1,0,0.5035823583602905,0.5035823583602905,0.49641770124435425,0.5035823583602905,6,1,12,post_calibration
97,0,6,1,60,0,0,1,0.5050145387649536,0.5050145387649536,0.5050145387649536,0.4949854612350464,6,2,12,zero_shot_paired
97,1,6,6,60,1,1,1,0.5014172196388245,0.5014172196388245,0.49858278036117554,0.5014172196388245,6,2,12,zero_shot_paired
97,2,6,7,60,0,1,0,0.5095271468162537,0.5095271468162537,0.4904729127883911,0.5095271468162537,6,2,12,zero_shot_paired
97,3,6,11,60,1,0,0,0.5011602640151978,0.5011602640151978,0.5011602640151978,0.49883976578712463,6,2,12,zero_shot_paired
97,4,6,15,60,1,0,0,0.5063763856887817,0.5063763856887817,0.5063763856887817,0.49362364411354065,6,2,12,zero_shot_paired
97,5,6,16,60,0,1,0,0.5036372542381287,0.5036372542381287,0.49636274576187134,0.5036372542381287,6,2,12,zero_shot_paired
97,0,6,1,60,0,0,1,0.5052210092544556,0.5052210092544556,0.5052210092544556,0.49477899074554443,6,2,12,post_calibration
97,1,6,6,60,1,1,1,0.5010687708854675,0.5010687708854675,0.4989311993122101,0.5010687708854675,6,2,12,post_calibration
97,2,6,7,60,0,1,0,0.5094232559204102,0.5094232559204102,0.49057674407958984,0.5094232559204102,6,2,12,post_calibration
97,3,6,11,60,1,0,0,0.5013904571533203,0.5013904571533203,0.5013904571533203,0.4986095726490021,6,2,12,post_calibration
97,4,6,15,60,1,0,0,0.5065451860427856,0.5065451860427856,0.5065451860427856,0.49345478415489197,6,2,12,post_calibration
97,5,6,16,60,0,1,0,0.5035728216171265,0.5035728216171265,0.49642717838287354,0.5035728216171265,6,2,12,post_calibration
98,0,6,0,60,1,1,1,0.5066469311714172,0.5066469311714172,0.49335309863090515,0.5066469311714172,6,3,12,zero_shot_paired
98,1,6,1,60,0,0,1,0.5050145387649536,0.5050145387649536,0.5050145387649536,0.4949854612350464,6,3,12,zero_shot_paired
98,2,6,2,60,1,1,1,0.5039194226264954,0.5039194226264954,0.49608051776885986,0.5039194226264954,6,3,12,zero_shot_paired
98,3,6,10,60,1,0,0,0.507314145565033,0.507314145565033,0.507314145565033,0.49268588423728943,6,3,12,zero_shot_paired
98,4,6,14,60,0,1,0,0.5084423422813416,0.5084423422813416,0.49155765771865845,0.5084423422813416,6,3,12,zero_shot_paired
98,5,6,16,60,0,1,0,0.5036372542381287,0.5036372542381287,0.49636274576187134,0.5036372542381287,6,3,12,zero_shot_paired
98,0,6,0,60,1,1,1,0.5064815282821655,0.5064815282821655,0.4935184717178345,0.5064815282821655,6,3,12,post_calibration
98,1,6,1,60,0,0,1,0.5052109360694885,0.5052109360694885,0.5052109360694885,0.49478909373283386,6,3,12,post_calibration
98,2,6,2,60,1,1,1,0.503749668598175,0.503749668598175,0.4962502717971802,0.503749668598175,6,3,12,post_calibration
98,3,6,10,60,1,0,0,0.507678747177124,0.507678747177124,0.507678747177124,0.49232128262519836,6,3,12,post_calibration
98,4,6,14,60,0,1,0,0.5082213878631592,0.5082213878631592,0.4917786121368408,0.5082213878631592,6,3,12,post_calibration
98,5,6,16,60,0,1,0,0.5035424828529358,0.5035424828529358,0.4964575469493866,0.5035424828529358,6,3,12,post_calibration
8,0,7,0,60,0,0,1,0.5066099166870117,0.5066099166870117,0.5066099166870117,0.4933900535106659,7,,,zero_shot_all_trials
8,1,7,1,60,1,0,0,0.5018870234489441,0.5018870234489441,0.5018870234489441,0.4981130063533783,7,,,zero_shot_all_trials
8,2,7,2,60,1,0,0,0.5107803344726562,0.5107803344726562,0.5107803344726562,0.48921969532966614,7,,,zero_shot_all_trials
8,3,7,3,60,1,0,0,0.5078282356262207,0.5078282356262207,0.5078282356262207,0.4921717643737793,7,,,zero_shot_all_trials
8,4,7,4,60,1,0,0,0.5088688731193542,0.5088688731193542,0.5088688731193542,0.49113112688064575,7,,,zero_shot_all_trials
8,5,7,5,60,1,0,0,0.5058416724205017,0.5058416724205017,0.5058416724205017,0.4941582977771759,7,,,zero_shot_all_trials
8,6,7,6,60,1,0,0,0.5036532878875732,0.5036532878875732,0.5036532878875732,0.49634674191474915,7,,,zero_shot_all_trials
8,7,7,7,60,0,0,1,0.5018068552017212,0.5018068552017212,0.5018068552017212,0.4981931149959564,7,,,zero_shot_all_trials
8,8,7,8,60,0,0,1,0.5030978322029114,0.5030978322029114,0.5030978322029114,0.4969021677970886,7,,,zero_shot_all_trials
8,9,7,9,60,1,0,0,0.5026751756668091,0.5026751756668091,0.5026751756668091,0.4973248541355133,7,,,zero_shot_all_trials
8,10,7,10,60,1,0,0,0.5055757761001587,0.5055757761001587,0.5055757761001587,0.4944242835044861,7,,,zero_shot_all_trials
8,11,7,11,60,1,0,0,0.5041714310646057,0.5041714310646057,0.5041714310646057,0.4958285391330719,7,,,zero_shot_all_trials
8,12,7,12,60,1,0,0,0.5049334168434143,0.5049334168434143,0.5049334168434143,0.4950666129589081,7,,,zero_shot_all_trials
8,13,7,13,60,1,0,0,0.5032272338867188,0.5032272338867188,0.5032272338867188,0.49677273631095886,7,,,zero_shot_all_trials
8,14,7,14,60,1,0,0,0.5038725733757019,0.5038725733757019,0.5038725733757019,0.4961273670196533,7,,,zero_shot_all_trials
8,15,7,15,60,1,0,0,0.5059876441955566,0.5059876441955566,0.5059876441955566,0.49401232600212097,7,,,zero_shot_all_trials
8,16,7,16,60,0,0,1,0.5023120045661926,0.5023120045661926,0.5023120045661926,0.4976879954338074,7,,,zero_shot_all_trials
8,17,7,17,60,1,0,0,0.5010890364646912,0.5010890364646912,0.5010890364646912,0.4989110231399536,7,,,zero_shot_all_trials
99,0,7,0,60,0,0,1,0.5066100358963013,0.5066100358963013,0.5066100358963013,0.49338993430137634,7,1,3,zero_shot_paired
99,1,7,1,60,1,0,0,0.5018870234489441,0.5018870234489441,0.5018870234489441,0.4981130063533783,7,1,3,zero_shot_paired
99,2,7,2,60,1,0,0,0.510780394077301,0.510780394077301,0.510780394077301,0.489219605922699,7,1,3,zero_shot_paired
99,3,7,3,60,1,0,0,0.5078282356262207,0.5078282356262207,0.5078282356262207,0.4921717941761017,7,1,3,zero_shot_paired
99,4,7,4,60,1,0,0,0.5088685750961304,0.5088685750961304,0.5088685750961304,0.49113139510154724,7,1,3,zero_shot_paired
99,5,7,5,60,1,0,0,0.5058417916297913,0.5058417916297913,0.5058417916297913,0.49415817856788635,7,1,3,zero_shot_paired
99,6,7,6,60,1,0,0,0.5036532878875732,0.5036532878875732,0.5036532878875732,0.49634674191474915,7,1,3,zero_shot_paired
99,7,7,8,60,0,0,1,0.5030978918075562,0.5030978918075562,0.5030978918075562,0.49690213799476624,7,1,3,zero_shot_paired
99,8,7,9,60,1,0,0,0.5026750564575195,0.5026750564575195,0.5026750564575195,0.4973249137401581,7,1,3,zero_shot_paired
99,9,7,11,60,1,0,0,0.5041714310646057,0.5041714310646057,0.5041714310646057,0.4958285689353943,7,1,3,zero_shot_paired
99,10,7,12,60,1,0,0,0.5049334168434143,0.5049334168434143,0.5049334168434143,0.4950666129589081,7,1,3,zero_shot_paired
99,11,7,13,60,1,0,0,0.5032272338867188,0.5032272338867188,0.5032272338867188,0.49677279591560364,7,1,3,zero_shot_paired
99,12,7,14,60,1,0,0,0.5038725733757019,0.5038725733757019,0.5038725733757019,0.4961273670196533,7,1,3,zero_shot_paired
99,13,7,15,60,1,0,0,0.5059876441955566,0.5059876441955566,0.5059876441955566,0.49401241540908813,7,1,3,zero_shot_paired
99,14,7,16,60,0,0,1,0.5023120641708374,0.5023120641708374,0.5023120641708374,0.4976879358291626,7,1,3,zero_shot_paired
99,0,7,0,60,0,0,1,0.5065625309944153,0.5065625309944153,0.5065625309944153,0.4934374690055847,7,1,3,post_calibration
99,1,7,1,60,1,0,0,0.50180584192276,0.50180584192276,0.50180584192276,0.4981941878795624,7,1,3,post_calibration
99,2,7,2,60,1,0,0,0.5106167197227478,0.5106167197227478,0.5106167197227478,0.4893832802772522,7,1,3,post_calibration
99,3,7,3,60,1,0,0,0.5078059434890747,0.5078059434890747,0.5078059434890747,0.4921940267086029,7,1,3,post_calibration
99,4,7,4,60,1,0,0,0.5087711811065674,0.5087711811065674,0.5087711811065674,0.491228848695755,7,1,3,post_calibration
99,5,7,5,60,1,0,0,0.5057744383811951,0.5057744383811951,0.5057744383811951,0.4942255914211273,7,1,3,post_calibration
99,6,7,6,60,1,0,0,0.5035634636878967,0.5035634636878967,0.5035634636878967,0.49643656611442566,7,1,3,post_calibration
99,7,7,8,60,0,0,1,0.5030974745750427,0.5030974745750427,0.5030974745750427,0.4969024956226349,7,1,3,post_calibration
99,8,7,9,60,1,0,0,0.5025017857551575,0.5025017857551575,0.5025017857551575,0.49749818444252014,7,1,3,post_calibration
99,9,7,11,60,1,0,0,0.5040889978408813,0.5040889978408813,0.5040889978408813,0.4959109425544739,7,1,3,post_calibration
99,10,7,12,60,1,0,0,0.5047768354415894,0.5047768354415894,0.5047768354415894,0.49522313475608826,7,1,3,post_calibration
99,11,7,13,60,1,0,0,0.5030704736709595,0.5030704736709595,0.5030704736709595,0.4969295263290405,7,1,3,post_calibration
99,12,7,14,60,1,0,0,0.5038329362869263,0.5038329362869263,0.5038329362869263,0.4961670935153961,7,1,3,post_calibration
99,13,7,15,60,1,0,0,0.5058929324150085,0.5058929324150085,0.5058929324150085,0.49410712718963623,7,1,3,post_calibration
99,14,7,16,60,0,0,1,0.502152681350708,0.502152681350708,0.502152681350708,0.497847318649292,7,1,3,post_calibration
100,0,7,0,60,0,0,1,0.5066100358963013,0.5066100358963013,0.5066100358963013,0.49338993430137634,7,2,3,zero_shot_paired
100,1,7,1,60,1,0,0,0.5018870234489441,0.5018870234489441,0.5018870234489441,0.4981130063533783,7,2,3,zero_shot_paired
100,2,7,2,60,1,0,0,0.510780394077301,0.510780394077301,0.510780394077301,0.489219605922699,7,2,3,zero_shot_paired
100,3,7,3,60,1,0,0,0.5078282356262207,0.5078282356262207,0.5078282356262207,0.4921717941761017,7,2,3,zero_shot_paired
100,4,7,4,60,1,0,0,0.5088685750961304,0.5088685750961304,0.5088685750961304,0.49113139510154724,7,2,3,zero_shot_paired
100,5,7,5,60,1,0,0,0.5058417916297913,0.5058417916297913,0.5058417916297913,0.49415817856788635,7,2,3,zero_shot_paired
100,6,7,6,60,1,0,0,0.5036532878875732,0.5036532878875732,0.5036532878875732,0.49634674191474915,7,2,3,zero_shot_paired
100,7,7,7,60,0,0,1,0.501806914806366,0.501806914806366,0.501806914806366,0.4981931149959564,7,2,3,zero_shot_paired
100,8,7,8,60,0,0,1,0.5030978918075562,0.5030978918075562,0.5030978918075562,0.49690213799476624,7,2,3,zero_shot_paired
100,9,7,9,60,1,0,0,0.5026750564575195,0.5026750564575195,0.5026750564575195,0.4973249137401581,7,2,3,zero_shot_paired
100,10,7,10,60,1,0,0,0.5055757164955139,0.5055757164955139,0.5055757164955139,0.49442434310913086,7,2,3,zero_shot_paired
100,11,7,12,60,1,0,0,0.5049334168434143,0.5049334168434143,0.5049334168434143,0.4950666129589081,7,2,3,zero_shot_paired
100,12,7,13,60,1,0,0,0.5032272338867188,0.5032272338867188,0.5032272338867188,0.49677279591560364,7,2,3,zero_shot_paired
100,13,7,15,60,1,0,0,0.5059876441955566,0.5059876441955566,0.5059876441955566,0.49401241540908813,7,2,3,zero_shot_paired
100,14,7,17,60,1,0,0,0.5010889172554016,0.5010889172554016,0.5010889172554016,0.4989111125469208,7,2,3,zero_shot_paired
100,0,7,0,60,0,0,1,0.5067135691642761,0.5067135691642761,0.5067135691642761,0.4932863712310791,7,2,3,post_calibration
100,1,7,1,60,1,0,0,0.5019447207450867,0.5019447207450867,0.5019447207450867,0.49805527925491333,7,2,3,post_calibration
100,2,7,2,60,1,0,0,0.5108298063278198,0.5108298063278198,0.5108298063278198,0.4891701638698578,7,2,3,post_calibration
100,3,7,3,60,1,0,0,0.5078776478767395,0.5078776478767395,0.5078776478767395,0.4921223521232605,7,2,3,post_calibration
100,4,7,4,60,1,0,0,0.5088952779769897,0.5088952779769897,0.5088952779769897,0.49110475182533264,7,2,3,post_calibration
100,5,7,5,60,1,0,0,0.5059287548065186,0.5059287548065186,0.5059287548065186,0.4940713047981262,7,2,3,post_calibration
100,6,7,6,60,1,0,0,0.5036444067955017,0.5036444067955017,0.5036444067955017,0.4963555932044983,7,2,3,post_calibration
100,7,7,7,60,0,0,1,0.5013024806976318,0.5013024806976318,0.5013024806976318,0.49869754910469055,7,2,3,post_calibration
100,8,7,8,60,0,0,1,0.5029212832450867,0.5029212832450867,0.5029212832450867,0.4970787465572357,7,2,3,post_calibration
100,9,7,9,60,1,0,0,0.5027527809143066,0.5027527809143066,0.5027527809143066,0.49724718928337097,7,2,3,post_calibration
100,10,7,10,60,1,0,0,0.5055711269378662,0.5055711269378662,0.5055711269378662,0.4944288730621338,7,2,3,post_calibration
100,11,7,12,60,1,0,0,0.5051551461219788,0.5051551461219788,0.5051551461219788,0.49484485387802124,7,2,3,post_calibration
100,12,7,13,60,1,0,0,0.503038227558136,0.503038227558136,0.503038227558136,0.4969618022441864,7,2,3,post_calibration
100,13,7,15,60,1,0,0,0.5058634281158447,0.5058634281158447,0.5058634281158447,0.49413660168647766,7,2,3,post_calibration
100,14,7,17,60,1,0,0,0.5011851191520691,0.5011851191520691,0.5011851191520691,0.4988149106502533,7,2,3,post_calibration
101,0,7,1,60,1,0,0,0.5018870234489441,0.5018870234489441,0.5018870234489441,0.4981130063533783,7,3,3,zero_shot_paired
101,1,7,2,60,1,0,0,0.510780394077301,0.510780394077301,0.510780394077301,0.489219605922699,7,3,3,zero_shot_paired
101,2,7,4,60,1,0,0,0.5088685750961304,0.5088685750961304,0.5088685750961304,0.49113139510154724,7,3,3,zero_shot_paired
101,3,7,6,60,1,0,0,0.5036532878875732,0.5036532878875732,0.5036532878875732,0.49634674191474915,7,3,3,zero_shot_paired
101,4,7,7,60,0,0,1,0.501806914806366,0.501806914806366,0.501806914806366,0.4981931149959564,7,3,3,zero_shot_paired
101,5,7,8,60,0,0,1,0.5030978918075562,0.5030978918075562,0.5030978918075562,0.49690213799476624,7,3,3,zero_shot_paired
101,6,7,9,60,1,0,0,0.5026750564575195,0.5026750564575195,0.5026750564575195,0.4973249137401581,7,3,3,zero_shot_paired
101,7,7,10,60,1,0,0,0.5055757164955139,0.5055757164955139,0.5055757164955139,0.49442434310913086,7,3,3,zero_shot_paired
101,8,7,11,60,1,0,0,0.5041714310646057,0.5041714310646057,0.5041714310646057,0.4958285689353943,7,3,3,zero_shot_paired
101,9,7,12,60,1,0,0,0.5049334168434143,0.5049334168434143,0.5049334168434143,0.4950666129589081,7,3,3,zero_shot_paired
101,10,7,13,60,1,0,0,0.5032272338867188,0.5032272338867188,0.5032272338867188,0.49677279591560364,7,3,3,zero_shot_paired
101,11,7,14,60,1,0,0,0.5038725733757019,0.5038725733757019,0.5038725733757019,0.4961273670196533,7,3,3,zero_shot_paired
101,12,7,15,60,1,0,0,0.5059876441955566,0.5059876441955566,0.5059876441955566,0.49401241540908813,7,3,3,zero_shot_paired
101,13,7,16,60,0,0,1,0.5023120641708374,0.5023120641708374,0.5023120641708374,0.4976879358291626,7,3,3,zero_shot_paired
101,14,7,17,60,1,0,0,0.5010889172554016,0.5010889172554016,0.5010889172554016,0.4989111125469208,7,3,3,zero_shot_paired
101,0,7,1,60,1,0,0,0.5017767548561096,0.5017767548561096,0.5017767548561096,0.49822330474853516,7,3,3,post_calibration
101,1,7,2,60,1,0,0,0.5104771852493286,0.5104771852493286,0.5104771852493286,0.4895228147506714,7,3,3,post_calibration
101,2,7,4,60,1,0,0,0.5087140798568726,0.5087140798568726,0.5087140798568726,0.49128589034080505,7,3,3,post_calibration
101,3,7,6,60,1,0,0,0.5035573244094849,0.5035573244094849,0.5035573244094849,0.4964427053928375,7,3,3,post_calibration
101,4,7,7,60,0,0,1,0.5017227530479431,0.5017227530479431,0.5017227530479431,0.4982772469520569,7,3,3,post_calibration
101,5,7,8,60,0,0,1,0.5030441880226135,0.5030441880226135,0.5030441880226135,0.49695584177970886,7,3,3,post_calibration
101,6,7,9,60,1,0,0,0.5026546716690063,0.5026546716690063,0.5026546716690063,0.49734535813331604,7,3,3,post_calibration
101,7,7,10,60,1,0,0,0.5055482983589172,0.5055482983589172,0.5055482983589172,0.49445173144340515,7,3,3,post_calibration
101,8,7,11,60,1,0,0,0.5041041374206543,0.5041041374206543,0.5041041374206543,0.4958958625793457,7,3,3,post_calibration
101,9,7,12,60,1,0,0,0.5047984719276428,0.5047984719276428,0.5047984719276428,0.4952015280723572,7,3,3,post_calibration
101,10,7,13,60,1,0,0,0.5031690001487732,0.5031690001487732,0.5031690001487732,0.4968309700489044,7,3,3,post_calibration
101,11,7,14,60,1,0,0,0.5038182139396667,0.5038182139396667,0.5038182139396667,0.49618178606033325,7,3,3,post_calibration
101,12,7,15,60,1,0,0,0.5058720111846924,0.5058720111846924,0.5058720111846924,0.4941279888153076,7,3,3,post_calibration
101,13,7,16,60,0,0,1,0.5021153688430786,0.5021153688430786,0.5021153688430786,0.4978846609592438,7,3,3,post_calibration
101,14,7,17,60,1,0,0,0.5009903907775879,0.5009903907775879,0.5009903907775879,0.4990095794200897,7,3,3,post_calibration
102,0,7,0,60,0,0,1,0.5066100358963013,0.5066100358963013,0.5066100358963013,0.49338993430137634,7,4,3,zero_shot_paired
102,1,7,2,60,1,0,0,0.510780394077301,0.510780394077301,0.510780394077301,0.489219605922699,7,4,3,zero_shot_paired
102,2,7,3,60,1,0,0,0.5078282356262207,0.5078282356262207,0.5078282356262207,0.4921717941761017,7,4,3,zero_shot_paired
102,3,7,5,60,1,0,0,0.5058417916297913,0.5058417916297913,0.5058417916297913,0.49415817856788635,7,4,3,zero_shot_paired
102,4,7,6,60,1,0,0,0.5036532878875732,0.5036532878875732,0.5036532878875732,0.49634674191474915,7,4,3,zero_shot_paired
102,5,7,7,60,0,0,1,0.501806914806366,0.501806914806366,0.501806914806366,0.4981931149959564,7,4,3,zero_shot_paired
102,6,7,8,60,0,0,1,0.5030978918075562,0.5030978918075562,0.5030978918075562,0.49690213799476624,7,4,3,zero_shot_paired
102,7,7,9,60,1,0,0,0.5026750564575195,0.5026750564575195,0.5026750564575195,0.4973249137401581,7,4,3,zero_shot_paired
102,8,7,10,60,1,0,0,0.5055757164955139,0.5055757164955139,0.5055757164955139,0.49442434310913086,7,4,3,zero_shot_paired
102,9,7,11,60,1,0,0,0.5041714310646057,0.5041714310646057,0.5041714310646057,0.4958285689353943,7,4,3,zero_shot_paired
102,10,7,13,60,1,0,0,0.5032272338867188,0.5032272338867188,0.5032272338867188,0.49677279591560364,7,4,3,zero_shot_paired
102,11,7,14,60,1,0,0,0.5038725733757019,0.5038725733757019,0.5038725733757019,0.4961273670196533,7,4,3,zero_shot_paired
102,12,7,15,60,1,0,0,0.5059876441955566,0.5059876441955566,0.5059876441955566,0.49401241540908813,7,4,3,zero_shot_paired
102,13,7,16,60,0,0,1,0.5023120641708374,0.5023120641708374,0.5023120641708374,0.4976879358291626,7,4,3,zero_shot_paired
102,14,7,17,60,1,0,0,0.5010889172554016,0.5010889172554016,0.5010889172554016,0.4989111125469208,7,4,3,zero_shot_paired
102,0,7,0,60,0,0,1,0.50643390417099,0.50643390417099,0.50643390417099,0.49356609582901,7,4,3,post_calibration
102,1,7,2,60,1,0,0,0.5106921195983887,0.5106921195983887,0.5106921195983887,0.4893079400062561,7,4,3,post_calibration
102,2,7,3,60,1,0,0,0.5076671838760376,0.5076671838760376,0.5076671838760376,0.4923328459262848,7,4,3,post_calibration
102,3,7,5,60,1,0,0,0.5055924654006958,0.5055924654006958,0.5055924654006958,0.4944075345993042,7,4,3,post_calibration
102,4,7,6,60,1,0,0,0.5033540725708008,0.5033540725708008,0.5033540725708008,0.4966459274291992,7,4,3,post_calibration
102,5,7,7,60,0,0,1,0.5017884373664856,0.5017884373664856,0.5017884373664856,0.4982115924358368,7,4,3,post_calibration
102,6,7,8,60,0,0,1,0.5030645132064819,0.5030645132064819,0.5030645132064819,0.4969354569911957,7,4,3,post_calibration
102,7,7,9,60,1,0,0,0.5024996995925903,0.5024996995925903,0.5024996995925903,0.49750030040740967,7,4,3,post_calibration
102,8,7,10,60,1,0,0,0.505435585975647,0.505435585975647,0.505435585975647,0.4945644736289978,7,4,3,post_calibration
102,9,7,11,60,1,0,0,0.5039999485015869,0.5039999485015869,0.5039999485015869,0.49600011110305786,7,4,3,post_calibration
102,10,7,13,60,1,0,0,0.5031688213348389,0.5031688213348389,0.5031688213348389,0.4968312084674835,7,4,3,post_calibration
102,11,7,14,60,1,0,0,0.503864049911499,0.503864049911499,0.503864049911499,0.49613597989082336,7,4,3,post_calibration
102,12,7,15,60,1,0,0,0.5058504343032837,0.5058504343032837,0.5058504343032837,0.4941495358943939,7,4,3,post_calibration
102,13,7,16,60,0,0,1,0.5020921230316162,0.5020921230316162,0.5020921230316162,0.497907817363739,7,4,3,post_calibration
102,14,7,17,60,1,0,0,0.5008008480072021,0.5008008480072021,0.5008008480072021,0.49919915199279785,7,4,3,post_calibration
103,0,7,0,60,0,0,1,0.5066100358963013,0.5066100358963013,0.5066100358963013,0.49338993430137634,7,5,3,zero_shot_paired
103,1,7,1,60,1,0,0,0.5018870234489441,0.5018870234489441,0.5018870234489441,0.4981130063533783,7,5,3,zero_shot_paired
103,2,7,2,60,1,0,0,0.510780394077301,0.510780394077301,0.510780394077301,0.489219605922699,7,5,3,zero_shot_paired
103,3,7,3,60,1,0,0,0.5078282356262207,0.5078282356262207,0.5078282356262207,0.4921717941761017,7,5,3,zero_shot_paired
103,4,7,4,60,1,0,0,0.5088685750961304,0.5088685750961304,0.5088685750961304,0.49113139510154724,7,5,3,zero_shot_paired
103,5,7,5,60,1,0,0,0.5058417916297913,0.5058417916297913,0.5058417916297913,0.49415817856788635,7,5,3,zero_shot_paired
103,6,7,7,60,0,0,1,0.501806914806366,0.501806914806366,0.501806914806366,0.4981931149959564,7,5,3,zero_shot_paired
103,7,7,8,60,0,0,1,0.5030978918075562,0.5030978918075562,0.5030978918075562,0.49690213799476624,7,5,3,zero_shot_paired
103,8,7,10,60,1,0,0,0.5055757164955139,0.5055757164955139,0.5055757164955139,0.49442434310913086,7,5,3,zero_shot_paired
103,9,7,11,60,1,0,0,0.5041714310646057,0.5041714310646057,0.5041714310646057,0.4958285689353943,7,5,3,zero_shot_paired
103,10,7,12,60,1,0,0,0.5049334168434143,0.5049334168434143,0.5049334168434143,0.4950666129589081,7,5,3,zero_shot_paired
103,11,7,13,60,1,0,0,0.5032272338867188,0.5032272338867188,0.5032272338867188,0.49677279591560364,7,5,3,zero_shot_paired
103,12,7,14,60,1,0,0,0.5038725733757019,0.5038725733757019,0.5038725733757019,0.4961273670196533,7,5,3,zero_shot_paired
103,13,7,16,60,0,0,1,0.5023120641708374,0.5023120641708374,0.5023120641708374,0.4976879358291626,7,5,3,zero_shot_paired
103,14,7,17,60,1,0,0,0.5010889172554016,0.5010889172554016,0.5010889172554016,0.4989111125469208,7,5,3,zero_shot_paired
103,0,7,0,60,0,0,1,0.5065793395042419,0.5065793395042419,0.5065793395042419,0.49342072010040283,7,5,3,post_calibration
103,1,7,1,60,1,0,0,0.5018028616905212,0.5018028616905212,0.5018028616905212,0.49819713830947876,7,5,3,post_calibration
103,2,7,2,60,1,0,0,0.5107316374778748,0.5107316374778748,0.5107316374778748,0.48926839232444763,7,5,3,post_calibration
103,3,7,3,60,1,0,0,0.5077452659606934,0.5077452659606934,0.5077452659606934,0.49225470423698425,7,5,3,post_calibration
103,4,7,4,60,1,0,0,0.5086418986320496,0.5086418986320496,0.5086418986320496,0.49135807156562805,7,5,3,post_calibration
103,5,7,5,60,1,0,0,0.5057749152183533,0.5057749152183533,0.5057749152183533,0.4942251145839691,7,5,3,post_calibration
103,6,7,7,60,0,0,1,0.5017169117927551,0.5017169117927551,0.5017169117927551,0.4982830882072449,7,5,3,post_calibration
103,7,7,8,60,0,0,1,0.503010630607605,0.503010630607605,0.503010630607605,0.496989369392395,7,5,3,post_calibration
103,8,7,10,60,1,0,0,0.5054925680160522,0.5054925680160522,0.5054925680160522,0.494507372379303,7,5,3,post_calibration
103,9,7,11,60,1,0,0,0.5038114190101624,0.5038114190101624,0.5038114190101624,0.4961886405944824,7,5,3,post_calibration
103,10,7,12,60,1,0,0,0.5047283172607422,0.5047283172607422,0.5047283172607422,0.4952716827392578,7,5,3,post_calibration
103,11,7,13,60,1,0,0,0.5030816197395325,0.5030816197395325,0.5030816197395325,0.49691838026046753,7,5,3,post_calibration
103,12,7,14,60,1,0,0,0.5037937760353088,0.5037937760353088,0.5037937760353088,0.4962061941623688,7,5,3,post_calibration
103,13,7,16,60,0,0,1,0.5020315647125244,0.5020315647125244,0.5020315647125244,0.4979684054851532,7,5,3,post_calibration
103,14,7,17,60,1,0,0,0.5009533166885376,0.5009533166885376,0.5009533166885376,0.4990466237068176,7,5,3,post_calibration
104,0,7,0,60,0,0,1,0.5066100358963013,0.5066100358963013,0.5066100358963013,0.49338993430137634,7,6,3,zero_shot_paired
104,1,7,1,60,1,0,0,0.5018870234489441,0.5018870234489441,0.5018870234489441,0.4981130063533783,7,6,3,zero_shot_paired
104,2,7,3,60,1,0,0,0.5078282356262207,0.5078282356262207,0.5078282356262207,0.4921717941761017,7,6,3,zero_shot_paired
104,3,7,4,60,1,0,0,0.5088685750961304,0.5088685750961304,0.5088685750961304,0.49113139510154724,7,6,3,zero_shot_paired
104,4,7,5,60,1,0,0,0.5058417916297913,0.5058417916297913,0.5058417916297913,0.49415817856788635,7,6,3,zero_shot_paired
104,5,7,6,60,1,0,0,0.5036532878875732,0.5036532878875732,0.5036532878875732,0.49634674191474915,7,6,3,zero_shot_paired
104,6,7,7,60,0,0,1,0.501806914806366,0.501806914806366,0.501806914806366,0.4981931149959564,7,6,3,zero_shot_paired
104,7,7,9,60,1,0,0,0.5026750564575195,0.5026750564575195,0.5026750564575195,0.4973249137401581,7,6,3,zero_shot_paired
104,8,7,10,60,1,0,0,0.5055757164955139,0.5055757164955139,0.5055757164955139,0.49442434310913086,7,6,3,zero_shot_paired
104,9,7,11,60,1,0,0,0.5041714310646057,0.5041714310646057,0.5041714310646057,0.4958285689353943,7,6,3,zero_shot_paired
104,10,7,12,60,1,0,0,0.5049334168434143,0.5049334168434143,0.5049334168434143,0.4950666129589081,7,6,3,zero_shot_paired
104,11,7,14,60,1,0,0,0.5038725733757019,0.5038725733757019,0.5038725733757019,0.4961273670196533,7,6,3,zero_shot_paired
104,12,7,15,60,1,0,0,0.5059876441955566,0.5059876441955566,0.5059876441955566,0.49401241540908813,7,6,3,zero_shot_paired
104,13,7,16,60,0,0,1,0.5023120641708374,0.5023120641708374,0.5023120641708374,0.4976879358291626,7,6,3,zero_shot_paired
104,14,7,17,60,1,0,0,0.5010889172554016,0.5010889172554016,0.5010889172554016,0.4989111125469208,7,6,3,zero_shot_paired
104,0,7,0,60,0,0,1,0.5065209269523621,0.5065209269523621,0.5065209269523621,0.49347901344299316,7,6,3,post_calibration
104,1,7,1,60,1,0,0,0.5020217299461365,0.5020217299461365,0.5020217299461365,0.4979782998561859,7,6,3,post_calibration
104,2,7,3,60,1,0,0,0.5078698396682739,0.5078698396682739,0.5078698396682739,0.49213019013404846,7,6,3,post_calibration
104,3,7,4,60,1,0,0,0.5086907744407654,0.5086907744407654,0.5086907744407654,0.491309255361557,7,6,3,post_calibration
104,4,7,5,60,1,0,0,0.5057807564735413,0.5057807564735413,0.5057807564735413,0.49421924352645874,7,6,3,post_calibration
104,5,7,6,60,1,0,0,0.5037150979042053,0.5037150979042053,0.5037150979042053,0.4962849020957947,7,6,3,post_calibration
104,6,7,7,60,0,0,1,0.5018541216850281,0.5018541216850281,0.5018541216850281,0.4981458783149719,7,6,3,post_calibration
104,7,7,9,60,1,0,0,0.5026057958602905,0.5026057958602905,0.5026057958602905,0.4973942041397095,7,6,3,post_calibration
104,8,7,10,60,1,0,0,0.5055934190750122,0.5055934190750122,0.5055934190750122,0.4944066107273102,7,6,3,post_calibration
104,9,7,11,60,1,0,0,0.504116952419281,0.504116952419281,0.504116952419281,0.4958830177783966,7,6,3,post_calibration
104,10,7,12,60,1,0,0,0.5048768520355225,0.5048768520355225,0.5048768520355225,0.49512308835983276,7,6,3,post_calibration
104,11,7,14,60,1,0,0,0.5038902759552002,0.5038902759552002,0.5038902759552002,0.4961097538471222,7,6,3,post_calibration
104,12,7,15,60,1,0,0,0.5059006214141846,0.5059006214141846,0.5059006214141846,0.4940994381904602,7,6,3,post_calibration
104,13,7,16,60,0,0,1,0.5022323727607727,0.5022323727607727,0.5022323727607727,0.4977676272392273,7,6,3,post_calibration
104,14,7,17,60,1,0,0,0.5010542273521423,0.5010542273521423,0.5010542273521423,0.49894580245018005,7,6,3,post_calibration
105,0,7,0,60,0,0,1,0.5066100358963013,0.5066100358963013,0.5066100358963013,0.49338993430137634,7,1,6,zero_shot_paired
105,1,7,2,60,1,0,0,0.510780394077301,0.510780394077301,0.510780394077301,0.489219605922699,7,1,6,zero_shot_paired
105,2,7,3,60,1,0,0,0.5078282356262207,0.5078282356262207,0.5078282356262207,0.4921717941761017,7,1,6,zero_shot_paired
105,3,7,5,60,1,0,0,0.5058417916297913,0.5058417916297913,0.5058417916297913,0.49415817856788635,7,1,6,zero_shot_paired
105,4,7,6,60,1,0,0,0.5036532878875732,0.5036532878875732,0.5036532878875732,0.49634674191474915,7,1,6,zero_shot_paired
105,5,7,8,60,0,0,1,0.5030978918075562,0.5030978918075562,0.5030978918075562,0.49690213799476624,7,1,6,zero_shot_paired
105,6,7,10,60,1,0,0,0.5055757164955139,0.5055757164955139,0.5055757164955139,0.49442434310913086,7,1,6,zero_shot_paired
105,7,7,11,60,1,0,0,0.5041714310646057,0.5041714310646057,0.5041714310646057,0.4958285689353943,7,1,6,zero_shot_paired
105,8,7,12,60,1,0,0,0.5049334168434143,0.5049334168434143,0.5049334168434143,0.4950666129589081,7,1,6,zero_shot_paired
105,9,7,13,60,1,0,0,0.5032272338867188,0.5032272338867188,0.5032272338867188,0.49677279591560364,7,1,6,zero_shot_paired
105,10,7,14,60,1,0,0,0.5038725733757019,0.5038725733757019,0.5038725733757019,0.4961273670196533,7,1,6,zero_shot_paired
105,11,7,17,60,1,0,0,0.5010889172554016,0.5010889172554016,0.5010889172554016,0.4989111125469208,7,1,6,zero_shot_paired
105,0,7,0,60,0,0,1,0.5066269040107727,0.5066269040107727,0.5066269040107727,0.4933730959892273,7,1,6,post_calibration
105,1,7,2,60,1,0,0,0.5109544396400452,0.5109544396400452,0.5109544396400452,0.48904556035995483,7,1,6,post_calibration
105,2,7,3,60,1,0,0,0.507810652256012,0.507810652256012,0.507810652256012,0.4921894073486328,7,1,6,post_calibration
105,3,7,5,60,1,0,0,0.5059663653373718,0.5059663653373718,0.5059663653373718,0.4940336346626282,7,1,6,post_calibration
105,4,7,6,60,1,0,0,0.5037357807159424,0.5037357807159424,0.5037357807159424,0.49626418948173523,7,1,6,post_calibration
105,5,7,8,60,0,0,1,0.5031071901321411,0.5031071901321411,0.5031071901321411,0.4968928098678589,7,1,6,post_calibration
105,6,7,10,60,1,0,0,0.5056201219558716,0.5056201219558716,0.5056201219558716,0.49437984824180603,7,1,6,post_calibration
105,7,7,11,60,1,0,0,0.5042002201080322,0.5042002201080322,0.5042002201080322,0.49579980969429016,7,1,6,post_calibration
105,8,7,12,60,1,0,0,0.5049226880073547,0.5049226880073547,0.5049226880073547,0.49507734179496765,7,1,6,post_calibration
105,9,7,13,60,1,0,0,0.5032256841659546,0.5032256841659546,0.5032256841659546,0.496774286031723,7,1,6,post_calibration
105,10,7,14,60,1,0,0,0.5038437843322754,0.5038437843322754,0.5038437843322754,0.496156245470047,7,1,6,post_calibration
105,11,7,17,60,1,0,0,0.5011135339736938,0.5011135339736938,0.5011135339736938,0.49888646602630615,7,1,6,post_calibration
106,0,7,1,60,1,0,0,0.5018870234489441,0.5018870234489441,0.5018870234489441,0.4981130063533783,7,2,6,zero_shot_paired
106,1,7,4,60,1,0,0,0.5088685750961304,0.5088685750961304,0.5088685750961304,0.49113139510154724,7,2,6,zero_shot_paired
106,2,7,6,60,1,0,0,0.5036532878875732,0.5036532878875732,0.5036532878875732,0.49634674191474915,7,2,6,zero_shot_paired
106,3,7,7,60,0,0,1,0.501806914806366,0.501806914806366,0.501806914806366,0.4981931149959564,7,2,6,zero_shot_paired
106,4,7,8,60,0,0,1,0.5030978918075562,0.5030978918075562,0.5030978918075562,0.49690213799476624,7,2,6,zero_shot_paired
106,5,7,9,60,1,0,0,0.5026750564575195,0.5026750564575195,0.5026750564575195,0.4973249137401581,7,2,6,zero_shot_paired
106,6,7,10,60,1,0,0,0.5055757164955139,0.5055757164955139,0.5055757164955139,0.49442434310913086,7,2,6,zero_shot_paired
106,7,7,11,60,1,0,0,0.5041714310646057,0.5041714310646057,0.5041714310646057,0.4958285689353943,7,2,6,zero_shot_paired
106,8,7,13,60,1,0,0,0.5032272338867188,0.5032272338867188,0.5032272338867188,0.49677279591560364,7,2,6,zero_shot_paired
106,9,7,14,60,1,0,0,0.5038725733757019,0.5038725733757019,0.5038725733757019,0.4961273670196533,7,2,6,zero_shot_paired
106,10,7,15,60,1,0,0,0.5059876441955566,0.5059876441955566,0.5059876441955566,0.49401241540908813,7,2,6,zero_shot_paired
106,11,7,16,60,0,0,1,0.5023120641708374,0.5023120641708374,0.5023120641708374,0.4976879358291626,7,2,6,zero_shot_paired
106,0,7,1,60,1,0,0,0.5015650987625122,0.5015650987625122,0.5015650987625122,0.4984348714351654,7,2,6,post_calibration
106,1,7,4,60,1,0,0,0.5085681080818176,0.5085681080818176,0.5085681080818176,0.4914318919181824,7,2,6,post_calibration
106,2,7,6,60,1,0,0,0.5031145811080933,0.5031145811080933,0.5031145811080933,0.49688541889190674,7,2,6,post_calibration
106,3,7,7,60,0,0,1,0.5016265511512756,0.5016265511512756,0.5016265511512756,0.498373419046402,7,2,6,post_calibration
106,4,7,8,60,0,0,1,0.5029062032699585,0.5029062032699585,0.5029062032699585,0.4970938265323639,7,2,6,post_calibration
106,5,7,9,60,1,0,0,0.5025496482849121,0.5025496482849121,0.5025496482849121,0.4974503815174103,7,2,6,post_calibration
106,6,7,10,60,1,0,0,0.5051664113998413,0.5051664113998413,0.5051664113998413,0.4948335886001587,7,2,6,post_calibration
106,7,7,11,60,1,0,0,0.5039726495742798,0.5039726495742798,0.5039726495742798,0.4960273504257202,7,2,6,post_calibration
106,8,7,13,60,1,0,0,0.5031258463859558,0.5031258463859558,0.5031258463859558,0.4968741238117218,7,2,6,post_calibration
106,9,7,14,60,1,0,0,0.5036829113960266,0.5036829113960266,0.5036829113960266,0.496317058801651,7,2,6,post_calibration
106,10,7,15,60,1,0,0,0.5058940649032593,0.5058940649032593,0.5058940649032593,0.49410590529441833,7,2,6,post_calibration
106,11,7,16,60,0,0,1,0.5021412968635559,0.5021412968635559,0.5021412968635559,0.4978587329387665,7,2,6,post_calibration
107,0,7,0,60,0,0,1,0.5066100358963013,0.5066100358963013,0.5066100358963013,0.49338993430137634,7,3,6,zero_shot_paired
107,1,7,1,60,1,0,0,0.5018870234489441,0.5018870234489441,0.5018870234489441,0.4981130063533783,7,3,6,zero_shot_paired
107,2,7,2,60,1,0,0,0.510780394077301,0.510780394077301,0.510780394077301,0.489219605922699,7,3,6,zero_shot_paired
107,3,7,3,60,1,0,0,0.5078282356262207,0.5078282356262207,0.5078282356262207,0.4921717941761017,7,3,6,zero_shot_paired
107,4,7,4,60,1,0,0,0.5088685750961304,0.5088685750961304,0.5088685750961304,0.49113139510154724,7,3,6,zero_shot_paired
107,5,7,5,60,1,0,0,0.5058417916297913,0.5058417916297913,0.5058417916297913,0.49415817856788635,7,3,6,zero_shot_paired
107,6,7,7,60,0,0,1,0.501806914806366,0.501806914806366,0.501806914806366,0.4981931149959564,7,3,6,zero_shot_paired
107,7,7,9,60,1,0,0,0.5026750564575195,0.5026750564575195,0.5026750564575195,0.4973249137401581,7,3,6,zero_shot_paired
107,8,7,12,60,1,0,0,0.5049334168434143,0.5049334168434143,0.5049334168434143,0.4950666129589081,7,3,6,zero_shot_paired
107,9,7,15,60,1,0,0,0.5059876441955566,0.5059876441955566,0.5059876441955566,0.49401241540908813,7,3,6,zero_shot_paired
107,10,7,16,60,0,0,1,0.5023120641708374,0.5023120641708374,0.5023120641708374,0.4976879358291626,7,3,6,zero_shot_paired
107,11,7,17,60,1,0,0,0.5010889172554016,0.5010889172554016,0.5010889172554016,0.4989111125469208,7,3,6,zero_shot_paired
107,0,7,0,60,0,0,1,0.5063897967338562,0.5063897967338562,0.5063897967338562,0.4936102330684662,7,3,6,post_calibration
107,1,7,1,60,1,0,0,0.501832127571106,0.501832127571106,0.501832127571106,0.49816787242889404,7,3,6,post_calibration
107,2,7,2,60,1,0,0,0.5106316208839417,0.5106316208839417,0.5106316208839417,0.48936840891838074,7,3,6,post_calibration
107,3,7,3,60,1,0,0,0.5076037645339966,0.5076037645339966,0.5076037645339966,0.4923962354660034,7,3,6,post_calibration
107,4,7,4,60,1,0,0,0.508571982383728,0.508571982383728,0.508571982383728,0.4914279878139496,7,3,6,post_calibration
107,5,7,5,60,1,0,0,0.5053561925888062,0.5053561925888062,0.5053561925888062,0.49464380741119385,7,3,6,post_calibration
107,6,7,7,60,0,0,1,0.5011249780654907,0.5011249780654907,0.5011249780654907,0.4988749623298645,7,3,6,post_calibration
107,7,7,9,60,1,0,0,0.5025912523269653,0.5025912523269653,0.5025912523269653,0.49740874767303467,7,3,6,post_calibration
107,8,7,12,60,1,0,0,0.5048090219497681,0.5048090219497681,0.5048090219497681,0.4951910078525543,7,3,6,post_calibration
107,9,7,15,60,1,0,0,0.5058518648147583,0.5058518648147583,0.5058518648147583,0.4941481053829193,7,3,6,post_calibration
107,10,7,16,60,0,0,1,0.5021263360977173,0.5021263360977173,0.5021263360977173,0.4978736937046051,7,3,6,post_calibration
107,11,7,17,60,1,0,0,0.5007469058036804,0.5007469058036804,0.5007469058036804,0.49925315380096436,7,3,6,post_calibration
108,0,7,0,60,0,0,1,0.5066100358963013,0.5066100358963013,0.5066100358963013,0.4933899939060211,7,1,9,zero_shot_paired
108,1,7,2,60,1,0,0,0.510780394077301,0.510780394077301,0.510780394077301,0.489219605922699,7,1,9,zero_shot_paired
108,2,7,3,60,1,0,0,0.5078282356262207,0.5078282356262207,0.5078282356262207,0.4921717643737793,7,1,9,zero_shot_paired
108,3,7,4,60,1,0,0,0.508868932723999,0.508868932723999,0.508868932723999,0.491131067276001,7,1,9,zero_shot_paired
108,4,7,5,60,1,0,0,0.5058417320251465,0.5058417320251465,0.5058417320251465,0.49415823817253113,7,1,9,zero_shot_paired
108,5,7,8,60,0,0,1,0.5030978322029114,0.5030978322029114,0.5030978322029114,0.49690213799476624,7,1,9,zero_shot_paired
108,6,7,9,60,1,0,0,0.5026750564575195,0.5026750564575195,0.5026750564575195,0.4973249137401581,7,1,9,zero_shot_paired
108,7,7,10,60,1,0,0,0.5055756568908691,0.5055756568908691,0.5055756568908691,0.49442434310913086,7,1,9,zero_shot_paired
108,8,7,14,60,1,0,0,0.5038725733757019,0.5038725733757019,0.5038725733757019,0.4961273670196533,7,1,9,zero_shot_paired
108,0,7,0,60,0,0,1,0.5065667629241943,0.5065667629241943,0.5065667629241943,0.49343326687812805,7,1,9,post_calibration
108,1,7,2,60,1,0,0,0.5107648968696594,0.5107648968696594,0.5107648968696594,0.4892351031303406,7,1,9,post_calibration
108,2,7,3,60,1,0,0,0.507982611656189,0.507982611656189,0.507982611656189,0.49201738834381104,7,1,9,post_calibration
108,3,7,4,60,1,0,0,0.508840024471283,0.508840024471283,0.508840024471283,0.4911600351333618,7,1,9,post_calibration
108,4,7,5,60,1,0,0,0.5057985782623291,0.5057985782623291,0.5057985782623291,0.4942014217376709,7,1,9,post_calibration
108,5,7,8,60,0,0,1,0.5031456351280212,0.5031456351280212,0.5031456351280212,0.49685433506965637,7,1,9,post_calibration
108,6,7,9,60,1,0,0,0.5025785565376282,0.5025785565376282,0.5025785565376282,0.49742141366004944,7,1,9,post_calibration
108,7,7,10,60,1,0,0,0.5054407715797424,0.5054407715797424,0.5054407715797424,0.49455925822257996,7,1,9,post_calibration
108,8,7,14,60,1,0,0,0.5036981105804443,0.5036981105804443,0.5036981105804443,0.49630194902420044,7,1,9,post_calibration
109,0,7,1,60,1,0,0,0.5018870830535889,0.5018870830535889,0.5018870830535889,0.4981129467487335,7,2,9,zero_shot_paired
109,1,7,6,60,1,0,0,0.5036532878875732,0.5036532878875732,0.5036532878875732,0.49634674191474915,7,2,9,zero_shot_paired
109,2,7,7,60,0,0,1,0.5018069744110107,0.5018069744110107,0.5018069744110107,0.49819302558898926,7,2,9,zero_shot_paired
109,3,7,11,60,1,0,0,0.5041714906692505,0.5041714906692505,0.5041714906692505,0.4958285391330719,7,2,9,zero_shot_paired
109,4,7,12,60,1,0,0,0.5049334168434143,0.5049334168434143,0.5049334168434143,0.4950666129589081,7,2,9,zero_shot_paired
109,5,7,13,60,1,0,0,0.5032273530960083,0.5032273530960083,0.5032273530960083,0.4967726469039917,7,2,9,zero_shot_paired
109,6,7,15,60,1,0,0,0.5059876441955566,0.5059876441955566,0.5059876441955566,0.49401232600212097,7,2,9,zero_shot_paired
109,7,7,16,60,0,0,1,0.5023120045661926,0.5023120045661926,0.5023120045661926,0.4976879954338074,7,2,9,zero_shot_paired
109,8,7,17,60,1,0,0,0.5010890364646912,0.5010890364646912,0.5010890364646912,0.4989110231399536,7,2,9,zero_shot_paired
109,0,7,1,60,1,0,0,0.5018689632415771,0.5018689632415771,0.5018689632415771,0.49813100695610046,7,2,9,post_calibration
109,1,7,6,60,1,0,0,0.5034402012825012,0.5034402012825012,0.5034402012825012,0.496559739112854,7,2,9,post_calibration
109,2,7,7,60,0,0,1,0.5016481280326843,0.5016481280326843,0.5016481280326843,0.4983518421649933,7,2,9,post_calibration
109,3,7,11,60,1,0,0,0.504084050655365,0.504084050655365,0.504084050655365,0.4959159195423126,7,2,9,post_calibration
109,4,7,12,60,1,0,0,0.5047310590744019,0.5047310590744019,0.5047310590744019,0.49526894092559814,7,2,9,post_calibration
109,5,7,13,60,1,0,0,0.5030863285064697,0.5030863285064697,0.5030863285064697,0.4969136714935303,7,2,9,post_calibration
109,6,7,15,60,1,0,0,0.5058570504188538,0.5058570504188538,0.5058570504188538,0.494143009185791,7,2,9,post_calibration
109,7,7,16,60,0,0,1,0.5021029710769653,0.5021029710769653,0.5021029710769653,0.4978969991207123,7,2,9,post_calibration
109,8,7,17,60,1,0,0,0.5008993744850159,0.5008993744850159,0.5008993744850159,0.49910059571266174,7,2,9,post_calibration
110,0,7,1,60,1,0,0,0.5018864274024963,0.5018864274024963,0.5018864274024963,0.49811357259750366,7,1,12,zero_shot_paired
110,1,7,2,60,1,0,0,0.5107807517051697,0.5107807517051697,0.5107807517051697,0.4892192482948303,7,1,12,zero_shot_paired
110,2,7,9,60,1,0,0,0.5026743412017822,0.5026743412017822,0.5026743412017822,0.4973256587982178,7,1,12,zero_shot_paired
110,3,7,11,60,1,0,0,0.5041726231575012,0.5041726231575012,0.5041726231575012,0.4958273768424988,7,1,12,zero_shot_paired
110,4,7,12,60,1,0,0,0.5049327611923218,0.5049327611923218,0.5049327611923218,0.4950672388076782,7,1,12,zero_shot_paired
110,5,7,16,60,0,0,1,0.5023121237754822,0.5023121237754822,0.5023121237754822,0.4976878762245178,7,1,12,zero_shot_paired
110,0,7,1,60,1,0,0,0.501618504524231,0.501618504524231,0.501618504524231,0.49838149547576904,7,1,12,post_calibration
110,1,7,2,60,1,0,0,0.5105570554733276,0.5105570554733276,0.5105570554733276,0.48944291472435,7,1,12,post_calibration
110,2,7,9,60,1,0,0,0.5022821426391602,0.5022821426391602,0.5022821426391602,0.49771782755851746,7,1,12,post_calibration
110,3,7,11,60,1,0,0,0.5038911700248718,0.5038911700248718,0.5038911700248718,0.49610885977745056,7,1,12,post_calibration
110,4,7,12,60,1,0,0,0.5045516490936279,0.5045516490936279,0.5045516490936279,0.49544838070869446,7,1,12,post_calibration
110,5,7,16,60,0,0,1,0.5019469857215881,0.5019469857215881,0.5019469857215881,0.49805301427841187,7,1,12,post_calibration
111,0,7,4,60,1,0,0,0.5088696479797363,0.5088696479797363,0.5088696479797363,0.49113041162490845,7,2,12,zero_shot_paired
111,1,7,7,60,0,0,1,0.5018101334571838,0.5018101334571838,0.5018101334571838,0.49818986654281616,7,2,12,zero_shot_paired
111,2,7,9,60,1,0,0,0.5026743412017822,0.5026743412017822,0.5026743412017822,0.4973256587982178,7,2,12,zero_shot_paired
111,3,7,14,60,1,0,0,0.5038730502128601,0.5038730502128601,0.5038730502128601,0.4961269497871399,7,2,12,zero_shot_paired
111,4,7,15,60,1,0,0,0.5059859156608582,0.5059859156608582,0.5059859156608582,0.49401411414146423,7,2,12,zero_shot_paired
111,5,7,17,60,1,0,0,0.5010865330696106,0.5010865330696106,0.5010865330696106,0.4989135265350342,7,2,12,zero_shot_paired
111,0,7,4,60,1,0,0,0.5086309313774109,0.5086309313774109,0.5086309313774109,0.4913690388202667,7,2,12,post_calibration
111,1,7,7,60,0,0,1,0.5017282366752625,0.5017282366752625,0.5017282366752625,0.49827179312705994,7,2,12,post_calibration
111,2,7,9,60,1,0,0,0.5025384426116943,0.5025384426116943,0.5025384426116943,0.49746158719062805,7,2,12,post_calibration
111,3,7,14,60,1,0,0,0.5038381218910217,0.5038381218910217,0.5038381218910217,0.49616193771362305,7,2,12,post_calibration
111,4,7,15,60,1,0,0,0.5058081150054932,0.5058081150054932,0.5058081150054932,0.49419188499450684,7,2,12,post_calibration
111,5,7,17,60,1,0,0,0.5006141066551208,0.5006141066551208,0.5006141066551208,0.49938592314720154,7,2,12,post_calibration
112,0,7,0,60,0,0,1,0.5066092610359192,0.5066092610359192,0.5066092610359192,0.4933907389640808,7,3,12,zero_shot_paired
112,1,7,2,60,1,0,0,0.5107807517051697,0.5107807517051697,0.5107807517051697,0.4892192482948303,7,3,12,zero_shot_paired
112,2,7,3,60,1,0,0,0.5078281760215759,0.5078281760215759,0.5078281760215759,0.49217185378074646,7,3,12,zero_shot_paired
112,3,7,4,60,1,0,0,0.5088696479797363,0.5088696479797363,0.5088696479797363,0.49113041162490845,7,3,12,zero_shot_paired
112,4,7,11,60,1,0,0,0.5041726231575012,0.5041726231575012,0.5041726231575012,0.4958273768424988,7,3,12,zero_shot_paired
112,5,7,13,60,1,0,0,0.5032246708869934,0.5032246708869934,0.5032246708869934,0.4967753291130066,7,3,12,zero_shot_paired
112,0,7,0,60,0,0,1,0.5062028169631958,0.5062028169631958,0.5062028169631958,0.4937972128391266,7,3,12,post_calibration
112,1,7,2,60,1,0,0,0.5106311440467834,0.5106311440467834,0.5106311440467834,0.4893687963485718,7,3,12,post_calibration
112,2,7,3,60,1,0,0,0.5075705647468567,0.5075705647468567,0.5075705647468567,0.4924294352531433,7,3,12,post_calibration
112,3,7,4,60,1,0,0,0.5086389780044556,0.5086389780044556,0.5086389780044556,0.49136102199554443,7,3,12,post_calibration
112,4,7,11,60,1,0,0,0.5038099884986877,0.5038099884986877,0.5038099884986877,0.49619001150131226,7,3,12,post_calibration
112,5,7,13,60,1,0,0,0.5029534101486206,0.5029534101486206,0.5029534101486206,0.497046560049057,7,3,12,post_calibration
9,0,8,0,60,1,0,0,0.5041601657867432,0.5041601657867432,0.5041601657867432,0.4958398640155792,8,,,zero_shot_all_trials
9,1,8,1,60,1,1,1,0.5028157234191895,0.5028157234191895,0.49718427658081055,0.5028157234191895,8,,,zero_shot_all_trials
9,2,8,2,60,1,0,0,0.5040079951286316,0.5040079951286316,0.5040079951286316,0.4959920048713684,8,,,zero_shot_all_trials
9,3,8,3,60,0,0,1,0.5000859498977661,0.5000859498977661,0.5000859498977661,0.4999140799045563,8,,,zero_shot_all_trials
9,4,8,4,60,1,1,1,0.5058566331863403,0.5058566331863403,0.49414336681365967,0.5058566331863403,8,,,zero_shot_all_trials
9,5,8,5,60,0,0,1,0.5026431679725647,0.5026431679725647,0.5026431679725647,0.4973568618297577,8,,,zero_shot_all_trials
9,6,8,6,60,1,1,1,0.5047420859336853,0.5047420859336853,0.4952579140663147,0.5047420859336853,8,,,zero_shot_all_trials
9,7,8,7,60,1,1,1,0.5034728646278381,0.5034728646278381,0.49652713537216187,0.5034728646278381,8,,,zero_shot_all_trials
9,8,8,8,60,0,1,0,0.5064797401428223,0.5064797401428223,0.4935202896595001,0.5064797401428223,8,,,zero_shot_all_trials
9,9,8,9,60,0,0,1,0.5040223002433777,0.5040223002433777,0.5040223002433777,0.4959776997566223,8,,,zero_shot_all_trials
9,10,8,10,60,1,1,1,0.5092595815658569,0.5092595815658569,0.49074041843414307,0.5092595815658569,8,,,zero_shot_all_trials
9,11,8,11,60,1,0,0,0.5045279860496521,0.5045279860496521,0.5045279860496521,0.4954720437526703,8,,,zero_shot_all_trials
9,12,8,12,60,1,1,1,0.5015559196472168,0.5015559196472168,0.4984440505504608,0.5015559196472168,8,,,zero_shot_all_trials
9,13,8,13,60,1,0,0,0.502465546131134,0.502465546131134,0.502465546131134,0.49753448367118835,8,,,zero_shot_all_trials
9,14,8,14,60,1,0,0,0.5022401809692383,0.5022401809692383,0.5022401809692383,0.4977598190307617,8,,,zero_shot_all_trials
9,15,8,15,60,1,0,0,0.5028738975524902,0.5028738975524902,0.5028738975524902,0.49712616205215454,8,,,zero_shot_all_trials
9,16,8,16,60,0,0,1,0.5051528811454773,0.5051528811454773,0.5051528811454773,0.4948471486568451,8,,,zero_shot_all_trials
9,17,8,17,60,1,0,0,0.5031603574752808,0.5031603574752808,0.5031603574752808,0.49683961272239685,8,,,zero_shot_all_trials
113,0,8,0,60,1,0,0,0.5041600465774536,0.5041600465774536,0.5041600465774536,0.495839923620224,8,1,3,zero_shot_paired
113,1,8,1,60,1,1,1,0.5028156638145447,0.5028156638145447,0.4971843361854553,0.5028156638145447,8,1,3,zero_shot_paired
113,2,8,3,60,0,0,1,0.5000858306884766,0.5000858306884766,0.5000858306884766,0.4999141991138458,8,1,3,zero_shot_paired
113,3,8,4,60,1,1,1,0.5058565735816956,0.5058565735816956,0.4941434860229492,0.5058565735816956,8,1,3,zero_shot_paired
113,4,8,5,60,0,0,1,0.5026432275772095,0.5026432275772095,0.5026432275772095,0.49735674262046814,8,1,3,zero_shot_paired
113,5,8,6,60,1,1,1,0.5047420263290405,0.5047420263290405,0.4952579736709595,0.5047420263290405,8,1,3,zero_shot_paired
113,6,8,7,60,1,1,1,0.5034728646278381,0.5034728646278381,0.49652713537216187,0.5034728646278381,8,1,3,zero_shot_paired
113,7,8,9,60,0,0,1,0.5040222406387329,0.5040222406387329,0.5040222406387329,0.4959777891635895,8,1,3,zero_shot_paired
113,8,8,10,60,1,1,1,0.509259819984436,0.509259819984436,0.49074018001556396,0.509259819984436,8,1,3,zero_shot_paired
113,9,8,11,60,1,0,0,0.5045282244682312,0.5045282244682312,0.5045282244682312,0.4954718053340912,8,1,3,zero_shot_paired
113,10,8,12,60,1,1,1,0.5015559792518616,0.5015559792518616,0.4984440207481384,0.5015559792518616,8,1,3,zero_shot_paired
113,11,8,13,60,1,0,0,0.5024654865264893,0.5024654865264893,0.5024654865264893,0.49753448367118835,8,1,3,zero_shot_paired
113,12,8,14,60,1,0,0,0.5022401809692383,0.5022401809692383,0.5022401809692383,0.4977598190307617,8,1,3,zero_shot_paired
113,13,8,16,60,0,0,1,0.5051528215408325,0.5051528215408325,0.5051528215408325,0.4948471486568451,8,1,3,zero_shot_paired
113,14,8,17,60,1,0,0,0.5031601190567017,0.5031601190567017,0.5031601190567017,0.49683985114097595,8,1,3,zero_shot_paired
113,0,8,0,60,1,0,0,0.5041159391403198,0.5041159391403198,0.5041159391403198,0.4958840310573578,8,1,3,post_calibration
113,1,8,1,60,1,1,1,0.5028352737426758,0.5028352737426758,0.4971647262573242,0.5028352737426758,8,1,3,post_calibration
113,2,8,3,60,0,0,1,0.5002117156982422,0.5002117156982422,0.5002117156982422,0.4997882843017578,8,1,3,post_calibration
113,3,8,4,60,1,1,1,0.5058167576789856,0.5058167576789856,0.4941832721233368,0.5058167576789856,8,1,3,post_calibration
113,4,8,5,60,0,0,1,0.5025843381881714,0.5025843381881714,0.5025843381881714,0.4974156320095062,8,1,3,post_calibration
113,5,8,6,60,1,1,1,0.5047459602355957,0.5047459602355957,0.4952540397644043,0.5047459602355957,8,1,3,post_calibration
113,6,8,7,60,1,1,1,0.5034676194190979,0.5034676194190979,0.4965323805809021,0.5034676194190979,8,1,3,post_calibration
113,7,8,9,60,0,0,1,0.5039575099945068,0.5039575099945068,0.5039575099945068,0.49604249000549316,8,1,3,post_calibration
113,8,8,10,60,1,1,1,0.5092381238937378,0.5092381238937378,0.4907619059085846,0.5092381238937378,8,1,3,post_calibration
113,9,8,11,60,1,0,0,0.5046328902244568,0.5046328902244568,0.5046328902244568,0.4953671097755432,8,1,3,post_calibration
113,10,8,12,60,1,1,1,0.5015662908554077,0.5015662908554077,0.4984337091445923,0.5015662908554077,8,1,3,post_calibration
113,11,8,13,60,1,0,0,0.5025302767753601,0.5025302767753601,0.5025302767753601,0.4974697232246399,8,1,3,post_calibration
113,12,8,14,60,1,0,0,0.5022115707397461,0.5022115707397461,0.5022115707397461,0.4977883994579315,8,1,3,post_calibration
113,13,8,16,60,0,0,1,0.5051652193069458,0.5051652193069458,0.5051652193069458,0.4948348104953766,8,1,3,post_calibration
113,14,8,17,60,1,0,0,0.5032663941383362,0.5032663941383362,0.5032663941383362,0.4967336058616638,8,1,3,post_calibration
114,0,8,0,60,1,0,0,0.5041600465774536,0.5041600465774536,0.5041600465774536,0.495839923620224,8,2,3,zero_shot_paired
114,1,8,2,60,1,0,0,0.5040079951286316,0.5040079951286316,0.5040079951286316,0.4959920048713684,8,2,3,zero_shot_paired
114,2,8,4,60,1,1,1,0.5058565735816956,0.5058565735816956,0.4941434860229492,0.5058565735816956,8,2,3,zero_shot_paired
114,3,8,5,60,0,0,1,0.5026432275772095,0.5026432275772095,0.5026432275772095,0.49735674262046814,8,2,3,zero_shot_paired
114,4,8,6,60,1,1,1,0.5047420263290405,0.5047420263290405,0.4952579736709595,0.5047420263290405,8,2,3,zero_shot_paired
114,5,8,7,60,1,1,1,0.5034728646278381,0.5034728646278381,0.49652713537216187,0.5034728646278381,8,2,3,zero_shot_paired
114,6,8,8,60,0,1,0,0.5064799189567566,0.5064799189567566,0.493520051240921,0.5064799189567566,8,2,3,zero_shot_paired
114,7,8,9,60,0,0,1,0.5040222406387329,0.5040222406387329,0.5040222406387329,0.4959777891635895,8,2,3,zero_shot_paired
114,8,8,10,60,1,1,1,0.509259819984436,0.509259819984436,0.49074018001556396,0.509259819984436,8,2,3,zero_shot_paired
114,9,8,11,60,1,0,0,0.5045282244682312,0.5045282244682312,0.5045282244682312,0.4954718053340912,8,2,3,zero_shot_paired
114,10,8,12,60,1,1,1,0.5015559792518616,0.5015559792518616,0.4984440207481384,0.5015559792518616,8,2,3,zero_shot_paired
114,11,8,13,60,1,0,0,0.5024654865264893,0.5024654865264893,0.5024654865264893,0.49753448367118835,8,2,3,zero_shot_paired
114,12,8,14,60,1,0,0,0.5022401809692383,0.5022401809692383,0.5022401809692383,0.4977598190307617,8,2,3,zero_shot_paired
114,13,8,15,60,1,0,0,0.5028737783432007,0.5028737783432007,0.5028737783432007,0.4971262216567993,8,2,3,zero_shot_paired
114,14,8,16,60,0,0,1,0.5051528215408325,0.5051528215408325,0.5051528215408325,0.4948471486568451,8,2,3,zero_shot_paired
114,0,8,0,60,1,0,0,0.5041161775588989,0.5041161775588989,0.5041161775588989,0.49588385224342346,8,2,3,post_calibration
114,1,8,2,60,1,0,0,0.5040409564971924,0.5040409564971924,0.5040409564971924,0.4959590435028076,8,2,3,post_calibration
114,2,8,4,60,1,1,1,0.5058673024177551,0.5058673024177551,0.4941326975822449,0.5058673024177551,8,2,3,post_calibration
114,3,8,5,60,0,0,1,0.5026583075523376,0.5026583075523376,0.5026583075523376,0.49734169244766235,8,2,3,post_calibration
114,4,8,6,60,1,1,1,0.5047812461853027,0.5047812461853027,0.4952187240123749,0.5047812461853027,8,2,3,post_calibration
114,5,8,7,60,1,1,1,0.5034064054489136,0.5034064054489136,0.4965936541557312,0.5034064054489136,8,2,3,post_calibration
114,6,8,8,60,0,1,0,0.5064586400985718,0.5064586400985718,0.4935413599014282,0.5064586400985718,8,2,3,post_calibration
114,7,8,9,60,0,0,1,0.5040842890739441,0.5040842890739441,0.5040842890739441,0.4959157407283783,8,2,3,post_calibration
114,8,8,10,60,1,1,1,0.509133517742157,0.509133517742157,0.49086645245552063,0.509133517742157,8,2,3,post_calibration
114,9,8,11,60,1,0,0,0.5045374035835266,0.5045374035835266,0.5045374035835266,0.4954625964164734,8,2,3,post_calibration
114,10,8,12,60,1,1,1,0.5016108751296997,0.5016108751296997,0.4983891546726227,0.5016108751296997,8,2,3,post_calibration
114,11,8,13,60,1,0,0,0.5024491548538208,0.5024491548538208,0.5024491548538208,0.4975508153438568,8,2,3,post_calibration
114,12,8,14,60,1,0,0,0.5022249817848206,0.5022249817848206,0.5022249817848206,0.49777501821517944,8,2,3,post_calibration
114,13,8,15,60,1,0,0,0.5028901100158691,0.5028901100158691,0.5028901100158691,0.49710994958877563,8,2,3,post_calibration
114,14,8,16,60,0,0,1,0.505119264125824,0.505119264125824,0.505119264125824,0.494880735874176,8,2,3,post_calibration
115,0,8,0,60,1,0,0,0.5041600465774536,0.5041600465774536,0.5041600465774536,0.495839923620224,8,3,3,zero_shot_paired
115,1,8,1,60,1,1,1,0.5028156638145447,0.5028156638145447,0.4971843361854553,0.5028156638145447,8,3,3,zero_shot_paired
115,2,8,2,60,1,0,0,0.5040079951286316,0.5040079951286316,0.5040079951286316,0.4959920048713684,8,3,3,zero_shot_paired
115,3,8,3,60,0,0,1,0.5000858306884766,0.5000858306884766,0.5000858306884766,0.4999141991138458,8,3,3,zero_shot_paired
115,4,8,4,60,1,1,1,0.5058565735816956,0.5058565735816956,0.4941434860229492,0.5058565735816956,8,3,3,zero_shot_paired
115,5,8,7,60,1,1,1,0.5034728646278381,0.5034728646278381,0.49652713537216187,0.5034728646278381,8,3,3,zero_shot_paired
115,6,8,8,60,0,1,0,0.5064799189567566,0.5064799189567566,0.493520051240921,0.5064799189567566,8,3,3,zero_shot_paired
115,7,8,9,60,0,0,1,0.5040222406387329,0.5040222406387329,0.5040222406387329,0.4959777891635895,8,3,3,zero_shot_paired
115,8,8,10,60,1,1,1,0.509259819984436,0.509259819984436,0.49074018001556396,0.509259819984436,8,3,3,zero_shot_paired
115,9,8,11,60,1,0,0,0.5045282244682312,0.5045282244682312,0.5045282244682312,0.4954718053340912,8,3,3,zero_shot_paired
115,10,8,12,60,1,1,1,0.5015559792518616,0.5015559792518616,0.4984440207481384,0.5015559792518616,8,3,3,zero_shot_paired
115,11,8,13,60,1,0,0,0.5024654865264893,0.5024654865264893,0.5024654865264893,0.49753448367118835,8,3,3,zero_shot_paired
115,12,8,15,60,1,0,0,0.5028737783432007,0.5028737783432007,0.5028737783432007,0.4971262216567993,8,3,3,zero_shot_paired
115,13,8,16,60,0,0,1,0.5051528215408325,0.5051528215408325,0.5051528215408325,0.4948471486568451,8,3,3,zero_shot_paired
115,14,8,17,60,1,0,0,0.5031601190567017,0.5031601190567017,0.5031601190567017,0.49683985114097595,8,3,3,zero_shot_paired
115,0,8,0,60,1,0,0,0.5042520761489868,0.5042520761489868,0.5042520761489868,0.4957479238510132,8,3,3,post_calibration
115,1,8,1,60,1,1,1,0.5030463933944702,0.5030463933944702,0.4969536364078522,0.5030463933944702,8,3,3,post_calibration
115,2,8,2,60,1,0,0,0.5039995312690735,0.5039995312690735,0.5039995312690735,0.4960004687309265,8,3,3,post_calibration
115,3,8,3,60,0,0,1,0.5000094771385193,0.5000094771385193,0.5000094771385193,0.4999905228614807,8,3,3,post_calibration
115,4,8,4,60,1,1,1,0.5060076713562012,0.5060076713562012,0.49399232864379883,0.5060076713562012,8,3,3,post_calibration
115,5,8,7,60,1,1,1,0.5034747123718262,0.5034747123718262,0.49652525782585144,0.5034747123718262,8,3,3,post_calibration
115,6,8,8,60,0,1,0,0.5065814256668091,0.5065814256668091,0.4934186339378357,0.5065814256668091,8,3,3,post_calibration
115,7,8,9,60,0,0,1,0.5043120384216309,0.5043120384216309,0.5043120384216309,0.49568799138069153,8,3,3,post_calibration
115,8,8,10,60,1,1,1,0.5094762444496155,0.5094762444496155,0.49052372574806213,0.5094762444496155,8,3,3,post_calibration
115,9,8,11,60,1,0,0,0.5047411918640137,0.5047411918640137,0.5047411918640137,0.49525880813598633,8,3,3,post_calibration
115,10,8,12,60,1,1,1,0.5016493201255798,0.5016493201255798,0.49835067987442017,0.5016493201255798,8,3,3,post_calibration
115,11,8,13,60,1,0,0,0.5025885701179504,0.5025885701179504,0.5025885701179504,0.49741148948669434,8,3,3,post_calibration
115,12,8,15,60,1,0,0,0.5028038024902344,0.5028038024902344,0.5028038024902344,0.49719616770744324,8,3,3,post_calibration
115,13,8,16,60,0,0,1,0.5051357746124268,0.5051357746124268,0.5051357746124268,0.49486425518989563,8,3,3,post_calibration
115,14,8,17,60,1,0,0,0.5033278465270996,0.5033278465270996,0.5033278465270996,0.496672123670578,8,3,3,post_calibration
116,0,8,0,60,1,0,0,0.5041600465774536,0.5041600465774536,0.5041600465774536,0.495839923620224,8,4,3,zero_shot_paired
116,1,8,1,60,1,1,1,0.5028156638145447,0.5028156638145447,0.4971843361854553,0.5028156638145447,8,4,3,zero_shot_paired
116,2,8,2,60,1,0,0,0.5040079951286316,0.5040079951286316,0.5040079951286316,0.4959920048713684,8,4,3,zero_shot_paired
116,3,8,3,60,0,0,1,0.5000858306884766,0.5000858306884766,0.5000858306884766,0.4999141991138458,8,4,3,zero_shot_paired
116,4,8,4,60,1,1,1,0.5058565735816956,0.5058565735816956,0.4941434860229492,0.5058565735816956,8,4,3,zero_shot_paired
116,5,8,5,60,0,0,1,0.5026432275772095,0.5026432275772095,0.5026432275772095,0.49735674262046814,8,4,3,zero_shot_paired
116,6,8,6,60,1,1,1,0.5047420263290405,0.5047420263290405,0.4952579736709595,0.5047420263290405,8,4,3,zero_shot_paired
116,7,8,8,60,0,1,0,0.5064799189567566,0.5064799189567566,0.493520051240921,0.5064799189567566,8,4,3,zero_shot_paired
116,8,8,9,60,0,0,1,0.5040222406387329,0.5040222406387329,0.5040222406387329,0.4959777891635895,8,4,3,zero_shot_paired
116,9,8,10,60,1,1,1,0.509259819984436,0.509259819984436,0.49074018001556396,0.509259819984436,8,4,3,zero_shot_paired
116,10,8,12,60,1,1,1,0.5015559792518616,0.5015559792518616,0.4984440207481384,0.5015559792518616,8,4,3,zero_shot_paired
116,11,8,14,60,1,0,0,0.5022401809692383,0.5022401809692383,0.5022401809692383,0.4977598190307617,8,4,3,zero_shot_paired
116,12,8,15,60,1,0,0,0.5028737783432007,0.5028737783432007,0.5028737783432007,0.4971262216567993,8,4,3,zero_shot_paired
116,13,8,16,60,0,0,1,0.5051528215408325,0.5051528215408325,0.5051528215408325,0.4948471486568451,8,4,3,zero_shot_paired
116,14,8,17,60,1,0,0,0.5031601190567017,0.5031601190567017,0.5031601190567017,0.49683985114097595,8,4,3,zero_shot_paired
116,0,8,0,60,1,0,0,0.5041165947914124,0.5041165947914124,0.5041165947914124,0.49588340520858765,8,4,3,post_calibration
116,1,8,1,60,1,1,1,0.5028489232063293,0.5028489232063293,0.49715104699134827,0.5028489232063293,8,4,3,post_calibration
116,2,8,2,60,1,0,0,0.503713071346283,0.503713071346283,0.503713071346283,0.49628689885139465,8,4,3,post_calibration
116,3,8,3,60,0,1,0,0.5001572370529175,0.5001572370529175,0.4998427927494049,0.5001572370529175,8,4,3,post_calibration
116,4,8,4,60,1,1,1,0.5058279633522034,0.5058279633522034,0.4941720962524414,0.5058279633522034,8,4,3,post_calibration
116,5,8,5,60,0,0,1,0.5024995803833008,0.5024995803833008,0.5024995803833008,0.4975004196166992,8,4,3,post_calibration
116,6,8,6,60,1,1,1,0.5049132108688354,0.5049132108688354,0.49508681893348694,0.5049132108688354,8,4,3,post_calibration
116,7,8,8,60,0,1,0,0.5064152479171753,0.5064152479171753,0.4935847222805023,0.5064152479171753,8,4,3,post_calibration
116,8,8,9,60,0,0,1,0.5038914084434509,0.5038914084434509,0.5038914084434509,0.49610862135887146,8,4,3,post_calibration
116,9,8,10,60,1,1,1,0.5090907216072083,0.5090907216072083,0.490909218788147,0.5090907216072083,8,4,3,post_calibration
116,10,8,12,60,1,1,1,0.5015761852264404,0.5015761852264404,0.4984237849712372,0.5015761852264404,8,4,3,post_calibration
116,11,8,14,60,1,0,0,0.5021994709968567,0.5021994709968567,0.5021994709968567,0.4978005290031433,8,4,3,post_calibration
116,12,8,15,60,1,0,0,0.5029356479644775,0.5029356479644775,0.5029356479644775,0.4970642924308777,8,4,3,post_calibration
116,13,8,16,60,0,0,1,0.5049476623535156,0.5049476623535156,0.5049476623535156,0.495052307844162,8,4,3,post_calibration
116,14,8,17,60,1,0,0,0.5030156373977661,0.5030156373977661,0.5030156373977661,0.4969843327999115,8,4,3,post_calibration
117,0,8,0,60,1,0,0,0.5041600465774536,0.5041600465774536,0.5041600465774536,0.495839923620224,8,5,3,zero_shot_paired
117,1,8,1,60,1,1,1,0.5028156638145447,0.5028156638145447,0.4971843361854553,0.5028156638145447,8,5,3,zero_shot_paired
117,2,8,2,60,1,0,0,0.5040079951286316,0.5040079951286316,0.5040079951286316,0.4959920048713684,8,5,3,zero_shot_paired
117,3,8,3,60,0,0,1,0.5000858306884766,0.5000858306884766,0.5000858306884766,0.4999141991138458,8,5,3,zero_shot_paired
117,4,8,5,60,0,0,1,0.5026432275772095,0.5026432275772095,0.5026432275772095,0.49735674262046814,8,5,3,zero_shot_paired
117,5,8,6,60,1,1,1,0.5047420263290405,0.5047420263290405,0.4952579736709595,0.5047420263290405,8,5,3,zero_shot_paired
117,6,8,7,60,1,1,1,0.5034728646278381,0.5034728646278381,0.49652713537216187,0.5034728646278381,8,5,3,zero_shot_paired
117,7,8,8,60,0,1,0,0.5064799189567566,0.5064799189567566,0.493520051240921,0.5064799189567566,8,5,3,zero_shot_paired
117,8,8,9,60,0,0,1,0.5040222406387329,0.5040222406387329,0.5040222406387329,0.4959777891635895,8,5,3,zero_shot_paired
117,9,8,10,60,1,1,1,0.509259819984436,0.509259819984436,0.49074018001556396,0.509259819984436,8,5,3,zero_shot_paired
117,10,8,11,60,1,0,0,0.5045282244682312,0.5045282244682312,0.5045282244682312,0.4954718053340912,8,5,3,zero_shot_paired
117,11,8,13,60,1,0,0,0.5024654865264893,0.5024654865264893,0.5024654865264893,0.49753448367118835,8,5,3,zero_shot_paired
117,12,8,14,60,1,0,0,0.5022401809692383,0.5022401809692383,0.5022401809692383,0.4977598190307617,8,5,3,zero_shot_paired
117,13,8,15,60,1,0,0,0.5028737783432007,0.5028737783432007,0.5028737783432007,0.4971262216567993,8,5,3,zero_shot_paired
117,14,8,17,60,1,0,0,0.5031601190567017,0.5031601190567017,0.5031601190567017,0.49683985114097595,8,5,3,zero_shot_paired
117,0,8,0,60,1,0,0,0.5041442513465881,0.5041442513465881,0.5041442513465881,0.49585574865341187,8,5,3,post_calibration
117,1,8,1,60,1,1,1,0.5027981996536255,0.5027981996536255,0.4972018003463745,0.5027981996536255,8,5,3,post_calibration
117,2,8,2,60,1,0,0,0.5038760900497437,0.5038760900497437,0.5038760900497437,0.49612393975257874,8,5,3,post_calibration
117,3,8,3,60,0,0,1,0.5001546144485474,0.5001546144485474,0.5001546144485474,0.49984535574913025,8,5,3,post_calibration
117,4,8,5,60,0,0,1,0.5026241540908813,0.5026241540908813,0.5026241540908813,0.49737581610679626,8,5,3,post_calibration
117,5,8,6,60,1,1,1,0.5047800540924072,0.5047800540924072,0.495219886302948,0.5047800540924072,8,5,3,post_calibration
117,6,8,7,60,1,1,1,0.5034196376800537,0.5034196376800537,0.4965803921222687,0.5034196376800537,8,5,3,post_calibration
117,7,8,8,60,0,1,0,0.5063921213150024,0.5063921213150024,0.49360790848731995,0.5063921213150024,8,5,3,post_calibration
117,8,8,9,60,0,0,1,0.5040470957756042,0.5040470957756042,0.5040470957756042,0.49595287442207336,8,5,3,post_calibration
117,9,8,10,60,1,1,1,0.5090926289558411,0.5090926289558411,0.4909074306488037,0.5090926289558411,8,5,3,post_calibration
117,10,8,11,60,1,0,0,0.5045310258865356,0.5045310258865356,0.5045310258865356,0.49546897411346436,8,5,3,post_calibration
117,11,8,13,60,1,0,0,0.5024577975273132,0.5024577975273132,0.5024577975273132,0.49754220247268677,8,5,3,post_calibration
117,12,8,14,60,1,0,0,0.5022138953208923,0.5022138953208923,0.5022138953208923,0.49778610467910767,8,5,3,post_calibration
117,13,8,15,60,1,0,0,0.5029395818710327,0.5029395818710327,0.5029395818710327,0.4970603585243225,8,5,3,post_calibration
117,14,8,17,60,1,0,0,0.5032750964164734,0.5032750964164734,0.5032750964164734,0.4967249631881714,8,5,3,post_calibration
118,0,8,1,60,1,1,1,0.5028156638145447,0.5028156638145447,0.4971843361854553,0.5028156638145447,8,6,3,zero_shot_paired
118,1,8,2,60,1,0,0,0.5040079951286316,0.5040079951286316,0.5040079951286316,0.4959920048713684,8,6,3,zero_shot_paired
118,2,8,3,60,0,0,1,0.5000858306884766,0.5000858306884766,0.5000858306884766,0.4999141991138458,8,6,3,zero_shot_paired
118,3,8,4,60,1,1,1,0.5058565735816956,0.5058565735816956,0.4941434860229492,0.5058565735816956,8,6,3,zero_shot_paired
118,4,8,5,60,0,0,1,0.5026432275772095,0.5026432275772095,0.5026432275772095,0.49735674262046814,8,6,3,zero_shot_paired
118,5,8,6,60,1,1,1,0.5047420263290405,0.5047420263290405,0.4952579736709595,0.5047420263290405,8,6,3,zero_shot_paired
118,6,8,7,60,1,1,1,0.5034728646278381,0.5034728646278381,0.49652713537216187,0.5034728646278381,8,6,3,zero_shot_paired
118,7,8,8,60,0,1,0,0.5064799189567566,0.5064799189567566,0.493520051240921,0.5064799189567566,8,6,3,zero_shot_paired
118,8,8,11,60,1,0,0,0.5045282244682312,0.5045282244682312,0.5045282244682312,0.4954718053340912,8,6,3,zero_shot_paired
118,9,8,12,60,1,1,1,0.5015559792518616,0.5015559792518616,0.4984440207481384,0.5015559792518616,8,6,3,zero_shot_paired
118,10,8,13,60,1,0,0,0.5024654865264893,0.5024654865264893,0.5024654865264893,0.49753448367118835,8,6,3,zero_shot_paired
118,11,8,14,60,1,0,0,0.5022401809692383,0.5022401809692383,0.5022401809692383,0.4977598190307617,8,6,3,zero_shot_paired
118,12,8,15,60,1,0,0,0.5028737783432007,0.5028737783432007,0.5028737783432007,0.4971262216567993,8,6,3,zero_shot_paired
118,13,8,16,60,0,0,1,0.5051528215408325,0.5051528215408325,0.5051528215408325,0.4948471486568451,8,6,3,zero_shot_paired
118,14,8,17,60,1,0,0,0.5031601190567017,0.5031601190567017,0.5031601190567017,0.49683985114097595,8,6,3,zero_shot_paired
118,0,8,1,60,1,1,1,0.502747118473053,0.502747118473053,0.497252881526947,0.502747118473053,8,6,3,post_calibration
118,1,8,2,60,1,0,0,0.5040220022201538,0.5040220022201538,0.5040220022201538,0.4959779977798462,8,6,3,post_calibration
118,2,8,3,60,0,0,1,0.5000647306442261,0.5000647306442261,0.5000647306442261,0.4999352693557739,8,6,3,post_calibration
118,3,8,4,60,1,1,1,0.5059023499488831,0.5059023499488831,0.49409765005111694,0.5059023499488831,8,6,3,post_calibration
118,4,8,5,60,0,0,1,0.5027406215667725,0.5027406215667725,0.5027406215667725,0.4972594380378723,8,6,3,post_calibration
118,5,8,6,60,1,1,1,0.5047556757926941,0.5047556757926941,0.4952443838119507,0.5047556757926941,8,6,3,post_calibration
118,6,8,7,60,1,1,1,0.5034907460212708,0.5034907460212708,0.49650928378105164,0.5034907460212708,8,6,3,post_calibration
118,7,8,8,60,0,1,0,0.5064426064491272,0.5064426064491272,0.4935573935508728,0.5064426064491272,8,6,3,post_calibration
118,8,8,11,60,1,0,0,0.5046495199203491,0.5046495199203491,0.5046495199203491,0.49535053968429565,8,6,3,post_calibration
118,9,8,12,60,1,1,1,0.5016874074935913,0.5016874074935913,0.4983125627040863,0.5016874074935913,8,6,3,post_calibration
118,10,8,13,60,1,0,0,0.5024892091751099,0.5024892091751099,0.5024892091751099,0.4975108206272125,8,6,3,post_calibration
118,11,8,14,60,1,0,0,0.5023043751716614,0.5023043751716614,0.5023043751716614,0.4976956248283386,8,6,3,post_calibration
118,12,8,15,60,1,0,0,0.5029195547103882,0.5029195547103882,0.5029195547103882,0.4970804452896118,8,6,3,post_calibration
118,13,8,16,60,0,0,1,0.5051323175430298,0.5051323175430298,0.5051323175430298,0.4948676824569702,8,6,3,post_calibration
118,14,8,17,60,1,0,0,0.503224790096283,0.503224790096283,0.503224790096283,0.49677520990371704,8,6,3,post_calibration
119,0,8,0,60,1,0,0,0.5041600465774536,0.5041600465774536,0.5041600465774536,0.495839923620224,8,1,6,zero_shot_paired
119,1,8,2,60,1,0,0,0.5040079951286316,0.5040079951286316,0.5040079951286316,0.4959920048713684,8,1,6,zero_shot_paired
119,2,8,4,60,1,1,1,0.5058565735816956,0.5058565735816956,0.4941434860229492,0.5058565735816956,8,1,6,zero_shot_paired
119,3,8,5,60,0,0,1,0.5026432275772095,0.5026432275772095,0.5026432275772095,0.49735674262046814,8,1,6,zero_shot_paired
119,4,8,6,60,1,1,1,0.5047420263290405,0.5047420263290405,0.4952579736709595,0.5047420263290405,8,1,6,zero_shot_paired
119,5,8,7,60,1,1,1,0.5034728646278381,0.5034728646278381,0.49652713537216187,0.5034728646278381,8,1,6,zero_shot_paired
119,6,8,8,60,0,1,0,0.5064799189567566,0.5064799189567566,0.493520051240921,0.5064799189567566,8,1,6,zero_shot_paired
119,7,8,9,60,0,0,1,0.5040222406387329,0.5040222406387329,0.5040222406387329,0.4959777891635895,8,1,6,zero_shot_paired
119,8,8,10,60,1,1,1,0.509259819984436,0.509259819984436,0.49074018001556396,0.509259819984436,8,1,6,zero_shot_paired
119,9,8,11,60,1,0,0,0.5045282244682312,0.5045282244682312,0.5045282244682312,0.4954718053340912,8,1,6,zero_shot_paired
119,10,8,13,60,1,0,0,0.5024654865264893,0.5024654865264893,0.5024654865264893,0.49753448367118835,8,1,6,zero_shot_paired
119,11,8,16,60,0,0,1,0.5051528215408325,0.5051528215408325,0.5051528215408325,0.4948471486568451,8,1,6,zero_shot_paired
119,0,8,0,60,1,0,0,0.5040045380592346,0.5040045380592346,0.5040045380592346,0.495995432138443,8,1,6,post_calibration
119,1,8,2,60,1,0,0,0.5038051605224609,0.5038051605224609,0.5038051605224609,0.49619486927986145,8,1,6,post_calibration
119,2,8,4,60,1,1,1,0.5060006380081177,0.5060006380081177,0.4939993917942047,0.5060006380081177,8,1,6,post_calibration
119,3,8,5,60,0,0,1,0.5021618604660034,0.5021618604660034,0.5021618604660034,0.4978381097316742,8,1,6,post_calibration
119,4,8,6,60,1,1,1,0.505029022693634,0.505029022693634,0.4949709475040436,0.505029022693634,8,1,6,post_calibration
119,5,8,7,60,1,1,1,0.5036389827728271,0.5036389827728271,0.49636098742485046,0.5036389827728271,8,1,6,post_calibration
119,6,8,8,60,0,1,0,0.5065220594406128,0.5065220594406128,0.4934779703617096,0.5065220594406128,8,1,6,post_calibration
119,7,8,9,60,0,0,1,0.5039193034172058,0.5039193034172058,0.5039193034172058,0.4960806965827942,8,1,6,post_calibration
119,8,8,10,60,1,1,1,0.5093557238578796,0.5093557238578796,0.49064427614212036,0.5093557238578796,8,1,6,post_calibration
119,9,8,11,60,1,0,0,0.5043762922286987,0.5043762922286987,0.5043762922286987,0.49562373757362366,8,1,6,post_calibration
119,10,8,13,60,1,0,0,0.5023793578147888,0.5023793578147888,0.5023793578147888,0.4976206123828888,8,1,6,post_calibration
119,11,8,16,60,0,0,1,0.5051558017730713,0.5051558017730713,0.5051558017730713,0.4948442280292511,8,1,6,post_calibration
120,0,8,0,60,1,0,0,0.5041600465774536,0.5041600465774536,0.5041600465774536,0.495839923620224,8,2,6,zero_shot_paired
120,1,8,1,60,1,1,1,0.5028156638145447,0.5028156638145447,0.4971843361854553,0.5028156638145447,8,2,6,zero_shot_paired
120,2,8,2,60,1,0,0,0.5040079951286316,0.5040079951286316,0.5040079951286316,0.4959920048713684,8,2,6,zero_shot_paired
120,3,8,3,60,0,0,1,0.5000858306884766,0.5000858306884766,0.5000858306884766,0.4999141991138458,8,2,6,zero_shot_paired
120,4,8,5,60,0,0,1,0.5026432275772095,0.5026432275772095,0.5026432275772095,0.49735674262046814,8,2,6,zero_shot_paired
120,5,8,7,60,1,1,1,0.5034728646278381,0.5034728646278381,0.49652713537216187,0.5034728646278381,8,2,6,zero_shot_paired
120,6,8,11,60,1,0,0,0.5045282244682312,0.5045282244682312,0.5045282244682312,0.4954718053340912,8,2,6,zero_shot_paired
120,7,8,12,60,1,1,1,0.5015559792518616,0.5015559792518616,0.4984440207481384,0.5015559792518616,8,2,6,zero_shot_paired
120,8,8,14,60,1,0,0,0.5022401809692383,0.5022401809692383,0.5022401809692383,0.4977598190307617,8,2,6,zero_shot_paired
120,9,8,15,60,1,0,0,0.5028737783432007,0.5028737783432007,0.5028737783432007,0.4971262216567993,8,2,6,zero_shot_paired
120,10,8,16,60,0,0,1,0.5051528215408325,0.5051528215408325,0.5051528215408325,0.4948471486568451,8,2,6,zero_shot_paired
120,11,8,17,60,1,0,0,0.5031601190567017,0.5031601190567017,0.5031601190567017,0.49683985114097595,8,2,6,zero_shot_paired
120,0,8,0,60,1,0,0,0.504072904586792,0.504072904586792,0.504072904586792,0.4959270656108856,8,2,6,post_calibration
120,1,8,1,60,1,1,1,0.5028984546661377,0.5028984546661377,0.4971015453338623,0.5028984546661377,8,2,6,post_calibration
120,2,8,2,60,1,0,0,0.5040240287780762,0.5040240287780762,0.5040240287780762,0.49597597122192383,8,2,6,post_calibration
120,3,8,3,60,0,0,1,0.5002378821372986,0.5002378821372986,0.5002378821372986,0.4997621476650238,8,2,6,post_calibration
120,4,8,5,60,0,0,1,0.5026894807815552,0.5026894807815552,0.5026894807815552,0.49731048941612244,8,2,6,post_calibration
120,5,8,7,60,1,1,1,0.5036786794662476,0.5036786794662476,0.49632132053375244,0.5036786794662476,8,2,6,post_calibration
120,6,8,11,60,1,0,0,0.5046918988227844,0.5046918988227844,0.5046918988227844,0.4953081011772156,8,2,6,post_calibration
120,7,8,12,60,1,1,1,0.5016940832138062,0.5016940832138062,0.49830591678619385,0.5016940832138062,8,2,6,post_calibration
120,8,8,14,60,1,0,0,0.5022030472755432,0.5022030472755432,0.5022030472755432,0.4977969527244568,8,2,6,post_calibration
120,9,8,15,60,1,0,0,0.5026524662971497,0.5026524662971497,0.5026524662971497,0.49734750390052795,8,2,6,post_calibration
120,10,8,16,60,0,0,1,0.5052250623703003,0.5052250623703003,0.5052250623703003,0.4947749376296997,8,2,6,post_calibration
120,11,8,17,60,1,0,0,0.503193736076355,0.503193736076355,0.503193736076355,0.4968062937259674,8,2,6,post_calibration
121,0,8,1,60,1,1,1,0.5028156638145447,0.5028156638145447,0.4971843361854553,0.5028156638145447,8,3,6,zero_shot_paired
121,1,8,3,60,0,0,1,0.5000858306884766,0.5000858306884766,0.5000858306884766,0.4999141991138458,8,3,6,zero_shot_paired
121,2,8,4,60,1,1,1,0.5058565735816956,0.5058565735816956,0.4941434860229492,0.5058565735816956,8,3,6,zero_shot_paired
121,3,8,6,60,1,1,1,0.5047420263290405,0.5047420263290405,0.4952579736709595,0.5047420263290405,8,3,6,zero_shot_paired
121,4,8,8,60,0,1,0,0.5064799189567566,0.5064799189567566,0.493520051240921,0.5064799189567566,8,3,6,zero_shot_paired
121,5,8,9,60,0,0,1,0.5040222406387329,0.5040222406387329,0.5040222406387329,0.4959777891635895,8,3,6,zero_shot_paired
121,6,8,10,60,1,1,1,0.509259819984436,0.509259819984436,0.49074018001556396,0.509259819984436,8,3,6,zero_shot_paired
121,7,8,12,60,1,1,1,0.5015559792518616,0.5015559792518616,0.4984440207481384,0.5015559792518616,8,3,6,zero_shot_paired
121,8,8,13,60,1,0,0,0.5024654865264893,0.5024654865264893,0.5024654865264893,0.49753448367118835,8,3,6,zero_shot_paired
121,9,8,14,60,1,0,0,0.5022401809692383,0.5022401809692383,0.5022401809692383,0.4977598190307617,8,3,6,zero_shot_paired
121,10,8,15,60,1,0,0,0.5028737783432007,0.5028737783432007,0.5028737783432007,0.4971262216567993,8,3,6,zero_shot_paired
121,11,8,17,60,1,0,0,0.5031601190567017,0.5031601190567017,0.5031601190567017,0.49683985114097595,8,3,6,zero_shot_paired
121,0,8,1,60,1,1,1,0.5028563737869263,0.5028563737869263,0.49714359641075134,0.5028563737869263,8,3,6,post_calibration
121,1,8,3,60,0,0,1,0.5002166032791138,0.5002166032791138,0.5002166032791138,0.49978339672088623,8,3,6,post_calibration
121,2,8,4,60,1,1,1,0.505795419216156,0.505795419216156,0.4942046105861664,0.505795419216156,8,3,6,post_calibration
121,3,8,6,60,1,1,1,0.5048195719718933,0.5048195719718933,0.4951803982257843,0.5048195719718933,8,3,6,post_calibration
121,4,8,8,60,0,1,0,0.5063634514808655,0.5063634514808655,0.4936366081237793,0.5063634514808655,8,3,6,post_calibration
121,5,8,9,60,0,0,1,0.5039752721786499,0.5039752721786499,0.5039752721786499,0.4960246980190277,8,3,6,post_calibration
121,6,8,10,60,1,1,1,0.509223997592926,0.509223997592926,0.49077603220939636,0.509223997592926,8,3,6,post_calibration
121,7,8,12,60,1,1,1,0.5014944076538086,0.5014944076538086,0.4985055923461914,0.5014944076538086,8,3,6,post_calibration
121,8,8,13,60,1,0,0,0.5023077726364136,0.5023077726364136,0.5023077726364136,0.4976922571659088,8,3,6,post_calibration
121,9,8,14,60,1,0,0,0.5023953914642334,0.5023953914642334,0.5023953914642334,0.4976046681404114,8,3,6,post_calibration
121,10,8,15,60,1,0,0,0.5029193162918091,0.5029193162918091,0.5029193162918091,0.4970806837081909,8,3,6,post_calibration
121,11,8,17,60,1,0,0,0.5033596158027649,0.5033596158027649,0.5033596158027649,0.4966403543949127,8,3,6,post_calibration
122,0,8,1,60,1,1,1,0.5028157234191895,0.5028157234191895,0.49718427658081055,0.5028157234191895,8,1,9,zero_shot_paired
122,1,8,3,60,0,0,1,0.5000857710838318,0.5000857710838318,0.5000857710838318,0.4999142587184906,8,1,9,zero_shot_paired
122,2,8,6,60,1,1,1,0.5047420263290405,0.5047420263290405,0.4952579736709595,0.5047420263290405,8,1,9,zero_shot_paired
122,3,8,11,60,1,0,0,0.5045279860496521,0.5045279860496521,0.5045279860496521,0.4954719841480255,8,1,9,zero_shot_paired
122,4,8,12,60,1,1,1,0.5015559196472168,0.5015559196472168,0.4984440505504608,0.5015559196472168,8,1,9,zero_shot_paired
122,5,8,13,60,1,0,0,0.5024654269218445,0.5024654269218445,0.5024654269218445,0.49753454327583313,8,1,9,zero_shot_paired
122,6,8,14,60,1,0,0,0.5022401809692383,0.5022401809692383,0.5022401809692383,0.4977598488330841,8,1,9,zero_shot_paired
122,7,8,15,60,1,0,0,0.5028738975524902,0.5028738975524902,0.5028738975524902,0.49712613224983215,8,1,9,zero_shot_paired
122,8,8,16,60,0,0,1,0.5051528811454773,0.5051528811454773,0.5051528811454773,0.4948471188545227,8,1,9,zero_shot_paired
122,0,8,1,60,1,1,1,0.5028504729270935,0.5028504729270935,0.4971495568752289,0.5028504729270935,8,1,9,post_calibration
122,1,8,3,60,0,0,1,0.5001355409622192,0.5001355409622192,0.5001355409622192,0.49986445903778076,8,1,9,post_calibration
122,2,8,6,60,1,1,1,0.5049101114273071,0.5049101114273071,0.4950898587703705,0.5049101114273071,8,1,9,post_calibration
122,3,8,11,60,1,0,0,0.5044633746147156,0.5044633746147156,0.5044633746147156,0.4955366849899292,8,1,9,post_calibration
122,4,8,12,60,1,1,1,0.5016509890556335,0.5016509890556335,0.49834898114204407,0.5016509890556335,8,1,9,post_calibration
122,5,8,13,60,1,0,0,0.5024240612983704,0.5024240612983704,0.5024240612983704,0.49757593870162964,8,1,9,post_calibration
122,6,8,14,60,1,0,0,0.5020800232887268,0.5020800232887268,0.5020800232887268,0.4979199767112732,8,1,9,post_calibration
122,7,8,15,60,1,0,0,0.5027320981025696,0.5027320981025696,0.5027320981025696,0.4972679316997528,8,1,9,post_calibration
122,8,8,16,60,0,0,1,0.505173921585083,0.505173921585083,0.505173921585083,0.4948261082172394,8,1,9,post_calibration
123,0,8,0,60,1,0,0,0.5041599869728088,0.5041599869728088,0.5041599869728088,0.4958399832248688,8,2,9,zero_shot_paired
123,1,8,2,60,1,0,0,0.5040079355239868,0.5040079355239868,0.5040079355239868,0.49599209427833557,8,2,9,zero_shot_paired
123,2,8,4,60,1,1,1,0.5058565139770508,0.5058565139770508,0.4941434860229492,0.5058565139770508,8,2,9,zero_shot_paired
123,3,8,5,60,0,0,1,0.5026431679725647,0.5026431679725647,0.5026431679725647,0.4973568618297577,8,2,9,zero_shot_paired
123,4,8,7,60,1,1,1,0.5034728050231934,0.5034728050231934,0.49652719497680664,0.5034728050231934,8,2,9,zero_shot_paired
123,5,8,8,60,0,1,0,0.5064798593521118,0.5064798593521118,0.4935201108455658,0.5064798593521118,8,2,9,zero_shot_paired
123,6,8,9,60,0,0,1,0.5040223598480225,0.5040223598480225,0.5040223598480225,0.49597764015197754,8,2,9,zero_shot_paired
123,7,8,10,60,1,1,1,0.5092595815658569,0.5092595815658569,0.49074041843414307,0.5092595815658569,8,2,9,zero_shot_paired
123,8,8,17,60,1,0,0,0.5031604766845703,0.5031604766845703,0.5031604766845703,0.4968394935131073,8,2,9,zero_shot_paired
123,0,8,0,60,1,0,0,0.5040483474731445,0.5040483474731445,0.5040483474731445,0.49595168232917786,8,2,9,post_calibration
123,1,8,2,60,1,0,0,0.5038774013519287,0.5038774013519287,0.5038774013519287,0.4961226284503937,8,2,9,post_calibration
123,2,8,4,60,1,1,1,0.5060209631919861,0.5060209631919861,0.4939790368080139,0.5060209631919861,8,2,9,post_calibration
123,3,8,5,60,0,0,1,0.5024969577789307,0.5024969577789307,0.5024969577789307,0.49750301241874695,8,2,9,post_calibration
123,4,8,7,60,1,1,1,0.5037083029747009,0.5037083029747009,0.49629172682762146,0.5037083029747009,8,2,9,post_calibration
123,5,8,8,60,0,1,0,0.5064145922660828,0.5064145922660828,0.4935854375362396,0.5064145922660828,8,2,9,post_calibration
123,6,8,9,60,0,0,1,0.5039674639701843,0.5039674639701843,0.5039674639701843,0.4960325360298157,8,2,9,post_calibration
123,7,8,10,60,1,1,1,0.5094832181930542,0.5094832181930542,0.490516722202301,0.5094832181930542,8,2,9,post_calibration
123,8,8,17,60,1,0,0,0.5032457709312439,0.5032457709312439,0.5032457709312439,0.4967542588710785,8,2,9,post_calibration
124,0,8,2,60,1,0,0,0.5040088891983032,0.5040088891983032,0.5040088891983032,0.49599114060401917,8,1,12,zero_shot_paired
124,1,8,4,60,1,1,1,0.5058574676513672,0.5058574676513672,0.4941425025463104,0.5058574676513672,8,1,12,zero_shot_paired
124,2,8,6,60,1,1,1,0.504742443561554,0.504742443561554,0.49525755643844604,0.504742443561554,8,1,12,zero_shot_paired
124,3,8,8,60,0,1,0,0.5064787268638611,0.5064787268638611,0.4935212731361389,0.5064787268638611,8,1,12,zero_shot_paired
124,4,8,9,60,0,0,1,0.5040209889411926,0.5040209889411926,0.5040209889411926,0.4959790110588074,8,1,12,zero_shot_paired
124,5,8,13,60,1,0,0,0.502463161945343,0.502463161945343,0.502463161945343,0.49753689765930176,8,1,12,zero_shot_paired
124,0,8,2,60,1,0,0,0.503909170627594,0.503909170627594,0.503909170627594,0.496090829372406,8,1,12,post_calibration
124,1,8,4,60,1,1,1,0.5061364769935608,0.5061364769935608,0.4938634932041168,0.5061364769935608,8,1,12,post_calibration
124,2,8,6,60,1,1,1,0.5051932334899902,0.5051932334899902,0.49480676651000977,0.5051932334899902,8,1,12,post_calibration
124,3,8,8,60,0,1,0,0.5068170428276062,0.5068170428276062,0.493182897567749,0.5068170428276062,8,1,12,post_calibration
124,4,8,9,60,0,0,1,0.5039175152778625,0.5039175152778625,0.5039175152778625,0.49608251452445984,8,1,12,post_calibration
124,5,8,13,60,1,0,0,0.5024319887161255,0.5024319887161255,0.5024319887161255,0.4975680112838745,8,1,12,post_calibration
125,0,8,0,60,1,0,0,0.5041611790657043,0.5041611790657043,0.5041611790657043,0.49583882093429565,8,2,12,zero_shot_paired
125,1,8,1,60,1,1,1,0.5028166174888611,0.5028166174888611,0.4971834123134613,0.5028166174888611,8,2,12,zero_shot_paired
125,2,8,3,60,0,0,1,0.5000860095024109,0.5000860095024109,0.5000860095024109,0.4999139606952667,8,2,12,zero_shot_paired
125,3,8,8,60,0,1,0,0.5064787268638611,0.5064787268638611,0.4935212731361389,0.5064787268638611,8,2,12,zero_shot_paired
125,4,8,11,60,1,0,0,0.504526674747467,0.504526674747467,0.504526674747467,0.49547329545021057,8,2,12,zero_shot_paired
125,5,8,13,60,1,0,0,0.502463161945343,0.502463161945343,0.502463161945343,0.49753689765930176,8,2,12,zero_shot_paired
125,0,8,0,60,1,0,0,0.5039802193641663,0.5039802193641663,0.5039802193641663,0.49601975083351135,8,2,12,post_calibration
125,1,8,1,60,1,1,1,0.5030549168586731,0.5030549168586731,0.4969451129436493,0.5030549168586731,8,2,12,post_calibration
125,2,8,3,60,0,0,1,0.5000083446502686,0.5000083446502686,0.5000083446502686,0.49999165534973145,8,2,12,post_calibration
125,3,8,8,60,0,1,0,0.5068293809890747,0.5068293809890747,0.4931705892086029,0.5068293809890747,8,2,12,post_calibration
125,4,8,11,60,1,0,0,0.5045314431190491,0.5045314431190491,0.5045314431190491,0.49546852707862854,8,2,12,post_calibration
125,5,8,13,60,1,0,0,0.5022253394126892,0.5022253394126892,0.5022253394126892,0.4977746307849884,8,2,12,post_calibration
126,0,8,2,60,1,0,0,0.5040088891983032,0.5040088891983032,0.5040088891983032,0.49599114060401917,8,3,12,zero_shot_paired
126,1,8,5,60,0,0,1,0.5026430487632751,0.5026430487632751,0.5026430487632751,0.49735698103904724,8,3,12,zero_shot_paired
126,2,8,6,60,1,1,1,0.504742443561554,0.504742443561554,0.49525755643844604,0.504742443561554,8,3,12,zero_shot_paired
126,3,8,11,60,1,0,0,0.504526674747467,0.504526674747467,0.504526674747467,0.49547329545021057,8,3,12,zero_shot_paired
126,4,8,16,60,0,0,1,0.5051530599594116,0.5051530599594116,0.5051530599594116,0.494846910238266,8,3,12,zero_shot_paired
126,5,8,17,60,1,0,0,0.5031600594520569,0.5031600594520569,0.5031600594520569,0.4968399107456207,8,3,12,zero_shot_paired
126,0,8,2,60,1,0,0,0.5037757158279419,0.5037757158279419,0.5037757158279419,0.4962242841720581,8,3,12,post_calibration
126,1,8,5,60,0,0,1,0.5022864937782288,0.5022864937782288,0.5022864937782288,0.49771350622177124,8,3,12,post_calibration
126,2,8,6,60,1,1,1,0.505325198173523,0.505325198173523,0.49467480182647705,0.505325198173523,8,3,12,post_calibration
126,3,8,11,60,1,0,0,0.5044465065002441,0.5044465065002441,0.5044465065002441,0.49555349349975586,8,3,12,post_calibration
126,4,8,16,60,0,0,1,0.5051395297050476,0.5051395297050476,0.5051395297050476,0.4948604702949524,8,3,12,post_calibration
126,5,8,17,60,1,0,0,0.5031622648239136,0.5031622648239136,0.5031622648239136,0.4968377351760864,8,3,12,post_calibration
10,0,9,0,60,1,0,0,0.502253532409668,0.502253532409668,0.502253532409668,0.49774646759033203,9,,,zero_shot_all_trials
10,1,9,1,60,1,0,0,0.500443160533905,0.500443160533905,0.500443160533905,0.49955683946609497,9,,,zero_shot_all_trials
10,2,9,2,60,1,0,0,0.5036984086036682,0.5036984086036682,0.5036984086036682,0.49630165100097656,9,,,zero_shot_all_trials
10,3,9,3,60,1,0,0,0.5007492899894714,0.5007492899894714,0.5007492899894714,0.49925071001052856,9,,,zero_shot_all_trials
10,4,9,4,60,1,0,0,0.5000963807106018,0.5000963807106018,0.5000963807106018,0.4999035894870758,9,,,zero_shot_all_trials
10,5,9,5,60,1,0,0,0.5016118884086609,0.5016118884086609,0.5016118884086609,0.4983880817890167,9,,,zero_shot_all_trials
10,6,9,6,60,1,1,1,0.5061797499656677,0.5061797499656677,0.4938202202320099,0.5061797499656677,9,,,zero_shot_all_trials
10,7,9,7,60,0,0,1,0.5010524988174438,0.5010524988174438,0.5010524988174438,0.49894750118255615,9,,,zero_shot_all_trials
10,8,9,8,60,0,1,0,0.5077552199363708,0.5077552199363708,0.4922447204589844,0.5077552199363708,9,,,zero_shot_all_trials
10,9,9,9,60,1,0,0,0.5037705898284912,0.5037705898284912,0.5037705898284912,0.496229350566864,9,,,zero_shot_all_trials
10,10,9,10,60,1,0,0,0.5004242062568665,0.5004242062568665,0.5004242062568665,0.49957579374313354,9,,,zero_shot_all_trials
10,11,9,11,60,1,0,0,0.5053777098655701,0.5053777098655701,0.5053777098655701,0.49462229013442993,9,,,zero_shot_all_trials
10,12,9,12,60,1,0,0,0.5001235008239746,0.5001235008239746,0.5001235008239746,0.4998764991760254,9,,,zero_shot_all_trials
10,13,9,13,60,0,1,0,0.5054230690002441,0.5054230690002441,0.49457696080207825,0.5054230690002441,9,,,zero_shot_all_trials
10,14,9,14,60,1,1,1,0.5048874020576477,0.5048874020576477,0.49511265754699707,0.5048874020576477,9,,,zero_shot_all_trials
10,15,9,15,60,1,1,1,0.5026023387908936,0.5026023387908936,0.49739769101142883,0.5026023387908936,9,,,zero_shot_all_trials
10,16,9,16,60,0,1,0,0.5044292211532593,0.5044292211532593,0.4955707788467407,0.5044292211532593,9,,,zero_shot_all_trials
10,17,9,17,60,1,1,1,0.5002447366714478,0.5002447366714478,0.49975526332855225,0.5002447366714478,9,,,zero_shot_all_trials
127,0,9,0,60,1,0,0,0.502253532409668,0.502253532409668,0.502253532409668,0.49774646759033203,9,1,3,zero_shot_paired
127,1,9,1,60,1,0,0,0.500443160533905,0.500443160533905,0.500443160533905,0.49955683946609497,9,1,3,zero_shot_paired
127,2,9,2,60,1,0,0,0.5036982893943787,0.5036982893943787,0.5036982893943787,0.49630171060562134,9,1,3,zero_shot_paired
127,3,9,3,60,1,0,0,0.5007493495941162,0.5007493495941162,0.5007493495941162,0.4992506504058838,9,1,3,zero_shot_paired
127,4,9,4,60,1,0,0,0.5000964403152466,0.5000964403152466,0.5000964403152466,0.4999035596847534,9,1,3,zero_shot_paired
127,5,9,6,60,1,1,1,0.5061797499656677,0.5061797499656677,0.4938202202320099,0.5061797499656677,9,1,3,zero_shot_paired
127,6,9,7,60,0,0,1,0.5010524988174438,0.5010524988174438,0.5010524988174438,0.49894750118255615,9,1,3,zero_shot_paired
127,7,9,8,60,0,1,0,0.5077553391456604,0.5077553391456604,0.4922446608543396,0.5077553391456604,9,1,3,zero_shot_paired
127,8,9,9,60,1,0,0,0.5037705898284912,0.5037705898284912,0.5037705898284912,0.4962294101715088,9,1,3,zero_shot_paired
127,9,9,10,60,1,0,0,0.5004241466522217,0.5004241466522217,0.5004241466522217,0.4995758831501007,9,1,3,zero_shot_paired
127,10,9,11,60,1,0,0,0.5053777098655701,0.5053777098655701,0.5053777098655701,0.49462229013442993,9,1,3,zero_shot_paired
127,11,9,12,60,1,0,0,0.5001237392425537,0.5001237392425537,0.5001237392425537,0.49987632036209106,9,1,3,zero_shot_paired
127,12,9,13,60,0,1,0,0.5054230093955994,0.5054230093955994,0.494577020406723,0.5054230093955994,9,1,3,zero_shot_paired
127,13,9,14,60,1,1,1,0.504887580871582,0.504887580871582,0.4951123893260956,0.504887580871582,9,1,3,zero_shot_paired
127,14,9,16,60,0,1,0,0.504429280757904,0.504429280757904,0.49557071924209595,0.504429280757904,9,1,3,zero_shot_paired
127,0,9,0,60,1,0,0,0.5023235082626343,0.5023235082626343,0.5023235082626343,0.4976764917373657,9,1,3,post_calibration
127,1,9,1,60,1,0,0,0.5004439949989319,0.5004439949989319,0.5004439949989319,0.4995560050010681,9,1,3,post_calibration
127,2,9,2,60,1,0,0,0.503686249256134,0.503686249256134,0.503686249256134,0.49631378054618835,9,1,3,post_calibration
127,3,9,3,60,1,0,0,0.5006397366523743,0.5006397366523743,0.5006397366523743,0.4993602931499481,9,1,3,post_calibration
127,4,9,4,60,1,0,0,0.5000607371330261,0.5000607371330261,0.5000607371330261,0.4999392330646515,9,1,3,post_calibration
127,5,9,6,60,1,1,1,0.5061264038085938,0.5061264038085938,0.49387362599372864,0.5061264038085938,9,1,3,post_calibration
127,6,9,7,60,0,0,1,0.5010150074958801,0.5010150074958801,0.5010150074958801,0.4989849925041199,9,1,3,post_calibration
127,7,9,8,60,0,1,0,0.5078332424163818,0.5078332424163818,0.49216678738594055,0.5078332424163818,9,1,3,post_calibration
127,8,9,9,60,1,0,0,0.5038110613822937,0.5038110613822937,0.5038110613822937,0.4961889386177063,9,1,3,post_calibration
127,9,9,10,60,1,0,0,0.5004034638404846,0.5004034638404846,0.5004034638404846,0.4995965361595154,9,1,3,post_calibration
127,10,9,11,60,1,0,0,0.5054940581321716,0.5054940581321716,0.5054940581321716,0.49450597167015076,9,1,3,post_calibration
127,11,9,12,60,1,0,0,0.5000674724578857,0.5000674724578857,0.5000674724578857,0.49993249773979187,9,1,3,post_calibration
127,12,9,13,60,0,1,0,0.5052883625030518,0.5052883625030518,0.49471163749694824,0.5052883625030518,9,1,3,post_calibration
127,13,9,14,60,1,1,1,0.5048820972442627,0.5048820972442627,0.4951179325580597,0.5048820972442627,9,1,3,post_calibration
127,14,9,16,60,0,1,0,0.5044795274734497,0.5044795274734497,0.4955204725265503,0.5044795274734497,9,1,3,post_calibration
128,0,9,1,60,1,0,0,0.500443160533905,0.500443160533905,0.500443160533905,0.49955683946609497,9,2,3,zero_shot_paired
128,1,9,2,60,1,0,0,0.5036982893943787,0.5036982893943787,0.5036982893943787,0.49630171060562134,9,2,3,zero_shot_paired
128,2,9,3,60,1,0,0,0.5007493495941162,0.5007493495941162,0.5007493495941162,0.4992506504058838,9,2,3,zero_shot_paired
128,3,9,4,60,1,0,0,0.5000964403152466,0.5000964403152466,0.5000964403152466,0.4999035596847534,9,2,3,zero_shot_paired
128,4,9,5,60,1,0,0,0.5016118884086609,0.5016118884086609,0.5016118884086609,0.4983880817890167,9,2,3,zero_shot_paired
128,5,9,8,60,0,1,0,0.5077553391456604,0.5077553391456604,0.4922446608543396,0.5077553391456604,9,2,3,zero_shot_paired
128,6,9,9,60,1,0,0,0.5037705898284912,0.5037705898284912,0.5037705898284912,0.4962294101715088,9,2,3,zero_shot_paired
128,7,9,10,60,1,0,0,0.5004241466522217,0.5004241466522217,0.5004241466522217,0.4995758831501007,9,2,3,zero_shot_paired
128,8,9,11,60,1,0,0,0.5053777098655701,0.5053777098655701,0.5053777098655701,0.49462229013442993,9,2,3,zero_shot_paired
128,9,9,12,60,1,0,0,0.5001237392425537,0.5001237392425537,0.5001237392425537,0.49987632036209106,9,2,3,zero_shot_paired
128,10,9,13,60,0,1,0,0.5054230093955994,0.5054230093955994,0.494577020406723,0.5054230093955994,9,2,3,zero_shot_paired
128,11,9,14,60,1,1,1,0.504887580871582,0.504887580871582,0.4951123893260956,0.504887580871582,9,2,3,zero_shot_paired
128,12,9,15,60,1,1,1,0.5026023983955383,0.5026023983955383,0.49739763140678406,0.5026023983955383,9,2,3,zero_shot_paired
128,13,9,16,60,0,1,0,0.504429280757904,0.504429280757904,0.49557071924209595,0.504429280757904,9,2,3,zero_shot_paired
128,14,9,17,60,1,1,1,0.5002447366714478,0.5002447366714478,0.49975526332855225,0.5002447366714478,9,2,3,zero_shot_paired
128,0,9,1,60,1,0,0,0.5004478693008423,0.5004478693008423,0.5004478693008423,0.4995521306991577,9,2,3,post_calibration
128,1,9,2,60,1,0,0,0.5037345886230469,0.5037345886230469,0.5037345886230469,0.4962654113769531,9,2,3,post_calibration
128,2,9,3,60,1,0,0,0.5007336735725403,0.5007336735725403,0.5007336735725403,0.4992663264274597,9,2,3,post_calibration
128,3,9,4,60,1,0,0,0.5001222491264343,0.5001222491264343,0.5001222491264343,0.4998777508735657,9,2,3,post_calibration
128,4,9,5,60,1,0,0,0.5015355348587036,0.5015355348587036,0.5015355348587036,0.4984644949436188,9,2,3,post_calibration
128,5,9,8,60,0,1,0,0.5077401399612427,0.5077401399612427,0.4922598600387573,0.5077401399612427,9,2,3,post_calibration
128,6,9,9,60,1,0,0,0.5036606192588806,0.5036606192588806,0.5036606192588806,0.4963393807411194,9,2,3,post_calibration
128,7,9,10,60,1,0,0,0.500383734703064,0.500383734703064,0.500383734703064,0.4996162950992584,9,2,3,post_calibration
128,8,9,11,60,1,0,0,0.5053896307945251,0.5053896307945251,0.5053896307945251,0.49461036920547485,9,2,3,post_calibration
128,9,9,12,60,1,0,0,0.5002501606941223,0.5002501606941223,0.5002501606941223,0.4997498691082001,9,2,3,post_calibration
128,10,9,13,60,0,1,0,0.50560063123703,0.50560063123703,0.4943993389606476,0.50560063123703,9,2,3,post_calibration
128,11,9,14,60,1,1,1,0.5049377083778381,0.5049377083778381,0.4950622618198395,0.5049377083778381,9,2,3,post_calibration
128,12,9,15,60,1,1,1,0.502467930316925,0.502467930316925,0.49753203988075256,0.502467930316925,9,2,3,post_calibration
128,13,9,16,60,0,1,0,0.504418134689331,0.504418134689331,0.49558189511299133,0.504418134689331,9,2,3,post_calibration
128,14,9,17,60,1,1,1,0.5003663897514343,0.5003663897514343,0.4996336102485657,0.5003663897514343,9,2,3,post_calibration
129,0,9,0,60,1,0,0,0.502253532409668,0.502253532409668,0.502253532409668,0.49774646759033203,9,3,3,zero_shot_paired
129,1,9,3,60,1,0,0,0.5007493495941162,0.5007493495941162,0.5007493495941162,0.4992506504058838,9,3,3,zero_shot_paired
129,2,9,4,60,1,0,0,0.5000964403152466,0.5000964403152466,0.5000964403152466,0.4999035596847534,9,3,3,zero_shot_paired
129,3,9,5,60,1,0,0,0.5016118884086609,0.5016118884086609,0.5016118884086609,0.4983880817890167,9,3,3,zero_shot_paired
129,4,9,6,60,1,1,1,0.5061797499656677,0.5061797499656677,0.4938202202320099,0.5061797499656677,9,3,3,zero_shot_paired
129,5,9,7,60,0,0,1,0.5010524988174438,0.5010524988174438,0.5010524988174438,0.49894750118255615,9,3,3,zero_shot_paired
129,6,9,8,60,0,1,0,0.5077553391456604,0.5077553391456604,0.4922446608543396,0.5077553391456604,9,3,3,zero_shot_paired
129,7,9,9,60,1,0,0,0.5037705898284912,0.5037705898284912,0.5037705898284912,0.4962294101715088,9,3,3,zero_shot_paired
129,8,9,10,60,1,0,0,0.5004241466522217,0.5004241466522217,0.5004241466522217,0.4995758831501007,9,3,3,zero_shot_paired
129,9,9,11,60,1,0,0,0.5053777098655701,0.5053777098655701,0.5053777098655701,0.49462229013442993,9,3,3,zero_shot_paired
129,10,9,12,60,1,0,0,0.5001237392425537,0.5001237392425537,0.5001237392425537,0.49987632036209106,9,3,3,zero_shot_paired
129,11,9,13,60,0,1,0,0.5054230093955994,0.5054230093955994,0.494577020406723,0.5054230093955994,9,3,3,zero_shot_paired
129,12,9,14,60,1,1,1,0.504887580871582,0.504887580871582,0.4951123893260956,0.504887580871582,9,3,3,zero_shot_paired
129,13,9,15,60,1,1,1,0.5026023983955383,0.5026023983955383,0.49739763140678406,0.5026023983955383,9,3,3,zero_shot_paired
129,14,9,17,60,1,1,1,0.5002447366714478,0.5002447366714478,0.49975526332855225,0.5002447366714478,9,3,3,zero_shot_paired
129,0,9,0,60,1,0,0,0.5022795796394348,0.5022795796394348,0.5022795796394348,0.49772047996520996,9,3,3,post_calibration
129,1,9,3,60,1,0,0,0.5008208155632019,0.5008208155632019,0.5008208155632019,0.4991792142391205,9,3,3,post_calibration
129,2,9,4,60,1,0,0,0.5001153349876404,0.5001153349876404,0.5001153349876404,0.4998846650123596,9,3,3,post_calibration
129,3,9,5,60,1,0,0,0.5016298294067383,0.5016298294067383,0.5016298294067383,0.4983702003955841,9,3,3,post_calibration
129,4,9,6,60,1,1,1,0.5062105655670166,0.5062105655670166,0.493789404630661,0.5062105655670166,9,3,3,post_calibration
129,5,9,7,60,0,0,1,0.501047670841217,0.501047670841217,0.501047670841217,0.49895229935646057,9,3,3,post_calibration
129,6,9,8,60,0,1,0,0.5076732039451599,0.5076732039451599,0.4923267662525177,0.5076732039451599,9,3,3,post_calibration
129,7,9,9,60,1,0,0,0.5037234425544739,0.5037234425544739,0.5037234425544739,0.49627652764320374,9,3,3,post_calibration
129,8,9,10,60,1,0,0,0.5003515481948853,0.5003515481948853,0.5003515481948853,0.49964848160743713,9,3,3,post_calibration
129,9,9,11,60,1,0,0,0.505275309085846,0.505275309085846,0.505275309085846,0.49472472071647644,9,3,3,post_calibration
129,10,9,12,60,1,0,0,0.5001208186149597,0.5001208186149597,0.5001208186149597,0.4998791813850403,9,3,3,post_calibration
129,11,9,13,60,0,1,0,0.5054320096969604,0.5054320096969604,0.49456796050071716,0.5054320096969604,9,3,3,post_calibration
129,12,9,14,60,1,1,1,0.5049543976783752,0.5049543976783752,0.49504560232162476,0.5049543976783752,9,3,3,post_calibration
129,13,9,15,60,1,1,1,0.5025061368942261,0.5025061368942261,0.4974939227104187,0.5025061368942261,9,3,3,post_calibration
129,14,9,17,60,1,1,1,0.5002862811088562,0.5002862811088562,0.4997137784957886,0.5002862811088562,9,3,3,post_calibration
130,0,9,0,60,1,0,0,0.502253532409668,0.502253532409668,0.502253532409668,0.49774646759033203,9,4,3,zero_shot_paired
130,1,9,1,60,1,0,0,0.500443160533905,0.500443160533905,0.500443160533905,0.49955683946609497,9,4,3,zero_shot_paired
130,2,9,2,60,1,0,0,0.5036982893943787,0.5036982893943787,0.5036982893943787,0.49630171060562134,9,4,3,zero_shot_paired
130,3,9,3,60,1,0,0,0.5007493495941162,0.5007493495941162,0.5007493495941162,0.4992506504058838,9,4,3,zero_shot_paired
130,4,9,4,60,1,0,0,0.5000964403152466,0.5000964403152466,0.5000964403152466,0.4999035596847534,9,4,3,zero_shot_paired
130,5,9,5,60,1,0,0,0.5016118884086609,0.5016118884086609,0.5016118884086609,0.4983880817890167,9,4,3,zero_shot_paired
130,6,9,6,60,1,1,1,0.5061797499656677,0.5061797499656677,0.4938202202320099,0.5061797499656677,9,4,3,zero_shot_paired
130,7,9,7,60,0,0,1,0.5010524988174438,0.5010524988174438,0.5010524988174438,0.49894750118255615,9,4,3,zero_shot_paired
130,8,9,8,60,0,1,0,0.5077553391456604,0.5077553391456604,0.4922446608543396,0.5077553391456604,9,4,3,zero_shot_paired
130,9,9,10,60,1,0,0,0.5004241466522217,0.5004241466522217,0.5004241466522217,0.4995758831501007,9,4,3,zero_shot_paired
130,10,9,11,60,1,0,0,0.5053777098655701,0.5053777098655701,0.5053777098655701,0.49462229013442993,9,4,3,zero_shot_paired
130,11,9,12,60,1,0,0,0.5001237392425537,0.5001237392425537,0.5001237392425537,0.49987632036209106,9,4,3,zero_shot_paired
130,12,9,15,60,1,1,1,0.5026023983955383,0.5026023983955383,0.49739763140678406,0.5026023983955383,9,4,3,zero_shot_paired
130,13,9,16,60,0,1,0,0.504429280757904,0.504429280757904,0.49557071924209595,0.504429280757904,9,4,3,zero_shot_paired
130,14,9,17,60,1,1,1,0.5002447366714478,0.5002447366714478,0.49975526332855225,0.5002447366714478,9,4,3,zero_shot_paired
130,0,9,0,60,1,0,0,0.502076268196106,0.502076268196106,0.502076268196106,0.49792373180389404,9,4,3,post_calibration
130,1,9,1,60,1,0,0,0.5002307295799255,0.5002307295799255,0.5002307295799255,0.49976927042007446,9,4,3,post_calibration
130,2,9,2,60,1,0,0,0.5036923289299011,0.5036923289299011,0.5036923289299011,0.4963076412677765,9,4,3,post_calibration
130,3,9,3,60,1,0,0,0.5009022951126099,0.5009022951126099,0.5009022951126099,0.49909767508506775,9,4,3,post_calibration
130,4,9,4,60,1,0,0,0.5000078678131104,0.5000078678131104,0.5000078678131104,0.49999216198921204,9,4,3,post_calibration
130,5,9,5,60,1,0,0,0.5015873312950134,0.5015873312950134,0.5015873312950134,0.4984126687049866,9,4,3,post_calibration
130,6,9,6,60,1,1,1,0.5061554908752441,0.5061554908752441,0.49384447932243347,0.5061554908752441,9,4,3,post_calibration
130,7,9,7,60,0,0,1,0.5011247992515564,0.5011247992515564,0.5011247992515564,0.4988752007484436,9,4,3,post_calibration
130,8,9,8,60,0,1,0,0.5078169107437134,0.5078169107437134,0.4921831488609314,0.5078169107437134,9,4,3,post_calibration
130,9,9,10,60,1,0,0,0.5001747608184814,0.5001747608184814,0.5001747608184814,0.49982523918151855,9,4,3,post_calibration
130,10,9,11,60,1,0,0,0.5053342580795288,0.5053342580795288,0.5053342580795288,0.4946657717227936,9,4,3,post_calibration
130,11,9,12,60,1,0,0,0.5001415610313416,0.5001415610313416,0.5001415610313416,0.49985843896865845,9,4,3,post_calibration
130,12,9,15,60,1,1,1,0.5025495290756226,0.5025495290756226,0.49745050072669983,0.5025495290756226,9,4,3,post_calibration
130,13,9,16,60,0,1,0,0.5044669508934021,0.5044669508934021,0.4955331087112427,0.5044669508934021,9,4,3,post_calibration
130,14,9,17,60,1,1,1,0.5003831386566162,0.5003831386566162,0.4996168315410614,0.5003831386566162,9,4,3,post_calibration
131,0,9,0,60,1,0,0,0.502253532409668,0.502253532409668,0.502253532409668,0.49774646759033203,9,5,3,zero_shot_paired
131,1,9,1,60,1,0,0,0.500443160533905,0.500443160533905,0.500443160533905,0.49955683946609497,9,5,3,zero_shot_paired
131,2,9,2,60,1,0,0,0.5036982893943787,0.5036982893943787,0.5036982893943787,0.49630171060562134,9,5,3,zero_shot_paired
131,3,9,5,60,1,0,0,0.5016118884086609,0.5016118884086609,0.5016118884086609,0.4983880817890167,9,5,3,zero_shot_paired
131,4,9,6,60,1,1,1,0.5061797499656677,0.5061797499656677,0.4938202202320099,0.5061797499656677,9,5,3,zero_shot_paired
131,5,9,7,60,0,0,1,0.5010524988174438,0.5010524988174438,0.5010524988174438,0.49894750118255615,9,5,3,zero_shot_paired
131,6,9,8,60,0,1,0,0.5077553391456604,0.5077553391456604,0.4922446608543396,0.5077553391456604,9,5,3,zero_shot_paired
131,7,9,9,60,1,0,0,0.5037705898284912,0.5037705898284912,0.5037705898284912,0.4962294101715088,9,5,3,zero_shot_paired
131,8,9,11,60,1,0,0,0.5053777098655701,0.5053777098655701,0.5053777098655701,0.49462229013442993,9,5,3,zero_shot_paired
131,9,9,12,60,1,0,0,0.5001237392425537,0.5001237392425537,0.5001237392425537,0.49987632036209106,9,5,3,zero_shot_paired
131,10,9,13,60,0,1,0,0.5054230093955994,0.5054230093955994,0.494577020406723,0.5054230093955994,9,5,3,zero_shot_paired
131,11,9,14,60,1,1,1,0.504887580871582,0.504887580871582,0.4951123893260956,0.504887580871582,9,5,3,zero_shot_paired
131,12,9,15,60,1,1,1,0.5026023983955383,0.5026023983955383,0.49739763140678406,0.5026023983955383,9,5,3,zero_shot_paired
131,13,9,16,60,0,1,0,0.504429280757904,0.504429280757904,0.49557071924209595,0.504429280757904,9,5,3,zero_shot_paired
131,14,9,17,60,1,1,1,0.5002447366714478,0.5002447366714478,0.49975526332855225,0.5002447366714478,9,5,3,zero_shot_paired
131,0,9,0,60,1,0,0,0.5022277235984802,0.5022277235984802,0.5022277235984802,0.49777230620384216,9,5,3,post_calibration
131,1,9,1,60,1,0,0,0.5003917217254639,0.5003917217254639,0.5003917217254639,0.49960827827453613,9,5,3,post_calibration
131,2,9,2,60,1,0,0,0.5035536885261536,0.5035536885261536,0.5035536885261536,0.49644631147384644,9,5,3,post_calibration
131,3,9,5,60,1,0,0,0.5014805197715759,0.5014805197715759,0.5014805197715759,0.4985194802284241,9,5,3,post_calibration
131,4,9,6,60,1,1,1,0.5062366724014282,0.5062366724014282,0.4937632977962494,0.5062366724014282,9,5,3,post_calibration
131,5,9,7,60,0,0,1,0.5009487271308899,0.5009487271308899,0.5009487271308899,0.4990512728691101,9,5,3,post_calibration
131,6,9,8,60,0,1,0,0.5078956484794617,0.5078956484794617,0.49210429191589355,0.5078956484794617,9,5,3,post_calibration
131,7,9,9,60,1,0,0,0.5036633610725403,0.5036633610725403,0.5036633610725403,0.4963366687297821,9,5,3,post_calibration
131,8,9,11,60,1,0,0,0.5054198503494263,0.5054198503494263,0.5054198503494263,0.49458014965057373,9,5,3,post_calibration
131,9,9,12,60,1,0,0,0.5000972151756287,0.5000972151756287,0.5000972151756287,0.49990278482437134,9,5,3,post_calibration
131,10,9,13,60,0,1,0,0.5054981112480164,0.5054981112480164,0.49450188875198364,0.5054981112480164,9,5,3,post_calibration
131,11,9,14,60,1,1,1,0.5050862431526184,0.5050862431526184,0.4949137568473816,0.5050862431526184,9,5,3,post_calibration
131,12,9,15,60,1,1,1,0.5026867389678955,0.5026867389678955,0.4973132312297821,0.5026867389678955,9,5,3,post_calibration
131,13,9,16,60,0,1,0,0.5043194890022278,0.5043194890022278,0.4956805109977722,0.5043194890022278,9,5,3,post_calibration
131,14,9,17,60,1,1,1,0.5003958940505981,0.5003958940505981,0.4996040463447571,0.5003958940505981,9,5,3,post_calibration
132,0,9,0,60,1,0,0,0.502253532409668,0.502253532409668,0.502253532409668,0.49774646759033203,9,6,3,zero_shot_paired
132,1,9,1,60,1,0,0,0.500443160533905,0.500443160533905,0.500443160533905,0.49955683946609497,9,6,3,zero_shot_paired
132,2,9,2,60,1,0,0,0.5036982893943787,0.5036982893943787,0.5036982893943787,0.49630171060562134,9,6,3,zero_shot_paired
132,3,9,3,60,1,0,0,0.5007493495941162,0.5007493495941162,0.5007493495941162,0.4992506504058838,9,6,3,zero_shot_paired
132,4,9,4,60,1,0,0,0.5000964403152466,0.5000964403152466,0.5000964403152466,0.4999035596847534,9,6,3,zero_shot_paired
132,5,9,5,60,1,0,0,0.5016118884086609,0.5016118884086609,0.5016118884086609,0.4983880817890167,9,6,3,zero_shot_paired
132,6,9,6,60,1,1,1,0.5061797499656677,0.5061797499656677,0.4938202202320099,0.5061797499656677,9,6,3,zero_shot_paired
132,7,9,7,60,0,0,1,0.5010524988174438,0.5010524988174438,0.5010524988174438,0.49894750118255615,9,6,3,zero_shot_paired
132,8,9,9,60,1,0,0,0.5037705898284912,0.5037705898284912,0.5037705898284912,0.4962294101715088,9,6,3,zero_shot_paired
132,9,9,10,60,1,0,0,0.5004241466522217,0.5004241466522217,0.5004241466522217,0.4995758831501007,9,6,3,zero_shot_paired
132,10,9,13,60,0,1,0,0.5054230093955994,0.5054230093955994,0.494577020406723,0.5054230093955994,9,6,3,zero_shot_paired
132,11,9,14,60,1,1,1,0.504887580871582,0.504887580871582,0.4951123893260956,0.504887580871582,9,6,3,zero_shot_paired
132,12,9,15,60,1,1,1,0.5026023983955383,0.5026023983955383,0.49739763140678406,0.5026023983955383,9,6,3,zero_shot_paired
132,13,9,16,60,0,1,0,0.504429280757904,0.504429280757904,0.49557071924209595,0.504429280757904,9,6,3,zero_shot_paired
132,14,9,17,60,1,1,1,0.5002447366714478,0.5002447366714478,0.49975526332855225,0.5002447366714478,9,6,3,zero_shot_paired
132,0,9,0,60,1,0,0,0.5020788311958313,0.5020788311958313,0.5020788311958313,0.4979211390018463,9,6,3,post_calibration
132,1,9,1,60,1,0,0,0.5004765391349792,0.5004765391349792,0.5004765391349792,0.49952346086502075,9,6,3,post_calibration
132,2,9,2,60,1,0,0,0.5035707950592041,0.5035707950592041,0.5035707950592041,0.4964292347431183,9,6,3,post_calibration
132,3,9,3,60,1,0,0,0.5006546974182129,0.5006546974182129,0.5006546974182129,0.4993453025817871,9,6,3,post_calibration
132,4,9,4,60,1,0,0,0.5000464916229248,0.5000464916229248,0.5000464916229248,0.4999535083770752,9,6,3,post_calibration
132,5,9,5,60,1,0,0,0.5015974044799805,0.5015974044799805,0.5015974044799805,0.49840259552001953,9,6,3,post_calibration
132,6,9,6,60,1,1,1,0.5061303973197937,0.5061303973197937,0.4938696622848511,0.5061303973197937,9,6,3,post_calibration
132,7,9,7,60,0,0,1,0.5009463429450989,0.5009463429450989,0.5009463429450989,0.49905362725257874,9,6,3,post_calibration
132,8,9,9,60,1,0,0,0.5038342475891113,0.5038342475891113,0.5038342475891113,0.49616578221321106,9,6,3,post_calibration
132,9,9,10,60,1,0,0,0.5004499554634094,0.5004499554634094,0.5004499554634094,0.4995500147342682,9,6,3,post_calibration
132,10,9,13,60,0,1,0,0.5053856372833252,0.5053856372833252,0.4946143627166748,0.5053856372833252,9,6,3,post_calibration
132,11,9,14,60,1,1,1,0.5049310326576233,0.5049310326576233,0.4950689375400543,0.5049310326576233,9,6,3,post_calibration
132,12,9,15,60,1,1,1,0.5026004314422607,0.5026004314422607,0.49739962816238403,0.5026004314422607,9,6,3,post_calibration
132,13,9,16,60,0,1,0,0.5045174956321716,0.5045174956321716,0.49548250436782837,0.5045174956321716,9,6,3,post_calibration
132,14,9,17,60,1,1,1,0.5001562833786011,0.5001562833786011,0.49984368681907654,0.5001562833786011,9,6,3,post_calibration
133,0,9,1,60,1,0,0,0.500443160533905,0.500443160533905,0.500443160533905,0.49955683946609497,9,1,6,zero_shot_paired
133,1,9,2,60,1,0,0,0.5036982893943787,0.5036982893943787,0.5036982893943787,0.49630171060562134,9,1,6,zero_shot_paired
133,2,9,4,60,1,0,0,0.5000964403152466,0.5000964403152466,0.5000964403152466,0.4999035596847534,9,1,6,zero_shot_paired
133,3,9,5,60,1,0,0,0.5016118884086609,0.5016118884086609,0.5016118884086609,0.4983880817890167,9,1,6,zero_shot_paired
133,4,9,7,60,0,0,1,0.5010524988174438,0.5010524988174438,0.5010524988174438,0.49894750118255615,9,1,6,zero_shot_paired
133,5,9,10,60,1,0,0,0.5004241466522217,0.5004241466522217,0.5004241466522217,0.4995758831501007,9,1,6,zero_shot_paired
133,6,9,11,60,1,0,0,0.5053777098655701,0.5053777098655701,0.5053777098655701,0.49462229013442993,9,1,6,zero_shot_paired
133,7,9,12,60,1,0,0,0.5001237392425537,0.5001237392425537,0.5001237392425537,0.49987632036209106,9,1,6,zero_shot_paired
133,8,9,13,60,0,1,0,0.5054230093955994,0.5054230093955994,0.494577020406723,0.5054230093955994,9,1,6,zero_shot_paired
133,9,9,14,60,1,1,1,0.504887580871582,0.504887580871582,0.4951123893260956,0.504887580871582,9,1,6,zero_shot_paired
133,10,9,15,60,1,1,1,0.5026023983955383,0.5026023983955383,0.49739763140678406,0.5026023983955383,9,1,6,zero_shot_paired
133,11,9,16,60,0,1,0,0.504429280757904,0.504429280757904,0.49557071924209595,0.504429280757904,9,1,6,zero_shot_paired
133,0,9,1,60,1,0,0,0.5003561973571777,0.5003561973571777,0.5003561973571777,0.4996437430381775,9,1,6,post_calibration
133,1,9,2,60,1,0,0,0.5038004517555237,0.5038004517555237,0.5038004517555237,0.49619951844215393,9,1,6,post_calibration
133,2,9,4,60,1,1,1,0.5000336766242981,0.5000336766242981,0.4999663233757019,0.5000336766242981,9,1,6,post_calibration
133,3,9,5,60,1,0,0,0.5013388991355896,0.5013388991355896,0.5013388991355896,0.498661071062088,9,1,6,post_calibration
133,4,9,7,60,0,0,1,0.5011477470397949,0.5011477470397949,0.5011477470397949,0.49885228276252747,9,1,6,post_calibration
133,5,9,10,60,1,0,0,0.5003151893615723,0.5003151893615723,0.5003151893615723,0.49968475103378296,9,1,6,post_calibration
133,6,9,11,60,1,0,0,0.5052674412727356,0.5052674412727356,0.5052674412727356,0.4947325587272644,9,1,6,post_calibration
133,7,9,12,60,1,0,0,0.5000604391098022,0.5000604391098022,0.5000604391098022,0.49993953108787537,9,1,6,post_calibration
133,8,9,13,60,0,1,0,0.5055537819862366,0.5055537819862366,0.4944462478160858,0.5055537819862366,9,1,6,post_calibration
133,9,9,14,60,1,1,1,0.5050430297851562,0.5050430297851562,0.49495697021484375,0.5050430297851562,9,1,6,post_calibration
133,10,9,15,60,1,1,1,0.5026558041572571,0.5026558041572571,0.49734416604042053,0.5026558041572571,9,1,6,post_calibration
133,11,9,16,60,0,1,0,0.5046024322509766,0.5046024322509766,0.49539756774902344,0.5046024322509766,9,1,6,post_calibration
134,0,9,0,60,1,0,0,0.502253532409668,0.502253532409668,0.502253532409668,0.49774646759033203,9,2,6,zero_shot_paired
134,1,9,3,60,1,0,0,0.5007493495941162,0.5007493495941162,0.5007493495941162,0.4992506504058838,9,2,6,zero_shot_paired
134,2,9,4,60,1,0,0,0.5000964403152466,0.5000964403152466,0.5000964403152466,0.4999035596847534,9,2,6,zero_shot_paired
134,3,9,6,60,1,1,1,0.5061797499656677,0.5061797499656677,0.4938202202320099,0.5061797499656677,9,2,6,zero_shot_paired
134,4,9,7,60,0,0,1,0.5010524988174438,0.5010524988174438,0.5010524988174438,0.49894750118255615,9,2,6,zero_shot_paired
134,5,9,8,60,0,1,0,0.5077553391456604,0.5077553391456604,0.4922446608543396,0.5077553391456604,9,2,6,zero_shot_paired
134,6,9,9,60,1,0,0,0.5037705898284912,0.5037705898284912,0.5037705898284912,0.4962294101715088,9,2,6,zero_shot_paired
134,7,9,10,60,1,0,0,0.5004241466522217,0.5004241466522217,0.5004241466522217,0.4995758831501007,9,2,6,zero_shot_paired
134,8,9,12,60,1,0,0,0.5001237392425537,0.5001237392425537,0.5001237392425537,0.49987632036209106,9,2,6,zero_shot_paired
134,9,9,15,60,1,1,1,0.5026023983955383,0.5026023983955383,0.49739763140678406,0.5026023983955383,9,2,6,zero_shot_paired
134,10,9,16,60,0,1,0,0.504429280757904,0.504429280757904,0.49557071924209595,0.504429280757904,9,2,6,zero_shot_paired
134,11,9,17,60,1,1,1,0.5002447366714478,0.5002447366714478,0.49975526332855225,0.5002447366714478,9,2,6,zero_shot_paired
134,0,9,0,60,1,0,0,0.5020925402641296,0.5020925402641296,0.5020925402641296,0.49790745973587036,9,2,6,post_calibration
134,1,9,3,60,1,0,0,0.5007235407829285,0.5007235407829285,0.5007235407829285,0.49927645921707153,9,2,6,post_calibration
134,2,9,4,60,1,0,0,0.5000149011611938,0.5000149011611938,0.5000149011611938,0.49998506903648376,9,2,6,post_calibration
134,3,9,6,60,1,1,1,0.5062692761421204,0.5062692761421204,0.49373072385787964,0.5062692761421204,9,2,6,post_calibration
134,4,9,7,60,0,0,1,0.5009172558784485,0.5009172558784485,0.5009172558784485,0.4990827739238739,9,2,6,post_calibration
134,5,9,8,60,0,1,0,0.5079289078712463,0.5079289078712463,0.49207115173339844,0.5079289078712463,9,2,6,post_calibration
134,6,9,9,60,1,0,0,0.5037394165992737,0.5037394165992737,0.5037394165992737,0.4962606132030487,9,2,6,post_calibration
134,7,9,10,60,1,0,0,0.5001087784767151,0.5001087784767151,0.5001087784767151,0.4998912215232849,9,2,6,post_calibration
134,8,9,12,60,1,1,1,0.5000554323196411,0.5000554323196411,0.4999445378780365,0.5000554323196411,9,2,6,post_calibration
134,9,9,15,60,1,1,1,0.5028765797615051,0.5028765797615051,0.49712345004081726,0.5028765797615051,9,2,6,post_calibration
134,10,9,16,60,0,1,0,0.5046175122261047,0.5046175122261047,0.49538251757621765,0.5046175122261047,9,2,6,post_calibration
134,11,9,17,60,1,1,1,0.5001165866851807,0.5001165866851807,0.49988335371017456,0.5001165866851807,9,2,6,post_calibration
135,0,9,0,60,1,0,0,0.502253532409668,0.502253532409668,0.502253532409668,0.49774646759033203,9,3,6,zero_shot_paired
135,1,9,1,60,1,0,0,0.500443160533905,0.500443160533905,0.500443160533905,0.49955683946609497,9,3,6,zero_shot_paired
135,2,9,2,60,1,0,0,0.5036982893943787,0.5036982893943787,0.5036982893943787,0.49630171060562134,9,3,6,zero_shot_paired
135,3,9,3,60,1,0,0,0.5007493495941162,0.5007493495941162,0.5007493495941162,0.4992506504058838,9,3,6,zero_shot_paired
135,4,9,5,60,1,0,0,0.5016118884086609,0.5016118884086609,0.5016118884086609,0.4983880817890167,9,3,6,zero_shot_paired
135,5,9,6,60,1,1,1,0.5061797499656677,0.5061797499656677,0.4938202202320099,0.5061797499656677,9,3,6,zero_shot_paired
135,6,9,8,60,0,1,0,0.5077553391456604,0.5077553391456604,0.4922446608543396,0.5077553391456604,9,3,6,zero_shot_paired
135,7,9,9,60,1,0,0,0.5037705898284912,0.5037705898284912,0.5037705898284912,0.4962294101715088,9,3,6,zero_shot_paired
135,8,9,11,60,1,0,0,0.5053777098655701,0.5053777098655701,0.5053777098655701,0.49462229013442993,9,3,6,zero_shot_paired
135,9,9,13,60,0,1,0,0.5054230093955994,0.5054230093955994,0.494577020406723,0.5054230093955994,9,3,6,zero_shot_paired
135,10,9,14,60,1,1,1,0.504887580871582,0.504887580871582,0.4951123893260956,0.504887580871582,9,3,6,zero_shot_paired
135,11,9,17,60,1,1,1,0.5002447366714478,0.5002447366714478,0.49975526332855225,0.5002447366714478,9,3,6,zero_shot_paired
135,0,9,0,60,1,0,0,0.5022034645080566,0.5022034645080566,0.5022034645080566,0.49779656529426575,9,3,6,post_calibration
135,1,9,1,60,1,0,0,0.5004734396934509,0.5004734396934509,0.5004734396934509,0.4995265603065491,9,3,6,post_calibration
135,2,9,2,60,1,0,0,0.5037078857421875,0.5037078857421875,0.5037078857421875,0.4962921440601349,9,3,6,post_calibration
135,3,9,3,60,1,0,0,0.5008043050765991,0.5008043050765991,0.5008043050765991,0.4991956949234009,9,3,6,post_calibration
135,4,9,5,60,1,0,0,0.501562774181366,0.501562774181366,0.501562774181366,0.49843722581863403,9,3,6,post_calibration
135,5,9,6,60,1,1,1,0.5061715841293335,0.5061715841293335,0.4938283860683441,0.5061715841293335,9,3,6,post_calibration
135,6,9,8,60,0,1,0,0.5077576041221619,0.5077576041221619,0.49224239587783813,0.5077576041221619,9,3,6,post_calibration
135,7,9,9,60,1,0,0,0.5036574602127075,0.5036574602127075,0.5036574602127075,0.49634256958961487,9,3,6,post_calibration
135,8,9,11,60,1,0,0,0.5053634643554688,0.5053634643554688,0.5053634643554688,0.49463650584220886,9,3,6,post_calibration
135,9,9,13,60,0,1,0,0.5053961277008057,0.5053961277008057,0.4946039021015167,0.5053961277008057,9,3,6,post_calibration
135,10,9,14,60,1,1,1,0.5048237442970276,0.5048237442970276,0.4951762557029724,0.5048237442970276,9,3,6,post_calibration
135,11,9,17,60,1,1,1,0.5003383755683899,0.5003383755683899,0.4996616244316101,0.5003383755683899,9,3,6,post_calibration
136,0,9,2,60,1,0,0,0.5036983489990234,0.5036983489990234,0.5036983489990234,0.49630168080329895,9,1,9,zero_shot_paired
136,1,9,3,60,1,0,0,0.5007492303848267,0.5007492303848267,0.5007492303848267,0.49925073981285095,9,1,9,zero_shot_paired
136,2,9,4,60,1,0,0,0.5000963807106018,0.5000963807106018,0.5000963807106018,0.4999036192893982,9,1,9,zero_shot_paired
136,3,9,5,60,1,0,0,0.5016118884086609,0.5016118884086609,0.5016118884086609,0.4983881115913391,9,1,9,zero_shot_paired
136,4,9,7,60,0,0,1,0.5010524988174438,0.5010524988174438,0.5010524988174438,0.49894750118255615,9,1,9,zero_shot_paired
136,5,9,8,60,0,1,0,0.5077553391456604,0.5077553391456604,0.4922446012496948,0.5077553391456604,9,1,9,zero_shot_paired
136,6,9,10,60,1,0,0,0.5004240274429321,0.5004240274429321,0.5004240274429321,0.49957600235939026,9,1,9,zero_shot_paired
136,7,9,14,60,1,1,1,0.5048874616622925,0.5048874616622925,0.4951125383377075,0.5048874616622925,9,1,9,zero_shot_paired
136,8,9,15,60,1,1,1,0.502602219581604,0.502602219581604,0.4973978102207184,0.502602219581604,9,1,9,zero_shot_paired
136,0,9,2,60,1,0,0,0.5036288499832153,0.5036288499832153,0.5036288499832153,0.49637117981910706,9,1,9,post_calibration
136,1,9,3,60,1,0,0,0.5008164644241333,0.5008164644241333,0.5008164644241333,0.4991835355758667,9,1,9,post_calibration
136,2,9,4,60,1,0,0,0.5000988841056824,0.5000988841056824,0.5000988841056824,0.4999011158943176,9,1,9,post_calibration
136,3,9,5,60,1,0,0,0.5014625787734985,0.5014625787734985,0.5014625787734985,0.49853742122650146,9,1,9,post_calibration
136,4,9,7,60,0,0,1,0.501032292842865,0.501032292842865,0.501032292842865,0.4989677369594574,9,1,9,post_calibration
136,5,9,8,60,0,1,0,0.5078091025352478,0.5078091025352478,0.4921908676624298,0.5078091025352478,9,1,9,post_calibration
136,6,9,10,60,1,0,0,0.5003844499588013,0.5003844499588013,0.5003844499588013,0.49961555004119873,9,1,9,post_calibration
136,7,9,14,60,1,1,1,0.5049422383308411,0.5049422383308411,0.4950578212738037,0.5049422383308411,9,1,9,post_calibration
136,8,9,15,60,1,1,1,0.5026187300682068,0.5026187300682068,0.4973812401294708,0.5026187300682068,9,1,9,post_calibration
137,0,9,0,60,1,0,0,0.502253532409668,0.502253532409668,0.502253532409668,0.49774646759033203,9,2,9,zero_shot_paired
137,1,9,1,60,1,0,0,0.5004432201385498,0.5004432201385498,0.5004432201385498,0.4995567798614502,9,2,9,zero_shot_paired
137,2,9,6,60,1,1,1,0.5061798095703125,0.5061798095703125,0.4938201904296875,0.5061798095703125,9,2,9,zero_shot_paired
137,3,9,9,60,1,0,0,0.5037704706192017,0.5037704706192017,0.5037704706192017,0.49622952938079834,9,2,9,zero_shot_paired
137,4,9,11,60,1,0,0,0.5053777098655701,0.5053777098655701,0.5053777098655701,0.4946223199367523,9,2,9,zero_shot_paired
137,5,9,12,60,1,0,0,0.5001236796379089,0.5001236796379089,0.5001236796379089,0.49987632036209106,9,2,9,zero_shot_paired
137,6,9,13,60,0,1,0,0.5054231286048889,0.5054231286048889,0.4945768713951111,0.5054231286048889,9,2,9,zero_shot_paired
137,7,9,16,60,0,1,0,0.5044292211532593,0.5044292211532593,0.49557074904441833,0.5044292211532593,9,2,9,zero_shot_paired
137,8,9,17,60,1,1,1,0.5002447366714478,0.5002447366714478,0.49975526332855225,0.5002447366714478,9,2,9,zero_shot_paired
137,0,9,0,60,1,0,0,0.5021658539772034,0.5021658539772034,0.5021658539772034,0.497834175825119,9,2,9,post_calibration
137,1,9,1,60,1,0,0,0.5004959106445312,0.5004959106445312,0.5004959106445312,0.49950411915779114,9,2,9,post_calibration
137,2,9,6,60,1,1,1,0.5062039494514465,0.5062039494514465,0.49379605054855347,0.5062039494514465,9,2,9,post_calibration
137,3,9,9,60,1,0,0,0.5036785006523132,0.5036785006523132,0.5036785006523132,0.49632152915000916,9,2,9,post_calibration
137,4,9,11,60,1,0,0,0.5053015947341919,0.5053015947341919,0.5053015947341919,0.4946984350681305,9,2,9,post_calibration
137,5,9,12,60,1,0,0,0.500063419342041,0.500063419342041,0.500063419342041,0.4999365508556366,9,2,9,post_calibration
137,6,9,13,60,0,1,0,0.5053889751434326,0.5053889751434326,0.494610995054245,0.5053889751434326,9,2,9,post_calibration
137,7,9,16,60,0,1,0,0.504430890083313,0.504430890083313,0.4955691397190094,0.504430890083313,9,2,9,post_calibration
137,8,9,17,60,1,1,1,0.5002617835998535,0.5002617835998535,0.4997382164001465,0.5002617835998535,9,2,9,post_calibration
138,0,9,0,60,1,0,0,0.5022538304328918,0.5022538304328918,0.5022538304328918,0.49774622917175293,9,1,12,zero_shot_paired
138,1,9,1,60,1,0,0,0.5004446506500244,0.5004446506500244,0.5004446506500244,0.4995553493499756,9,1,12,zero_shot_paired
138,2,9,5,60,1,0,0,0.5016091465950012,0.5016091465950012,0.5016091465950012,0.49839091300964355,9,1,12,zero_shot_paired
138,3,9,7,60,0,0,1,0.501052975654602,0.501052975654602,0.501052975654602,0.49894705414772034,9,1,12,zero_shot_paired
138,4,9,10,60,1,0,0,0.5004262328147888,0.5004262328147888,0.5004262328147888,0.4995737373828888,9,1,12,zero_shot_paired
138,5,9,11,60,1,0,0,0.5053742527961731,0.5053742527961731,0.5053742527961731,0.4946257174015045,9,1,12,zero_shot_paired
138,0,9,0,60,1,0,0,0.502185046672821,0.502185046672821,0.502185046672821,0.49781495332717896,9,1,12,post_calibration
138,1,9,1,60,1,0,0,0.5003265142440796,0.5003265142440796,0.5003265142440796,0.4996735155582428,9,1,12,post_calibration
138,2,9,5,60,1,0,0,0.5014111399650574,0.5014111399650574,0.5014111399650574,0.4985889196395874,9,1,12,post_calibration
138,3,9,7,60,0,0,1,0.5010364055633545,0.5010364055633545,0.5010364055633545,0.4989636242389679,9,1,12,post_calibration
138,4,9,10,60,1,0,0,0.5001396536827087,0.5001396536827087,0.5001396536827087,0.49986040592193604,9,1,12,post_calibration
138,5,9,11,60,1,0,0,0.5053090453147888,0.5053090453147888,0.5053090453147888,0.4946909248828888,9,1,12,post_calibration
139,0,9,3,60,1,0,0,0.5007479190826416,0.5007479190826416,0.5007479190826416,0.4992520809173584,9,2,12,zero_shot_paired
139,1,9,5,60,1,0,0,0.5016091465950012,0.5016091465950012,0.5016091465950012,0.49839091300964355,9,2,12,zero_shot_paired
139,2,9,6,60,1,1,1,0.5061818957328796,0.5061818957328796,0.49381813406944275,0.5061818957328796,9,2,12,zero_shot_paired
139,3,9,7,60,0,0,1,0.501052975654602,0.501052975654602,0.501052975654602,0.49894705414772034,9,2,12,zero_shot_paired
139,4,9,9,60,1,0,0,0.5037707090377808,0.5037707090377808,0.5037707090377808,0.49622929096221924,9,2,12,zero_shot_paired
139,5,9,11,60,1,0,0,0.5053742527961731,0.5053742527961731,0.5053742527961731,0.4946257174015045,9,2,12,zero_shot_paired
139,0,9,3,60,1,0,0,0.5009636282920837,0.5009636282920837,0.5009636282920837,0.49903637170791626,9,2,12,post_calibration
139,1,9,5,60,1,0,0,0.5015925765037537,0.5015925765037537,0.5015925765037537,0.4984074532985687,9,2,12,post_calibration
139,2,9,6,60,1,1,1,0.5062478184700012,0.5062478184700012,0.49375221133232117,0.5062478184700012,9,2,12,post_calibration
139,3,9,7,60,0,0,1,0.5011022686958313,0.5011022686958313,0.5011022686958313,0.4988977909088135,9,2,12,post_calibration
139,4,9,9,60,1,0,0,0.5036290884017944,0.5036290884017944,0.5036290884017944,0.49637091159820557,9,2,12,post_calibration
139,5,9,11,60,1,0,0,0.5054488182067871,0.5054488182067871,0.5054488182067871,0.4945511817932129,9,2,12,post_calibration
140,0,9,0,60,1,0,0,0.5022538304328918,0.5022538304328918,0.5022538304328918,0.49774622917175293,9,3,12,zero_shot_paired
140,1,9,2,60,1,0,0,0.50369793176651,0.50369793176651,0.50369793176651,0.49630206823349,9,3,12,zero_shot_paired
140,2,9,4,60,1,0,0,0.5000991225242615,0.5000991225242615,0.5000991225242615,0.4999008774757385,9,3,12,zero_shot_paired
140,3,9,6,60,1,1,1,0.5061818957328796,0.5061818957328796,0.49381813406944275,0.5061818957328796,9,3,12,zero_shot_paired
140,4,9,8,60,0,1,0,0.5077539682388306,0.5077539682388306,0.4922460615634918,0.5077539682388306,9,3,12,zero_shot_paired
140,5,9,11,60,1,0,0,0.5053742527961731,0.5053742527961731,0.5053742527961731,0.4946257174015045,9,3,12,zero_shot_paired
140,0,9,0,60,1,0,0,0.5022817254066467,0.5022817254066467,0.5022817254066467,0.49771830439567566,9,3,12,post_calibration
140,1,9,2,60,1,0,0,0.5037572979927063,0.5037572979927063,0.5037572979927063,0.4962427318096161,9,3,12,post_calibration
140,2,9,4,60,1,0,0,0.5000194311141968,0.5000194311141968,0.5000194311141968,0.4999805688858032,9,3,12,post_calibration
140,3,9,6,60,1,1,1,0.5065611600875854,0.5065611600875854,0.49343881011009216,0.5065611600875854,9,3,12,post_calibration
140,4,9,8,60,0,1,0,0.5078063011169434,0.5078063011169434,0.49219366908073425,0.5078063011169434,9,3,12,post_calibration
140,5,9,11,60,1,0,0,0.5053292512893677,0.5053292512893677,0.5053292512893677,0.49467071890830994,9,3,12,post_calibration
11,0,10,0,60,0,1,0,0.5006222724914551,0.5006222724914551,0.4993777573108673,0.5006222724914551,10,,,zero_shot_all_trials
11,1,10,1,60,0,1,0,0.500077486038208,0.500077486038208,0.4999224841594696,0.500077486038208,10,,,zero_shot_all_trials
11,2,10,2,60,1,1,1,0.5040902495384216,0.5040902495384216,0.495909720659256,0.5040902495384216,10,,,zero_shot_all_trials
11,3,10,3,60,0,0,1,0.5043383836746216,0.5043383836746216,0.5043383836746216,0.4956616461277008,10,,,zero_shot_all_trials
11,4,10,4,60,1,1,1,0.5075469613075256,0.5075469613075256,0.49245303869247437,0.5075469613075256,10,,,zero_shot_all_trials
11,5,10,5,60,0,1,0,0.5011318325996399,0.5011318325996399,0.4988681375980377,0.5011318325996399,10,,,zero_shot_all_trials
11,6,10,6,60,1,1,1,0.500797688961029,0.500797688961029,0.49920231103897095,0.500797688961029,10,,,zero_shot_all_trials
11,7,10,7,60,0,1,0,0.5026283264160156,0.5026283264160156,0.49737170338630676,0.5026283264160156,10,,,zero_shot_all_trials
11,8,10,8,60,0,1,0,0.5017234086990356,0.5017234086990356,0.49827659130096436,0.5017234086990356,10,,,zero_shot_all_trials
11,9,10,9,60,0,1,0,0.50392746925354,0.50392746925354,0.49607259035110474,0.50392746925354,10,,,zero_shot_all_trials
11,10,10,10,60,1,1,1,0.5023123025894165,0.5023123025894165,0.4976876974105835,0.5023123025894165,10,,,zero_shot_all_trials
11,11,10,11,60,1,1,1,0.5002292990684509,0.5002292990684509,0.49977073073387146,0.5002292990684509,10,,,zero_shot_all_trials
11,12,10,12,60,1,0,0,0.5018492937088013,0.5018492937088013,0.5018492937088013,0.49815067648887634,10,,,zero_shot_all_trials
11,13,10,13,60,0,0,1,0.5003821849822998,0.5003821849822998,0.5003821849822998,0.4996177852153778,10,,,zero_shot_all_trials
11,14,10,14,60,1,1,1,0.5030348300933838,0.5030348300933838,0.4969651997089386,0.5030348300933838,10,,,zero_shot_all_trials
11,15,10,15,60,1,0,0,0.5012435913085938,0.5012435913085938,0.5012435913085938,0.49875637888908386,10,,,zero_shot_all_trials
11,16,10,16,60,0,0,1,0.5031275749206543,0.5031275749206543,0.5031275749206543,0.4968724548816681,10,,,zero_shot_all_trials
11,17,10,17,60,1,1,1,0.5004934072494507,0.5004934072494507,0.4995066225528717,0.5004934072494507,10,,,zero_shot_all_trials
141,0,10,0,60,0,1,0,0.5006222724914551,0.5006222724914551,0.4993777573108673,0.5006222724914551,10,1,3,zero_shot_paired
141,1,10,1,60,0,1,0,0.5000776052474976,0.5000776052474976,0.49992242455482483,0.5000776052474976,10,1,3,zero_shot_paired
141,2,10,2,60,1,1,1,0.5040903687477112,0.5040903687477112,0.4959096312522888,0.5040903687477112,10,1,3,zero_shot_paired
141,3,10,3,60,0,0,1,0.5043383836746216,0.5043383836746216,0.5043383836746216,0.4956616461277008,10,1,3,zero_shot_paired
141,4,10,4,60,1,1,1,0.5075469613075256,0.5075469613075256,0.49245303869247437,0.5075469613075256,10,1,3,zero_shot_paired
141,5,10,5,60,0,1,0,0.5011317729949951,0.5011317729949951,0.4988681972026825,0.5011317729949951,10,1,3,zero_shot_paired
141,6,10,6,60,1,1,1,0.5007978081703186,0.5007978081703186,0.4992021918296814,0.5007978081703186,10,1,3,zero_shot_paired
141,7,10,7,60,0,1,0,0.5026283860206604,0.5026283860206604,0.4973716735839844,0.5026283860206604,10,1,3,zero_shot_paired
141,8,10,8,60,0,1,0,0.5017232298851013,0.5017232298851013,0.4982767105102539,0.5017232298851013,10,1,3,zero_shot_paired
141,9,10,9,60,0,1,0,0.50392746925354,0.50392746925354,0.49607253074645996,0.50392746925354,10,1,3,zero_shot_paired
141,10,10,10,60,1,1,1,0.5023122429847717,0.5023122429847717,0.49768775701522827,0.5023122429847717,10,1,3,zero_shot_paired
141,11,10,11,60,1,1,1,0.5002294182777405,0.5002294182777405,0.49977055191993713,0.5002294182777405,10,1,3,zero_shot_paired
141,12,10,13,60,0,0,1,0.5003821849822998,0.5003821849822998,0.5003821849822998,0.4996178150177002,10,1,3,zero_shot_paired
141,13,10,15,60,1,0,0,0.5012435913085938,0.5012435913085938,0.5012435913085938,0.49875637888908386,10,1,3,zero_shot_paired
141,14,10,17,60,1,1,1,0.5004934072494507,0.5004934072494507,0.4995066225528717,0.5004934072494507,10,1,3,zero_shot_paired
141,0,10,0,60,0,1,0,0.5006213784217834,0.5006213784217834,0.49937865138053894,0.5006213784217834,10,1,3,post_calibration
141,1,10,1,60,0,1,0,0.5001185536384583,0.5001185536384583,0.49988144636154175,0.5001185536384583,10,1,3,post_calibration
141,2,10,2,60,1,1,1,0.5040709972381592,0.5040709972381592,0.4959290325641632,0.5040709972381592,10,1,3,post_calibration
141,3,10,3,60,0,0,1,0.5043725967407227,0.5043725967407227,0.5043725967407227,0.49562737345695496,10,1,3,post_calibration
141,4,10,4,60,1,1,1,0.5076538324356079,0.5076538324356079,0.4923461973667145,0.5076538324356079,10,1,3,post_calibration
141,5,10,5,60,0,1,0,0.5011337399482727,0.5011337399482727,0.4988662600517273,0.5011337399482727,10,1,3,post_calibration
141,6,10,6,60,1,1,1,0.5008871555328369,0.5008871555328369,0.4991128146648407,0.5008871555328369,10,1,3,post_calibration
141,7,10,7,60,0,1,0,0.5025719404220581,0.5025719404220581,0.4974280595779419,0.5025719404220581,10,1,3,post_calibration
141,8,10,8,60,0,1,0,0.5017887949943542,0.5017887949943542,0.49821123480796814,0.5017887949943542,10,1,3,post_calibration
141,9,10,9,60,0,1,0,0.5038117170333862,0.5038117170333862,0.49618831276893616,0.5038117170333862,10,1,3,post_calibration
141,10,10,10,60,1,1,1,0.5022932887077332,0.5022932887077332,0.49770671129226685,0.5022932887077332,10,1,3,post_calibration
141,11,10,11,60,1,1,1,0.5001727342605591,0.5001727342605591,0.49982723593711853,0.5001727342605591,10,1,3,post_calibration
141,12,10,13,60,0,0,1,0.5003098249435425,0.5003098249435425,0.5003098249435425,0.4996902048587799,10,1,3,post_calibration
141,13,10,15,60,1,0,0,0.5012246370315552,0.5012246370315552,0.5012246370315552,0.4987753927707672,10,1,3,post_calibration
141,14,10,17,60,1,1,1,0.500382125377655,0.500382125377655,0.4996178448200226,0.500382125377655,10,1,3,post_calibration
142,0,10,0,60,0,1,0,0.5006222724914551,0.5006222724914551,0.4993777573108673,0.5006222724914551,10,2,3,zero_shot_paired
142,1,10,1,60,0,1,0,0.5000776052474976,0.5000776052474976,0.49992242455482483,0.5000776052474976,10,2,3,zero_shot_paired
142,2,10,3,60,0,0,1,0.5043383836746216,0.5043383836746216,0.5043383836746216,0.4956616461277008,10,2,3,zero_shot_paired
142,3,10,4,60,1,1,1,0.5075469613075256,0.5075469613075256,0.49245303869247437,0.5075469613075256,10,2,3,zero_shot_paired
142,4,10,5,60,0,1,0,0.5011317729949951,0.5011317729949951,0.4988681972026825,0.5011317729949951,10,2,3,zero_shot_paired
142,5,10,6,60,1,1,1,0.5007978081703186,0.5007978081703186,0.4992021918296814,0.5007978081703186,10,2,3,zero_shot_paired
142,6,10,8,60,0,1,0,0.5017232298851013,0.5017232298851013,0.4982767105102539,0.5017232298851013,10,2,3,zero_shot_paired
142,7,10,9,60,0,1,0,0.50392746925354,0.50392746925354,0.49607253074645996,0.50392746925354,10,2,3,zero_shot_paired
142,8,10,10,60,1,1,1,0.5023122429847717,0.5023122429847717,0.49768775701522827,0.5023122429847717,10,2,3,zero_shot_paired
142,9,10,11,60,1,1,1,0.5002294182777405,0.5002294182777405,0.49977055191993713,0.5002294182777405,10,2,3,zero_shot_paired
142,10,10,12,60,1,0,0,0.5018492341041565,0.5018492341041565,0.5018492341041565,0.4981507658958435,10,2,3,zero_shot_paired
142,11,10,13,60,0,0,1,0.5003821849822998,0.5003821849822998,0.5003821849822998,0.4996178150177002,10,2,3,zero_shot_paired
142,12,10,14,60,1,1,1,0.5030348300933838,0.5030348300933838,0.4969651997089386,0.5030348300933838,10,2,3,zero_shot_paired
142,13,10,16,60,0,0,1,0.5031274557113647,0.5031274557113647,0.5031274557113647,0.49687251448631287,10,2,3,zero_shot_paired
142,14,10,17,60,1,1,1,0.5004934072494507,0.5004934072494507,0.4995066225528717,0.5004934072494507,10,2,3,zero_shot_paired
142,0,10,0,60,0,1,0,0.5006717443466187,0.5006717443466187,0.49932822585105896,0.5006717443466187,10,2,3,post_calibration
142,1,10,1,60,0,1,0,0.5001152157783508,0.5001152157783508,0.49988478422164917,0.5001152157783508,10,2,3,post_calibration
142,2,10,3,60,0,0,1,0.5043287873268127,0.5043287873268127,0.5043287873268127,0.49567118287086487,10,2,3,post_calibration
142,3,10,4,60,1,1,1,0.50749272108078,0.50749272108078,0.4925072491168976,0.50749272108078,10,2,3,post_calibration
142,4,10,5,60,0,1,0,0.5011100172996521,0.5011100172996521,0.4988899827003479,0.5011100172996521,10,2,3,post_calibration
142,5,10,6,60,1,1,1,0.5007734894752502,0.5007734894752502,0.49922654032707214,0.5007734894752502,10,2,3,post_calibration
142,6,10,8,60,0,1,0,0.5016385316848755,0.5016385316848755,0.4983614683151245,0.5016385316848755,10,2,3,post_calibration
142,7,10,9,60,0,1,0,0.503998339176178,0.503998339176178,0.496001660823822,0.503998339176178,10,2,3,post_calibration
142,8,10,10,60,1,1,1,0.50234454870224,0.50234454870224,0.49765545129776,0.50234454870224,10,2,3,post_calibration
142,9,10,11,60,1,1,1,0.5002480745315552,0.5002480745315552,0.49975189566612244,0.5002480745315552,10,2,3,post_calibration
142,10,10,12,60,1,0,0,0.5018585324287415,0.5018585324287415,0.5018585324287415,0.49814146757125854,10,2,3,post_calibration
142,11,10,13,60,0,0,1,0.5004177689552307,0.5004177689552307,0.5004177689552307,0.4995822012424469,10,2,3,post_calibration
142,12,10,14,60,1,1,1,0.5031493902206421,0.5031493902206421,0.4968506097793579,0.5031493902206421,10,2,3,post_calibration
142,13,10,16,60,0,0,1,0.5030982494354248,0.5030982494354248,0.5030982494354248,0.4969017207622528,10,2,3,post_calibration
142,14,10,17,60,1,1,1,0.5005366206169128,0.5005366206169128,0.49946343898773193,0.5005366206169128,10,2,3,post_calibration
143,0,10,2,60,1,1,1,0.5040903687477112,0.5040903687477112,0.4959096312522888,0.5040903687477112,10,3,3,zero_shot_paired
143,1,10,3,60,0,0,1,0.5043383836746216,0.5043383836746216,0.5043383836746216,0.4956616461277008,10,3,3,zero_shot_paired
143,2,10,4,60,1,1,1,0.5075469613075256,0.5075469613075256,0.49245303869247437,0.5075469613075256,10,3,3,zero_shot_paired
143,3,10,5,60,0,1,0,0.5011317729949951,0.5011317729949951,0.4988681972026825,0.5011317729949951,10,3,3,zero_shot_paired
143,4,10,7,60,0,1,0,0.5026283860206604,0.5026283860206604,0.4973716735839844,0.5026283860206604,10,3,3,zero_shot_paired
143,5,10,8,60,0,1,0,0.5017232298851013,0.5017232298851013,0.4982767105102539,0.5017232298851013,10,3,3,zero_shot_paired
143,6,10,9,60,0,1,0,0.50392746925354,0.50392746925354,0.49607253074645996,0.50392746925354,10,3,3,zero_shot_paired
143,7,10,10,60,1,1,1,0.5023122429847717,0.5023122429847717,0.49768775701522827,0.5023122429847717,10,3,3,zero_shot_paired
143,8,10,11,60,1,1,1,0.5002294182777405,0.5002294182777405,0.49977055191993713,0.5002294182777405,10,3,3,zero_shot_paired
143,9,10,12,60,1,0,0,0.5018492341041565,0.5018492341041565,0.5018492341041565,0.4981507658958435,10,3,3,zero_shot_paired
143,10,10,13,60,0,0,1,0.5003821849822998,0.5003821849822998,0.5003821849822998,0.4996178150177002,10,3,3,zero_shot_paired
143,11,10,14,60,1,1,1,0.5030348300933838,0.5030348300933838,0.4969651997089386,0.5030348300933838,10,3,3,zero_shot_paired
143,12,10,15,60,1,0,0,0.5012435913085938,0.5012435913085938,0.5012435913085938,0.49875637888908386,10,3,3,zero_shot_paired
143,13,10,16,60,0,0,1,0.5031274557113647,0.5031274557113647,0.5031274557113647,0.49687251448631287,10,3,3,zero_shot_paired
143,14,10,17,60,1,1,1,0.5004934072494507,0.5004934072494507,0.4995066225528717,0.5004934072494507,10,3,3,zero_shot_paired
143,0,10,2,60,1,1,1,0.5041362047195435,0.5041362047195435,0.49586376547813416,0.5041362047195435,10,3,3,post_calibration
143,1,10,3,60,0,0,1,0.5042306184768677,0.5042306184768677,0.5042306184768677,0.4957693815231323,10,3,3,post_calibration
143,2,10,4,60,1,1,1,0.5076555013656616,0.5076555013656616,0.49234452843666077,0.5076555013656616,10,3,3,post_calibration
143,3,10,5,60,0,1,0,0.5011441707611084,0.5011441707611084,0.498855859041214,0.5011441707611084,10,3,3,post_calibration
143,4,10,7,60,0,1,0,0.5026329755783081,0.5026329755783081,0.4973670244216919,0.5026329755783081,10,3,3,post_calibration
143,5,10,8,60,0,1,0,0.5017624497413635,0.5017624497413635,0.4982375204563141,0.5017624497413635,10,3,3,post_calibration
143,6,10,9,60,0,1,0,0.5038659572601318,0.5038659572601318,0.49613410234451294,0.5038659572601318,10,3,3,post_calibration
143,7,10,10,60,1,1,1,0.5023133158683777,0.5023133158683777,0.4976867437362671,0.5023133158683777,10,3,3,post_calibration
143,8,10,11,60,1,1,1,0.5002011656761169,0.5002011656761169,0.49979880452156067,0.5002011656761169,10,3,3,post_calibration
143,9,10,12,60,1,0,0,0.5018102526664734,0.5018102526664734,0.5018102526664734,0.4981897473335266,10,3,3,post_calibration
143,10,10,13,60,0,0,1,0.5003201365470886,0.5003201365470886,0.5003201365470886,0.4996798634529114,10,3,3,post_calibration
143,11,10,14,60,1,1,1,0.5029267072677612,0.5029267072677612,0.49707329273223877,0.5029267072677612,10,3,3,post_calibration
143,12,10,15,60,1,0,0,0.5012258291244507,0.5012258291244507,0.5012258291244507,0.4987741708755493,10,3,3,post_calibration
143,13,10,16,60,0,0,1,0.5030419230461121,0.5030419230461121,0.5030419230461121,0.4969581365585327,10,3,3,post_calibration
143,14,10,17,60,1,1,1,0.5004937648773193,0.5004937648773193,0.49950623512268066,0.5004937648773193,10,3,3,post_calibration
144,0,10,0,60,0,1,0,0.5006222724914551,0.5006222724914551,0.4993777573108673,0.5006222724914551,10,4,3,zero_shot_paired
144,1,10,1,60,0,1,0,0.5000776052474976,0.5000776052474976,0.49992242455482483,0.5000776052474976,10,4,3,zero_shot_paired
144,2,10,2,60,1,1,1,0.5040903687477112,0.5040903687477112,0.4959096312522888,0.5040903687477112,10,4,3,zero_shot_paired
144,3,10,3,60,0,0,1,0.5043383836746216,0.5043383836746216,0.5043383836746216,0.4956616461277008,10,4,3,zero_shot_paired
144,4,10,4,60,1,1,1,0.5075469613075256,0.5075469613075256,0.49245303869247437,0.5075469613075256,10,4,3,zero_shot_paired
144,5,10,6,60,1,1,1,0.5007978081703186,0.5007978081703186,0.4992021918296814,0.5007978081703186,10,4,3,zero_shot_paired
144,6,10,7,60,0,1,0,0.5026283860206604,0.5026283860206604,0.4973716735839844,0.5026283860206604,10,4,3,zero_shot_paired
144,7,10,9,60,0,1,0,0.50392746925354,0.50392746925354,0.49607253074645996,0.50392746925354,10,4,3,zero_shot_paired
144,8,10,10,60,1,1,1,0.5023122429847717,0.5023122429847717,0.49768775701522827,0.5023122429847717,10,4,3,zero_shot_paired
144,9,10,11,60,1,1,1,0.5002294182777405,0.5002294182777405,0.49977055191993713,0.5002294182777405,10,4,3,zero_shot_paired
144,10,10,12,60,1,0,0,0.5018492341041565,0.5018492341041565,0.5018492341041565,0.4981507658958435,10,4,3,zero_shot_paired
144,11,10,13,60,0,0,1,0.5003821849822998,0.5003821849822998,0.5003821849822998,0.4996178150177002,10,4,3,zero_shot_paired
144,12,10,14,60,1,1,1,0.5030348300933838,0.5030348300933838,0.4969651997089386,0.5030348300933838,10,4,3,zero_shot_paired
144,13,10,15,60,1,0,0,0.5012435913085938,0.5012435913085938,0.5012435913085938,0.49875637888908386,10,4,3,zero_shot_paired
144,14,10,16,60,0,0,1,0.5031274557113647,0.5031274557113647,0.5031274557113647,0.49687251448631287,10,4,3,zero_shot_paired
144,0,10,0,60,0,1,0,0.500699520111084,0.500699520111084,0.49930042028427124,0.500699520111084,10,4,3,post_calibration
144,1,10,1,60,0,1,0,0.5001048445701599,0.5001048445701599,0.4998951256275177,0.5001048445701599,10,4,3,post_calibration
144,2,10,2,60,1,1,1,0.5040105581283569,0.5040105581283569,0.4959893822669983,0.5040105581283569,10,4,3,post_calibration
144,3,10,3,60,0,0,1,0.5043262243270874,0.5043262243270874,0.5043262243270874,0.495673805475235,10,4,3,post_calibration
144,4,10,4,60,1,1,1,0.5075602531433105,0.5075602531433105,0.4924396872520447,0.5075602531433105,10,4,3,post_calibration
144,5,10,6,60,1,1,1,0.5008987188339233,0.5008987188339233,0.4991012513637543,0.5008987188339233,10,4,3,post_calibration
144,6,10,7,60,0,1,0,0.5027018189430237,0.5027018189430237,0.4972982108592987,0.5027018189430237,10,4,3,post_calibration
144,7,10,9,60,0,1,0,0.5040215849876404,0.5040215849876404,0.49597835540771484,0.5040215849876404,10,4,3,post_calibration
144,8,10,10,60,1,1,1,0.5024101138114929,0.5024101138114929,0.4975898861885071,0.5024101138114929,10,4,3,post_calibration
144,9,10,11,60,1,1,1,0.5002922415733337,0.5002922415733337,0.49970775842666626,0.5002922415733337,10,4,3,post_calibration
144,10,10,12,60,1,0,0,0.501932680606842,0.501932680606842,0.501932680606842,0.49806728959083557,10,4,3,post_calibration
144,11,10,13,60,0,0,1,0.5004248023033142,0.5004248023033142,0.5004248023033142,0.4995752274990082,10,4,3,post_calibration
144,12,10,14,60,1,1,1,0.5031197667121887,0.5031197667121887,0.49688026309013367,0.5031197667121887,10,4,3,post_calibration
144,13,10,15,60,1,0,0,0.5011749863624573,0.5011749863624573,0.5011749863624573,0.49882498383522034,10,4,3,post_calibration
144,14,10,16,60,0,0,1,0.5030868053436279,0.5030868053436279,0.5030868053436279,0.49691322445869446,10,4,3,post_calibration
145,0,10,0,60,0,1,0,0.5006222724914551,0.5006222724914551,0.4993777573108673,0.5006222724914551,10,5,3,zero_shot_paired
145,1,10,1,60,0,1,0,0.5000776052474976,0.5000776052474976,0.49992242455482483,0.5000776052474976,10,5,3,zero_shot_paired
145,2,10,2,60,1,1,1,0.5040903687477112,0.5040903687477112,0.4959096312522888,0.5040903687477112,10,5,3,zero_shot_paired
145,3,10,4,60,1,1,1,0.5075469613075256,0.5075469613075256,0.49245303869247437,0.5075469613075256,10,5,3,zero_shot_paired
145,4,10,5,60,0,1,0,0.5011317729949951,0.5011317729949951,0.4988681972026825,0.5011317729949951,10,5,3,zero_shot_paired
145,5,10,6,60,1,1,1,0.5007978081703186,0.5007978081703186,0.4992021918296814,0.5007978081703186,10,5,3,zero_shot_paired
145,6,10,7,60,0,1,0,0.5026283860206604,0.5026283860206604,0.4973716735839844,0.5026283860206604,10,5,3,zero_shot_paired
145,7,10,8,60,0,1,0,0.5017232298851013,0.5017232298851013,0.4982767105102539,0.5017232298851013,10,5,3,zero_shot_paired
145,8,10,9,60,0,1,0,0.50392746925354,0.50392746925354,0.49607253074645996,0.50392746925354,10,5,3,zero_shot_paired
145,9,10,10,60,1,1,1,0.5023122429847717,0.5023122429847717,0.49768775701522827,0.5023122429847717,10,5,3,zero_shot_paired
145,10,10,12,60,1,0,0,0.5018492341041565,0.5018492341041565,0.5018492341041565,0.4981507658958435,10,5,3,zero_shot_paired
145,11,10,14,60,1,1,1,0.5030348300933838,0.5030348300933838,0.4969651997089386,0.5030348300933838,10,5,3,zero_shot_paired
145,12,10,15,60,1,0,0,0.5012435913085938,0.5012435913085938,0.5012435913085938,0.49875637888908386,10,5,3,zero_shot_paired
145,13,10,16,60,0,0,1,0.5031274557113647,0.5031274557113647,0.5031274557113647,0.49687251448631287,10,5,3,zero_shot_paired
145,14,10,17,60,1,1,1,0.5004934072494507,0.5004934072494507,0.4995066225528717,0.5004934072494507,10,5,3,zero_shot_paired
145,0,10,0,60,0,1,0,0.500606119632721,0.500606119632721,0.49939388036727905,0.500606119632721,10,5,3,post_calibration
145,1,10,1,60,0,0,1,0.5000583529472351,0.5000583529472351,0.5000583529472351,0.4999416172504425,10,5,3,post_calibration
145,2,10,2,60,1,1,1,0.5040748119354248,0.5040748119354248,0.4959251880645752,0.5040748119354248,10,5,3,post_calibration
145,3,10,4,60,1,1,1,0.5074094533920288,0.5074094533920288,0.4925905466079712,0.5074094533920288,10,5,3,post_calibration
145,4,10,5,60,0,1,0,0.5010436773300171,0.5010436773300171,0.4989562928676605,0.5010436773300171,10,5,3,post_calibration
145,5,10,6,60,1,1,1,0.5006707310676575,0.5006707310676575,0.4993292987346649,0.5006707310676575,10,5,3,post_calibration
145,6,10,7,60,0,1,0,0.5027020573616028,0.5027020573616028,0.4972979426383972,0.5027020573616028,10,5,3,post_calibration
145,7,10,8,60,0,1,0,0.5015281438827515,0.5015281438827515,0.4984718859195709,0.5015281438827515,10,5,3,post_calibration
145,8,10,9,60,0,1,0,0.5039150714874268,0.5039150714874268,0.49608489871025085,0.5039150714874268,10,5,3,post_calibration
145,9,10,10,60,1,1,1,0.5023278594017029,0.5023278594017029,0.49767211079597473,0.5023278594017029,10,5,3,post_calibration
145,10,10,12,60,1,0,0,0.5019150376319885,0.5019150376319885,0.5019150376319885,0.49808502197265625,10,5,3,post_calibration
145,11,10,14,60,1,1,1,0.5031813383102417,0.5031813383102417,0.4968186020851135,0.5031813383102417,10,5,3,post_calibration
145,12,10,15,60,1,0,0,0.501301646232605,0.501301646232605,0.501301646232605,0.4986984133720398,10,5,3,post_calibration
145,13,10,16,60,0,0,1,0.503147542476654,0.503147542476654,0.503147542476654,0.49685242772102356,10,5,3,post_calibration
145,14,10,17,60,1,1,1,0.5005195140838623,0.5005195140838623,0.4994804561138153,0.5005195140838623,10,5,3,post_calibration
146,0,10,0,60,0,1,0,0.5006222724914551,0.5006222724914551,0.4993777573108673,0.5006222724914551,10,6,3,zero_shot_paired
146,1,10,1,60,0,1,0,0.5000776052474976,0.5000776052474976,0.49992242455482483,0.5000776052474976,10,6,3,zero_shot_paired
146,2,10,2,60,1,1,1,0.5040903687477112,0.5040903687477112,0.4959096312522888,0.5040903687477112,10,6,3,zero_shot_paired
146,3,10,3,60,0,0,1,0.5043383836746216,0.5043383836746216,0.5043383836746216,0.4956616461277008,10,6,3,zero_shot_paired
146,4,10,5,60,0,1,0,0.5011317729949951,0.5011317729949951,0.4988681972026825,0.5011317729949951,10,6,3,zero_shot_paired
146,5,10,6,60,1,1,1,0.5007978081703186,0.5007978081703186,0.4992021918296814,0.5007978081703186,10,6,3,zero_shot_paired
146,6,10,7,60,0,1,0,0.5026283860206604,0.5026283860206604,0.4973716735839844,0.5026283860206604,10,6,3,zero_shot_paired
146,7,10,8,60,0,1,0,0.5017232298851013,0.5017232298851013,0.4982767105102539,0.5017232298851013,10,6,3,zero_shot_paired
146,8,10,11,60,1,1,1,0.5002294182777405,0.5002294182777405,0.49977055191993713,0.5002294182777405,10,6,3,zero_shot_paired
146,9,10,12,60,1,0,0,0.5018492341041565,0.5018492341041565,0.5018492341041565,0.4981507658958435,10,6,3,zero_shot_paired
146,10,10,13,60,0,0,1,0.5003821849822998,0.5003821849822998,0.5003821849822998,0.4996178150177002,10,6,3,zero_shot_paired
146,11,10,14,60,1,1,1,0.5030348300933838,0.5030348300933838,0.4969651997089386,0.5030348300933838,10,6,3,zero_shot_paired
146,12,10,15,60,1,0,0,0.5012435913085938,0.5012435913085938,0.5012435913085938,0.49875637888908386,10,6,3,zero_shot_paired
146,13,10,16,60,0,0,1,0.5031274557113647,0.5031274557113647,0.5031274557113647,0.49687251448631287,10,6,3,zero_shot_paired
146,14,10,17,60,1,1,1,0.5004934072494507,0.5004934072494507,0.4995066225528717,0.5004934072494507,10,6,3,zero_shot_paired
146,0,10,0,60,0,1,0,0.5005890727043152,0.5005890727043152,0.4994109869003296,0.5005890727043152,10,6,3,post_calibration
146,1,10,1,60,0,1,0,0.5002194046974182,0.5002194046974182,0.4997805953025818,0.5002194046974182,10,6,3,post_calibration
146,2,10,2,60,1,1,1,0.5042386651039124,0.5042386651039124,0.49576133489608765,0.5042386651039124,10,6,3,post_calibration
146,3,10,3,60,0,0,1,0.504199206829071,0.504199206829071,0.504199206829071,0.49580085277557373,10,6,3,post_calibration
146,4,10,5,60,0,1,0,0.5012766122817993,0.5012766122817993,0.49872341752052307,0.5012766122817993,10,6,3,post_calibration
146,5,10,6,60,1,1,1,0.5009738206863403,0.5009738206863403,0.4990261495113373,0.5009738206863403,10,6,3,post_calibration
146,6,10,7,60,0,1,0,0.5025841593742371,0.5025841593742371,0.4974158704280853,0.5025841593742371,10,6,3,post_calibration
146,7,10,8,60,0,1,0,0.5017868280410767,0.5017868280410767,0.4982132315635681,0.5017868280410767,10,6,3,post_calibration
146,8,10,11,60,1,1,1,0.5003376603126526,0.5003376603126526,0.4996623694896698,0.5003376603126526,10,6,3,post_calibration
146,9,10,12,60,1,0,0,0.5018104910850525,0.5018104910850525,0.5018104910850525,0.4981895089149475,10,6,3,post_calibration
146,10,10,13,60,0,0,1,0.5001792907714844,0.5001792907714844,0.5001792907714844,0.499820739030838,10,6,3,post_calibration
146,11,10,14,60,1,1,1,0.5029341578483582,0.5029341578483582,0.49706587195396423,0.5029341578483582,10,6,3,post_calibration
146,12,10,15,60,1,0,0,0.5012583136558533,0.5012583136558533,0.5012583136558533,0.49874168634414673,10,6,3,post_calibration
146,13,10,16,60,0,0,1,0.5031143426895142,0.5031143426895142,0.5031143426895142,0.49688565731048584,10,6,3,post_calibration
146,14,10,17,60,1,1,1,0.5003622770309448,0.5003622770309448,0.4996376931667328,0.5003622770309448,10,6,3,post_calibration
147,0,10,0,60,0,1,0,0.5006222724914551,0.5006222724914551,0.4993777573108673,0.5006222724914551,10,1,6,zero_shot_paired
147,1,10,1,60,0,1,0,0.5000776052474976,0.5000776052474976,0.49992242455482483,0.5000776052474976,10,1,6,zero_shot_paired
147,2,10,3,60,0,0,1,0.5043383836746216,0.5043383836746216,0.5043383836746216,0.4956616461277008,10,1,6,zero_shot_paired
147,3,10,4,60,1,1,1,0.5075469613075256,0.5075469613075256,0.49245303869247437,0.5075469613075256,10,1,6,zero_shot_paired
147,4,10,6,60,1,1,1,0.5007978081703186,0.5007978081703186,0.4992021918296814,0.5007978081703186,10,1,6,zero_shot_paired
147,5,10,7,60,0,1,0,0.5026283860206604,0.5026283860206604,0.4973716735839844,0.5026283860206604,10,1,6,zero_shot_paired
147,6,10,8,60,0,1,0,0.5017232298851013,0.5017232298851013,0.4982767105102539,0.5017232298851013,10,1,6,zero_shot_paired
147,7,10,9,60,0,1,0,0.50392746925354,0.50392746925354,0.49607253074645996,0.50392746925354,10,1,6,zero_shot_paired
147,8,10,11,60,1,1,1,0.5002294182777405,0.5002294182777405,0.49977055191993713,0.5002294182777405,10,1,6,zero_shot_paired
147,9,10,12,60,1,0,0,0.5018492341041565,0.5018492341041565,0.5018492341041565,0.4981507658958435,10,1,6,zero_shot_paired
147,10,10,14,60,1,1,1,0.5030348300933838,0.5030348300933838,0.4969651997089386,0.5030348300933838,10,1,6,zero_shot_paired
147,11,10,15,60,1,0,0,0.5012435913085938,0.5012435913085938,0.5012435913085938,0.49875637888908386,10,1,6,zero_shot_paired
147,0,10,0,60,0,1,0,0.5006289482116699,0.5006289482116699,0.4993709921836853,0.5006289482116699,10,1,6,post_calibration
147,1,10,1,60,0,0,1,0.5000582337379456,0.5000582337379456,0.5000582337379456,0.49994176626205444,10,1,6,post_calibration
147,2,10,3,60,0,0,1,0.5042691826820374,0.5042691826820374,0.5042691826820374,0.49573081731796265,10,1,6,post_calibration
147,3,10,4,60,1,1,1,0.5075571537017822,0.5075571537017822,0.4924428164958954,0.5075571537017822,10,1,6,post_calibration
147,4,10,6,60,1,1,1,0.500829815864563,0.500829815864563,0.4991701543331146,0.500829815864563,10,1,6,post_calibration
147,5,10,7,60,0,1,0,0.5026435256004333,0.5026435256004333,0.49735644459724426,0.5026435256004333,10,1,6,post_calibration
147,6,10,8,60,0,1,0,0.5018196105957031,0.5018196105957031,0.49818044900894165,0.5018196105957031,10,1,6,post_calibration
147,7,10,9,60,0,1,0,0.5040042996406555,0.5040042996406555,0.4959956705570221,0.5040042996406555,10,1,6,post_calibration
147,8,10,11,60,1,1,1,0.5002233982086182,0.5002233982086182,0.49977660179138184,0.5002233982086182,10,1,6,post_calibration
147,9,10,12,60,1,0,0,0.5017663836479187,0.5017663836479187,0.5017663836479187,0.4982335567474365,10,1,6,post_calibration
147,10,10,14,60,1,1,1,0.5029268860816956,0.5029268860816956,0.49707308411598206,0.5029268860816956,10,1,6,post_calibration
147,11,10,15,60,1,0,0,0.5012552738189697,0.5012552738189697,0.5012552738189697,0.49874478578567505,10,1,6,post_calibration
148,0,10,2,60,1,1,1,0.5040903687477112,0.5040903687477112,0.4959096312522888,0.5040903687477112,10,2,6,zero_shot_paired
148,1,10,3,60,0,0,1,0.5043383836746216,0.5043383836746216,0.5043383836746216,0.4956616461277008,10,2,6,zero_shot_paired
148,2,10,4,60,1,1,1,0.5075469613075256,0.5075469613075256,0.49245303869247437,0.5075469613075256,10,2,6,zero_shot_paired
148,3,10,5,60,0,1,0,0.5011317729949951,0.5011317729949951,0.4988681972026825,0.5011317729949951,10,2,6,zero_shot_paired
148,4,10,7,60,0,1,0,0.5026283860206604,0.5026283860206604,0.4973716735839844,0.5026283860206604,10,2,6,zero_shot_paired
148,5,10,8,60,0,1,0,0.5017232298851013,0.5017232298851013,0.4982767105102539,0.5017232298851013,10,2,6,zero_shot_paired
148,6,10,10,60,1,1,1,0.5023122429847717,0.5023122429847717,0.49768775701522827,0.5023122429847717,10,2,6,zero_shot_paired
148,7,10,11,60,1,1,1,0.5002294182777405,0.5002294182777405,0.49977055191993713,0.5002294182777405,10,2,6,zero_shot_paired
148,8,10,13,60,0,0,1,0.5003821849822998,0.5003821849822998,0.5003821849822998,0.4996178150177002,10,2,6,zero_shot_paired
148,9,10,15,60,1,0,0,0.5012435913085938,0.5012435913085938,0.5012435913085938,0.49875637888908386,10,2,6,zero_shot_paired
148,10,10,16,60,0,0,1,0.5031274557113647,0.5031274557113647,0.5031274557113647,0.49687251448631287,10,2,6,zero_shot_paired
148,11,10,17,60,1,1,1,0.5004934072494507,0.5004934072494507,0.4995066225528717,0.5004934072494507,10,2,6,zero_shot_paired
148,0,10,2,60,1,1,1,0.5041111707687378,0.5041111707687378,0.4958888292312622,0.5041111707687378,10,2,6,post_calibration
148,1,10,3,60,0,0,1,0.5043600797653198,0.5043600797653198,0.5043600797653198,0.4956398904323578,10,2,6,post_calibration
148,2,10,4,60,1,1,1,0.507703423500061,0.507703423500061,0.4922965466976166,0.507703423500061,10,2,6,post_calibration
148,3,10,5,60,0,1,0,0.5010755658149719,0.5010755658149719,0.49892449378967285,0.5010755658149719,10,2,6,post_calibration
148,4,10,7,60,0,1,0,0.5026671290397644,0.5026671290397644,0.4973328709602356,0.5026671290397644,10,2,6,post_calibration
148,5,10,8,60,0,1,0,0.5018001794815063,0.5018001794815063,0.49819982051849365,0.5018001794815063,10,2,6,post_calibration
148,6,10,10,60,1,1,1,0.5022740960121155,0.5022740960121155,0.4977259039878845,0.5022740960121155,10,2,6,post_calibration
148,7,10,11,60,1,1,1,0.500157356262207,0.500157356262207,0.4998426139354706,0.500157356262207,10,2,6,post_calibration
148,8,10,13,60,0,0,1,0.5003172755241394,0.5003172755241394,0.5003172755241394,0.4996827244758606,10,2,6,post_calibration
148,9,10,15,60,1,0,0,0.5012760758399963,0.5012760758399963,0.5012760758399963,0.49872392416000366,10,2,6,post_calibration
148,10,10,16,60,0,0,1,0.5031841993331909,0.5031841993331909,0.5031841993331909,0.4968158006668091,10,2,6,post_calibration
148,11,10,17,60,1,1,1,0.5003017783164978,0.5003017783164978,0.4996982514858246,0.5003017783164978,10,2,6,post_calibration
149,0,10,0,60,0,1,0,0.5006222724914551,0.5006222724914551,0.4993777573108673,0.5006222724914551,10,3,6,zero_shot_paired
149,1,10,1,60,0,1,0,0.5000776052474976,0.5000776052474976,0.49992242455482483,0.5000776052474976,10,3,6,zero_shot_paired
149,2,10,2,60,1,1,1,0.5040903687477112,0.5040903687477112,0.4959096312522888,0.5040903687477112,10,3,6,zero_shot_paired
149,3,10,5,60,0,1,0,0.5011317729949951,0.5011317729949951,0.4988681972026825,0.5011317729949951,10,3,6,zero_shot_paired
149,4,10,6,60,1,1,1,0.5007978081703186,0.5007978081703186,0.4992021918296814,0.5007978081703186,10,3,6,zero_shot_paired
149,5,10,9,60,0,1,0,0.50392746925354,0.50392746925354,0.49607253074645996,0.50392746925354,10,3,6,zero_shot_paired
149,6,10,10,60,1,1,1,0.5023122429847717,0.5023122429847717,0.49768775701522827,0.5023122429847717,10,3,6,zero_shot_paired
149,7,10,12,60,1,0,0,0.5018492341041565,0.5018492341041565,0.5018492341041565,0.4981507658958435,10,3,6,zero_shot_paired
149,8,10,13,60,0,0,1,0.5003821849822998,0.5003821849822998,0.5003821849822998,0.4996178150177002,10,3,6,zero_shot_paired
149,9,10,14,60,1,1,1,0.5030348300933838,0.5030348300933838,0.4969651997089386,0.5030348300933838,10,3,6,zero_shot_paired
149,10,10,16,60,0,0,1,0.5031274557113647,0.5031274557113647,0.5031274557113647,0.49687251448631287,10,3,6,zero_shot_paired
149,11,10,17,60,1,1,1,0.5004934072494507,0.5004934072494507,0.4995066225528717,0.5004934072494507,10,3,6,zero_shot_paired
149,0,10,0,60,0,1,0,0.5005043148994446,0.5005043148994446,0.4994957149028778,0.5005043148994446,10,3,6,post_calibration
149,1,10,1,60,0,1,0,0.5000106692314148,0.5000106692314148,0.4999893307685852,0.5000106692314148,10,3,6,post_calibration
149,2,10,2,60,1,1,1,0.5040398836135864,0.5040398836135864,0.49596014618873596,0.5040398836135864,10,3,6,post_calibration
149,3,10,5,60,0,1,0,0.5009798407554626,0.5009798407554626,0.49902015924453735,0.5009798407554626,10,3,6,post_calibration
149,4,10,6,60,1,1,1,0.5007688403129578,0.5007688403129578,0.4992311894893646,0.5007688403129578,10,3,6,post_calibration
149,5,10,9,60,0,1,0,0.5038251876831055,0.5038251876831055,0.4961748421192169,0.5038251876831055,10,3,6,post_calibration
149,6,10,10,60,1,1,1,0.5022649765014648,0.5022649765014648,0.4977349638938904,0.5022649765014648,10,3,6,post_calibration
149,7,10,12,60,1,0,0,0.5017581582069397,0.5017581582069397,0.5017581582069397,0.4982418417930603,10,3,6,post_calibration
149,8,10,13,60,0,0,1,0.5003272891044617,0.5003272891044617,0.5003272891044617,0.4996727406978607,10,3,6,post_calibration
149,9,10,14,60,1,1,1,0.5029105544090271,0.5029105544090271,0.4970894455909729,0.5029105544090271,10,3,6,post_calibration
149,10,10,16,60,0,0,1,0.5031748414039612,0.5031748414039612,0.5031748414039612,0.49682512879371643,10,3,6,post_calibration
149,11,10,17,60,1,1,1,0.5002661347389221,0.5002661347389221,0.4997338354587555,0.5002661347389221,10,3,6,post_calibration
150,0,10,1,60,0,1,0,0.5000773668289185,0.5000773668289185,0.49992260336875916,0.5000773668289185,10,1,9,zero_shot_paired
150,1,10,2,60,1,1,1,0.5040903091430664,0.5040903091430664,0.495909720659256,0.5040903091430664,10,1,9,zero_shot_paired
150,2,10,6,60,1,1,1,0.500797688961029,0.500797688961029,0.49920228123664856,0.500797688961029,10,1,9,zero_shot_paired
150,3,10,8,60,0,1,0,0.5017233490943909,0.5017233490943909,0.49827659130096436,0.5017233490943909,10,1,9,zero_shot_paired
150,4,10,9,60,0,1,0,0.5039274096488953,0.5039274096488953,0.4960726201534271,0.5039274096488953,10,1,9,zero_shot_paired
150,5,10,10,60,1,1,1,0.5023122429847717,0.5023122429847717,0.49768775701522827,0.5023122429847717,10,1,9,zero_shot_paired
150,6,10,12,60,1,0,0,0.5018491744995117,0.5018491744995117,0.5018491744995117,0.4981507956981659,10,1,9,zero_shot_paired
150,7,10,13,60,0,0,1,0.500382125377655,0.500382125377655,0.500382125377655,0.4996178448200226,10,1,9,zero_shot_paired
150,8,10,16,60,0,0,1,0.5031275749206543,0.5031275749206543,0.5031275749206543,0.4968723952770233,10,1,9,zero_shot_paired
150,0,10,1,60,0,1,0,0.5001820921897888,0.5001820921897888,0.4998178780078888,0.5001820921897888,10,1,9,post_calibration
150,1,10,2,60,1,1,1,0.5040655732154846,0.5040655732154846,0.49593445658683777,0.5040655732154846,10,1,9,post_calibration
150,2,10,6,60,1,1,1,0.5009058713912964,0.5009058713912964,0.4990940988063812,0.5009058713912964,10,1,9,post_calibration
150,3,10,8,60,0,1,0,0.5018088221549988,0.5018088221549988,0.49819111824035645,0.5018088221549988,10,1,9,post_calibration
150,4,10,9,60,0,1,0,0.5040240287780762,0.5040240287780762,0.4959760010242462,0.5040240287780762,10,1,9,post_calibration
150,5,10,10,60,1,1,1,0.502644419670105,0.502644419670105,0.497355580329895,0.502644419670105,10,1,9,post_calibration
150,6,10,12,60,1,0,0,0.5018221735954285,0.5018221735954285,0.5018221735954285,0.4981778562068939,10,1,9,post_calibration
150,7,10,13,60,0,0,1,0.5004221796989441,0.5004221796989441,0.5004221796989441,0.4995778203010559,10,1,9,post_calibration
150,8,10,16,60,0,0,1,0.5030640363693237,0.5030640363693237,0.5030640363693237,0.49693599343299866,10,1,9,post_calibration
151,0,10,0,60,0,1,0,0.5006222724914551,0.5006222724914551,0.4993777573108673,0.5006222724914551,10,2,9,zero_shot_paired
151,1,10,3,60,0,0,1,0.5043383836746216,0.5043383836746216,0.5043383836746216,0.4956616461277008,10,2,9,zero_shot_paired
151,2,10,4,60,1,1,1,0.5075469017028809,0.5075469017028809,0.49245309829711914,0.5075469017028809,10,2,9,zero_shot_paired
151,3,10,5,60,0,1,0,0.5011317729949951,0.5011317729949951,0.4988681972026825,0.5011317729949951,10,2,9,zero_shot_paired
151,4,10,7,60,0,1,0,0.5026282072067261,0.5026282072067261,0.4973718225955963,0.5026282072067261,10,2,9,zero_shot_paired
151,5,10,11,60,1,1,1,0.5002292990684509,0.5002292990684509,0.49977073073387146,0.5002292990684509,10,2,9,zero_shot_paired
151,6,10,14,60,1,1,1,0.503034770488739,0.503034770488739,0.4969652593135834,0.503034770488739,10,2,9,zero_shot_paired
151,7,10,15,60,1,0,0,0.5012435913085938,0.5012435913085938,0.5012435913085938,0.49875637888908386,10,2,9,zero_shot_paired
151,8,10,17,60,1,1,1,0.5004932880401611,0.5004932880401611,0.4995066821575165,0.5004932880401611,10,2,9,zero_shot_paired
151,0,10,0,60,0,1,0,0.5005773901939392,0.5005773901939392,0.4994226098060608,0.5005773901939392,10,2,9,post_calibration
151,1,10,3,60,0,0,1,0.5044033527374268,0.5044033527374268,0.5044033527374268,0.49559661746025085,10,2,9,post_calibration
151,2,10,4,60,1,1,1,0.507531464099884,0.507531464099884,0.49246856570243835,0.507531464099884,10,2,9,post_calibration
151,3,10,5,60,0,1,0,0.5010146498680115,0.5010146498680115,0.49898532032966614,0.5010146498680115,10,2,9,post_calibration
151,4,10,7,60,0,1,0,0.5025927424430847,0.5025927424430847,0.4974072575569153,0.5025927424430847,10,2,9,post_calibration
151,5,10,11,60,1,1,1,0.5000924468040466,0.5000924468040466,0.4999074935913086,0.5000924468040466,10,2,9,post_calibration
151,6,10,14,60,1,1,1,0.5031168460845947,0.5031168460845947,0.4968831539154053,0.5031168460845947,10,2,9,post_calibration
151,7,10,15,60,1,0,0,0.5012356042861938,0.5012356042861938,0.5012356042861938,0.49876442551612854,10,2,9,post_calibration
151,8,10,17,60,1,1,1,0.5003143548965454,0.5003143548965454,0.4996856451034546,0.5003143548965454,10,2,9,post_calibration
152,0,10,0,60,0,1,0,0.5006232261657715,0.5006232261657715,0.4993767738342285,0.5006232261657715,10,1,12,zero_shot_paired
152,1,10,3,60,0,0,1,0.5043385624885559,0.5043385624885559,0.5043385624885559,0.4956614375114441,10,1,12,zero_shot_paired
152,2,10,4,60,1,1,1,0.5075452327728271,0.5075452327728271,0.49245473742485046,0.5075452327728271,10,1,12,zero_shot_paired
152,3,10,15,60,1,0,0,0.5012486577033997,0.5012486577033997,0.5012486577033997,0.49875131249427795,10,1,12,zero_shot_paired
152,4,10,16,60,0,0,1,0.5031271576881409,0.5031271576881409,0.5031271576881409,0.49687281250953674,10,1,12,zero_shot_paired
152,5,10,17,60,1,1,1,0.5004935264587402,0.5004935264587402,0.49950650334358215,0.5004935264587402,10,1,12,zero_shot_paired
152,0,10,0,60,0,1,0,0.5003707408905029,0.5003707408905029,0.49962925910949707,0.5003707408905029,10,1,12,post_calibration
152,1,10,3,60,0,0,1,0.5045162439346313,0.5045162439346313,0.5045162439346313,0.49548372626304626,10,1,12,post_calibration
152,2,10,4,60,1,1,1,0.5075373649597168,0.5075373649597168,0.4924626648426056,0.5075373649597168,10,1,12,post_calibration
152,3,10,15,60,1,0,0,0.5013816356658936,0.5013816356658936,0.5013816356658936,0.49861833453178406,10,1,12,post_calibration
152,4,10,16,60,0,0,1,0.5032193660736084,0.5032193660736084,0.5032193660736084,0.4967806339263916,10,1,12,post_calibration
152,5,10,17,60,1,1,1,0.5003460049629211,0.5003460049629211,0.49965402483940125,0.5003460049629211,10,1,12,post_calibration
153,0,10,3,60,0,0,1,0.5043385624885559,0.5043385624885559,0.5043385624885559,0.4956614375114441,10,2,12,zero_shot_paired
153,1,10,4,60,1,1,1,0.5075452327728271,0.5075452327728271,0.49245473742485046,0.5075452327728271,10,2,12,zero_shot_paired
153,2,10,8,60,0,1,0,0.5017252564430237,0.5017252564430237,0.4982747435569763,0.5017252564430237,10,2,12,zero_shot_paired
153,3,10,10,60,1,1,1,0.5023097395896912,0.5023097395896912,0.49769026041030884,0.5023097395896912,10,2,12,zero_shot_paired
153,4,10,12,60,1,0,0,0.5018477439880371,0.5018477439880371,0.5018477439880371,0.4981522262096405,10,2,12,zero_shot_paired
153,5,10,16,60,0,0,1,0.5031271576881409,0.5031271576881409,0.5031271576881409,0.49687281250953674,10,2,12,zero_shot_paired
153,0,10,3,60,0,0,1,0.5043991208076477,0.5043991208076477,0.5043991208076477,0.4956008791923523,10,2,12,post_calibration
153,1,10,4,60,1,1,1,0.50751793384552,0.50751793384552,0.49248206615448,0.50751793384552,10,2,12,post_calibration
153,2,10,8,60,0,1,0,0.5016608834266663,0.5016608834266663,0.49833911657333374,0.5016608834266663,10,2,12,post_calibration
153,3,10,10,60,1,1,1,0.5024777054786682,0.5024777054786682,0.4975223243236542,0.5024777054786682,10,2,12,post_calibration
153,4,10,12,60,1,0,0,0.501883327960968,0.501883327960968,0.501883327960968,0.498116672039032,10,2,12,post_calibration
153,5,10,16,60,0,0,1,0.5031667947769165,0.5031667947769165,0.5031667947769165,0.4968331456184387,10,2,12,post_calibration
154,0,10,0,60,0,1,0,0.5006232261657715,0.5006232261657715,0.4993767738342285,0.5006232261657715,10,3,12,zero_shot_paired
154,1,10,2,60,1,1,1,0.5040901899337769,0.5040901899337769,0.49590983986854553,0.5040901899337769,10,3,12,zero_shot_paired
154,2,10,3,60,0,0,1,0.5043385624885559,0.5043385624885559,0.5043385624885559,0.4956614375114441,10,3,12,zero_shot_paired
154,3,10,6,60,1,1,1,0.5007960200309753,0.5007960200309753,0.49920395016670227,0.5007960200309753,10,3,12,zero_shot_paired
154,4,10,8,60,0,1,0,0.5017252564430237,0.5017252564430237,0.4982747435569763,0.5017252564430237,10,3,12,zero_shot_paired
154,5,10,12,60,1,0,0,0.5018477439880371,0.5018477439880371,0.5018477439880371,0.4981522262096405,10,3,12,zero_shot_paired
154,0,10,0,60,0,1,0,0.5005763173103333,0.5005763173103333,0.49942368268966675,0.5005763173103333,10,3,12,post_calibration
154,1,10,2,60,1,1,1,0.5038586258888245,0.5038586258888245,0.49614137411117554,0.5038586258888245,10,3,12,post_calibration
154,2,10,3,60,0,0,1,0.5044081807136536,0.5044081807136536,0.5044081807136536,0.49559181928634644,10,3,12,post_calibration
154,3,10,6,60,1,1,1,0.5007753372192383,0.5007753372192383,0.49922463297843933,0.5007753372192383,10,3,12,post_calibration
154,4,10,8,60,0,1,0,0.5016975998878479,0.5016975998878479,0.4983023405075073,0.5016975998878479,10,3,12,post_calibration
154,5,10,12,60,1,0,0,0.5018764734268188,0.5018764734268188,0.5018764734268188,0.49812352657318115,10,3,12,post_calibration
12,0,11,0,60,1,1,1,0.5023640990257263,0.5023640990257263,0.49763593077659607,0.5023640990257263,11,,,zero_shot_all_trials
12,1,11,1,60,1,0,0,0.5074172019958496,0.5074172019958496,0.5074172019958496,0.4925827980041504,11,,,zero_shot_all_trials
12,2,11,2,60,1,0,0,0.5076618790626526,0.5076618790626526,0.5076618790626526,0.4923381507396698,11,,,zero_shot_all_trials
12,3,11,3,60,1,0,0,0.5070894956588745,0.5070894956588745,0.5070894956588745,0.4929104745388031,11,,,zero_shot_all_trials
12,4,11,4,60,1,1,1,0.5050378441810608,0.5050378441810608,0.4949621260166168,0.5050378441810608,11,,,zero_shot_all_trials
12,5,11,5,60,1,0,0,0.5012730360031128,0.5012730360031128,0.5012730360031128,0.4987269937992096,11,,,zero_shot_all_trials
12,6,11,6,60,1,0,0,0.5082315802574158,0.5082315802574158,0.5082315802574158,0.4917684495449066,11,,,zero_shot_all_trials
12,7,11,7,60,0,1,0,0.5023193955421448,0.5023193955421448,0.4976806342601776,0.5023193955421448,11,,,zero_shot_all_trials
12,8,11,8,60,0,0,1,0.5045790076255798,0.5045790076255798,0.5045790076255798,0.49542102217674255,11,,,zero_shot_all_trials
12,9,11,9,60,0,0,1,0.5073868036270142,0.5073868036270142,0.5073868036270142,0.49261313676834106,11,,,zero_shot_all_trials
12,10,11,10,60,1,0,0,0.5043966174125671,0.5043966174125671,0.5043966174125671,0.4956033527851105,11,,,zero_shot_all_trials
12,11,11,11,60,1,1,1,0.5030694007873535,0.5030694007873535,0.4969305694103241,0.5030694007873535,11,,,zero_shot_all_trials
12,12,11,12,60,1,0,0,0.5053876042366028,0.5053876042366028,0.5053876042366028,0.494612455368042,11,,,zero_shot_all_trials
12,13,11,13,60,1,1,1,0.5068820714950562,0.5068820714950562,0.49311795830726624,0.5068820714950562,11,,,zero_shot_all_trials
12,14,11,14,60,0,1,0,0.5067830085754395,0.5067830085754395,0.49321699142456055,0.5067830085754395,11,,,zero_shot_all_trials
12,15,11,15,60,1,1,1,0.5012333989143372,0.5012333989143372,0.49876657128334045,0.5012333989143372,11,,,zero_shot_all_trials
12,16,11,16,60,0,1,0,0.5083857774734497,0.5083857774734497,0.4916142225265503,0.5083857774734497,11,,,zero_shot_all_trials
12,17,11,17,60,1,1,1,0.5018970966339111,0.5018970966339111,0.49810290336608887,0.5018970966339111,11,,,zero_shot_all_trials
155,0,11,0,60,1,1,1,0.5023640990257263,0.5023640990257263,0.49763593077659607,0.5023640990257263,11,1,3,zero_shot_paired
155,1,11,2,60,1,0,0,0.5076617002487183,0.5076617002487183,0.5076617002487183,0.49233826994895935,11,1,3,zero_shot_paired
155,2,11,3,60,1,0,0,0.5070894956588745,0.5070894956588745,0.5070894956588745,0.4929104745388031,11,1,3,zero_shot_paired
155,3,11,4,60,1,1,1,0.5050379633903503,0.5050379633903503,0.49496206641197205,0.5050379633903503,11,1,3,zero_shot_paired
155,4,11,5,60,1,0,0,0.5012730360031128,0.5012730360031128,0.5012730360031128,0.4987269937992096,11,1,3,zero_shot_paired
155,5,11,6,60,1,0,0,0.5082314610481262,0.5082314610481262,0.5082314610481262,0.49176856875419617,11,1,3,zero_shot_paired
155,6,11,7,60,0,1,0,0.5023193359375,0.5023193359375,0.4976806640625,0.5023193359375,11,1,3,zero_shot_paired
155,7,11,8,60,0,0,1,0.5045790076255798,0.5045790076255798,0.5045790076255798,0.49542102217674255,11,1,3,zero_shot_paired
155,8,11,9,60,0,0,1,0.5073868632316589,0.5073868632316589,0.5073868632316589,0.49261313676834106,11,1,3,zero_shot_paired
155,9,11,10,60,1,0,0,0.5043964982032776,0.5043964982032776,0.5043964982032776,0.4956034719944,11,1,3,zero_shot_paired
155,10,11,11,60,1,1,1,0.5030694007873535,0.5030694007873535,0.49693062901496887,0.5030694007873535,11,1,3,zero_shot_paired
155,11,11,12,60,1,0,0,0.5053874850273132,0.5053874850273132,0.5053874850273132,0.49461257457733154,11,1,3,zero_shot_paired
155,12,11,15,60,1,1,1,0.5012333989143372,0.5012333989143372,0.49876663088798523,0.5012333989143372,11,1,3,zero_shot_paired
155,13,11,16,60,0,1,0,0.5083856582641602,0.5083856582641602,0.49161434173583984,0.5083856582641602,11,1,3,zero_shot_paired
155,14,11,17,60,1,1,1,0.5018970370292664,0.5018970370292664,0.49810290336608887,0.5018970370292664,11,1,3,zero_shot_paired
155,0,11,0,60,1,1,1,0.5023913979530334,0.5023913979530334,0.49760860204696655,0.5023913979530334,11,1,3,post_calibration
155,1,11,2,60,1,0,0,0.5076117515563965,0.5076117515563965,0.5076117515563965,0.49238821864128113,11,1,3,post_calibration
155,2,11,3,60,1,0,0,0.5072374939918518,0.5072374939918518,0.5072374939918518,0.4927625060081482,11,1,3,post_calibration
155,3,11,4,60,1,1,1,0.505081295967102,0.505081295967102,0.4949187636375427,0.505081295967102,11,1,3,post_calibration
155,4,11,5,60,1,0,0,0.5012518763542175,0.5012518763542175,0.5012518763542175,0.49874812364578247,11,1,3,post_calibration
155,5,11,6,60,1,0,0,0.5081861019134521,0.5081861019134521,0.5081861019134521,0.4918138384819031,11,1,3,post_calibration
155,6,11,7,60,0,1,0,0.502398669719696,0.502398669719696,0.49760136008262634,0.502398669719696,11,1,3,post_calibration
155,7,11,8,60,0,0,1,0.5046353340148926,0.5046353340148926,0.5046353340148926,0.49536463618278503,11,1,3,post_calibration
155,8,11,9,60,0,0,1,0.5074729919433594,0.5074729919433594,0.5074729919433594,0.49252697825431824,11,1,3,post_calibration
155,9,11,10,60,1,0,0,0.5043333768844604,0.5043333768844604,0.5043333768844604,0.4956666827201843,11,1,3,post_calibration
155,10,11,11,60,1,1,1,0.503130316734314,0.503130316734314,0.4968697130680084,0.503130316734314,11,1,3,post_calibration
155,11,11,12,60,1,0,0,0.5054283142089844,0.5054283142089844,0.5054283142089844,0.494571715593338,11,1,3,post_calibration
155,12,11,15,60,1,1,1,0.5011476278305054,0.5011476278305054,0.498852401971817,0.5011476278305054,11,1,3,post_calibration
155,13,11,16,60,0,1,0,0.5085528492927551,0.5085528492927551,0.4914471507072449,0.5085528492927551,11,1,3,post_calibration
155,14,11,17,60,1,1,1,0.5019445419311523,0.5019445419311523,0.49805545806884766,0.5019445419311523,11,1,3,post_calibration
156,0,11,0,60,1,1,1,0.5023640990257263,0.5023640990257263,0.49763593077659607,0.5023640990257263,11,2,3,zero_shot_paired
156,1,11,1,60,1,0,0,0.5074171423912048,0.5074171423912048,0.5074171423912048,0.4925828278064728,11,2,3,zero_shot_paired
156,2,11,2,60,1,0,0,0.5076617002487183,0.5076617002487183,0.5076617002487183,0.49233826994895935,11,2,3,zero_shot_paired
156,3,11,3,60,1,0,0,0.5070894956588745,0.5070894956588745,0.5070894956588745,0.4929104745388031,11,2,3,zero_shot_paired
156,4,11,4,60,1,1,1,0.5050379633903503,0.5050379633903503,0.49496206641197205,0.5050379633903503,11,2,3,zero_shot_paired
156,5,11,5,60,1,0,0,0.5012730360031128,0.5012730360031128,0.5012730360031128,0.4987269937992096,11,2,3,zero_shot_paired
156,6,11,8,60,0,0,1,0.5045790076255798,0.5045790076255798,0.5045790076255798,0.49542102217674255,11,2,3,zero_shot_paired
156,7,11,9,60,0,0,1,0.5073868632316589,0.5073868632316589,0.5073868632316589,0.49261313676834106,11,2,3,zero_shot_paired
156,8,11,10,60,1,0,0,0.5043964982032776,0.5043964982032776,0.5043964982032776,0.4956034719944,11,2,3,zero_shot_paired
156,9,11,11,60,1,1,1,0.5030694007873535,0.5030694007873535,0.49693062901496887,0.5030694007873535,11,2,3,zero_shot_paired
156,10,11,13,60,1,1,1,0.5068821310997009,0.5068821310997009,0.49311792850494385,0.5068821310997009,11,2,3,zero_shot_paired
156,11,11,14,60,0,1,0,0.5067830085754395,0.5067830085754395,0.49321699142456055,0.5067830085754395,11,2,3,zero_shot_paired
156,12,11,15,60,1,1,1,0.5012333989143372,0.5012333989143372,0.49876663088798523,0.5012333989143372,11,2,3,zero_shot_paired
156,13,11,16,60,0,1,0,0.5083856582641602,0.5083856582641602,0.49161434173583984,0.5083856582641602,11,2,3,zero_shot_paired
156,14,11,17,60,1,1,1,0.5018970370292664,0.5018970370292664,0.49810290336608887,0.5018970370292664,11,2,3,zero_shot_paired
156,0,11,0,60,1,1,1,0.502335786819458,0.502335786819458,0.4976642429828644,0.502335786819458,11,2,3,post_calibration
156,1,11,1,60,1,0,0,0.5073659420013428,0.5073659420013428,0.5073659420013428,0.49263402819633484,11,2,3,post_calibration
156,2,11,2,60,1,0,0,0.5076147317886353,0.5076147317886353,0.5076147317886353,0.49238526821136475,11,2,3,post_calibration
156,3,11,3,60,1,0,0,0.507027804851532,0.507027804851532,0.507027804851532,0.49297216534614563,11,2,3,post_calibration
156,4,11,4,60,1,1,1,0.5050687789916992,0.5050687789916992,0.4949312210083008,0.5050687789916992,11,2,3,post_calibration
156,5,11,5,60,1,0,0,0.5012339353561401,0.5012339353561401,0.5012339353561401,0.49876609444618225,11,2,3,post_calibration
156,6,11,8,60,0,0,1,0.504440426826477,0.504440426826477,0.504440426826477,0.49555960297584534,11,2,3,post_calibration
156,7,11,9,60,0,0,1,0.5071369409561157,0.5071369409561157,0.5071369409561157,0.49286308884620667,11,2,3,post_calibration
156,8,11,10,60,1,0,0,0.5043398141860962,0.5043398141860962,0.5043398141860962,0.4956602454185486,11,2,3,post_calibration
156,9,11,11,60,1,1,1,0.5029862523078918,0.5029862523078918,0.4970136880874634,0.5029862523078918,11,2,3,post_calibration
156,10,11,13,60,1,1,1,0.5068779587745667,0.5068779587745667,0.49312201142311096,0.5068779587745667,11,2,3,post_calibration
156,11,11,14,60,0,1,0,0.5066946744918823,0.5066946744918823,0.49330535531044006,0.5066946744918823,11,2,3,post_calibration
156,12,11,15,60,1,1,1,0.5014076828956604,0.5014076828956604,0.4985922873020172,0.5014076828956604,11,2,3,post_calibration
156,13,11,16,60,0,1,0,0.5083722472190857,0.5083722472190857,0.4916277229785919,0.5083722472190857,11,2,3,post_calibration
156,14,11,17,60,1,1,1,0.5019794702529907,0.5019794702529907,0.4980204999446869,0.5019794702529907,11,2,3,post_calibration
157,0,11,0,60,1,1,1,0.5023640990257263,0.5023640990257263,0.49763593077659607,0.5023640990257263,11,3,3,zero_shot_paired
157,1,11,1,60,1,0,0,0.5074171423912048,0.5074171423912048,0.5074171423912048,0.4925828278064728,11,3,3,zero_shot_paired
157,2,11,2,60,1,0,0,0.5076617002487183,0.5076617002487183,0.5076617002487183,0.49233826994895935,11,3,3,zero_shot_paired
157,3,11,4,60,1,1,1,0.5050379633903503,0.5050379633903503,0.49496206641197205,0.5050379633903503,11,3,3,zero_shot_paired
157,4,11,6,60,1,0,0,0.5082314610481262,0.5082314610481262,0.5082314610481262,0.49176856875419617,11,3,3,zero_shot_paired
157,5,11,7,60,0,1,0,0.5023193359375,0.5023193359375,0.4976806640625,0.5023193359375,11,3,3,zero_shot_paired
157,6,11,8,60,0,0,1,0.5045790076255798,0.5045790076255798,0.5045790076255798,0.49542102217674255,11,3,3,zero_shot_paired
157,7,11,9,60,0,0,1,0.5073868632316589,0.5073868632316589,0.5073868632316589,0.49261313676834106,11,3,3,zero_shot_paired
157,8,11,10,60,1,0,0,0.5043964982032776,0.5043964982032776,0.5043964982032776,0.4956034719944,11,3,3,zero_shot_paired
157,9,11,11,60,1,1,1,0.5030694007873535,0.5030694007873535,0.49693062901496887,0.5030694007873535,11,3,3,zero_shot_paired
157,10,11,12,60,1,0,0,0.5053874850273132,0.5053874850273132,0.5053874850273132,0.49461257457733154,11,3,3,zero_shot_paired
157,11,11,13,60,1,1,1,0.5068821310997009,0.5068821310997009,0.49311792850494385,0.5068821310997009,11,3,3,zero_shot_paired
157,12,11,14,60,0,1,0,0.5067830085754395,0.5067830085754395,0.49321699142456055,0.5067830085754395,11,3,3,zero_shot_paired
157,13,11,15,60,1,1,1,0.5012333989143372,0.5012333989143372,0.49876663088798523,0.5012333989143372,11,3,3,zero_shot_paired
157,14,11,17,60,1,1,1,0.5018970370292664,0.5018970370292664,0.49810290336608887,0.5018970370292664,11,3,3,zero_shot_paired
157,0,11,0,60,1,1,1,0.5024325847625732,0.5024325847625732,0.49756741523742676,0.5024325847625732,11,3,3,post_calibration
157,1,11,1,60,1,0,0,0.5073664784431458,0.5073664784431458,0.5073664784431458,0.49263352155685425,11,3,3,post_calibration
157,2,11,2,60,1,0,0,0.5076039433479309,0.5076039433479309,0.5076039433479309,0.4923960864543915,11,3,3,post_calibration
157,3,11,4,60,1,1,1,0.5050293803215027,0.5050293803215027,0.4949705898761749,0.5050293803215027,11,3,3,post_calibration
157,4,11,6,60,1,0,0,0.5082168579101562,0.5082168579101562,0.5082168579101562,0.49178317189216614,11,3,3,post_calibration
157,5,11,7,60,0,1,0,0.5023415088653564,0.5023415088653564,0.49765852093696594,0.5023415088653564,11,3,3,post_calibration
157,6,11,8,60,0,0,1,0.5045645236968994,0.5045645236968994,0.5045645236968994,0.495435506105423,11,3,3,post_calibration
157,7,11,9,60,0,0,1,0.507257342338562,0.507257342338562,0.507257342338562,0.492742657661438,11,3,3,post_calibration
157,8,11,10,60,1,0,0,0.5043585896492004,0.5043585896492004,0.5043585896492004,0.49564141035079956,11,3,3,post_calibration
157,9,11,11,60,1,1,1,0.503094494342804,0.503094494342804,0.49690547585487366,0.503094494342804,11,3,3,post_calibration
157,10,11,12,60,1,0,0,0.5052915811538696,0.5052915811538696,0.5052915811538696,0.49470841884613037,11,3,3,post_calibration
157,11,11,13,60,1,1,1,0.506827712059021,0.506827712059021,0.4931723177433014,0.506827712059021,11,3,3,post_calibration
157,12,11,14,60,0,1,0,0.506768524646759,0.506768524646759,0.49323147535324097,0.506768524646759,11,3,3,post_calibration
157,13,11,15,60,1,1,1,0.5013532638549805,0.5013532638549805,0.49864673614501953,0.5013532638549805,11,3,3,post_calibration
157,14,11,17,60,1,1,1,0.5018872022628784,0.5018872022628784,0.4981127679347992,0.5018872022628784,11,3,3,post_calibration
158,0,11,0,60,1,1,1,0.5023640990257263,0.5023640990257263,0.49763593077659607,0.5023640990257263,11,4,3,zero_shot_paired
158,1,11,1,60,1,0,0,0.5074171423912048,0.5074171423912048,0.5074171423912048,0.4925828278064728,11,4,3,zero_shot_paired
158,2,11,3,60,1,0,0,0.5070894956588745,0.5070894956588745,0.5070894956588745,0.4929104745388031,11,4,3,zero_shot_paired
158,3,11,5,60,1,0,0,0.5012730360031128,0.5012730360031128,0.5012730360031128,0.4987269937992096,11,4,3,zero_shot_paired
158,4,11,6,60,1,0,0,0.5082314610481262,0.5082314610481262,0.5082314610481262,0.49176856875419617,11,4,3,zero_shot_paired
158,5,11,7,60,0,1,0,0.5023193359375,0.5023193359375,0.4976806640625,0.5023193359375,11,4,3,zero_shot_paired
158,6,11,8,60,0,0,1,0.5045790076255798,0.5045790076255798,0.5045790076255798,0.49542102217674255,11,4,3,zero_shot_paired
158,7,11,9,60,0,0,1,0.5073868632316589,0.5073868632316589,0.5073868632316589,0.49261313676834106,11,4,3,zero_shot_paired
158,8,11,10,60,1,0,0,0.5043964982032776,0.5043964982032776,0.5043964982032776,0.4956034719944,11,4,3,zero_shot_paired
158,9,11,12,60,1,0,0,0.5053874850273132,0.5053874850273132,0.5053874850273132,0.49461257457733154,11,4,3,zero_shot_paired
158,10,11,13,60,1,1,1,0.5068821310997009,0.5068821310997009,0.49311792850494385,0.5068821310997009,11,4,3,zero_shot_paired
158,11,11,14,60,0,1,0,0.5067830085754395,0.5067830085754395,0.49321699142456055,0.5067830085754395,11,4,3,zero_shot_paired
158,12,11,15,60,1,1,1,0.5012333989143372,0.5012333989143372,0.49876663088798523,0.5012333989143372,11,4,3,zero_shot_paired
158,13,11,16,60,0,1,0,0.5083856582641602,0.5083856582641602,0.49161434173583984,0.5083856582641602,11,4,3,zero_shot_paired
158,14,11,17,60,1,1,1,0.5018970370292664,0.5018970370292664,0.49810290336608887,0.5018970370292664,11,4,3,zero_shot_paired
158,0,11,0,60,1,1,1,0.5025206804275513,0.5025206804275513,0.4974793493747711,0.5025206804275513,11,4,3,post_calibration
158,1,11,1,60,1,0,0,0.5074013471603394,0.5074013471603394,0.5074013471603394,0.49259865283966064,11,4,3,post_calibration
158,2,11,3,60,1,0,0,0.5070410370826721,0.5070410370826721,0.5070410370826721,0.4929589629173279,11,4,3,post_calibration
158,3,11,5,60,1,0,0,0.501201868057251,0.501201868057251,0.501201868057251,0.498798131942749,11,4,3,post_calibration
158,4,11,6,60,1,0,0,0.508233368396759,0.508233368396759,0.508233368396759,0.4917666018009186,11,4,3,post_calibration
158,5,11,7,60,0,1,0,0.5023489594459534,0.5023489594459534,0.49765104055404663,0.5023489594459534,11,4,3,post_calibration
158,6,11,8,60,0,0,1,0.5045437812805176,0.5045437812805176,0.5045437812805176,0.4954562783241272,11,4,3,post_calibration
158,7,11,9,60,0,0,1,0.5072761178016663,0.5072761178016663,0.5072761178016663,0.49272385239601135,11,4,3,post_calibration
158,8,11,10,60,1,0,0,0.50422602891922,0.50422602891922,0.50422602891922,0.49577394127845764,11,4,3,post_calibration
158,9,11,12,60,1,0,0,0.5052270889282227,0.5052270889282227,0.5052270889282227,0.49477291107177734,11,4,3,post_calibration
158,10,11,13,60,1,1,1,0.5069074630737305,0.5069074630737305,0.49309253692626953,0.5069074630737305,11,4,3,post_calibration
158,11,11,14,60,0,1,0,0.5067890882492065,0.5067890882492065,0.49321094155311584,0.5067890882492065,11,4,3,post_calibration
158,12,11,15,60,1,1,1,0.501274049282074,0.501274049282074,0.498725950717926,0.501274049282074,11,4,3,post_calibration
158,13,11,16,60,0,1,0,0.5084449052810669,0.5084449052810669,0.4915551245212555,0.5084449052810669,11,4,3,post_calibration
158,14,11,17,60,1,1,1,0.501995325088501,0.501995325088501,0.49800464510917664,0.501995325088501,11,4,3,post_calibration
159,0,11,0,60,1,1,1,0.5023640990257263,0.5023640990257263,0.49763593077659607,0.5023640990257263,11,5,3,zero_shot_paired
159,1,11,1,60,1,0,0,0.5074171423912048,0.5074171423912048,0.5074171423912048,0.4925828278064728,11,5,3,zero_shot_paired
159,2,11,2,60,1,0,0,0.5076617002487183,0.5076617002487183,0.5076617002487183,0.49233826994895935,11,5,3,zero_shot_paired
159,3,11,3,60,1,0,0,0.5070894956588745,0.5070894956588745,0.5070894956588745,0.4929104745388031,11,5,3,zero_shot_paired
159,4,11,4,60,1,1,1,0.5050379633903503,0.5050379633903503,0.49496206641197205,0.5050379633903503,11,5,3,zero_shot_paired
159,5,11,5,60,1,0,0,0.5012730360031128,0.5012730360031128,0.5012730360031128,0.4987269937992096,11,5,3,zero_shot_paired
159,6,11,6,60,1,0,0,0.5082314610481262,0.5082314610481262,0.5082314610481262,0.49176856875419617,11,5,3,zero_shot_paired
159,7,11,7,60,0,1,0,0.5023193359375,0.5023193359375,0.4976806640625,0.5023193359375,11,5,3,zero_shot_paired
159,8,11,8,60,0,0,1,0.5045790076255798,0.5045790076255798,0.5045790076255798,0.49542102217674255,11,5,3,zero_shot_paired
159,9,11,11,60,1,1,1,0.5030694007873535,0.5030694007873535,0.49693062901496887,0.5030694007873535,11,5,3,zero_shot_paired
159,10,11,12,60,1,0,0,0.5053874850273132,0.5053874850273132,0.5053874850273132,0.49461257457733154,11,5,3,zero_shot_paired
159,11,11,13,60,1,1,1,0.5068821310997009,0.5068821310997009,0.49311792850494385,0.5068821310997009,11,5,3,zero_shot_paired
159,12,11,14,60,0,1,0,0.5067830085754395,0.5067830085754395,0.49321699142456055,0.5067830085754395,11,5,3,zero_shot_paired
159,13,11,15,60,1,1,1,0.5012333989143372,0.5012333989143372,0.49876663088798523,0.5012333989143372,11,5,3,zero_shot_paired
159,14,11,16,60,0,1,0,0.5083856582641602,0.5083856582641602,0.49161434173583984,0.5083856582641602,11,5,3,zero_shot_paired
159,0,11,0,60,1,1,1,0.5023733377456665,0.5023733377456665,0.4976266920566559,0.5023733377456665,11,5,3,post_calibration
159,1,11,1,60,1,0,0,0.5074021816253662,0.5074021816253662,0.5074021816253662,0.4925978481769562,11,5,3,post_calibration
159,2,11,2,60,1,0,0,0.5074061155319214,0.5074061155319214,0.5074061155319214,0.492593914270401,11,5,3,post_calibration
159,3,11,3,60,1,0,0,0.5071511268615723,0.5071511268615723,0.5071511268615723,0.49284887313842773,11,5,3,post_calibration
159,4,11,4,60,1,1,1,0.5049443244934082,0.5049443244934082,0.4950556457042694,0.5049443244934082,11,5,3,post_calibration
159,5,11,5,60,1,0,0,0.5012232065200806,0.5012232065200806,0.5012232065200806,0.4987768232822418,11,5,3,post_calibration
159,6,11,6,60,1,0,0,0.5085779428482056,0.5085779428482056,0.5085779428482056,0.49142202734947205,11,5,3,post_calibration
159,7,11,7,60,0,1,0,0.5022305846214294,0.5022305846214294,0.49776944518089294,0.5022305846214294,11,5,3,post_calibration
159,8,11,8,60,0,0,1,0.5047600269317627,0.5047600269317627,0.5047600269317627,0.4952399730682373,11,5,3,post_calibration
159,9,11,11,60,1,1,1,0.5029417872428894,0.5029417872428894,0.4970582127571106,0.5029417872428894,11,5,3,post_calibration
159,10,11,12,60,1,0,0,0.5055503845214844,0.5055503845214844,0.5055503845214844,0.49444955587387085,11,5,3,post_calibration
159,11,11,13,60,1,1,1,0.5068838000297546,0.5068838000297546,0.4931161403656006,0.5068838000297546,11,5,3,post_calibration
159,12,11,14,60,0,1,0,0.5067209601402283,0.5067209601402283,0.49327903985977173,0.5067209601402283,11,5,3,post_calibration
159,13,11,15,60,1,1,1,0.5010061264038086,0.5010061264038086,0.4989939033985138,0.5010061264038086,11,5,3,post_calibration
159,14,11,16,60,0,1,0,0.5083190202713013,0.5083190202713013,0.4916810095310211,0.5083190202713013,11,5,3,post_calibration
160,0,11,1,60,1,0,0,0.5074171423912048,0.5074171423912048,0.5074171423912048,0.4925828278064728,11,6,3,zero_shot_paired
160,1,11,2,60,1,0,0,0.5076617002487183,0.5076617002487183,0.5076617002487183,0.49233826994895935,11,6,3,zero_shot_paired
160,2,11,3,60,1,0,0,0.5070894956588745,0.5070894956588745,0.5070894956588745,0.4929104745388031,11,6,3,zero_shot_paired
160,3,11,4,60,1,1,1,0.5050379633903503,0.5050379633903503,0.49496206641197205,0.5050379633903503,11,6,3,zero_shot_paired
160,4,11,5,60,1,0,0,0.5012730360031128,0.5012730360031128,0.5012730360031128,0.4987269937992096,11,6,3,zero_shot_paired
160,5,11,6,60,1,0,0,0.5082314610481262,0.5082314610481262,0.5082314610481262,0.49176856875419617,11,6,3,zero_shot_paired
160,6,11,7,60,0,1,0,0.5023193359375,0.5023193359375,0.4976806640625,0.5023193359375,11,6,3,zero_shot_paired
160,7,11,9,60,0,0,1,0.5073868632316589,0.5073868632316589,0.5073868632316589,0.49261313676834106,11,6,3,zero_shot_paired
160,8,11,10,60,1,0,0,0.5043964982032776,0.5043964982032776,0.5043964982032776,0.4956034719944,11,6,3,zero_shot_paired
160,9,11,11,60,1,1,1,0.5030694007873535,0.5030694007873535,0.49693062901496887,0.5030694007873535,11,6,3,zero_shot_paired
160,10,11,12,60,1,0,0,0.5053874850273132,0.5053874850273132,0.5053874850273132,0.49461257457733154,11,6,3,zero_shot_paired
160,11,11,13,60,1,1,1,0.5068821310997009,0.5068821310997009,0.49311792850494385,0.5068821310997009,11,6,3,zero_shot_paired
160,12,11,14,60,0,1,0,0.5067830085754395,0.5067830085754395,0.49321699142456055,0.5067830085754395,11,6,3,zero_shot_paired
160,13,11,16,60,0,1,0,0.5083856582641602,0.5083856582641602,0.49161434173583984,0.5083856582641602,11,6,3,zero_shot_paired
160,14,11,17,60,1,1,1,0.5018970370292664,0.5018970370292664,0.49810290336608887,0.5018970370292664,11,6,3,zero_shot_paired
160,0,11,1,60,1,0,0,0.5073466300964355,0.5073466300964355,0.5073466300964355,0.49265339970588684,11,6,3,post_calibration
160,1,11,2,60,1,0,0,0.5076586008071899,0.5076586008071899,0.5076586008071899,0.49234136939048767,11,6,3,post_calibration
160,2,11,3,60,1,0,0,0.5070466995239258,0.5070466995239258,0.5070466995239258,0.4929533302783966,11,6,3,post_calibration
160,3,11,4,60,1,1,1,0.5051271915435791,0.5051271915435791,0.4948728382587433,0.5051271915435791,11,6,3,post_calibration
160,4,11,5,60,1,0,0,0.5011202096939087,0.5011202096939087,0.5011202096939087,0.4988797605037689,11,6,3,post_calibration
160,5,11,6,60,1,0,0,0.5082399845123291,0.5082399845123291,0.5082399845123291,0.4917600154876709,11,6,3,post_calibration
160,6,11,7,60,0,1,0,0.5024805665016174,0.5024805665016174,0.4975194036960602,0.5024805665016174,11,6,3,post_calibration
160,7,11,9,60,0,0,1,0.5073145627975464,0.5073145627975464,0.5073145627975464,0.4926854372024536,11,6,3,post_calibration
160,8,11,10,60,1,0,0,0.5043238401412964,0.5043238401412964,0.5043238401412964,0.4956761598587036,11,6,3,post_calibration
160,9,11,11,60,1,1,1,0.5032109618186951,0.5032109618186951,0.49678900837898254,0.5032109618186951,11,6,3,post_calibration
160,10,11,12,60,1,0,0,0.5051806569099426,0.5051806569099426,0.5051806569099426,0.494819313287735,11,6,3,post_calibration
160,11,11,13,60,1,1,1,0.5069790482521057,0.5069790482521057,0.4930209219455719,0.5069790482521057,11,6,3,post_calibration
160,12,11,14,60,0,1,0,0.506930410861969,0.506930410861969,0.4930696487426758,0.506930410861969,11,6,3,post_calibration
160,13,11,16,60,0,1,0,0.5084271430969238,0.5084271430969238,0.4915727972984314,0.5084271430969238,11,6,3,post_calibration
160,14,11,17,60,1,1,1,0.5020664930343628,0.5020664930343628,0.4979335069656372,0.5020664930343628,11,6,3,post_calibration
161,0,11,2,60,1,0,0,0.5076617002487183,0.5076617002487183,0.5076617002487183,0.49233826994895935,11,1,6,zero_shot_paired
161,1,11,4,60,1,1,1,0.5050379633903503,0.5050379633903503,0.49496206641197205,0.5050379633903503,11,1,6,zero_shot_paired
161,2,11,5,60,1,0,0,0.5012730360031128,0.5012730360031128,0.5012730360031128,0.4987269937992096,11,1,6,zero_shot_paired
161,3,11,6,60,1,0,0,0.5082314610481262,0.5082314610481262,0.5082314610481262,0.49176856875419617,11,1,6,zero_shot_paired
161,4,11,7,60,0,1,0,0.5023193359375,0.5023193359375,0.4976806640625,0.5023193359375,11,1,6,zero_shot_paired
161,5,11,8,60,0,0,1,0.5045790076255798,0.5045790076255798,0.5045790076255798,0.49542102217674255,11,1,6,zero_shot_paired
161,6,11,9,60,0,0,1,0.5073868632316589,0.5073868632316589,0.5073868632316589,0.49261313676834106,11,1,6,zero_shot_paired
161,7,11,10,60,1,0,0,0.5043964982032776,0.5043964982032776,0.5043964982032776,0.4956034719944,11,1,6,zero_shot_paired
161,8,11,11,60,1,1,1,0.5030694007873535,0.5030694007873535,0.49693062901496887,0.5030694007873535,11,1,6,zero_shot_paired
161,9,11,13,60,1,1,1,0.5068821310997009,0.5068821310997009,0.49311792850494385,0.5068821310997009,11,1,6,zero_shot_paired
161,10,11,15,60,1,1,1,0.5012333989143372,0.5012333989143372,0.49876663088798523,0.5012333989143372,11,1,6,zero_shot_paired
161,11,11,17,60,1,1,1,0.5018970370292664,0.5018970370292664,0.49810290336608887,0.5018970370292664,11,1,6,zero_shot_paired
161,0,11,2,60,1,0,0,0.5077413320541382,0.5077413320541382,0.5077413320541382,0.4922586977481842,11,1,6,post_calibration
161,1,11,4,60,1,1,1,0.5050121545791626,0.5050121545791626,0.4949878454208374,0.5050121545791626,11,1,6,post_calibration
161,2,11,5,60,1,0,0,0.5012727975845337,0.5012727975845337,0.5012727975845337,0.4987271726131439,11,1,6,post_calibration
161,3,11,6,60,1,0,0,0.5083320736885071,0.5083320736885071,0.5083320736885071,0.4916679263114929,11,1,6,post_calibration
161,4,11,7,60,0,1,0,0.502232015132904,0.502232015132904,0.49776798486709595,0.502232015132904,11,1,6,post_calibration
161,5,11,8,60,0,0,1,0.5044598579406738,0.5044598579406738,0.5044598579406738,0.49554014205932617,11,1,6,post_calibration
161,6,11,9,60,0,0,1,0.5074176788330078,0.5074176788330078,0.5074176788330078,0.4925823211669922,11,1,6,post_calibration
161,7,11,10,60,1,0,0,0.5044242143630981,0.5044242143630981,0.5044242143630981,0.49557581543922424,11,1,6,post_calibration
161,8,11,11,60,1,1,1,0.5030637979507446,0.5030637979507446,0.49693620204925537,0.5030637979507446,11,1,6,post_calibration
161,9,11,13,60,1,1,1,0.5068400502204895,0.5068400502204895,0.4931599795818329,0.5068400502204895,11,1,6,post_calibration
161,10,11,15,60,1,1,1,0.5012235045433044,0.5012235045433044,0.49877646565437317,0.5012235045433044,11,1,6,post_calibration
161,11,11,17,60,1,1,1,0.5020117163658142,0.5020117163658142,0.4979883134365082,0.5020117163658142,11,1,6,post_calibration
162,0,11,0,60,1,1,1,0.5023640990257263,0.5023640990257263,0.49763593077659607,0.5023640990257263,11,2,6,zero_shot_paired
162,1,11,1,60,1,0,0,0.5074171423912048,0.5074171423912048,0.5074171423912048,0.4925828278064728,11,2,6,zero_shot_paired
162,2,11,3,60,1,0,0,0.5070894956588745,0.5070894956588745,0.5070894956588745,0.4929104745388031,11,2,6,zero_shot_paired
162,3,11,8,60,0,0,1,0.5045790076255798,0.5045790076255798,0.5045790076255798,0.49542102217674255,11,2,6,zero_shot_paired
162,4,11,9,60,0,0,1,0.5073868632316589,0.5073868632316589,0.5073868632316589,0.49261313676834106,11,2,6,zero_shot_paired
162,5,11,11,60,1,1,1,0.5030694007873535,0.5030694007873535,0.49693062901496887,0.5030694007873535,11,2,6,zero_shot_paired
162,6,11,12,60,1,0,0,0.5053874850273132,0.5053874850273132,0.5053874850273132,0.49461257457733154,11,2,6,zero_shot_paired
162,7,11,13,60,1,1,1,0.5068821310997009,0.5068821310997009,0.49311792850494385,0.5068821310997009,11,2,6,zero_shot_paired
162,8,11,14,60,0,1,0,0.5067830085754395,0.5067830085754395,0.49321699142456055,0.5067830085754395,11,2,6,zero_shot_paired
162,9,11,15,60,1,1,1,0.5012333989143372,0.5012333989143372,0.49876663088798523,0.5012333989143372,11,2,6,zero_shot_paired
162,10,11,16,60,0,1,0,0.5083856582641602,0.5083856582641602,0.49161434173583984,0.5083856582641602,11,2,6,zero_shot_paired
162,11,11,17,60,1,1,1,0.5018970370292664,0.5018970370292664,0.49810290336608887,0.5018970370292664,11,2,6,zero_shot_paired
162,0,11,0,60,1,1,1,0.5024080872535706,0.5024080872535706,0.4975919723510742,0.5024080872535706,11,2,6,post_calibration
162,1,11,1,60,1,0,0,0.5072008371353149,0.5072008371353149,0.5072008371353149,0.49279919266700745,11,2,6,post_calibration
162,2,11,3,60,1,0,0,0.5068899393081665,0.5068899393081665,0.5068899393081665,0.4931100904941559,11,2,6,post_calibration
162,3,11,8,60,0,0,1,0.5042737722396851,0.5042737722396851,0.5042737722396851,0.4957262873649597,11,2,6,post_calibration
162,4,11,9,60,0,0,1,0.5069090127944946,0.5069090127944946,0.5069090127944946,0.493090957403183,11,2,6,post_calibration
162,5,11,11,60,1,1,1,0.5030679106712341,0.5030679106712341,0.4969320595264435,0.5030679106712341,11,2,6,post_calibration
162,6,11,12,60,1,0,0,0.5052302479743958,0.5052302479743958,0.5052302479743958,0.4947696924209595,11,2,6,post_calibration
162,7,11,13,60,1,1,1,0.5070686340332031,0.5070686340332031,0.4929313361644745,0.5070686340332031,11,2,6,post_calibration
162,8,11,14,60,0,1,0,0.5068144202232361,0.5068144202232361,0.4931855797767639,0.5068144202232361,11,2,6,post_calibration
162,9,11,15,60,1,1,1,0.5011961460113525,0.5011961460113525,0.49880388379096985,0.5011961460113525,11,2,6,post_calibration
162,10,11,16,60,0,1,0,0.5084740519523621,0.5084740519523621,0.49152591824531555,0.5084740519523621,11,2,6,post_calibration
162,11,11,17,60,1,1,1,0.5020211338996887,0.5020211338996887,0.49797889590263367,0.5020211338996887,11,2,6,post_calibration
163,0,11,0,60,1,1,1,0.5023640990257263,0.5023640990257263,0.49763593077659607,0.5023640990257263,11,3,6,zero_shot_paired
163,1,11,1,60,1,0,0,0.5074171423912048,0.5074171423912048,0.5074171423912048,0.4925828278064728,11,3,6,zero_shot_paired
163,2,11,2,60,1,0,0,0.5076617002487183,0.5076617002487183,0.5076617002487183,0.49233826994895935,11,3,6,zero_shot_paired
163,3,11,3,60,1,0,0,0.5070894956588745,0.5070894956588745,0.5070894956588745,0.4929104745388031,11,3,6,zero_shot_paired
163,4,11,4,60,1,1,1,0.5050379633903503,0.5050379633903503,0.49496206641197205,0.5050379633903503,11,3,6,zero_shot_paired
163,5,11,5,60,1,0,0,0.5012730360031128,0.5012730360031128,0.5012730360031128,0.4987269937992096,11,3,6,zero_shot_paired
163,6,11,6,60,1,0,0,0.5082314610481262,0.5082314610481262,0.5082314610481262,0.49176856875419617,11,3,6,zero_shot_paired
163,7,11,7,60,0,1,0,0.5023193359375,0.5023193359375,0.4976806640625,0.5023193359375,11,3,6,zero_shot_paired
163,8,11,10,60,1,0,0,0.5043964982032776,0.5043964982032776,0.5043964982032776,0.4956034719944,11,3,6,zero_shot_paired
163,9,11,12,60,1,0,0,0.5053874850273132,0.5053874850273132,0.5053874850273132,0.49461257457733154,11,3,6,zero_shot_paired
163,10,11,14,60,0,1,0,0.5067830085754395,0.5067830085754395,0.49321699142456055,0.5067830085754395,11,3,6,zero_shot_paired
163,11,11,16,60,0,1,0,0.5083856582641602,0.5083856582641602,0.49161434173583984,0.5083856582641602,11,3,6,zero_shot_paired
163,0,11,0,60,1,1,1,0.5024893879890442,0.5024893879890442,0.4975106120109558,0.5024893879890442,11,3,6,post_calibration
163,1,11,1,60,1,0,0,0.5075486898422241,0.5075486898422241,0.5075486898422241,0.4924513101577759,11,3,6,post_calibration
163,2,11,2,60,1,0,0,0.5076869130134583,0.5076869130134583,0.5076869130134583,0.49231308698654175,11,3,6,post_calibration
163,3,11,3,60,1,0,0,0.507088840007782,0.507088840007782,0.507088840007782,0.492911159992218,11,3,6,post_calibration
163,4,11,4,60,1,1,1,0.5052495002746582,0.5052495002746582,0.4947504997253418,0.5052495002746582,11,3,6,post_calibration
163,5,11,5,60,1,0,0,0.5012122988700867,0.5012122988700867,0.5012122988700867,0.49878770112991333,11,3,6,post_calibration
163,6,11,6,60,1,0,0,0.5083920359611511,0.5083920359611511,0.5083920359611511,0.49160799384117126,11,3,6,post_calibration
163,7,11,7,60,0,1,0,0.5025051236152649,0.5025051236152649,0.4974948763847351,0.5025051236152649,11,3,6,post_calibration
163,8,11,10,60,1,0,0,0.5042546391487122,0.5042546391487122,0.5042546391487122,0.49574530124664307,11,3,6,post_calibration
163,9,11,12,60,1,0,0,0.5053761601448059,0.5053761601448059,0.5053761601448059,0.4946238398551941,11,3,6,post_calibration
163,10,11,14,60,0,1,0,0.5069943070411682,0.5069943070411682,0.4930056631565094,0.5069943070411682,11,3,6,post_calibration
163,11,11,16,60,0,1,0,0.5087060332298279,0.5087060332298279,0.4912940263748169,0.5087060332298279,11,3,6,post_calibration
164,0,11,1,60,1,0,0,0.5074171423912048,0.5074171423912048,0.5074171423912048,0.49258285760879517,11,1,9,zero_shot_paired
164,1,11,4,60,1,1,1,0.5050379633903503,0.5050379633903503,0.49496206641197205,0.5050379633903503,11,1,9,zero_shot_paired
164,2,11,8,60,0,0,1,0.5045790076255798,0.5045790076255798,0.5045790076255798,0.49542102217674255,11,1,9,zero_shot_paired
164,3,11,9,60,0,0,1,0.5073868036270142,0.5073868036270142,0.5073868036270142,0.49261313676834106,11,1,9,zero_shot_paired
164,4,11,10,60,1,0,0,0.5043966174125671,0.5043966174125671,0.5043966174125671,0.4956033527851105,11,1,9,zero_shot_paired
164,5,11,12,60,1,0,0,0.5053876042366028,0.5053876042366028,0.5053876042366028,0.494612455368042,11,1,9,zero_shot_paired
164,6,11,13,60,1,1,1,0.5068821310997009,0.5068821310997009,0.4931178689002991,0.5068821310997009,11,1,9,zero_shot_paired
164,7,11,14,60,0,1,0,0.5067830085754395,0.5067830085754395,0.49321699142456055,0.5067830085754395,11,1,9,zero_shot_paired
164,8,11,15,60,1,1,1,0.5012333393096924,0.5012333393096924,0.49876669049263,0.5012333393096924,11,1,9,zero_shot_paired
164,0,11,1,60,1,0,0,0.5072287321090698,0.5072287321090698,0.5072287321090698,0.4927712380886078,11,1,9,post_calibration
164,1,11,4,60,1,1,1,0.5049173831939697,0.5049173831939697,0.4950826168060303,0.5049173831939697,11,1,9,post_calibration
164,2,11,8,60,0,0,1,0.5043371319770813,0.5043371319770813,0.5043371319770813,0.4956628382205963,11,1,9,post_calibration
164,3,11,9,60,0,0,1,0.5070632100105286,0.5070632100105286,0.5070632100105286,0.4929368197917938,11,1,9,post_calibration
164,4,11,10,60,1,0,0,0.5043870210647583,0.5043870210647583,0.5043870210647583,0.4956130087375641,11,1,9,post_calibration
164,5,11,12,60,1,0,0,0.5051186084747314,0.5051186084747314,0.5051186084747314,0.49488139152526855,11,1,9,post_calibration
164,6,11,13,60,1,1,1,0.5067013502120972,0.5067013502120972,0.49329864978790283,0.5067013502120972,11,1,9,post_calibration
164,7,11,14,60,0,1,0,0.5067335367202759,0.5067335367202759,0.4932664930820465,0.5067335367202759,11,1,9,post_calibration
164,8,11,15,60,1,1,1,0.5012736916542053,0.5012736916542053,0.4987263083457947,0.5012736916542053,11,1,9,post_calibration
165,0,11,0,60,1,1,1,0.5023641586303711,0.5023641586303711,0.4976358413696289,0.5023641586303711,11,2,9,zero_shot_paired
165,1,11,2,60,1,0,0,0.5076618194580078,0.5076618194580078,0.5076618194580078,0.4923381507396698,11,2,9,zero_shot_paired
165,2,11,3,60,1,0,0,0.5070899128913879,0.5070899128913879,0.5070899128913879,0.49291008710861206,11,2,9,zero_shot_paired
165,3,11,5,60,1,0,0,0.5012728571891785,0.5012728571891785,0.5012728571891785,0.4987271726131439,11,2,9,zero_shot_paired
165,4,11,6,60,1,0,0,0.5082315802574158,0.5082315802574158,0.5082315802574158,0.4917684495449066,11,2,9,zero_shot_paired
165,5,11,7,60,0,1,0,0.5023193955421448,0.5023193955421448,0.4976806640625,0.5023193955421448,11,2,9,zero_shot_paired
165,6,11,11,60,1,1,1,0.5030694603919983,0.5030694603919983,0.4969305694103241,0.5030694603919983,11,2,9,zero_shot_paired
165,7,11,16,60,0,1,0,0.5083857774734497,0.5083857774734497,0.4916142225265503,0.5083857774734497,11,2,9,zero_shot_paired
165,8,11,17,60,1,1,1,0.5018970370292664,0.5018970370292664,0.49810290336608887,0.5018970370292664,11,2,9,zero_shot_paired
165,0,11,0,60,1,1,1,0.5024109482765198,0.5024109482765198,0.4975890815258026,0.5024109482765198,11,2,9,post_calibration
165,1,11,2,60,1,0,0,0.5076248645782471,0.5076248645782471,0.5076248645782471,0.49237513542175293,11,2,9,post_calibration
165,2,11,3,60,1,0,0,0.5067667365074158,0.5067667365074158,0.5067667365074158,0.49323326349258423,11,2,9,post_calibration
165,3,11,5,60,1,0,0,0.5012818574905396,0.5012818574905396,0.5012818574905396,0.49871811270713806,11,2,9,post_calibration
165,4,11,6,60,1,0,0,0.5084268450737,0.5084268450737,0.5084268450737,0.49157315492630005,11,2,9,post_calibration
165,5,11,7,60,0,1,0,0.5023305416107178,0.5023305416107178,0.4976694583892822,0.5023305416107178,11,2,9,post_calibration
165,6,11,11,60,1,1,1,0.5029675364494324,0.5029675364494324,0.49703249335289,0.5029675364494324,11,2,9,post_calibration
165,7,11,16,60,0,1,0,0.5083884000778198,0.5083884000778198,0.4916115999221802,0.5083884000778198,11,2,9,post_calibration
165,8,11,17,60,1,1,1,0.5017426609992981,0.5017426609992981,0.4982573986053467,0.5017426609992981,11,2,9,post_calibration
166,0,11,0,60,1,1,1,0.5023640394210815,0.5023640394210815,0.49763596057891846,0.5023640394210815,11,1,12,zero_shot_paired
166,1,11,4,60,1,1,1,0.5050382614135742,0.5050382614135742,0.49496176838874817,0.5050382614135742,11,1,12,zero_shot_paired
166,2,11,5,60,1,0,0,0.5012734532356262,0.5012734532356262,0.5012734532356262,0.4987265467643738,11,1,12,zero_shot_paired
166,3,11,8,60,0,0,1,0.5045784115791321,0.5045784115791321,0.5045784115791321,0.4954216182231903,11,1,12,zero_shot_paired
166,4,11,9,60,0,0,1,0.5073870420455933,0.5073870420455933,0.5073870420455933,0.49261295795440674,11,1,12,zero_shot_paired
166,5,11,17,60,1,1,1,0.5018965601921082,0.5018965601921082,0.49810346961021423,0.5018965601921082,11,1,12,zero_shot_paired
166,0,11,0,60,1,1,1,0.5024451613426208,0.5024451613426208,0.49755483865737915,0.5024451613426208,11,1,12,post_calibration
166,1,11,4,60,1,1,1,0.5050961971282959,0.5050961971282959,0.4949038326740265,0.5050961971282959,11,1,12,post_calibration
166,2,11,5,60,1,0,0,0.5012193918228149,0.5012193918228149,0.5012193918228149,0.49878057837486267,11,1,12,post_calibration
166,3,11,8,60,0,0,1,0.5046525001525879,0.5046525001525879,0.5046525001525879,0.4953474998474121,11,1,12,post_calibration
166,4,11,9,60,0,0,1,0.507294774055481,0.507294774055481,0.507294774055481,0.49270519614219666,11,1,12,post_calibration
166,5,11,17,60,1,1,1,0.501985490322113,0.501985490322113,0.49801450967788696,0.501985490322113,11,1,12,post_calibration
167,0,11,0,60,1,1,1,0.5023640394210815,0.5023640394210815,0.49763596057891846,0.5023640394210815,11,2,12,zero_shot_paired
167,1,11,3,60,1,0,0,0.5070889592170715,0.5070889592170715,0.5070889592170715,0.49291107058525085,11,2,12,zero_shot_paired
167,2,11,6,60,1,0,0,0.5082308053970337,0.5082308053970337,0.5082308053970337,0.4917691946029663,11,2,12,zero_shot_paired
167,3,11,10,60,1,0,0,0.5043985247612,0.5043985247612,0.5043985247612,0.49560150504112244,11,2,12,zero_shot_paired
167,4,11,14,60,0,1,0,0.5067827105522156,0.5067827105522156,0.4932172894477844,0.5067827105522156,11,2,12,zero_shot_paired
167,5,11,16,60,0,1,0,0.5083861351013184,0.5083861351013184,0.49161389470100403,0.5083861351013184,11,2,12,zero_shot_paired
167,0,11,0,60,1,1,1,0.5024471879005432,0.5024471879005432,0.4975528419017792,0.5024471879005432,11,2,12,post_calibration
167,1,11,3,60,1,0,0,0.5069372057914734,0.5069372057914734,0.5069372057914734,0.493062824010849,11,2,12,post_calibration
167,2,11,6,60,1,0,0,0.5080744028091431,0.5080744028091431,0.5080744028091431,0.49192556738853455,11,2,12,post_calibration
167,3,11,10,60,1,0,0,0.5041854977607727,0.5041854977607727,0.5041854977607727,0.4958145022392273,11,2,12,post_calibration
167,4,11,14,60,0,1,0,0.5069681406021118,0.5069681406021118,0.49303188920021057,0.5069681406021118,11,2,12,post_calibration
167,5,11,16,60,0,1,0,0.5085633397102356,0.5085633397102356,0.4914366900920868,0.5085633397102356,11,2,12,post_calibration
168,0,11,0,60,1,1,1,0.5023640394210815,0.5023640394210815,0.49763596057891846,0.5023640394210815,11,3,12,zero_shot_paired
168,1,11,5,60,1,0,0,0.5012734532356262,0.5012734532356262,0.5012734532356262,0.4987265467643738,11,3,12,zero_shot_paired
168,2,11,9,60,0,0,1,0.5073870420455933,0.5073870420455933,0.5073870420455933,0.49261295795440674,11,3,12,zero_shot_paired
168,3,11,13,60,1,1,1,0.5068807601928711,0.5068807601928711,0.4931192696094513,0.5068807601928711,11,3,12,zero_shot_paired
168,4,11,14,60,0,1,0,0.5067827105522156,0.5067827105522156,0.4932172894477844,0.5067827105522156,11,3,12,zero_shot_paired
168,5,11,15,60,1,1,1,0.5012335181236267,0.5012335181236267,0.4987664818763733,0.5012335181236267,11,3,12,zero_shot_paired
168,0,11,0,60,1,1,1,0.5024426579475403,0.5024426579475403,0.4975573718547821,0.5024426579475403,11,3,12,post_calibration
168,1,11,5,60,1,0,0,0.5012195706367493,0.5012195706367493,0.5012195706367493,0.49878042936325073,11,3,12,post_calibration
168,2,11,9,60,0,0,1,0.5069528222084045,0.5069528222084045,0.5069528222084045,0.49304717779159546,11,3,12,post_calibration
168,3,11,13,60,1,1,1,0.5068483948707581,0.5068483948707581,0.49315160512924194,0.5068483948707581,11,3,12,post_calibration
168,4,11,14,60,0,1,0,0.5066944360733032,0.5066944360733032,0.49330559372901917,0.5066944360733032,11,3,12,post_calibration
168,5,11,15,60,1,1,1,0.5014389157295227,0.5014389157295227,0.4985610246658325,0.5014389157295227,11,3,12,post_calibration
13,0,12,0,60,1,1,1,0.5013297200202942,0.5013297200202942,0.4986703097820282,0.5013297200202942,12,,,zero_shot_all_trials
13,1,12,1,60,1,1,1,0.5026237368583679,0.5026237368583679,0.4973762333393097,0.5026237368583679,12,,,zero_shot_all_trials
13,2,12,2,60,1,1,1,0.5088998079299927,0.5088998079299927,0.49110013246536255,0.5088998079299927,12,,,zero_shot_all_trials
13,3,12,3,60,1,1,1,0.5049762725830078,0.5049762725830078,0.4950237274169922,0.5049762725830078,12,,,zero_shot_all_trials
13,4,12,4,60,1,0,0,0.5010427832603455,0.5010427832603455,0.5010427832603455,0.49895718693733215,12,,,zero_shot_all_trials
13,5,12,5,60,0,0,1,0.504883885383606,0.504883885383606,0.504883885383606,0.49511614441871643,12,,,zero_shot_all_trials
13,6,12,6,60,1,1,1,0.5022603273391724,0.5022603273391724,0.49773970246315,0.5022603273391724,12,,,zero_shot_all_trials
13,7,12,7,60,0,1,0,0.5060508847236633,0.5060508847236633,0.4939490854740143,0.5060508847236633,12,,,zero_shot_all_trials
13,8,12,8,60,0,1,0,0.5024692416191101,0.5024692416191101,0.49753081798553467,0.5024692416191101,12,,,zero_shot_all_trials
13,9,12,9,60,0,1,0,0.5019045472145081,0.5019045472145081,0.49809539318084717,0.5019045472145081,12,,,zero_shot_all_trials
13,10,12,10,60,1,1,1,0.5017969608306885,0.5017969608306885,0.49820300936698914,0.5017969608306885,12,,,zero_shot_all_trials
13,11,12,11,60,1,1,1,0.5057248473167419,0.5057248473167419,0.4942750930786133,0.5057248473167419,12,,,zero_shot_all_trials
13,12,12,12,60,1,1,1,0.5058774352073669,0.5058774352073669,0.49412262439727783,0.5058774352073669,12,,,zero_shot_all_trials
13,13,12,13,60,1,1,1,0.5062437653541565,0.5062437653541565,0.4937562048435211,0.5062437653541565,12,,,zero_shot_all_trials
13,14,12,14,60,1,1,1,0.5022574067115784,0.5022574067115784,0.49774259328842163,0.5022574067115784,12,,,zero_shot_all_trials
13,15,12,15,60,1,1,1,0.5045877695083618,0.5045877695083618,0.4954122006893158,0.5045877695083618,12,,,zero_shot_all_trials
13,16,12,16,60,0,1,0,0.5036227703094482,0.5036227703094482,0.49637725949287415,0.5036227703094482,12,,,zero_shot_all_trials
13,17,12,17,60,1,1,1,0.5081868171691895,0.5081868171691895,0.49181318283081055,0.5081868171691895,12,,,zero_shot_all_trials
169,0,12,1,60,1,1,1,0.5026237964630127,0.5026237964630127,0.4973761737346649,0.5026237964630127,12,1,3,zero_shot_paired
169,1,12,2,60,1,1,1,0.5088998675346375,0.5088998675346375,0.49110010266304016,0.5088998675346375,12,1,3,zero_shot_paired
169,2,12,3,60,1,1,1,0.5049763321876526,0.5049763321876526,0.4950236678123474,0.5049763321876526,12,1,3,zero_shot_paired
169,3,12,4,60,1,0,0,0.501042366027832,0.501042366027832,0.501042366027832,0.49895763397216797,12,1,3,zero_shot_paired
169,4,12,6,60,1,1,1,0.502260148525238,0.502260148525238,0.49773988127708435,0.502260148525238,12,1,3,zero_shot_paired
169,5,12,7,60,0,1,0,0.5060508251190186,0.5060508251190186,0.49394914507865906,0.5060508251190186,12,1,3,zero_shot_paired
169,6,12,8,60,0,1,0,0.5024691224098206,0.5024691224098206,0.49753087759017944,0.5024691224098206,12,1,3,zero_shot_paired
169,7,12,9,60,0,1,0,0.5019045472145081,0.5019045472145081,0.49809539318084717,0.5019045472145081,12,1,3,zero_shot_paired
169,8,12,10,60,1,1,1,0.5017969012260437,0.5017969012260437,0.4982030987739563,0.5017969012260437,12,1,3,zero_shot_paired
169,9,12,11,60,1,1,1,0.5057249069213867,0.5057249069213867,0.4942750334739685,0.5057249069213867,12,1,3,zero_shot_paired
169,10,12,12,60,1,1,1,0.5058774948120117,0.5058774948120117,0.4941225051879883,0.5058774948120117,12,1,3,zero_shot_paired
169,11,12,13,60,1,1,1,0.5062437057495117,0.5062437057495117,0.4937562644481659,0.5062437057495117,12,1,3,zero_shot_paired
169,12,12,14,60,1,1,1,0.5022573471069336,0.5022573471069336,0.497742623090744,0.5022573471069336,12,1,3,zero_shot_paired
169,13,12,16,60,0,1,0,0.5036228895187378,0.5036228895187378,0.4963771104812622,0.5036228895187378,12,1,3,zero_shot_paired
169,14,12,17,60,1,1,1,0.5081867575645447,0.5081867575645447,0.4918132722377777,0.5081867575645447,12,1,3,zero_shot_paired
169,0,12,1,60,1,1,1,0.5025531053543091,0.5025531053543091,0.4974469542503357,0.5025531053543091,12,1,3,post_calibration
169,1,12,2,60,1,1,1,0.50897616147995,0.50897616147995,0.49102383852005005,0.50897616147995,12,1,3,post_calibration
169,2,12,3,60,1,1,1,0.5050045847892761,0.5050045847892761,0.4949953854084015,0.5050045847892761,12,1,3,post_calibration
169,3,12,4,60,1,0,0,0.5009872317314148,0.5009872317314148,0.5009872317314148,0.49901282787323,12,1,3,post_calibration
169,4,12,6,60,1,1,1,0.5022706389427185,0.5022706389427185,0.4977293312549591,0.5022706389427185,12,1,3,post_calibration
169,5,12,7,60,0,1,0,0.506056010723114,0.506056010723114,0.4939440190792084,0.506056010723114,12,1,3,post_calibration
169,6,12,8,60,0,1,0,0.5022162199020386,0.5022162199020386,0.4977838099002838,0.5022162199020386,12,1,3,post_calibration
169,7,12,9,60,0,1,0,0.5018768906593323,0.5018768906593323,0.4981231391429901,0.5018768906593323,12,1,3,post_calibration
169,8,12,10,60,1,1,1,0.5016122460365295,0.5016122460365295,0.49838775396347046,0.5016122460365295,12,1,3,post_calibration
169,9,12,11,60,1,1,1,0.5056787729263306,0.5056787729263306,0.49432119727134705,0.5056787729263306,12,1,3,post_calibration
169,10,12,12,60,1,1,1,0.5057780146598816,0.5057780146598816,0.4942219853401184,0.5057780146598816,12,1,3,post_calibration
169,11,12,13,60,1,1,1,0.5062734484672546,0.5062734484672546,0.49372658133506775,0.5062734484672546,12,1,3,post_calibration
169,12,12,14,60,1,1,1,0.5021520853042603,0.5021520853042603,0.4978479743003845,0.5021520853042603,12,1,3,post_calibration
169,13,12,16,60,0,1,0,0.5035588145256042,0.5035588145256042,0.49644115567207336,0.5035588145256042,12,1,3,post_calibration
169,14,12,17,60,1,1,1,0.5081362128257751,0.5081362128257751,0.49186378717422485,0.5081362128257751,12,1,3,post_calibration
170,0,12,0,60,1,1,1,0.5013298392295837,0.5013298392295837,0.49867019057273865,0.5013298392295837,12,2,3,zero_shot_paired
170,1,12,1,60,1,1,1,0.5026237964630127,0.5026237964630127,0.4973761737346649,0.5026237964630127,12,2,3,zero_shot_paired
170,2,12,2,60,1,1,1,0.5088998675346375,0.5088998675346375,0.49110010266304016,0.5088998675346375,12,2,3,zero_shot_paired
170,3,12,3,60,1,1,1,0.5049763321876526,0.5049763321876526,0.4950236678123474,0.5049763321876526,12,2,3,zero_shot_paired
170,4,12,5,60,0,0,1,0.5048839449882507,0.5048839449882507,0.5048839449882507,0.49511608481407166,12,2,3,zero_shot_paired
170,5,12,6,60,1,1,1,0.502260148525238,0.502260148525238,0.49773988127708435,0.502260148525238,12,2,3,zero_shot_paired
170,6,12,7,60,0,1,0,0.5060508251190186,0.5060508251190186,0.49394914507865906,0.5060508251190186,12,2,3,zero_shot_paired
170,7,12,9,60,0,1,0,0.5019045472145081,0.5019045472145081,0.49809539318084717,0.5019045472145081,12,2,3,zero_shot_paired
170,8,12,10,60,1,1,1,0.5017969012260437,0.5017969012260437,0.4982030987739563,0.5017969012260437,12,2,3,zero_shot_paired
170,9,12,11,60,1,1,1,0.5057249069213867,0.5057249069213867,0.4942750334739685,0.5057249069213867,12,2,3,zero_shot_paired
170,10,12,12,60,1,1,1,0.5058774948120117,0.5058774948120117,0.4941225051879883,0.5058774948120117,12,2,3,zero_shot_paired
170,11,12,13,60,1,1,1,0.5062437057495117,0.5062437057495117,0.4937562644481659,0.5062437057495117,12,2,3,zero_shot_paired
170,12,12,15,60,1,1,1,0.5045877695083618,0.5045877695083618,0.4954122006893158,0.5045877695083618,12,2,3,zero_shot_paired
170,13,12,16,60,0,1,0,0.5036228895187378,0.5036228895187378,0.4963771104812622,0.5036228895187378,12,2,3,zero_shot_paired
170,14,12,17,60,1,1,1,0.5081867575645447,0.5081867575645447,0.4918132722377777,0.5081867575645447,12,2,3,zero_shot_paired
170,0,12,0,60,1,1,1,0.5013946294784546,0.5013946294784546,0.4986053705215454,0.5013946294784546,12,2,3,post_calibration
170,1,12,1,60,1,1,1,0.5026650428771973,0.5026650428771973,0.49733495712280273,0.5026650428771973,12,2,3,post_calibration
170,2,12,2,60,1,1,1,0.5089802145957947,0.5089802145957947,0.49101975560188293,0.5089802145957947,12,2,3,post_calibration
170,3,12,3,60,1,1,1,0.5049771070480347,0.5049771070480347,0.4950229227542877,0.5049771070480347,12,2,3,post_calibration
170,4,12,5,60,0,0,1,0.504875898361206,0.504875898361206,0.504875898361206,0.49512407183647156,12,2,3,post_calibration
170,5,12,6,60,1,1,1,0.5023931264877319,0.5023931264877319,0.4976068437099457,0.5023931264877319,12,2,3,post_calibration
170,6,12,7,60,0,1,0,0.5060370564460754,0.5060370564460754,0.49396294355392456,0.5060370564460754,12,2,3,post_calibration
170,7,12,9,60,0,1,0,0.5017967224121094,0.5017967224121094,0.498203307390213,0.5017967224121094,12,2,3,post_calibration
170,8,12,10,60,1,1,1,0.5017704367637634,0.5017704367637634,0.4982295334339142,0.5017704367637634,12,2,3,post_calibration
170,9,12,11,60,1,1,1,0.5057880878448486,0.5057880878448486,0.494211882352829,0.5057880878448486,12,2,3,post_calibration
170,10,12,12,60,1,1,1,0.5059680938720703,0.5059680938720703,0.4940318763256073,0.5059680938720703,12,2,3,post_calibration
170,11,12,13,60,1,1,1,0.5062673687934875,0.5062673687934875,0.4937326908111572,0.5062673687934875,12,2,3,post_calibration
170,12,12,15,60,1,1,1,0.5046930909156799,0.5046930909156799,0.49530690908432007,0.5046930909156799,12,2,3,post_calibration
170,13,12,16,60,0,1,0,0.5036018490791321,0.5036018490791321,0.4963981807231903,0.5036018490791321,12,2,3,post_calibration
170,14,12,17,60,1,1,1,0.5081577301025391,0.5081577301025391,0.4918422996997833,0.5081577301025391,12,2,3,post_calibration
171,0,12,0,60,1,1,1,0.5013298392295837,0.5013298392295837,0.49867019057273865,0.5013298392295837,12,3,3,zero_shot_paired
171,1,12,1,60,1,1,1,0.5026237964630127,0.5026237964630127,0.4973761737346649,0.5026237964630127,12,3,3,zero_shot_paired
171,2,12,2,60,1,1,1,0.5088998675346375,0.5088998675346375,0.49110010266304016,0.5088998675346375,12,3,3,zero_shot_paired
171,3,12,3,60,1,1,1,0.5049763321876526,0.5049763321876526,0.4950236678123474,0.5049763321876526,12,3,3,zero_shot_paired
171,4,12,4,60,1,0,0,0.501042366027832,0.501042366027832,0.501042366027832,0.49895763397216797,12,3,3,zero_shot_paired
171,5,12,5,60,0,0,1,0.5048839449882507,0.5048839449882507,0.5048839449882507,0.49511608481407166,12,3,3,zero_shot_paired
171,6,12,7,60,0,1,0,0.5060508251190186,0.5060508251190186,0.49394914507865906,0.5060508251190186,12,3,3,zero_shot_paired
171,7,12,8,60,0,1,0,0.5024691224098206,0.5024691224098206,0.49753087759017944,0.5024691224098206,12,3,3,zero_shot_paired
171,8,12,9,60,0,1,0,0.5019045472145081,0.5019045472145081,0.49809539318084717,0.5019045472145081,12,3,3,zero_shot_paired
171,9,12,11,60,1,1,1,0.5057249069213867,0.5057249069213867,0.4942750334739685,0.5057249069213867,12,3,3,zero_shot_paired
171,10,12,12,60,1,1,1,0.5058774948120117,0.5058774948120117,0.4941225051879883,0.5058774948120117,12,3,3,zero_shot_paired
171,11,12,13,60,1,1,1,0.5062437057495117,0.5062437057495117,0.4937562644481659,0.5062437057495117,12,3,3,zero_shot_paired
171,12,12,14,60,1,1,1,0.5022573471069336,0.5022573471069336,0.497742623090744,0.5022573471069336,12,3,3,zero_shot_paired
171,13,12,15,60,1,1,1,0.5045877695083618,0.5045877695083618,0.4954122006893158,0.5045877695083618,12,3,3,zero_shot_paired
171,14,12,17,60,1,1,1,0.5081867575645447,0.5081867575645447,0.4918132722377777,0.5081867575645447,12,3,3,zero_shot_paired
171,0,12,0,60,1,1,1,0.5012818574905396,0.5012818574905396,0.49871811270713806,0.5012818574905396,12,3,3,post_calibration
171,1,12,1,60,1,1,1,0.502593994140625,0.502593994140625,0.497406005859375,0.502593994140625,12,3,3,post_calibration
171,2,12,2,60,1,1,1,0.5089444518089294,0.5089444518089294,0.49105554819107056,0.5089444518089294,12,3,3,post_calibration
171,3,12,3,60,1,1,1,0.5050334334373474,0.5050334334373474,0.49496662616729736,0.5050334334373474,12,3,3,post_calibration
171,4,12,4,60,1,0,0,0.5010454058647156,0.5010454058647156,0.5010454058647156,0.4989545941352844,12,3,3,post_calibration
171,5,12,5,60,0,0,1,0.504812479019165,0.504812479019165,0.504812479019165,0.49518758058547974,12,3,3,post_calibration
171,6,12,7,60,0,1,0,0.506151020526886,0.506151020526886,0.4938489496707916,0.506151020526886,12,3,3,post_calibration
171,7,12,8,60,0,1,0,0.5024750828742981,0.5024750828742981,0.4975249767303467,0.5024750828742981,12,3,3,post_calibration
171,8,12,9,60,0,1,0,0.5020261406898499,0.5020261406898499,0.49797385931015015,0.5020261406898499,12,3,3,post_calibration
171,9,12,11,60,1,1,1,0.505972683429718,0.505972683429718,0.494027316570282,0.505972683429718,12,3,3,post_calibration
171,10,12,12,60,1,1,1,0.5061391592025757,0.5061391592025757,0.4938608407974243,0.5061391592025757,12,3,3,post_calibration
171,11,12,13,60,1,1,1,0.5064391493797302,0.5064391493797302,0.4935608506202698,0.5064391493797302,12,3,3,post_calibration
171,12,12,14,60,1,1,1,0.5025038123130798,0.5025038123130798,0.49749618768692017,0.5025038123130798,12,3,3,post_calibration
171,13,12,15,60,1,1,1,0.5047279596328735,0.5047279596328735,0.4952720105648041,0.5047279596328735,12,3,3,post_calibration
171,14,12,17,60,1,1,1,0.5083874464035034,0.5083874464035034,0.49161261320114136,0.5083874464035034,12,3,3,post_calibration
172,0,12,0,60,1,1,1,0.5013298392295837,0.5013298392295837,0.49867019057273865,0.5013298392295837,12,4,3,zero_shot_paired
172,1,12,1,60,1,1,1,0.5026237964630127,0.5026237964630127,0.4973761737346649,0.5026237964630127,12,4,3,zero_shot_paired
172,2,12,2,60,1,1,1,0.5088998675346375,0.5088998675346375,0.49110010266304016,0.5088998675346375,12,4,3,zero_shot_paired
172,3,12,4,60,1,0,0,0.501042366027832,0.501042366027832,0.501042366027832,0.49895763397216797,12,4,3,zero_shot_paired
172,4,12,5,60,0,0,1,0.5048839449882507,0.5048839449882507,0.5048839449882507,0.49511608481407166,12,4,3,zero_shot_paired
172,5,12,6,60,1,1,1,0.502260148525238,0.502260148525238,0.49773988127708435,0.502260148525238,12,4,3,zero_shot_paired
172,6,12,7,60,0,1,0,0.5060508251190186,0.5060508251190186,0.49394914507865906,0.5060508251190186,12,4,3,zero_shot_paired
172,7,12,8,60,0,1,0,0.5024691224098206,0.5024691224098206,0.49753087759017944,0.5024691224098206,12,4,3,zero_shot_paired
172,8,12,9,60,0,1,0,0.5019045472145081,0.5019045472145081,0.49809539318084717,0.5019045472145081,12,4,3,zero_shot_paired
172,9,12,10,60,1,1,1,0.5017969012260437,0.5017969012260437,0.4982030987739563,0.5017969012260437,12,4,3,zero_shot_paired
172,10,12,11,60,1,1,1,0.5057249069213867,0.5057249069213867,0.4942750334739685,0.5057249069213867,12,4,3,zero_shot_paired
172,11,12,12,60,1,1,1,0.5058774948120117,0.5058774948120117,0.4941225051879883,0.5058774948120117,12,4,3,zero_shot_paired
172,12,12,14,60,1,1,1,0.5022573471069336,0.5022573471069336,0.497742623090744,0.5022573471069336,12,4,3,zero_shot_paired
172,13,12,15,60,1,1,1,0.5045877695083618,0.5045877695083618,0.4954122006893158,0.5045877695083618,12,4,3,zero_shot_paired
172,14,12,16,60,0,1,0,0.5036228895187378,0.5036228895187378,0.4963771104812622,0.5036228895187378,12,4,3,zero_shot_paired
172,0,12,0,60,1,1,1,0.5013566613197327,0.5013566613197327,0.4986433684825897,0.5013566613197327,12,4,3,post_calibration
172,1,12,1,60,1,1,1,0.5025386214256287,0.5025386214256287,0.49746134877204895,0.5025386214256287,12,4,3,post_calibration
172,2,12,2,60,1,1,1,0.5089501738548279,0.5089501738548279,0.4910498261451721,0.5089501738548279,12,4,3,post_calibration
172,3,12,4,60,1,0,0,0.5011506676673889,0.5011506676673889,0.5011506676673889,0.4988493323326111,12,4,3,post_calibration
172,4,12,5,60,0,0,1,0.5049377679824829,0.5049377679824829,0.5049377679824829,0.4950622618198395,12,4,3,post_calibration
172,5,12,6,60,1,1,1,0.5023595094680786,0.5023595094680786,0.4976404905319214,0.5023595094680786,12,4,3,post_calibration
172,6,12,7,60,0,1,0,0.5061847567558289,0.5061847567558289,0.49381527304649353,0.5061847567558289,12,4,3,post_calibration
172,7,12,8,60,0,1,0,0.5025107264518738,0.5025107264518738,0.49748921394348145,0.5025107264518738,12,4,3,post_calibration
172,8,12,9,60,0,1,0,0.5021984577178955,0.5021984577178955,0.4978014826774597,0.5021984577178955,12,4,3,post_calibration
172,9,12,10,60,1,1,1,0.5018640160560608,0.5018640160560608,0.4981360137462616,0.5018640160560608,12,4,3,post_calibration
172,10,12,11,60,1,1,1,0.5059016346931458,0.5059016346931458,0.49409839510917664,0.5059016346931458,12,4,3,post_calibration
172,11,12,12,60,1,1,1,0.5059906244277954,0.5059906244277954,0.494009405374527,0.5059906244277954,12,4,3,post_calibration
172,12,12,14,60,1,1,1,0.5024471879005432,0.5024471879005432,0.4975527822971344,0.5024471879005432,12,4,3,post_calibration
172,13,12,15,60,1,1,1,0.504672110080719,0.504672110080719,0.495327889919281,0.504672110080719,12,4,3,post_calibration
172,14,12,16,60,0,1,0,0.5037901401519775,0.5037901401519775,0.49620985984802246,0.5037901401519775,12,4,3,post_calibration
173,0,12,0,60,1,1,1,0.5013298392295837,0.5013298392295837,0.49867019057273865,0.5013298392295837,12,5,3,zero_shot_paired
173,1,12,2,60,1,1,1,0.5088998675346375,0.5088998675346375,0.49110010266304016,0.5088998675346375,12,5,3,zero_shot_paired
173,2,12,3,60,1,1,1,0.5049763321876526,0.5049763321876526,0.4950236678123474,0.5049763321876526,12,5,3,zero_shot_paired
173,3,12,4,60,1,0,0,0.501042366027832,0.501042366027832,0.501042366027832,0.49895763397216797,12,5,3,zero_shot_paired
173,4,12,5,60,0,0,1,0.5048839449882507,0.5048839449882507,0.5048839449882507,0.49511608481407166,12,5,3,zero_shot_paired
173,5,12,6,60,1,1,1,0.502260148525238,0.502260148525238,0.49773988127708435,0.502260148525238,12,5,3,zero_shot_paired
173,6,12,8,60,0,1,0,0.5024691224098206,0.5024691224098206,0.49753087759017944,0.5024691224098206,12,5,3,zero_shot_paired
173,7,12,9,60,0,1,0,0.5019045472145081,0.5019045472145081,0.49809539318084717,0.5019045472145081,12,5,3,zero_shot_paired
173,8,12,10,60,1,1,1,0.5017969012260437,0.5017969012260437,0.4982030987739563,0.5017969012260437,12,5,3,zero_shot_paired
173,9,12,11,60,1,1,1,0.5057249069213867,0.5057249069213867,0.4942750334739685,0.5057249069213867,12,5,3,zero_shot_paired
173,10,12,13,60,1,1,1,0.5062437057495117,0.5062437057495117,0.4937562644481659,0.5062437057495117,12,5,3,zero_shot_paired
173,11,12,14,60,1,1,1,0.5022573471069336,0.5022573471069336,0.497742623090744,0.5022573471069336,12,5,3,zero_shot_paired
173,12,12,15,60,1,1,1,0.5045877695083618,0.5045877695083618,0.4954122006893158,0.5045877695083618,12,5,3,zero_shot_paired
173,13,12,16,60,0,1,0,0.5036228895187378,0.5036228895187378,0.4963771104812622,0.5036228895187378,12,5,3,zero_shot_paired
173,14,12,17,60,1,1,1,0.5081867575645447,0.5081867575645447,0.4918132722377777,0.5081867575645447,12,5,3,zero_shot_paired
173,0,12,0,60,1,1,1,0.5012847781181335,0.5012847781181335,0.49871525168418884,0.5012847781181335,12,5,3,post_calibration
173,1,12,2,60,1,1,1,0.5088081955909729,0.5088081955909729,0.4911918342113495,0.5088081955909729,12,5,3,post_calibration
173,2,12,3,60,1,1,1,0.5049904584884644,0.5049904584884644,0.49500951170921326,0.5049904584884644,12,5,3,post_calibration
173,3,12,4,60,1,0,0,0.5009400248527527,0.5009400248527527,0.5009400248527527,0.4990600347518921,12,5,3,post_calibration
173,4,12,5,60,0,0,1,0.5048286318778992,0.5048286318778992,0.5048286318778992,0.49517133831977844,12,5,3,post_calibration
173,5,12,6,60,1,1,1,0.5022674798965454,0.5022674798965454,0.4977325201034546,0.5022674798965454,12,5,3,post_calibration
173,6,12,8,60,0,1,0,0.5025522112846375,0.5025522112846375,0.49744778871536255,0.5025522112846375,12,5,3,post_calibration
173,7,12,9,60,0,1,0,0.5018869042396545,0.5018869042396545,0.49811312556266785,0.5018869042396545,12,5,3,post_calibration
173,8,12,10,60,1,1,1,0.501969575881958,0.501969575881958,0.498030424118042,0.501969575881958,12,5,3,post_calibration
173,9,12,11,60,1,1,1,0.5060154795646667,0.5060154795646667,0.49398455023765564,0.5060154795646667,12,5,3,post_calibration
173,10,12,13,60,1,1,1,0.5063602924346924,0.5063602924346924,0.4936397075653076,0.5063602924346924,12,5,3,post_calibration
173,11,12,14,60,1,1,1,0.5024418830871582,0.5024418830871582,0.4975581169128418,0.5024418830871582,12,5,3,post_calibration
173,12,12,15,60,1,1,1,0.5048551559448242,0.5048551559448242,0.495144784450531,0.5048551559448242,12,5,3,post_calibration
173,13,12,16,60,0,1,0,0.5037689805030823,0.5037689805030823,0.4962310492992401,0.5037689805030823,12,5,3,post_calibration
173,14,12,17,60,1,1,1,0.5083452463150024,0.5083452463150024,0.4916546940803528,0.5083452463150024,12,5,3,post_calibration
174,0,12,0,60,1,1,1,0.5013298392295837,0.5013298392295837,0.49867019057273865,0.5013298392295837,12,6,3,zero_shot_paired
174,1,12,1,60,1,1,1,0.5026237964630127,0.5026237964630127,0.4973761737346649,0.5026237964630127,12,6,3,zero_shot_paired
174,2,12,3,60,1,1,1,0.5049763321876526,0.5049763321876526,0.4950236678123474,0.5049763321876526,12,6,3,zero_shot_paired
174,3,12,4,60,1,0,0,0.501042366027832,0.501042366027832,0.501042366027832,0.49895763397216797,12,6,3,zero_shot_paired
174,4,12,5,60,0,0,1,0.5048839449882507,0.5048839449882507,0.5048839449882507,0.49511608481407166,12,6,3,zero_shot_paired
174,5,12,6,60,1,1,1,0.502260148525238,0.502260148525238,0.49773988127708435,0.502260148525238,12,6,3,zero_shot_paired
174,6,12,7,60,0,1,0,0.5060508251190186,0.5060508251190186,0.49394914507865906,0.5060508251190186,12,6,3,zero_shot_paired
174,7,12,8,60,0,1,0,0.5024691224098206,0.5024691224098206,0.49753087759017944,0.5024691224098206,12,6,3,zero_shot_paired
174,8,12,10,60,1,1,1,0.5017969012260437,0.5017969012260437,0.4982030987739563,0.5017969012260437,12,6,3,zero_shot_paired
174,9,12,12,60,1,1,1,0.5058774948120117,0.5058774948120117,0.4941225051879883,0.5058774948120117,12,6,3,zero_shot_paired
174,10,12,13,60,1,1,1,0.5062437057495117,0.5062437057495117,0.4937562644481659,0.5062437057495117,12,6,3,zero_shot_paired
174,11,12,14,60,1,1,1,0.5022573471069336,0.5022573471069336,0.497742623090744,0.5022573471069336,12,6,3,zero_shot_paired
174,12,12,15,60,1,1,1,0.5045877695083618,0.5045877695083618,0.4954122006893158,0.5045877695083618,12,6,3,zero_shot_paired
174,13,12,16,60,0,1,0,0.5036228895187378,0.5036228895187378,0.4963771104812622,0.5036228895187378,12,6,3,zero_shot_paired
174,14,12,17,60,1,1,1,0.5081867575645447,0.5081867575645447,0.4918132722377777,0.5081867575645447,12,6,3,zero_shot_paired
174,0,12,0,60,1,1,1,0.5012671947479248,0.5012671947479248,0.4987328052520752,0.5012671947479248,12,6,3,post_calibration
174,1,12,1,60,1,1,1,0.5026081204414368,0.5026081204414368,0.4973919093608856,0.5026081204414368,12,6,3,post_calibration
174,2,12,3,60,1,1,1,0.5049201846122742,0.5049201846122742,0.49507978558540344,0.5049201846122742,12,6,3,post_calibration
174,3,12,4,60,1,0,0,0.5011087656021118,0.5011087656021118,0.5011087656021118,0.49889126420021057,12,6,3,post_calibration
174,4,12,5,60,0,0,1,0.5049269199371338,0.5049269199371338,0.5049269199371338,0.4950731098651886,12,6,3,post_calibration
174,5,12,6,60,1,1,1,0.5022080540657043,0.5022080540657043,0.49779194593429565,0.5022080540657043,12,6,3,post_calibration
174,6,12,7,60,0,1,0,0.505992591381073,0.505992591381073,0.4940074384212494,0.505992591381073,12,6,3,post_calibration
174,7,12,8,60,0,1,0,0.5024868845939636,0.5024868845939636,0.4975131154060364,0.5024868845939636,12,6,3,post_calibration
174,8,12,10,60,1,1,1,0.5018529295921326,0.5018529295921326,0.49814707040786743,0.5018529295921326,12,6,3,post_calibration
174,9,12,12,60,1,1,1,0.5057681798934937,0.5057681798934937,0.49423182010650635,0.5057681798934937,12,6,3,post_calibration
174,10,12,13,60,1,1,1,0.506153404712677,0.506153404712677,0.4938465654850006,0.506153404712677,12,6,3,post_calibration
174,11,12,14,60,1,1,1,0.502371072769165,0.502371072769165,0.49762898683547974,0.502371072769165,12,6,3,post_calibration
174,12,12,15,60,1,1,1,0.5045341849327087,0.5045341849327087,0.49546581506729126,0.5045341849327087,12,6,3,post_calibration
174,13,12,16,60,0,1,0,0.5037911534309387,0.5037911534309387,0.49620890617370605,0.5037911534309387,12,6,3,post_calibration
174,14,12,17,60,1,1,1,0.5082429647445679,0.5082429647445679,0.49175700545310974,0.5082429647445679,12,6,3,post_calibration
175,0,12,2,60,1,1,1,0.5088998675346375,0.5088998675346375,0.49110010266304016,0.5088998675346375,12,1,6,zero_shot_paired
175,1,12,3,60,1,1,1,0.5049763321876526,0.5049763321876526,0.4950236678123474,0.5049763321876526,12,1,6,zero_shot_paired
175,2,12,5,60,0,0,1,0.5048839449882507,0.5048839449882507,0.5048839449882507,0.49511608481407166,12,1,6,zero_shot_paired
175,3,12,6,60,1,1,1,0.502260148525238,0.502260148525238,0.49773988127708435,0.502260148525238,12,1,6,zero_shot_paired
175,4,12,9,60,0,1,0,0.5019045472145081,0.5019045472145081,0.49809539318084717,0.5019045472145081,12,1,6,zero_shot_paired
175,5,12,10,60,1,1,1,0.5017969012260437,0.5017969012260437,0.4982030987739563,0.5017969012260437,12,1,6,zero_shot_paired
175,6,12,11,60,1,1,1,0.5057249069213867,0.5057249069213867,0.4942750334739685,0.5057249069213867,12,1,6,zero_shot_paired
175,7,12,12,60,1,1,1,0.5058774948120117,0.5058774948120117,0.4941225051879883,0.5058774948120117,12,1,6,zero_shot_paired
175,8,12,13,60,1,1,1,0.5062437057495117,0.5062437057495117,0.4937562644481659,0.5062437057495117,12,1,6,zero_shot_paired
175,9,12,15,60,1,1,1,0.5045877695083618,0.5045877695083618,0.4954122006893158,0.5045877695083618,12,1,6,zero_shot_paired
175,10,12,16,60,0,1,0,0.5036228895187378,0.5036228895187378,0.4963771104812622,0.5036228895187378,12,1,6,zero_shot_paired
175,11,12,17,60,1,1,1,0.5081867575645447,0.5081867575645447,0.4918132722377777,0.5081867575645447,12,1,6,zero_shot_paired
175,0,12,2,60,1,1,1,0.5089230537414551,0.5089230537414551,0.49107691645622253,0.5089230537414551,12,1,6,post_calibration
175,1,12,3,60,1,1,1,0.5050631165504456,0.5050631165504456,0.49493691325187683,0.5050631165504456,12,1,6,post_calibration
175,2,12,5,60,0,0,1,0.5048242807388306,0.5048242807388306,0.5048242807388306,0.49517568945884705,12,1,6,post_calibration
175,3,12,6,60,1,1,1,0.5023064017295837,0.5023064017295837,0.49769362807273865,0.5023064017295837,12,1,6,post_calibration
175,4,12,9,60,0,1,0,0.5019136071205139,0.5019136071205139,0.4980863928794861,0.5019136071205139,12,1,6,post_calibration
175,5,12,10,60,1,1,1,0.5018513798713684,0.5018513798713684,0.49814867973327637,0.5018513798713684,12,1,6,post_calibration
175,6,12,11,60,1,1,1,0.5057732462882996,0.5057732462882996,0.49422675371170044,0.5057732462882996,12,1,6,post_calibration
175,7,12,12,60,1,1,1,0.5059782862663269,0.5059782862663269,0.4940217137336731,0.5059782862663269,12,1,6,post_calibration
175,8,12,13,60,1,1,1,0.5062595009803772,0.5062595009803772,0.4937404990196228,0.5062595009803772,12,1,6,post_calibration
175,9,12,15,60,1,1,1,0.5047058463096619,0.5047058463096619,0.4952941834926605,0.5047058463096619,12,1,6,post_calibration
175,10,12,16,60,0,1,0,0.5036841630935669,0.5036841630935669,0.4963158369064331,0.5036841630935669,12,1,6,post_calibration
175,11,12,17,60,1,1,1,0.5082499980926514,0.5082499980926514,0.4917500615119934,0.5082499980926514,12,1,6,post_calibration
176,0,12,0,60,1,1,1,0.5013298392295837,0.5013298392295837,0.49867019057273865,0.5013298392295837,12,2,6,zero_shot_paired
176,1,12,1,60,1,1,1,0.5026237964630127,0.5026237964630127,0.4973761737346649,0.5026237964630127,12,2,6,zero_shot_paired
176,2,12,2,60,1,1,1,0.5088998675346375,0.5088998675346375,0.49110010266304016,0.5088998675346375,12,2,6,zero_shot_paired
176,3,12,3,60,1,1,1,0.5049763321876526,0.5049763321876526,0.4950236678123474,0.5049763321876526,12,2,6,zero_shot_paired
176,4,12,4,60,1,0,0,0.501042366027832,0.501042366027832,0.501042366027832,0.49895763397216797,12,2,6,zero_shot_paired
176,5,12,5,60,0,0,1,0.5048839449882507,0.5048839449882507,0.5048839449882507,0.49511608481407166,12,2,6,zero_shot_paired
176,6,12,7,60,0,1,0,0.5060508251190186,0.5060508251190186,0.49394914507865906,0.5060508251190186,12,2,6,zero_shot_paired
176,7,12,8,60,0,1,0,0.5024691224098206,0.5024691224098206,0.49753087759017944,0.5024691224098206,12,2,6,zero_shot_paired
176,8,12,9,60,0,1,0,0.5019045472145081,0.5019045472145081,0.49809539318084717,0.5019045472145081,12,2,6,zero_shot_paired
176,9,12,11,60,1,1,1,0.5057249069213867,0.5057249069213867,0.4942750334739685,0.5057249069213867,12,2,6,zero_shot_paired
176,10,12,12,60,1,1,1,0.5058774948120117,0.5058774948120117,0.4941225051879883,0.5058774948120117,12,2,6,zero_shot_paired
176,11,12,14,60,1,1,1,0.5022573471069336,0.5022573471069336,0.497742623090744,0.5022573471069336,12,2,6,zero_shot_paired
176,0,12,0,60,1,1,1,0.5012997984886169,0.5012997984886169,0.49870020151138306,0.5012997984886169,12,2,6,post_calibration
176,1,12,1,60,1,1,1,0.5027691125869751,0.5027691125869751,0.4972308576107025,0.5027691125869751,12,2,6,post_calibration
176,2,12,2,60,1,1,1,0.5092467069625854,0.5092467069625854,0.49075326323509216,0.5092467069625854,12,2,6,post_calibration
176,3,12,3,60,1,1,1,0.5051107406616211,0.5051107406616211,0.4948892593383789,0.5051107406616211,12,2,6,post_calibration
176,4,12,4,60,1,0,0,0.5010274052619934,0.5010274052619934,0.5010274052619934,0.4989725649356842,12,2,6,post_calibration
176,5,12,5,60,0,0,1,0.5047560334205627,0.5047560334205627,0.5047560334205627,0.49524393677711487,12,2,6,post_calibration
176,6,12,7,60,0,1,0,0.5061125159263611,0.5061125159263611,0.4938875138759613,0.5061125159263611,12,2,6,post_calibration
176,7,12,8,60,0,1,0,0.5024898648262024,0.5024898648262024,0.49751016497612,0.5024898648262024,12,2,6,post_calibration
176,8,12,9,60,0,1,0,0.5022240877151489,0.5022240877151489,0.4977758824825287,0.5022240877151489,12,2,6,post_calibration
176,9,12,11,60,1,1,1,0.5062394738197327,0.5062394738197327,0.49376049637794495,0.5062394738197327,12,2,6,post_calibration
176,10,12,12,60,1,1,1,0.506649374961853,0.506649374961853,0.4933505952358246,0.506649374961853,12,2,6,post_calibration
176,11,12,14,60,1,1,1,0.502548098564148,0.502548098564148,0.49745187163352966,0.502548098564148,12,2,6,post_calibration
177,0,12,0,60,1,1,1,0.5013298392295837,0.5013298392295837,0.49867019057273865,0.5013298392295837,12,3,6,zero_shot_paired
177,1,12,1,60,1,1,1,0.5026237964630127,0.5026237964630127,0.4973761737346649,0.5026237964630127,12,3,6,zero_shot_paired
177,2,12,4,60,1,0,0,0.501042366027832,0.501042366027832,0.501042366027832,0.49895763397216797,12,3,6,zero_shot_paired
177,3,12,6,60,1,1,1,0.502260148525238,0.502260148525238,0.49773988127708435,0.502260148525238,12,3,6,zero_shot_paired
177,4,12,7,60,0,1,0,0.5060508251190186,0.5060508251190186,0.49394914507865906,0.5060508251190186,12,3,6,zero_shot_paired
177,5,12,8,60,0,1,0,0.5024691224098206,0.5024691224098206,0.49753087759017944,0.5024691224098206,12,3,6,zero_shot_paired
177,6,12,10,60,1,1,1,0.5017969012260437,0.5017969012260437,0.4982030987739563,0.5017969012260437,12,3,6,zero_shot_paired
177,7,12,13,60,1,1,1,0.5062437057495117,0.5062437057495117,0.4937562644481659,0.5062437057495117,12,3,6,zero_shot_paired
177,8,12,14,60,1,1,1,0.5022573471069336,0.5022573471069336,0.497742623090744,0.5022573471069336,12,3,6,zero_shot_paired
177,9,12,15,60,1,1,1,0.5045877695083618,0.5045877695083618,0.4954122006893158,0.5045877695083618,12,3,6,zero_shot_paired
177,10,12,16,60,0,1,0,0.5036228895187378,0.5036228895187378,0.4963771104812622,0.5036228895187378,12,3,6,zero_shot_paired
177,11,12,17,60,1,1,1,0.5081867575645447,0.5081867575645447,0.4918132722377777,0.5081867575645447,12,3,6,zero_shot_paired
177,0,12,0,60,1,1,1,0.5012945532798767,0.5012945532798767,0.4987054467201233,0.5012945532798767,12,3,6,post_calibration
177,1,12,1,60,1,1,1,0.5026744604110718,0.5026744604110718,0.4973255395889282,0.5026744604110718,12,3,6,post_calibration
177,2,12,4,60,1,0,0,0.5010271668434143,0.5010271668434143,0.5010271668434143,0.4989728033542633,12,3,6,post_calibration
177,3,12,6,60,1,1,1,0.5022941827774048,0.5022941827774048,0.4977058172225952,0.5022941827774048,12,3,6,post_calibration
177,4,12,7,60,0,1,0,0.5060636401176453,0.5060636401176453,0.49393635988235474,0.5060636401176453,12,3,6,post_calibration
177,5,12,8,60,0,1,0,0.5025001764297485,0.5025001764297485,0.49749982357025146,0.5025001764297485,12,3,6,post_calibration
177,6,12,10,60,1,1,1,0.5019170641899109,0.5019170641899109,0.4980829060077667,0.5019170641899109,12,3,6,post_calibration
177,7,12,13,60,1,1,1,0.5062852501869202,0.5062852501869202,0.4937147796154022,0.5062852501869202,12,3,6,post_calibration
177,8,12,14,60,1,1,1,0.5022751688957214,0.5022751688957214,0.4977248013019562,0.5022751688957214,12,3,6,post_calibration
177,9,12,15,60,1,1,1,0.5046635866165161,0.5046635866165161,0.4953363835811615,0.5046635866165161,12,3,6,post_calibration
177,10,12,16,60,0,1,0,0.5036410093307495,0.5036410093307495,0.4963589906692505,0.5036410093307495,12,3,6,post_calibration
177,11,12,17,60,1,1,1,0.5083565711975098,0.5083565711975098,0.49164342880249023,0.5083565711975098,12,3,6,post_calibration
178,0,12,0,60,1,1,1,0.5013297200202942,0.5013297200202942,0.4986703097820282,0.5013297200202942,12,1,9,zero_shot_paired
178,1,12,1,60,1,1,1,0.5026237964630127,0.5026237964630127,0.4973761737346649,0.5026237964630127,12,1,9,zero_shot_paired
178,2,12,7,60,0,1,0,0.5060509443283081,0.5060509443283081,0.4939490258693695,0.5060509443283081,12,1,9,zero_shot_paired
178,3,12,11,60,1,1,1,0.5057248473167419,0.5057248473167419,0.49427515268325806,0.5057248473167419,12,1,9,zero_shot_paired
178,4,12,13,60,1,1,1,0.5062437653541565,0.5062437653541565,0.4937562048435211,0.5062437653541565,12,1,9,zero_shot_paired
178,5,12,14,60,1,1,1,0.5022572875022888,0.5022572875022888,0.4977427124977112,0.5022572875022888,12,1,9,zero_shot_paired
178,6,12,15,60,1,1,1,0.5045877695083618,0.5045877695083618,0.4954122304916382,0.5045877695083618,12,1,9,zero_shot_paired
178,7,12,16,60,0,1,0,0.5036228895187378,0.5036228895187378,0.4963771104812622,0.5036228895187378,12,1,9,zero_shot_paired
178,8,12,17,60,1,1,1,0.5081866979598999,0.5081866979598999,0.4918133020401001,0.5081866979598999,12,1,9,zero_shot_paired
178,0,12,0,60,1,1,1,0.5013759136199951,0.5013759136199951,0.4986240267753601,0.5013759136199951,12,1,9,post_calibration
178,1,12,1,60,1,1,1,0.5028256177902222,0.5028256177902222,0.49717435240745544,0.5028256177902222,12,1,9,post_calibration
178,2,12,7,60,0,1,0,0.5061381459236145,0.5061381459236145,0.4938618242740631,0.5061381459236145,12,1,9,post_calibration
178,3,12,11,60,1,1,1,0.5057523250579834,0.5057523250579834,0.4942476749420166,0.5057523250579834,12,1,9,post_calibration
178,4,12,13,60,1,1,1,0.5063133835792542,0.5063133835792542,0.49368658661842346,0.5063133835792542,12,1,9,post_calibration
178,5,12,14,60,1,1,1,0.502326488494873,0.502326488494873,0.49767354130744934,0.502326488494873,12,1,9,post_calibration
178,6,12,15,60,1,1,1,0.504666805267334,0.504666805267334,0.4953332245349884,0.504666805267334,12,1,9,post_calibration
178,7,12,16,60,0,1,0,0.5036858320236206,0.5036858320236206,0.4963141679763794,0.5036858320236206,12,1,9,post_calibration
178,8,12,17,60,1,1,1,0.5082982182502747,0.5082982182502747,0.49170178174972534,0.5082982182502747,12,1,9,post_calibration
179,0,12,2,60,1,1,1,0.5088998675346375,0.5088998675346375,0.49110010266304016,0.5088998675346375,12,2,9,zero_shot_paired
179,1,12,3,60,1,1,1,0.5049764513969421,0.5049764513969421,0.4950235188007355,0.5049764513969421,12,2,9,zero_shot_paired
179,2,12,4,60,1,0,0,0.5010428428649902,0.5010428428649902,0.5010428428649902,0.49895715713500977,12,2,9,zero_shot_paired
179,3,12,5,60,0,0,1,0.504883885383606,0.504883885383606,0.504883885383606,0.49511614441871643,12,2,9,zero_shot_paired
179,4,12,6,60,1,1,1,0.5022603273391724,0.5022603273391724,0.49773970246315,0.5022603273391724,12,2,9,zero_shot_paired
179,5,12,8,60,0,1,0,0.502469003200531,0.502469003200531,0.49753105640411377,0.502469003200531,12,2,9,zero_shot_paired
179,6,12,9,60,0,1,0,0.5019045472145081,0.5019045472145081,0.49809539318084717,0.5019045472145081,12,2,9,zero_shot_paired
179,7,12,10,60,1,1,1,0.5017969012260437,0.5017969012260437,0.4982030987739563,0.5017969012260437,12,2,9,zero_shot_paired
179,8,12,12,60,1,1,1,0.5058774352073669,0.5058774352073669,0.49412262439727783,0.5058774352073669,12,2,9,zero_shot_paired
179,0,12,2,60,1,1,1,0.5087469220161438,0.5087469220161438,0.4912531077861786,0.5087469220161438,12,2,9,post_calibration
179,1,12,3,60,1,1,1,0.5049291849136353,0.5049291849136353,0.49507078528404236,0.5049291849136353,12,2,9,post_calibration
179,2,12,4,60,1,0,0,0.5009332299232483,0.5009332299232483,0.5009332299232483,0.4990667700767517,12,2,9,post_calibration
179,3,12,5,60,0,0,1,0.5048316717147827,0.5048316717147827,0.5048316717147827,0.4951682984828949,12,2,9,post_calibration
179,4,12,6,60,1,1,1,0.5023647546768188,0.5023647546768188,0.49763521552085876,0.5023647546768188,12,2,9,post_calibration
179,5,12,8,60,0,1,0,0.5024526119232178,0.5024526119232178,0.4975473880767822,0.5024526119232178,12,2,9,post_calibration
179,6,12,9,60,0,1,0,0.5018867254257202,0.5018867254257202,0.4981133043766022,0.5018867254257202,12,2,9,post_calibration
179,7,12,10,60,1,1,1,0.5021419525146484,0.5021419525146484,0.49785804748535156,0.5021419525146484,12,2,9,post_calibration
179,8,12,12,60,1,1,1,0.5060337781906128,0.5060337781906128,0.4939661920070648,0.5060337781906128,12,2,9,post_calibration
180,0,12,1,60,1,1,1,0.5026229619979858,0.5026229619979858,0.49737709760665894,0.5026229619979858,12,1,12,zero_shot_paired
180,1,12,4,60,1,0,0,0.5010424852371216,0.5010424852371216,0.5010424852371216,0.49895748496055603,12,1,12,zero_shot_paired
180,2,12,5,60,0,0,1,0.5048884749412537,0.5048884749412537,0.5048884749412537,0.49511152505874634,12,1,12,zero_shot_paired
180,3,12,7,60,0,1,0,0.5060494542121887,0.5060494542121887,0.4939505457878113,0.5060494542121887,12,1,12,zero_shot_paired
180,4,12,12,60,1,1,1,0.5058730244636536,0.5058730244636536,0.49412694573402405,0.5058730244636536,12,1,12,zero_shot_paired
180,5,12,17,60,1,1,1,0.5081875324249268,0.5081875324249268,0.49181246757507324,0.5081875324249268,12,1,12,zero_shot_paired
180,0,12,1,60,1,1,1,0.5028002262115479,0.5028002262115479,0.49719977378845215,0.5028002262115479,12,1,12,post_calibration
180,1,12,4,60,1,0,0,0.500908374786377,0.500908374786377,0.500908374786377,0.49909165501594543,12,1,12,post_calibration
180,2,12,5,60,0,0,1,0.5047512650489807,0.5047512650489807,0.5047512650489807,0.4952486753463745,12,1,12,post_calibration
180,3,12,7,60,0,1,0,0.5061745643615723,0.5061745643615723,0.49382543563842773,0.5061745643615723,12,1,12,post_calibration
180,4,12,12,60,1,1,1,0.5066857933998108,0.5066857933998108,0.4933142364025116,0.5066857933998108,12,1,12,post_calibration
180,5,12,17,60,1,1,1,0.5087307095527649,0.5087307095527649,0.4912692606449127,0.5087307095527649,12,1,12,post_calibration
181,0,12,0,60,1,1,1,0.5013304948806763,0.5013304948806763,0.4986695349216461,0.5013304948806763,12,2,12,zero_shot_paired
181,1,12,2,60,1,1,1,0.5088998675346375,0.5088998675346375,0.4911000728607178,0.5088998675346375,12,2,12,zero_shot_paired
181,2,12,5,60,0,0,1,0.5048884749412537,0.5048884749412537,0.5048884749412537,0.49511152505874634,12,2,12,zero_shot_paired
181,3,12,9,60,0,1,0,0.5019033551216125,0.5019033551216125,0.49809667468070984,0.5019033551216125,12,2,12,zero_shot_paired
181,4,12,12,60,1,1,1,0.5058730244636536,0.5058730244636536,0.49412694573402405,0.5058730244636536,12,2,12,zero_shot_paired
181,5,12,17,60,1,1,1,0.5081875324249268,0.5081875324249268,0.49181246757507324,0.5081875324249268,12,2,12,zero_shot_paired
181,0,12,0,60,1,1,1,0.5014018416404724,0.5014018416404724,0.4985981285572052,0.5014018416404724,12,2,12,post_calibration
181,1,12,2,60,1,1,1,0.5090844631195068,0.5090844631195068,0.49091559648513794,0.5090844631195068,12,2,12,post_calibration
181,2,12,5,60,0,0,1,0.5048245191574097,0.5048245191574097,0.5048245191574097,0.4951755106449127,12,2,12,post_calibration
181,3,12,9,60,0,1,0,0.5021596550941467,0.5021596550941467,0.49784034490585327,0.5021596550941467,12,2,12,post_calibration
181,4,12,12,60,1,1,1,0.5062834620475769,0.5062834620475769,0.4937164783477783,0.5062834620475769,12,2,12,post_calibration
181,5,12,17,60,1,1,1,0.5084684491157532,0.5084684491157532,0.4915315508842468,0.5084684491157532,12,2,12,post_calibration
182,0,12,9,60,0,1,0,0.5019033551216125,0.5019033551216125,0.49809667468070984,0.5019033551216125,12,3,12,zero_shot_paired
182,1,12,12,60,1,1,1,0.5058730244636536,0.5058730244636536,0.49412694573402405,0.5058730244636536,12,3,12,zero_shot_paired
182,2,12,13,60,1,1,1,0.5062451362609863,0.5062451362609863,0.49375492334365845,0.5062451362609863,12,3,12,zero_shot_paired
182,3,12,14,60,1,1,1,0.5022581815719604,0.5022581815719604,0.49774181842803955,0.5022581815719604,12,3,12,zero_shot_paired
182,4,12,15,60,1,1,1,0.5045826435089111,0.5045826435089111,0.49541735649108887,0.5045826435089111,12,3,12,zero_shot_paired
182,5,12,16,60,0,1,0,0.50362628698349,0.50362628698349,0.4963737428188324,0.50362628698349,12,3,12,zero_shot_paired
182,0,12,9,60,0,1,0,0.5022168755531311,0.5022168755531311,0.4977830946445465,0.5022168755531311,12,3,12,post_calibration
182,1,12,12,60,1,1,1,0.5065411329269409,0.5065411329269409,0.49345889687538147,0.5065411329269409,12,3,12,post_calibration
182,2,12,13,60,1,1,1,0.5067278742790222,0.5067278742790222,0.49327215552330017,0.5067278742790222,12,3,12,post_calibration
182,3,12,14,60,1,1,1,0.5027825236320496,0.5027825236320496,0.49721747636795044,0.5027825236320496,12,3,12,post_calibration
182,4,12,15,60,1,1,1,0.5051347613334656,0.5051347613334656,0.4948652386665344,0.5051347613334656,12,3,12,post_calibration
182,5,12,16,60,0,1,0,0.5041568279266357,0.5041568279266357,0.49584320187568665,0.5041568279266357,12,3,12,post_calibration
14,0,13,0,60,1,0,0,0.5018904209136963,0.5018904209136963,0.5018904209136963,0.4981095790863037,13,,,zero_shot_all_trials
14,1,13,1,60,1,0,0,0.5013077855110168,0.5013077855110168,0.5013077855110168,0.49869221448898315,13,,,zero_shot_all_trials
14,2,13,2,60,1,0,0,0.5015504360198975,0.5015504360198975,0.5015504360198975,0.49844950437545776,13,,,zero_shot_all_trials
14,3,13,3,60,0,0,1,0.5035189390182495,0.5035189390182495,0.5035189390182495,0.4964810609817505,13,,,zero_shot_all_trials
14,4,13,4,60,1,0,0,0.5080869197845459,0.5080869197845459,0.5080869197845459,0.4919130802154541,13,,,zero_shot_all_trials
14,5,13,5,60,1,1,1,0.5006011128425598,0.5006011128425598,0.4993989169597626,0.5006011128425598,13,,,zero_shot_all_trials
14,6,13,6,60,1,1,1,0.5008583068847656,0.5008583068847656,0.4991416931152344,0.5008583068847656,13,,,zero_shot_all_trials
14,7,13,7,60,0,1,0,0.5043933987617493,0.5043933987617493,0.4956066310405731,0.5043933987617493,13,,,zero_shot_all_trials
14,8,13,8,60,0,1,0,0.5001534223556519,0.5001534223556519,0.49984654784202576,0.5001534223556519,13,,,zero_shot_all_trials
14,9,13,9,60,1,1,1,0.5054348111152649,0.5054348111152649,0.4945651590824127,0.5054348111152649,13,,,zero_shot_all_trials
14,10,13,10,60,1,0,0,0.502346932888031,0.502346932888031,0.502346932888031,0.4976530969142914,13,,,zero_shot_all_trials
14,11,13,11,60,1,0,0,0.5004313588142395,0.5004313588142395,0.5004313588142395,0.4995686709880829,13,,,zero_shot_all_trials
14,12,13,12,60,1,0,0,0.5026910901069641,0.5026910901069641,0.5026910901069641,0.4973089396953583,13,,,zero_shot_all_trials
14,13,13,13,60,0,1,0,0.5003511905670166,0.5003511905670166,0.499648779630661,0.5003511905670166,13,,,zero_shot_all_trials
14,14,13,14,60,1,0,0,0.5044932961463928,0.5044932961463928,0.5044932961463928,0.4955066740512848,13,,,zero_shot_all_trials
14,15,13,15,60,1,0,0,0.5017864108085632,0.5017864108085632,0.5017864108085632,0.49821364879608154,13,,,zero_shot_all_trials
14,16,13,16,60,0,0,1,0.5034958720207214,0.5034958720207214,0.5034958720207214,0.4965040981769562,13,,,zero_shot_all_trials
14,17,13,17,60,1,0,0,0.5043176412582397,0.5043176412582397,0.5043176412582397,0.49568232893943787,13,,,zero_shot_all_trials
183,0,13,0,60,1,0,0,0.5018904209136963,0.5018904209136963,0.5018904209136963,0.4981095790863037,13,1,3,zero_shot_paired
183,1,13,1,60,1,0,0,0.5013077259063721,0.5013077259063721,0.5013077259063721,0.49869224429130554,13,1,3,zero_shot_paired
183,2,13,2,60,1,0,0,0.5015506744384766,0.5015506744384766,0.5015506744384766,0.49844932556152344,13,1,3,zero_shot_paired
183,3,13,4,60,1,0,0,0.5080868601799011,0.5080868601799011,0.5080868601799011,0.4919130802154541,13,1,3,zero_shot_paired
183,4,13,5,60,1,1,1,0.5006011724472046,0.5006011724472046,0.4993988573551178,0.5006011724472046,13,1,3,zero_shot_paired
183,5,13,7,60,0,1,0,0.5043932199478149,0.5043932199478149,0.49560678005218506,0.5043932199478149,13,1,3,zero_shot_paired
183,6,13,8,60,0,1,0,0.5001534819602966,0.5001534819602966,0.49984651803970337,0.5001534819602966,13,1,3,zero_shot_paired
183,7,13,9,60,1,1,1,0.5054347515106201,0.5054347515106201,0.4945652186870575,0.5054347515106201,13,1,3,zero_shot_paired
183,8,13,11,60,1,0,0,0.5004313588142395,0.5004313588142395,0.5004313588142395,0.4995686709880829,13,1,3,zero_shot_paired
183,9,13,12,60,1,0,0,0.5026910305023193,0.5026910305023193,0.5026910305023193,0.49730899930000305,13,1,3,zero_shot_paired
183,10,13,13,60,0,1,0,0.5003511905670166,0.5003511905670166,0.499648779630661,0.5003511905670166,13,1,3,zero_shot_paired
183,11,13,14,60,1,0,0,0.5044933557510376,0.5044933557510376,0.5044933557510376,0.4955066442489624,13,1,3,zero_shot_paired
183,12,13,15,60,1,0,0,0.5017864108085632,0.5017864108085632,0.5017864108085632,0.49821361899375916,13,1,3,zero_shot_paired
183,13,13,16,60,0,0,1,0.5034958720207214,0.5034958720207214,0.5034958720207214,0.49650415778160095,13,1,3,zero_shot_paired
183,14,13,17,60,1,0,0,0.504317581653595,0.504317581653595,0.504317581653595,0.4956824481487274,13,1,3,zero_shot_paired
183,0,13,0,60,1,0,0,0.5019163489341736,0.5019163489341736,0.5019163489341736,0.4980836510658264,13,1,3,post_calibration
183,1,13,1,60,1,0,0,0.5014033317565918,0.5014033317565918,0.5014033317565918,0.4985966980457306,13,1,3,post_calibration
183,2,13,2,60,1,0,0,0.501316249370575,0.501316249370575,0.501316249370575,0.49868375062942505,13,1,3,post_calibration
183,3,13,4,60,1,0,0,0.5080994963645935,0.5080994963645935,0.5080994963645935,0.4919005334377289,13,1,3,post_calibration
183,4,13,5,60,1,1,1,0.5005427002906799,0.5005427002906799,0.4994572699069977,0.5005427002906799,13,1,3,post_calibration
183,5,13,7,60,0,1,0,0.5044304132461548,0.5044304132461548,0.4955695569515228,0.5044304132461548,13,1,3,post_calibration
183,6,13,8,60,0,1,0,0.5001257658004761,0.5001257658004761,0.4998742938041687,0.5001257658004761,13,1,3,post_calibration
183,7,13,9,60,1,1,1,0.5055045485496521,0.5055045485496521,0.4944954812526703,0.5055045485496521,13,1,3,post_calibration
183,8,13,11,60,1,0,0,0.5004398226737976,0.5004398226737976,0.5004398226737976,0.4995601773262024,13,1,3,post_calibration
183,9,13,12,60,1,0,0,0.5027639865875244,0.5027639865875244,0.5027639865875244,0.4972359836101532,13,1,3,post_calibration
183,10,13,13,60,0,1,0,0.5003076195716858,0.5003076195716858,0.4996923506259918,0.5003076195716858,13,1,3,post_calibration
183,11,13,14,60,1,0,0,0.5045348405838013,0.5045348405838013,0.5045348405838013,0.49546515941619873,13,1,3,post_calibration
183,12,13,15,60,1,0,0,0.5017017722129822,0.5017017722129822,0.5017017722129822,0.49829819798469543,13,1,3,post_calibration
183,13,13,16,60,0,0,1,0.5035476684570312,0.5035476684570312,0.5035476684570312,0.49645233154296875,13,1,3,post_calibration
183,14,13,17,60,1,0,0,0.504378616809845,0.504378616809845,0.504378616809845,0.49562138319015503,13,1,3,post_calibration
184,0,13,0,60,1,0,0,0.5018904209136963,0.5018904209136963,0.5018904209136963,0.4981095790863037,13,2,3,zero_shot_paired
184,1,13,1,60,1,0,0,0.5013077259063721,0.5013077259063721,0.5013077259063721,0.49869224429130554,13,2,3,zero_shot_paired
184,2,13,3,60,0,0,1,0.5035189390182495,0.5035189390182495,0.5035189390182495,0.4964810609817505,13,2,3,zero_shot_paired
184,3,13,5,60,1,1,1,0.5006011724472046,0.5006011724472046,0.4993988573551178,0.5006011724472046,13,2,3,zero_shot_paired
184,4,13,6,60,1,1,1,0.5008582472801208,0.5008582472801208,0.4991418123245239,0.5008582472801208,13,2,3,zero_shot_paired
184,5,13,7,60,0,1,0,0.5043932199478149,0.5043932199478149,0.49560678005218506,0.5043932199478149,13,2,3,zero_shot_paired
184,6,13,8,60,0,1,0,0.5001534819602966,0.5001534819602966,0.49984651803970337,0.5001534819602966,13,2,3,zero_shot_paired
184,7,13,9,60,1,1,1,0.5054347515106201,0.5054347515106201,0.4945652186870575,0.5054347515106201,13,2,3,zero_shot_paired
184,8,13,10,60,1,0,0,0.5023470520973206,0.5023470520973206,0.5023470520973206,0.49765297770500183,13,2,3,zero_shot_paired
184,9,13,12,60,1,0,0,0.5026910305023193,0.5026910305023193,0.5026910305023193,0.49730899930000305,13,2,3,zero_shot_paired
184,10,13,13,60,0,1,0,0.5003511905670166,0.5003511905670166,0.499648779630661,0.5003511905670166,13,2,3,zero_shot_paired
184,11,13,14,60,1,0,0,0.5044933557510376,0.5044933557510376,0.5044933557510376,0.4955066442489624,13,2,3,zero_shot_paired
184,12,13,15,60,1,0,0,0.5017864108085632,0.5017864108085632,0.5017864108085632,0.49821361899375916,13,2,3,zero_shot_paired
184,13,13,16,60,0,0,1,0.5034958720207214,0.5034958720207214,0.5034958720207214,0.49650415778160095,13,2,3,zero_shot_paired
184,14,13,17,60,1,0,0,0.504317581653595,0.504317581653595,0.504317581653595,0.4956824481487274,13,2,3,zero_shot_paired
184,0,13,0,60,1,0,0,0.5016940236091614,0.5016940236091614,0.5016940236091614,0.498306006193161,13,2,3,post_calibration
184,1,13,1,60,1,0,0,0.5012467503547668,0.5012467503547668,0.5012467503547668,0.49875324964523315,13,2,3,post_calibration
184,2,13,3,60,0,0,1,0.5033369064331055,0.5033369064331055,0.5033369064331055,0.49666306376457214,13,2,3,post_calibration
184,3,13,5,60,1,1,1,0.5006893873214722,0.5006893873214722,0.49931058287620544,0.5006893873214722,13,2,3,post_calibration
184,4,13,6,60,1,1,1,0.5009217262268066,0.5009217262268066,0.49907827377319336,0.5009217262268066,13,2,3,post_calibration
184,5,13,7,60,0,1,0,0.5043813586235046,0.5043813586235046,0.49561864137649536,0.5043813586235046,13,2,3,post_calibration
184,6,13,8,60,0,1,0,0.5002776384353638,0.5002776384353638,0.4997223913669586,0.5002776384353638,13,2,3,post_calibration
184,7,13,9,60,1,1,1,0.5054609775543213,0.5054609775543213,0.4945390522480011,0.5054609775543213,13,2,3,post_calibration
184,8,13,10,60,1,0,0,0.5024046897888184,0.5024046897888184,0.5024046897888184,0.49759531021118164,13,2,3,post_calibration
184,9,13,12,60,1,0,0,0.5025185942649841,0.5025185942649841,0.5025185942649841,0.4974813759326935,13,2,3,post_calibration
184,10,13,13,60,0,1,0,0.5003986358642578,0.5003986358642578,0.4996013641357422,0.5003986358642578,13,2,3,post_calibration
184,11,13,14,60,1,0,0,0.5044573545455933,0.5044573545455933,0.5044573545455933,0.49554264545440674,13,2,3,post_calibration
184,12,13,15,60,1,0,0,0.5018315315246582,0.5018315315246582,0.5018315315246582,0.4981684684753418,13,2,3,post_calibration
184,13,13,16,60,0,0,1,0.503261923789978,0.503261923789978,0.503261923789978,0.496738076210022,13,2,3,post_calibration
184,14,13,17,60,1,0,0,0.5042765140533447,0.5042765140533447,0.5042765140533447,0.4957234263420105,13,2,3,post_calibration
185,0,13,0,60,1,0,0,0.5018904209136963,0.5018904209136963,0.5018904209136963,0.4981095790863037,13,3,3,zero_shot_paired
185,1,13,1,60,1,0,0,0.5013077259063721,0.5013077259063721,0.5013077259063721,0.49869224429130554,13,3,3,zero_shot_paired
185,2,13,2,60,1,0,0,0.5015506744384766,0.5015506744384766,0.5015506744384766,0.49844932556152344,13,3,3,zero_shot_paired
185,3,13,3,60,0,0,1,0.5035189390182495,0.5035189390182495,0.5035189390182495,0.4964810609817505,13,3,3,zero_shot_paired
185,4,13,4,60,1,0,0,0.5080868601799011,0.5080868601799011,0.5080868601799011,0.4919130802154541,13,3,3,zero_shot_paired
185,5,13,5,60,1,1,1,0.5006011724472046,0.5006011724472046,0.4993988573551178,0.5006011724472046,13,3,3,zero_shot_paired
185,6,13,6,60,1,1,1,0.5008582472801208,0.5008582472801208,0.4991418123245239,0.5008582472801208,13,3,3,zero_shot_paired
185,7,13,7,60,0,1,0,0.5043932199478149,0.5043932199478149,0.49560678005218506,0.5043932199478149,13,3,3,zero_shot_paired
185,8,13,8,60,0,1,0,0.5001534819602966,0.5001534819602966,0.49984651803970337,0.5001534819602966,13,3,3,zero_shot_paired
185,9,13,9,60,1,1,1,0.5054347515106201,0.5054347515106201,0.4945652186870575,0.5054347515106201,13,3,3,zero_shot_paired
185,10,13,10,60,1,0,0,0.5023470520973206,0.5023470520973206,0.5023470520973206,0.49765297770500183,13,3,3,zero_shot_paired
185,11,13,11,60,1,0,0,0.5004313588142395,0.5004313588142395,0.5004313588142395,0.4995686709880829,13,3,3,zero_shot_paired
185,12,13,12,60,1,0,0,0.5026910305023193,0.5026910305023193,0.5026910305023193,0.49730899930000305,13,3,3,zero_shot_paired
185,13,13,13,60,0,1,0,0.5003511905670166,0.5003511905670166,0.499648779630661,0.5003511905670166,13,3,3,zero_shot_paired
185,14,13,15,60,1,0,0,0.5017864108085632,0.5017864108085632,0.5017864108085632,0.49821361899375916,13,3,3,zero_shot_paired
185,0,13,0,60,1,0,0,0.5019379258155823,0.5019379258155823,0.5019379258155823,0.4980620741844177,13,3,3,post_calibration
185,1,13,1,60,1,0,0,0.5012094378471375,0.5012094378471375,0.5012094378471375,0.49879056215286255,13,3,3,post_calibration
185,2,13,2,60,1,0,0,0.5015482902526855,0.5015482902526855,0.5015482902526855,0.49845173954963684,13,3,3,post_calibration
185,3,13,3,60,0,0,1,0.5034548044204712,0.5034548044204712,0.5034548044204712,0.4965452253818512,13,3,3,post_calibration
185,4,13,4,60,1,0,0,0.5080709457397461,0.5080709457397461,0.5080709457397461,0.4919290244579315,13,3,3,post_calibration
185,5,13,5,60,1,1,1,0.5006183981895447,0.5006183981895447,0.4993816018104553,0.5006183981895447,13,3,3,post_calibration
185,6,13,6,60,1,1,1,0.5008789300918579,0.5008789300918579,0.4991210401058197,0.5008789300918579,13,3,3,post_calibration
185,7,13,7,60,0,1,0,0.5044729709625244,0.5044729709625244,0.4955270290374756,0.5044729709625244,13,3,3,post_calibration
185,8,13,8,60,0,1,0,0.5001421570777893,0.5001421570777893,0.49985790252685547,0.5001421570777893,13,3,3,post_calibration
185,9,13,9,60,1,1,1,0.5055011510848999,0.5055011510848999,0.4944988191127777,0.5055011510848999,13,3,3,post_calibration
185,10,13,10,60,1,0,0,0.5023228526115417,0.5023228526115417,0.5023228526115417,0.49767711758613586,13,3,3,post_calibration
185,11,13,11,60,1,0,0,0.5004145503044128,0.5004145503044128,0.5004145503044128,0.49958547949790955,13,3,3,post_calibration
185,12,13,12,60,1,0,0,0.5026442408561707,0.5026442408561707,0.5026442408561707,0.49735575914382935,13,3,3,post_calibration
185,13,13,13,60,0,1,0,0.5005378723144531,0.5005378723144531,0.49946215748786926,0.5005378723144531,13,3,3,post_calibration
185,14,13,15,60,1,0,0,0.5017621517181396,0.5017621517181396,0.5017621517181396,0.49823784828186035,13,3,3,post_calibration
186,0,13,0,60,1,0,0,0.5018904209136963,0.5018904209136963,0.5018904209136963,0.4981095790863037,13,4,3,zero_shot_paired
186,1,13,2,60,1,0,0,0.5015506744384766,0.5015506744384766,0.5015506744384766,0.49844932556152344,13,4,3,zero_shot_paired
186,2,13,3,60,0,0,1,0.5035189390182495,0.5035189390182495,0.5035189390182495,0.4964810609817505,13,4,3,zero_shot_paired
186,3,13,4,60,1,0,0,0.5080868601799011,0.5080868601799011,0.5080868601799011,0.4919130802154541,13,4,3,zero_shot_paired
186,4,13,5,60,1,1,1,0.5006011724472046,0.5006011724472046,0.4993988573551178,0.5006011724472046,13,4,3,zero_shot_paired
186,5,13,6,60,1,1,1,0.5008582472801208,0.5008582472801208,0.4991418123245239,0.5008582472801208,13,4,3,zero_shot_paired
186,6,13,8,60,0,1,0,0.5001534819602966,0.5001534819602966,0.49984651803970337,0.5001534819602966,13,4,3,zero_shot_paired
186,7,13,9,60,1,1,1,0.5054347515106201,0.5054347515106201,0.4945652186870575,0.5054347515106201,13,4,3,zero_shot_paired
186,8,13,10,60,1,0,0,0.5023470520973206,0.5023470520973206,0.5023470520973206,0.49765297770500183,13,4,3,zero_shot_paired
186,9,13,11,60,1,0,0,0.5004313588142395,0.5004313588142395,0.5004313588142395,0.4995686709880829,13,4,3,zero_shot_paired
186,10,13,12,60,1,0,0,0.5026910305023193,0.5026910305023193,0.5026910305023193,0.49730899930000305,13,4,3,zero_shot_paired
186,11,13,13,60,0,1,0,0.5003511905670166,0.5003511905670166,0.499648779630661,0.5003511905670166,13,4,3,zero_shot_paired
186,12,13,14,60,1,0,0,0.5044933557510376,0.5044933557510376,0.5044933557510376,0.4955066442489624,13,4,3,zero_shot_paired
186,13,13,16,60,0,0,1,0.5034958720207214,0.5034958720207214,0.5034958720207214,0.49650415778160095,13,4,3,zero_shot_paired
186,14,13,17,60,1,0,0,0.504317581653595,0.504317581653595,0.504317581653595,0.4956824481487274,13,4,3,zero_shot_paired
186,0,13,0,60,1,0,0,0.5019190907478333,0.5019190907478333,0.5019190907478333,0.49808090925216675,13,4,3,post_calibration
186,1,13,2,60,1,0,0,0.5014858841896057,0.5014858841896057,0.5014858841896057,0.4985141456127167,13,4,3,post_calibration
186,2,13,3,60,0,0,1,0.503627359867096,0.503627359867096,0.503627359867096,0.49637264013290405,13,4,3,post_calibration
186,3,13,4,60,1,0,0,0.5082006454467773,0.5082006454467773,0.5082006454467773,0.49179932475090027,13,4,3,post_calibration
186,4,13,5,60,1,1,1,0.5005959868431091,0.5005959868431091,0.49940401315689087,0.5005959868431091,13,4,3,post_calibration
186,5,13,6,60,1,1,1,0.5007823705673218,0.5007823705673218,0.4992176294326782,0.5007823705673218,13,4,3,post_calibration
186,6,13,8,60,0,1,0,0.5001276731491089,0.5001276731491089,0.4998723268508911,0.5001276731491089,13,4,3,post_calibration
186,7,13,9,60,1,1,1,0.5053941011428833,0.5053941011428833,0.4946059286594391,0.5053941011428833,13,4,3,post_calibration
186,8,13,10,60,1,0,0,0.5022894144058228,0.5022894144058228,0.5022894144058228,0.49771061539649963,13,4,3,post_calibration
186,9,13,11,60,1,0,0,0.5004141330718994,0.5004141330718994,0.5004141330718994,0.499585896730423,13,4,3,post_calibration
186,10,13,12,60,1,0,0,0.502778172492981,0.502778172492981,0.502778172492981,0.4972218871116638,13,4,3,post_calibration
186,11,13,13,60,0,1,0,0.5003942847251892,0.5003942847251892,0.4996057152748108,0.5003942847251892,13,4,3,post_calibration
186,12,13,14,60,1,0,0,0.5045949816703796,0.5045949816703796,0.5045949816703796,0.495404988527298,13,4,3,post_calibration
186,13,13,16,60,0,0,1,0.5034789443016052,0.5034789443016052,0.5034789443016052,0.4965210556983948,13,4,3,post_calibration
186,14,13,17,60,1,0,0,0.5043240785598755,0.5043240785598755,0.5043240785598755,0.4956759512424469,13,4,3,post_calibration
187,0,13,0,60,1,0,0,0.5018904209136963,0.5018904209136963,0.5018904209136963,0.4981095790863037,13,5,3,zero_shot_paired
187,1,13,1,60,1,0,0,0.5013077259063721,0.5013077259063721,0.5013077259063721,0.49869224429130554,13,5,3,zero_shot_paired
187,2,13,2,60,1,0,0,0.5015506744384766,0.5015506744384766,0.5015506744384766,0.49844932556152344,13,5,3,zero_shot_paired
187,3,13,3,60,0,0,1,0.5035189390182495,0.5035189390182495,0.5035189390182495,0.4964810609817505,13,5,3,zero_shot_paired
187,4,13,4,60,1,0,0,0.5080868601799011,0.5080868601799011,0.5080868601799011,0.4919130802154541,13,5,3,zero_shot_paired
187,5,13,5,60,1,1,1,0.5006011724472046,0.5006011724472046,0.4993988573551178,0.5006011724472046,13,5,3,zero_shot_paired
187,6,13,6,60,1,1,1,0.5008582472801208,0.5008582472801208,0.4991418123245239,0.5008582472801208,13,5,3,zero_shot_paired
187,7,13,7,60,0,1,0,0.5043932199478149,0.5043932199478149,0.49560678005218506,0.5043932199478149,13,5,3,zero_shot_paired
187,8,13,10,60,1,0,0,0.5023470520973206,0.5023470520973206,0.5023470520973206,0.49765297770500183,13,5,3,zero_shot_paired
187,9,13,11,60,1,0,0,0.5004313588142395,0.5004313588142395,0.5004313588142395,0.4995686709880829,13,5,3,zero_shot_paired
187,10,13,13,60,0,1,0,0.5003511905670166,0.5003511905670166,0.499648779630661,0.5003511905670166,13,5,3,zero_shot_paired
187,11,13,14,60,1,0,0,0.5044933557510376,0.5044933557510376,0.5044933557510376,0.4955066442489624,13,5,3,zero_shot_paired
187,12,13,15,60,1,0,0,0.5017864108085632,0.5017864108085632,0.5017864108085632,0.49821361899375916,13,5,3,zero_shot_paired
187,13,13,16,60,0,0,1,0.5034958720207214,0.5034958720207214,0.5034958720207214,0.49650415778160095,13,5,3,zero_shot_paired
187,14,13,17,60,1,0,0,0.504317581653595,0.504317581653595,0.504317581653595,0.4956824481487274,13,5,3,zero_shot_paired
187,0,13,0,60,1,0,0,0.5018371343612671,0.5018371343612671,0.5018371343612671,0.4981628358364105,13,5,3,post_calibration
187,1,13,1,60,1,0,0,0.5013360381126404,0.5013360381126404,0.5013360381126404,0.4986640214920044,13,5,3,post_calibration
187,2,13,2,60,1,0,0,0.5015970468521118,0.5015970468521118,0.5015970468521118,0.4984029531478882,13,5,3,post_calibration
187,3,13,3,60,0,0,1,0.5035279989242554,0.5035279989242554,0.5035279989242554,0.4964720606803894,13,5,3,post_calibration
187,4,13,4,60,1,0,0,0.5081113576889038,0.5081113576889038,0.5081113576889038,0.4918886423110962,13,5,3,post_calibration
187,5,13,5,60,1,1,1,0.500601053237915,0.500601053237915,0.49939897656440735,0.500601053237915,13,5,3,post_calibration
187,6,13,6,60,1,1,1,0.5008155107498169,0.5008155107498169,0.4991844594478607,0.5008155107498169,13,5,3,post_calibration
187,7,13,7,60,0,1,0,0.5041252374649048,0.5041252374649048,0.4958747625350952,0.5041252374649048,13,5,3,post_calibration
187,8,13,10,60,1,0,0,0.502431333065033,0.502431333065033,0.502431333065033,0.49756863713264465,13,5,3,post_calibration
187,9,13,11,60,1,0,0,0.5004708766937256,0.5004708766937256,0.5004708766937256,0.49952906370162964,13,5,3,post_calibration
187,10,13,13,60,0,1,0,0.5003697276115417,0.5003697276115417,0.499630331993103,0.5003697276115417,13,5,3,post_calibration
187,11,13,14,60,1,0,0,0.5044894218444824,0.5044894218444824,0.5044894218444824,0.4955105483531952,13,5,3,post_calibration
187,12,13,15,60,1,0,0,0.5017363429069519,0.5017363429069519,0.5017363429069519,0.4982636570930481,13,5,3,post_calibration
187,13,13,16,60,0,0,1,0.5034401416778564,0.5034401416778564,0.5034401416778564,0.49655985832214355,13,5,3,post_calibration
187,14,13,17,60,1,0,0,0.5042960047721863,0.5042960047721863,0.5042960047721863,0.4957040250301361,13,5,3,post_calibration
188,0,13,1,60,1,0,0,0.5013077259063721,0.5013077259063721,0.5013077259063721,0.49869224429130554,13,6,3,zero_shot_paired
188,1,13,2,60,1,0,0,0.5015506744384766,0.5015506744384766,0.5015506744384766,0.49844932556152344,13,6,3,zero_shot_paired
188,2,13,3,60,0,0,1,0.5035189390182495,0.5035189390182495,0.5035189390182495,0.4964810609817505,13,6,3,zero_shot_paired
188,3,13,4,60,1,0,0,0.5080868601799011,0.5080868601799011,0.5080868601799011,0.4919130802154541,13,6,3,zero_shot_paired
188,4,13,6,60,1,1,1,0.5008582472801208,0.5008582472801208,0.4991418123245239,0.5008582472801208,13,6,3,zero_shot_paired
188,5,13,7,60,0,1,0,0.5043932199478149,0.5043932199478149,0.49560678005218506,0.5043932199478149,13,6,3,zero_shot_paired
188,6,13,8,60,0,1,0,0.5001534819602966,0.5001534819602966,0.49984651803970337,0.5001534819602966,13,6,3,zero_shot_paired
188,7,13,9,60,1,1,1,0.5054347515106201,0.5054347515106201,0.4945652186870575,0.5054347515106201,13,6,3,zero_shot_paired
188,8,13,10,60,1,0,0,0.5023470520973206,0.5023470520973206,0.5023470520973206,0.49765297770500183,13,6,3,zero_shot_paired
188,9,13,11,60,1,0,0,0.5004313588142395,0.5004313588142395,0.5004313588142395,0.4995686709880829,13,6,3,zero_shot_paired
188,10,13,12,60,1,0,0,0.5026910305023193,0.5026910305023193,0.5026910305023193,0.49730899930000305,13,6,3,zero_shot_paired
188,11,13,14,60,1,0,0,0.5044933557510376,0.5044933557510376,0.5044933557510376,0.4955066442489624,13,6,3,zero_shot_paired
188,12,13,15,60,1,0,0,0.5017864108085632,0.5017864108085632,0.5017864108085632,0.49821361899375916,13,6,3,zero_shot_paired
188,13,13,16,60,0,0,1,0.5034958720207214,0.5034958720207214,0.5034958720207214,0.49650415778160095,13,6,3,zero_shot_paired
188,14,13,17,60,1,0,0,0.504317581653595,0.504317581653595,0.504317581653595,0.4956824481487274,13,6,3,zero_shot_paired
188,0,13,1,60,1,0,0,0.5014046430587769,0.5014046430587769,0.5014046430587769,0.49859535694122314,13,6,3,post_calibration
188,1,13,2,60,1,0,0,0.5016390681266785,0.5016390681266785,0.5016390681266785,0.49836093187332153,13,6,3,post_calibration
188,2,13,3,60,0,0,1,0.503486156463623,0.503486156463623,0.503486156463623,0.49651381373405457,13,6,3,post_calibration
188,3,13,4,60,1,0,0,0.5081962943077087,0.5081962943077087,0.5081962943077087,0.49180370569229126,13,6,3,post_calibration
188,4,13,6,60,1,1,1,0.5007222294807434,0.5007222294807434,0.4992777705192566,0.5007222294807434,13,6,3,post_calibration
188,5,13,7,60,0,1,0,0.5042425394058228,0.5042425394058228,0.49575743079185486,0.5042425394058228,13,6,3,post_calibration
188,6,13,8,60,0,1,0,0.5001475811004639,0.5001475811004639,0.49985241889953613,0.5001475811004639,13,6,3,post_calibration
188,7,13,9,60,1,1,1,0.5053718686103821,0.5053718686103821,0.4946281313896179,0.5053718686103821,13,6,3,post_calibration
188,8,13,10,60,1,0,0,0.5025041699409485,0.5025041699409485,0.5025041699409485,0.4974958002567291,13,6,3,post_calibration
188,9,13,11,60,1,0,0,0.5003581047058105,0.5003581047058105,0.5003581047058105,0.49964186549186707,13,6,3,post_calibration
188,10,13,12,60,1,0,0,0.5026102662086487,0.5026102662086487,0.5026102662086487,0.4973897337913513,13,6,3,post_calibration
188,11,13,14,60,1,0,0,0.5045815110206604,0.5045815110206604,0.5045815110206604,0.495418518781662,13,6,3,post_calibration
188,12,13,15,60,1,0,0,0.5019192695617676,0.5019192695617676,0.5019192695617676,0.4980807602405548,13,6,3,post_calibration
188,13,13,16,60,0,0,1,0.5036336779594421,0.5036336779594421,0.5036336779594421,0.4963662922382355,13,6,3,post_calibration
188,14,13,17,60,1,0,0,0.5043806433677673,0.5043806433677673,0.5043806433677673,0.49561935663223267,13,6,3,post_calibration
189,0,13,0,60,1,0,0,0.5018904209136963,0.5018904209136963,0.5018904209136963,0.4981095790863037,13,1,6,zero_shot_paired
189,1,13,2,60,1,0,0,0.5015506744384766,0.5015506744384766,0.5015506744384766,0.49844932556152344,13,1,6,zero_shot_paired
189,2,13,3,60,0,0,1,0.5035189390182495,0.5035189390182495,0.5035189390182495,0.4964810609817505,13,1,6,zero_shot_paired
189,3,13,4,60,1,0,0,0.5080868601799011,0.5080868601799011,0.5080868601799011,0.4919130802154541,13,1,6,zero_shot_paired
189,4,13,5,60,1,1,1,0.5006011724472046,0.5006011724472046,0.4993988573551178,0.5006011724472046,13,1,6,zero_shot_paired
189,5,13,6,60,1,1,1,0.5008582472801208,0.5008582472801208,0.4991418123245239,0.5008582472801208,13,1,6,zero_shot_paired
189,6,13,8,60,0,1,0,0.5001534819602966,0.5001534819602966,0.49984651803970337,0.5001534819602966,13,1,6,zero_shot_paired
189,7,13,10,60,1,0,0,0.5023470520973206,0.5023470520973206,0.5023470520973206,0.49765297770500183,13,1,6,zero_shot_paired
189,8,13,11,60,1,0,0,0.5004313588142395,0.5004313588142395,0.5004313588142395,0.4995686709880829,13,1,6,zero_shot_paired
189,9,13,13,60,0,1,0,0.5003511905670166,0.5003511905670166,0.499648779630661,0.5003511905670166,13,1,6,zero_shot_paired
189,10,13,16,60,0,0,1,0.5034958720207214,0.5034958720207214,0.5034958720207214,0.49650415778160095,13,1,6,zero_shot_paired
189,11,13,17,60,1,0,0,0.504317581653595,0.504317581653595,0.504317581653595,0.4956824481487274,13,1,6,zero_shot_paired
189,0,13,0,60,1,0,0,0.5019718408584595,0.5019718408584595,0.5019718408584595,0.49802812933921814,13,1,6,post_calibration
189,1,13,2,60,1,0,0,0.5014002919197083,0.5014002919197083,0.5014002919197083,0.49859970808029175,13,1,6,post_calibration
189,2,13,3,60,0,0,1,0.5033697485923767,0.5033697485923767,0.5033697485923767,0.4966302514076233,13,1,6,post_calibration
189,3,13,4,60,1,0,0,0.508050262928009,0.508050262928009,0.508050262928009,0.49194973707199097,13,1,6,post_calibration
189,4,13,5,60,1,1,1,0.5007666945457458,0.5007666945457458,0.4992333650588989,0.5007666945457458,13,1,6,post_calibration
189,5,13,6,60,1,1,1,0.5008613467216492,0.5008613467216492,0.49913862347602844,0.5008613467216492,13,1,6,post_calibration
189,6,13,8,60,0,1,0,0.5002253651618958,0.5002253651618958,0.49977463483810425,0.5002253651618958,13,1,6,post_calibration
189,7,13,10,60,1,0,0,0.5021716952323914,0.5021716952323914,0.5021716952323914,0.4978283643722534,13,1,6,post_calibration
189,8,13,11,60,1,0,0,0.5004633069038391,0.5004633069038391,0.5004633069038391,0.4995366632938385,13,1,6,post_calibration
189,9,13,13,60,0,1,0,0.500444769859314,0.500444769859314,0.49955523014068604,0.500444769859314,13,1,6,post_calibration
189,10,13,16,60,0,0,1,0.5032659769058228,0.5032659769058228,0.5032659769058228,0.49673402309417725,13,1,6,post_calibration
189,11,13,17,60,1,0,0,0.5041708946228027,0.5041708946228027,0.5041708946228027,0.4958290755748749,13,1,6,post_calibration
190,0,13,0,60,1,0,0,0.5018904209136963,0.5018904209136963,0.5018904209136963,0.4981095790863037,13,2,6,zero_shot_paired
190,1,13,1,60,1,0,0,0.5013077259063721,0.5013077259063721,0.5013077259063721,0.49869224429130554,13,2,6,zero_shot_paired
190,2,13,3,60,0,0,1,0.5035189390182495,0.5035189390182495,0.5035189390182495,0.4964810609817505,13,2,6,zero_shot_paired
190,3,13,4,60,1,0,0,0.5080868601799011,0.5080868601799011,0.5080868601799011,0.4919130802154541,13,2,6,zero_shot_paired
190,4,13,6,60,1,1,1,0.5008582472801208,0.5008582472801208,0.4991418123245239,0.5008582472801208,13,2,6,zero_shot_paired
190,5,13,7,60,0,1,0,0.5043932199478149,0.5043932199478149,0.49560678005218506,0.5043932199478149,13,2,6,zero_shot_paired
190,6,13,8,60,0,1,0,0.5001534819602966,0.5001534819602966,0.49984651803970337,0.5001534819602966,13,2,6,zero_shot_paired
190,7,13,9,60,1,1,1,0.5054347515106201,0.5054347515106201,0.4945652186870575,0.5054347515106201,13,2,6,zero_shot_paired
190,8,13,11,60,1,0,0,0.5004313588142395,0.5004313588142395,0.5004313588142395,0.4995686709880829,13,2,6,zero_shot_paired
190,9,13,12,60,1,0,0,0.5026910305023193,0.5026910305023193,0.5026910305023193,0.49730899930000305,13,2,6,zero_shot_paired
190,10,13,14,60,1,0,0,0.5044933557510376,0.5044933557510376,0.5044933557510376,0.4955066442489624,13,2,6,zero_shot_paired
190,11,13,15,60,1,0,0,0.5017864108085632,0.5017864108085632,0.5017864108085632,0.49821361899375916,13,2,6,zero_shot_paired
190,0,13,0,60,1,0,0,0.5018428564071655,0.5018428564071655,0.5018428564071655,0.49815720319747925,13,2,6,post_calibration
190,1,13,1,60,1,0,0,0.5012231469154358,0.5012231469154358,0.5012231469154358,0.4987768828868866,13,2,6,post_calibration
190,2,13,3,60,0,0,1,0.5035596489906311,0.5035596489906311,0.5035596489906311,0.4964403808116913,13,2,6,post_calibration
190,3,13,4,60,1,0,0,0.5080749988555908,0.5080749988555908,0.5080749988555908,0.49192503094673157,13,2,6,post_calibration
190,4,13,6,60,1,1,1,0.5009844899177551,0.5009844899177551,0.4990154802799225,0.5009844899177551,13,2,6,post_calibration
190,5,13,7,60,0,1,0,0.5044030547142029,0.5044030547142029,0.4955969750881195,0.5044030547142029,13,2,6,post_calibration
190,6,13,8,60,0,1,0,0.5001763105392456,0.5001763105392456,0.4998237192630768,0.5001763105392456,13,2,6,post_calibration
190,7,13,9,60,1,1,1,0.5055112838745117,0.5055112838745117,0.4944886863231659,0.5055112838745117,13,2,6,post_calibration
190,8,13,11,60,1,0,0,0.5001571774482727,0.5001571774482727,0.5001571774482727,0.4998428225517273,13,2,6,post_calibration
190,9,13,12,60,1,0,0,0.5027619004249573,0.5027619004249573,0.5027619004249573,0.4972381591796875,13,2,6,post_calibration
190,10,13,14,60,1,0,0,0.5045133829116821,0.5045133829116821,0.5045133829116821,0.49548661708831787,13,2,6,post_calibration
190,11,13,15,60,1,0,0,0.5017082095146179,0.5017082095146179,0.5017082095146179,0.4982917904853821,13,2,6,post_calibration
191,0,13,1,60,1,0,0,0.5013077259063721,0.5013077259063721,0.5013077259063721,0.49869224429130554,13,3,6,zero_shot_paired
191,1,13,2,60,1,0,0,0.5015506744384766,0.5015506744384766,0.5015506744384766,0.49844932556152344,13,3,6,zero_shot_paired
191,2,13,5,60,1,1,1,0.5006011724472046,0.5006011724472046,0.4993988573551178,0.5006011724472046,13,3,6,zero_shot_paired
191,3,13,7,60,0,1,0,0.5043932199478149,0.5043932199478149,0.49560678005218506,0.5043932199478149,13,3,6,zero_shot_paired
191,4,13,9,60,1,1,1,0.5054347515106201,0.5054347515106201,0.4945652186870575,0.5054347515106201,13,3,6,zero_shot_paired
191,5,13,10,60,1,0,0,0.5023470520973206,0.5023470520973206,0.5023470520973206,0.49765297770500183,13,3,6,zero_shot_paired
191,6,13,12,60,1,0,0,0.5026910305023193,0.5026910305023193,0.5026910305023193,0.49730899930000305,13,3,6,zero_shot_paired
191,7,13,13,60,0,1,0,0.5003511905670166,0.5003511905670166,0.499648779630661,0.5003511905670166,13,3,6,zero_shot_paired
191,8,13,14,60,1,0,0,0.5044933557510376,0.5044933557510376,0.5044933557510376,0.4955066442489624,13,3,6,zero_shot_paired
191,9,13,15,60,1,0,0,0.5017864108085632,0.5017864108085632,0.5017864108085632,0.49821361899375916,13,3,6,zero_shot_paired
191,10,13,16,60,0,0,1,0.5034958720207214,0.5034958720207214,0.5034958720207214,0.49650415778160095,13,3,6,zero_shot_paired
191,11,13,17,60,1,0,0,0.504317581653595,0.504317581653595,0.504317581653595,0.4956824481487274,13,3,6,zero_shot_paired
191,0,13,1,60,1,0,0,0.5012658834457397,0.5012658834457397,0.5012658834457397,0.49873414635658264,13,3,6,post_calibration
191,1,13,2,60,1,0,0,0.5014393329620361,0.5014393329620361,0.5014393329620361,0.49856066703796387,13,3,6,post_calibration
191,2,13,5,60,1,1,1,0.5006740093231201,0.5006740093231201,0.49932602047920227,0.5006740093231201,13,3,6,post_calibration
191,3,13,7,60,0,1,0,0.5044174790382385,0.5044174790382385,0.4955825209617615,0.5044174790382385,13,3,6,post_calibration
191,4,13,9,60,1,1,1,0.5054498910903931,0.5054498910903931,0.49455007910728455,0.5054498910903931,13,3,6,post_calibration
191,5,13,10,60,1,0,0,0.5022666454315186,0.5022666454315186,0.5022666454315186,0.4977334141731262,13,3,6,post_calibration
191,6,13,12,60,1,0,0,0.5025425553321838,0.5025425553321838,0.5025425553321838,0.49745744466781616,13,3,6,post_calibration
191,7,13,13,60,0,1,0,0.5002771019935608,0.5002771019935608,0.4997229278087616,0.5002771019935608,13,3,6,post_calibration
191,8,13,14,60,1,0,0,0.504474937915802,0.504474937915802,0.504474937915802,0.4955250918865204,13,3,6,post_calibration
191,9,13,15,60,1,0,0,0.5017833113670349,0.5017833113670349,0.5017833113670349,0.4982166588306427,13,3,6,post_calibration
191,10,13,16,60,0,0,1,0.5032774806022644,0.5032774806022644,0.5032774806022644,0.4967225193977356,13,3,6,post_calibration
191,11,13,17,60,1,0,0,0.5041923522949219,0.5041923522949219,0.5041923522949219,0.49580761790275574,13,3,6,post_calibration
192,0,13,0,60,1,0,0,0.5018904209136963,0.5018904209136963,0.5018904209136963,0.4981095790863037,13,1,9,zero_shot_paired
192,1,13,8,60,0,1,0,0.5001535415649414,0.5001535415649414,0.4998464286327362,0.5001535415649414,13,1,9,zero_shot_paired
192,2,13,10,60,1,0,0,0.502346932888031,0.502346932888031,0.502346932888031,0.4976530969142914,13,1,9,zero_shot_paired
192,3,13,11,60,1,0,0,0.5004313588142395,0.5004313588142395,0.5004313588142395,0.4995686709880829,13,1,9,zero_shot_paired
192,4,13,12,60,1,0,0,0.5026910901069641,0.5026910901069641,0.5026910901069641,0.4973089098930359,13,1,9,zero_shot_paired
192,5,13,13,60,0,1,0,0.5003512501716614,0.5003512501716614,0.499648779630661,0.5003512501716614,13,1,9,zero_shot_paired
192,6,13,15,60,1,0,0,0.5017864108085632,0.5017864108085632,0.5017864108085632,0.49821361899375916,13,1,9,zero_shot_paired
192,7,13,16,60,0,0,1,0.5034958124160767,0.5034958124160767,0.5034958124160767,0.49650415778160095,13,1,9,zero_shot_paired
192,8,13,17,60,1,0,0,0.5043176412582397,0.5043176412582397,0.5043176412582397,0.49568232893943787,13,1,9,zero_shot_paired
192,0,13,0,60,1,0,0,0.5018446445465088,0.5018446445465088,0.5018446445465088,0.4981553852558136,13,1,9,post_calibration
192,1,13,8,60,0,1,0,0.5001620054244995,0.5001620054244995,0.4998380243778229,0.5001620054244995,13,1,9,post_calibration
192,2,13,10,60,1,0,0,0.5020766258239746,0.5020766258239746,0.5020766258239746,0.4979234039783478,13,1,9,post_calibration
192,3,13,11,60,1,0,0,0.5003989934921265,0.5003989934921265,0.5003989934921265,0.49960100650787354,13,1,9,post_calibration
192,4,13,12,60,1,0,0,0.5026817917823792,0.5026817917823792,0.5026817917823792,0.49731823801994324,13,1,9,post_calibration
192,5,13,13,60,0,1,0,0.5003392100334167,0.5003392100334167,0.49966076016426086,0.5003392100334167,13,1,9,post_calibration
192,6,13,15,60,1,0,0,0.5016850829124451,0.5016850829124451,0.5016850829124451,0.49831491708755493,13,1,9,post_calibration
192,7,13,16,60,0,0,1,0.5034033060073853,0.5034033060073853,0.5034033060073853,0.49659672379493713,13,1,9,post_calibration
192,8,13,17,60,1,0,0,0.5043317079544067,0.5043317079544067,0.5043317079544067,0.4956682622432709,13,1,9,post_calibration
193,0,13,1,60,1,0,0,0.5013078451156616,0.5013078451156616,0.5013078451156616,0.49869218468666077,13,2,9,zero_shot_paired
193,1,13,2,60,1,0,0,0.5015504360198975,0.5015504360198975,0.5015504360198975,0.49844953417778015,13,2,9,zero_shot_paired
193,2,13,3,60,0,0,1,0.5035189390182495,0.5035189390182495,0.5035189390182495,0.4964810609817505,13,2,9,zero_shot_paired
193,3,13,4,60,1,0,0,0.5080869197845459,0.5080869197845459,0.5080869197845459,0.4919130504131317,13,2,9,zero_shot_paired
193,4,13,5,60,1,1,1,0.5006011724472046,0.5006011724472046,0.4993988573551178,0.5006011724472046,13,2,9,zero_shot_paired
193,5,13,6,60,1,1,1,0.5008585453033447,0.5008585453033447,0.49914151430130005,0.5008585453033447,13,2,9,zero_shot_paired
193,6,13,7,60,0,1,0,0.5043932795524597,0.5043932795524597,0.4956067204475403,0.5043932795524597,13,2,9,zero_shot_paired
193,7,13,9,60,1,1,1,0.5054347515106201,0.5054347515106201,0.4945652484893799,0.5054347515106201,13,2,9,zero_shot_paired
193,8,13,14,60,1,0,0,0.5044931769371033,0.5044931769371033,0.5044931769371033,0.49550679326057434,13,2,9,zero_shot_paired
193,0,13,1,60,1,0,0,0.5011619329452515,0.5011619329452515,0.5011619329452515,0.49883803725242615,13,2,9,post_calibration
193,1,13,2,60,1,0,0,0.5013169050216675,0.5013169050216675,0.5013169050216675,0.4986830949783325,13,2,9,post_calibration
193,2,13,3,60,0,0,1,0.5035006999969482,0.5035006999969482,0.5035006999969482,0.49649930000305176,13,2,9,post_calibration
193,3,13,4,60,1,0,0,0.5080606937408447,0.5080606937408447,0.5080606937408447,0.49193933606147766,13,2,9,post_calibration
193,4,13,5,60,1,1,1,0.5005829930305481,0.5005829930305481,0.4994170069694519,0.5005829930305481,13,2,9,post_calibration
193,5,13,6,60,1,1,1,0.5008019804954529,0.5008019804954529,0.4991980493068695,0.5008019804954529,13,2,9,post_calibration
193,6,13,7,60,0,1,0,0.5043039917945862,0.5043039917945862,0.49569597840309143,0.5043039917945862,13,2,9,post_calibration
193,7,13,9,60,1,1,1,0.5056326985359192,0.5056326985359192,0.4943673312664032,0.5056326985359192,13,2,9,post_calibration
193,8,13,14,60,1,0,0,0.5045916438102722,0.5045916438102722,0.5045916438102722,0.49540838599205017,13,2,9,post_calibration
194,0,13,3,60,0,0,1,0.5035192966461182,0.5035192966461182,0.5035192966461182,0.4964807331562042,13,1,12,zero_shot_paired
194,1,13,4,60,1,0,0,0.5080875158309937,0.5080875158309937,0.5080875158309937,0.49191251397132874,13,1,12,zero_shot_paired
194,2,13,7,60,0,1,0,0.5043943524360657,0.5043943524360657,0.49560558795928955,0.5043943524360657,13,1,12,zero_shot_paired
194,3,13,9,60,1,1,1,0.5054351687431335,0.5054351687431335,0.49456489086151123,0.5054351687431335,13,1,12,zero_shot_paired
194,4,13,10,60,1,0,0,0.5023470520973206,0.5023470520973206,0.5023470520973206,0.49765294790267944,13,1,12,zero_shot_paired
194,5,13,11,60,1,0,0,0.5004332661628723,0.5004332661628723,0.5004332661628723,0.4995666742324829,13,1,12,zero_shot_paired
194,0,13,3,60,0,0,1,0.5034604072570801,0.5034604072570801,0.5034604072570801,0.4965395927429199,13,1,12,post_calibration
194,1,13,4,60,1,0,0,0.5080368518829346,0.5080368518829346,0.5080368518829346,0.49196311831474304,13,1,12,post_calibration
194,2,13,7,60,0,1,0,0.5042819976806641,0.5042819976806641,0.4957180321216583,0.5042819976806641,13,1,12,post_calibration
194,3,13,9,60,1,1,1,0.5053192973136902,0.5053192973136902,0.4946807026863098,0.5053192973136902,13,1,12,post_calibration
194,4,13,10,60,1,0,0,0.5020927786827087,0.5020927786827087,0.5020927786827087,0.4979071617126465,13,1,12,post_calibration
194,5,13,11,60,1,0,0,0.5004433393478394,0.5004433393478394,0.5004433393478394,0.49955666065216064,13,1,12,post_calibration
195,0,13,2,60,1,0,0,0.5015487670898438,0.5015487670898438,0.5015487670898438,0.49845126271247864,13,2,12,zero_shot_paired
195,1,13,3,60,0,0,1,0.5035192966461182,0.5035192966461182,0.5035192966461182,0.4964807331562042,13,2,12,zero_shot_paired
195,2,13,5,60,1,1,1,0.5006003379821777,0.5006003379821777,0.49939966201782227,0.5006003379821777,13,2,12,zero_shot_paired
195,3,13,6,60,1,1,1,0.5008593201637268,0.5008593201637268,0.49914073944091797,0.5008593201637268,13,2,12,zero_shot_paired
195,4,13,13,60,0,1,0,0.5003485679626465,0.5003485679626465,0.4996514320373535,0.5003485679626465,13,2,12,zero_shot_paired
195,5,13,17,60,1,0,0,0.5043163895606995,0.5043163895606995,0.5043163895606995,0.4956836402416229,13,2,12,zero_shot_paired
195,0,13,2,60,1,0,0,0.5012924075126648,0.5012924075126648,0.5012924075126648,0.4987076222896576,13,2,12,post_calibration
195,1,13,3,60,0,0,1,0.503479540348053,0.503479540348053,0.503479540348053,0.49652042984962463,13,2,12,post_calibration
195,2,13,5,60,1,1,1,0.5008504986763,0.5008504986763,0.49914953112602234,0.5008504986763,13,2,12,post_calibration
195,3,13,6,60,1,1,1,0.501099169254303,0.501099169254303,0.49890080094337463,0.501099169254303,13,2,12,post_calibration
195,4,13,13,60,0,1,0,0.5004377961158752,0.5004377961158752,0.49956220388412476,0.5004377961158752,13,2,12,post_calibration
195,5,13,17,60,1,0,0,0.5041381120681763,0.5041381120681763,0.5041381120681763,0.4958619177341461,13,2,12,post_calibration
196,0,13,2,60,1,0,0,0.5015487670898438,0.5015487670898438,0.5015487670898438,0.49845126271247864,13,3,12,zero_shot_paired
196,1,13,3,60,0,0,1,0.5035192966461182,0.5035192966461182,0.5035192966461182,0.4964807331562042,13,3,12,zero_shot_paired
196,2,13,6,60,1,1,1,0.5008593201637268,0.5008593201637268,0.49914073944091797,0.5008593201637268,13,3,12,zero_shot_paired
196,3,13,13,60,0,1,0,0.5003485679626465,0.5003485679626465,0.4996514320373535,0.5003485679626465,13,3,12,zero_shot_paired
196,4,13,14,60,1,0,0,0.5044956803321838,0.5044956803321838,0.5044956803321838,0.49550434947013855,13,3,12,zero_shot_paired
196,5,13,17,60,1,0,0,0.5043163895606995,0.5043163895606995,0.5043163895606995,0.4956836402416229,13,3,12,zero_shot_paired
196,0,13,2,60,1,0,0,0.501242995262146,0.501242995262146,0.501242995262146,0.498757004737854,13,3,12,post_calibration
196,1,13,3,60,0,0,1,0.5034561157226562,0.5034561157226562,0.5034561157226562,0.49654391407966614,13,3,12,post_calibration
196,2,13,6,60,1,1,1,0.5010291337966919,0.5010291337966919,0.49897080659866333,0.5010291337966919,13,3,12,post_calibration
196,3,13,13,60,0,1,0,0.5006348490715027,0.5006348490715027,0.4993651807308197,0.5006348490715027,13,3,12,post_calibration
196,4,13,14,60,1,0,0,0.5044988393783569,0.5044988393783569,0.5044988393783569,0.4955011308193207,13,3,12,post_calibration
196,5,13,17,60,1,0,0,0.504228413105011,0.504228413105011,0.504228413105011,0.4957716166973114,13,3,12,post_calibration
15,0,14,0,60,1,0,0,0.5011947751045227,0.5011947751045227,0.5011947751045227,0.4988052248954773,14,,,zero_shot_all_trials
15,1,14,1,60,0,0,1,0.5017863512039185,0.5017863512039185,0.5017863512039185,0.49821367859840393,14,,,zero_shot_all_trials
15,2,14,2,60,1,1,1,0.5002638101577759,0.5002638101577759,0.49973613023757935,0.5002638101577759,14,,,zero_shot_all_trials
15,3,14,3,60,0,1,0,0.5049775838851929,0.5049775838851929,0.49502241611480713,0.5049775838851929,14,,,zero_shot_all_trials
15,4,14,4,60,0,0,1,0.5010418891906738,0.5010418891906738,0.5010418891906738,0.49895811080932617,14,,,zero_shot_all_trials
15,5,14,5,60,1,0,0,0.5018689632415771,0.5018689632415771,0.5018689632415771,0.49813103675842285,14,,,zero_shot_all_trials
15,6,14,6,60,1,1,1,0.5011406540870667,0.5011406540870667,0.49885937571525574,0.5011406540870667,14,,,zero_shot_all_trials
15,7,14,7,60,1,0,0,0.5049495100975037,0.5049495100975037,0.5049495100975037,0.49505046010017395,14,,,zero_shot_all_trials
15,8,14,8,60,0,0,1,0.5039485096931458,0.5039485096931458,0.5039485096931458,0.49605149030685425,14,,,zero_shot_all_trials
15,9,14,9,60,0,0,1,0.500519871711731,0.500519871711731,0.500519871711731,0.49948009848594666,14,,,zero_shot_all_trials
15,10,14,10,60,1,0,0,0.5007070899009705,0.5007070899009705,0.5007070899009705,0.49929288029670715,14,,,zero_shot_all_trials
15,11,14,11,60,1,0,0,0.5075764060020447,0.5075764060020447,0.5075764060020447,0.49242353439331055,14,,,zero_shot_all_trials
15,12,14,12,60,1,0,0,0.5035384893417358,0.5035384893417358,0.5035384893417358,0.49646154046058655,14,,,zero_shot_all_trials
15,13,14,13,60,0,1,0,0.5045016407966614,0.5045016407966614,0.4954983592033386,0.5045016407966614,14,,,zero_shot_all_trials
15,14,14,14,60,0,1,0,0.5033963322639465,0.5033963322639465,0.49660366773605347,0.5033963322639465,14,,,zero_shot_all_trials
15,15,14,15,60,1,0,0,0.5027418732643127,0.5027418732643127,0.5027418732643127,0.49725812673568726,14,,,zero_shot_all_trials
15,16,14,16,60,0,0,1,0.5020164847373962,0.5020164847373962,0.5020164847373962,0.49798351526260376,14,,,zero_shot_all_trials
15,17,14,17,60,0,1,0,0.5033119320869446,0.5033119320869446,0.4966880679130554,0.5033119320869446,14,,,zero_shot_all_trials
197,0,14,0,60,1,0,0,0.5011948347091675,0.5011948347091675,0.5011948347091675,0.49880513548851013,14,1,3,zero_shot_paired
197,1,14,1,60,0,0,1,0.5017863512039185,0.5017863512039185,0.5017863512039185,0.49821367859840393,14,1,3,zero_shot_paired
197,2,14,4,60,0,0,1,0.5010418891906738,0.5010418891906738,0.5010418891906738,0.4989580512046814,14,1,3,zero_shot_paired
197,3,14,5,60,1,0,0,0.5018690228462219,0.5018690228462219,0.5018690228462219,0.4981309771537781,14,1,3,zero_shot_paired
197,4,14,6,60,1,1,1,0.5011406540870667,0.5011406540870667,0.49885934591293335,0.5011406540870667,14,1,3,zero_shot_paired
197,5,14,7,60,1,0,0,0.5049495697021484,0.5049495697021484,0.5049495697021484,0.49505043029785156,14,1,3,zero_shot_paired
197,6,14,8,60,0,0,1,0.5039485096931458,0.5039485096931458,0.5039485096931458,0.49605152010917664,14,1,3,zero_shot_paired
197,7,14,9,60,0,0,1,0.5005198121070862,0.5005198121070862,0.5005198121070862,0.4994801878929138,14,1,3,zero_shot_paired
197,8,14,11,60,1,0,0,0.507576584815979,0.507576584815979,0.507576584815979,0.4924233853816986,14,1,3,zero_shot_paired
197,9,14,12,60,1,0,0,0.5035384893417358,0.5035384893417358,0.5035384893417358,0.4964614808559418,14,1,3,zero_shot_paired
197,10,14,13,60,0,1,0,0.5045015215873718,0.5045015215873718,0.4954984784126282,0.5045015215873718,14,1,3,zero_shot_paired
197,11,14,14,60,0,1,0,0.5033962726593018,0.5033962726593018,0.49660366773605347,0.5033962726593018,14,1,3,zero_shot_paired
197,12,14,15,60,1,0,0,0.5027418732643127,0.5027418732643127,0.5027418732643127,0.49725809693336487,14,1,3,zero_shot_paired
197,13,14,16,60,0,0,1,0.5020164847373962,0.5020164847373962,0.5020164847373962,0.49798351526260376,14,1,3,zero_shot_paired
197,14,14,17,60,0,1,0,0.5033118724822998,0.5033118724822998,0.4966881275177002,0.5033118724822998,14,1,3,zero_shot_paired
197,0,14,0,60,1,0,0,0.5013647079467773,0.5013647079467773,0.5013647079467773,0.49863529205322266,14,1,3,post_calibration
197,1,14,1,60,0,0,1,0.5018442273139954,0.5018442273139954,0.5018442273139954,0.498155802488327,14,1,3,post_calibration
197,2,14,4,60,0,0,1,0.5010889768600464,0.5010889768600464,0.5010889768600464,0.498911052942276,14,1,3,post_calibration
197,3,14,5,60,1,0,0,0.5019774436950684,0.5019774436950684,0.5019774436950684,0.49802258610725403,14,1,3,post_calibration
197,4,14,6,60,1,1,1,0.501078188419342,0.501078188419342,0.49892178177833557,0.501078188419342,14,1,3,post_calibration
197,5,14,7,60,1,0,0,0.5050143599510193,0.5050143599510193,0.5050143599510193,0.4949856400489807,14,1,3,post_calibration
197,6,14,8,60,0,0,1,0.5039966106414795,0.5039966106414795,0.5039966106414795,0.4960034191608429,14,1,3,post_calibration
197,7,14,9,60,0,0,1,0.500506579875946,0.500506579875946,0.500506579875946,0.49949342012405396,14,1,3,post_calibration
197,8,14,11,60,1,0,0,0.5076338052749634,0.5076338052749634,0.5076338052749634,0.49236616492271423,14,1,3,post_calibration
197,9,14,12,60,1,0,0,0.5035805106163025,0.5035805106163025,0.5035805106163025,0.4964194893836975,14,1,3,post_calibration
197,10,14,13,60,0,1,0,0.5044708251953125,0.5044708251953125,0.4955291450023651,0.5044708251953125,14,1,3,post_calibration
197,11,14,14,60,0,1,0,0.5032737255096436,0.5032737255096436,0.49672624468803406,0.5032737255096436,14,1,3,post_calibration
197,12,14,15,60,1,0,0,0.5027658939361572,0.5027658939361572,0.5027658939361572,0.497234046459198,14,1,3,post_calibration
197,13,14,16,60,0,0,1,0.5020830035209656,0.5020830035209656,0.5020830035209656,0.49791696667671204,14,1,3,post_calibration
197,14,14,17,60,0,1,0,0.5032739639282227,0.5032739639282227,0.49672597646713257,0.5032739639282227,14,1,3,post_calibration
198,0,14,0,60,1,0,0,0.5011948347091675,0.5011948347091675,0.5011948347091675,0.49880513548851013,14,2,3,zero_shot_paired
198,1,14,1,60,0,0,1,0.5017863512039185,0.5017863512039185,0.5017863512039185,0.49821367859840393,14,2,3,zero_shot_paired
198,2,14,2,60,1,1,1,0.5002638101577759,0.5002638101577759,0.49973613023757935,0.5002638101577759,14,2,3,zero_shot_paired
198,3,14,3,60,0,1,0,0.5049775838851929,0.5049775838851929,0.49502241611480713,0.5049775838851929,14,2,3,zero_shot_paired
198,4,14,4,60,0,0,1,0.5010418891906738,0.5010418891906738,0.5010418891906738,0.4989580512046814,14,2,3,zero_shot_paired
198,5,14,5,60,1,0,0,0.5018690228462219,0.5018690228462219,0.5018690228462219,0.4981309771537781,14,2,3,zero_shot_paired
198,6,14,6,60,1,1,1,0.5011406540870667,0.5011406540870667,0.49885934591293335,0.5011406540870667,14,2,3,zero_shot_paired
198,7,14,7,60,1,0,0,0.5049495697021484,0.5049495697021484,0.5049495697021484,0.49505043029785156,14,2,3,zero_shot_paired
198,8,14,8,60,0,0,1,0.5039485096931458,0.5039485096931458,0.5039485096931458,0.49605152010917664,14,2,3,zero_shot_paired
198,9,14,10,60,1,0,0,0.5007073283195496,0.5007073283195496,0.5007073283195496,0.49929264187812805,14,2,3,zero_shot_paired
198,10,14,11,60,1,0,0,0.507576584815979,0.507576584815979,0.507576584815979,0.4924233853816986,14,2,3,zero_shot_paired
198,11,14,12,60,1,0,0,0.5035384893417358,0.5035384893417358,0.5035384893417358,0.4964614808559418,14,2,3,zero_shot_paired
198,12,14,13,60,0,1,0,0.5045015215873718,0.5045015215873718,0.4954984784126282,0.5045015215873718,14,2,3,zero_shot_paired
198,13,14,14,60,0,1,0,0.5033962726593018,0.5033962726593018,0.49660366773605347,0.5033962726593018,14,2,3,zero_shot_paired
198,14,14,17,60,0,1,0,0.5033118724822998,0.5033118724822998,0.4966881275177002,0.5033118724822998,14,2,3,zero_shot_paired
198,0,14,0,60,1,0,0,0.5011869072914124,0.5011869072914124,0.5011869072914124,0.49881309270858765,14,2,3,post_calibration
198,1,14,1,60,0,0,1,0.5017764568328857,0.5017764568328857,0.5017764568328857,0.49822354316711426,14,2,3,post_calibration
198,2,14,2,60,1,1,1,0.5002418756484985,0.5002418756484985,0.49975815415382385,0.5002418756484985,14,2,3,post_calibration
198,3,14,3,60,0,1,0,0.5050020813941956,0.5050020813941956,0.49499794840812683,0.5050020813941956,14,2,3,post_calibration
198,4,14,4,60,0,0,1,0.500988245010376,0.500988245010376,0.500988245010376,0.4990117847919464,14,2,3,post_calibration
198,5,14,5,60,1,0,0,0.501867413520813,0.501867413520813,0.501867413520813,0.498132586479187,14,2,3,post_calibration
198,6,14,6,60,1,1,1,0.5011470913887024,0.5011470913887024,0.49885293841362,0.5011470913887024,14,2,3,post_calibration
198,7,14,7,60,1,0,0,0.5049482583999634,0.5049482583999634,0.5049482583999634,0.4950518012046814,14,2,3,post_calibration
198,8,14,8,60,0,0,1,0.5039304494857788,0.5039304494857788,0.5039304494857788,0.4960694909095764,14,2,3,post_calibration
198,9,14,10,60,1,0,0,0.5007569193840027,0.5007569193840027,0.5007569193840027,0.4992430806159973,14,2,3,post_calibration
198,10,14,11,60,1,0,0,0.5076256394386292,0.5076256394386292,0.5076256394386292,0.49237439036369324,14,2,3,post_calibration
198,11,14,12,60,1,0,0,0.5036250948905945,0.5036250948905945,0.5036250948905945,0.4963749051094055,14,2,3,post_calibration
198,12,14,13,60,0,1,0,0.5044845342636108,0.5044845342636108,0.4955154359340668,0.5044845342636108,14,2,3,post_calibration
198,13,14,14,60,0,1,0,0.5033016204833984,0.5033016204833984,0.4966983497142792,0.5033016204833984,14,2,3,post_calibration
198,14,14,17,60,0,1,0,0.5031754374504089,0.5031754374504089,0.49682459235191345,0.5031754374504089,14,2,3,post_calibration
199,0,14,0,60,1,0,0,0.5011948347091675,0.5011948347091675,0.5011948347091675,0.49880513548851013,14,3,3,zero_shot_paired
199,1,14,1,60,0,0,1,0.5017863512039185,0.5017863512039185,0.5017863512039185,0.49821367859840393,14,3,3,zero_shot_paired
199,2,14,2,60,1,1,1,0.5002638101577759,0.5002638101577759,0.49973613023757935,0.5002638101577759,14,3,3,zero_shot_paired
199,3,14,3,60,0,1,0,0.5049775838851929,0.5049775838851929,0.49502241611480713,0.5049775838851929,14,3,3,zero_shot_paired
199,4,14,4,60,0,0,1,0.5010418891906738,0.5010418891906738,0.5010418891906738,0.4989580512046814,14,3,3,zero_shot_paired
199,5,14,6,60,1,1,1,0.5011406540870667,0.5011406540870667,0.49885934591293335,0.5011406540870667,14,3,3,zero_shot_paired
199,6,14,7,60,1,0,0,0.5049495697021484,0.5049495697021484,0.5049495697021484,0.49505043029785156,14,3,3,zero_shot_paired
199,7,14,8,60,0,0,1,0.5039485096931458,0.5039485096931458,0.5039485096931458,0.49605152010917664,14,3,3,zero_shot_paired
199,8,14,9,60,0,0,1,0.5005198121070862,0.5005198121070862,0.5005198121070862,0.4994801878929138,14,3,3,zero_shot_paired
199,9,14,10,60,1,0,0,0.5007073283195496,0.5007073283195496,0.5007073283195496,0.49929264187812805,14,3,3,zero_shot_paired
199,10,14,12,60,1,0,0,0.5035384893417358,0.5035384893417358,0.5035384893417358,0.4964614808559418,14,3,3,zero_shot_paired
199,11,14,14,60,0,1,0,0.5033962726593018,0.5033962726593018,0.49660366773605347,0.5033962726593018,14,3,3,zero_shot_paired
199,12,14,15,60,1,0,0,0.5027418732643127,0.5027418732643127,0.5027418732643127,0.49725809693336487,14,3,3,zero_shot_paired
199,13,14,16,60,0,0,1,0.5020164847373962,0.5020164847373962,0.5020164847373962,0.49798351526260376,14,3,3,zero_shot_paired
199,14,14,17,60,0,1,0,0.5033118724822998,0.5033118724822998,0.4966881275177002,0.5033118724822998,14,3,3,zero_shot_paired
199,0,14,0,60,1,0,0,0.5011431574821472,0.5011431574821472,0.5011431574821472,0.4988568425178528,14,3,3,post_calibration
199,1,14,1,60,0,0,1,0.5019100308418274,0.5019100308418274,0.5019100308418274,0.498089998960495,14,3,3,post_calibration
199,2,14,2,60,1,1,1,0.5002433061599731,0.5002433061599731,0.49975669384002686,0.5002433061599731,14,3,3,post_calibration
199,3,14,3,60,0,1,0,0.504905104637146,0.504905104637146,0.495094895362854,0.504905104637146,14,3,3,post_calibration
199,4,14,4,60,0,0,1,0.5011456608772278,0.5011456608772278,0.5011456608772278,0.4988543689250946,14,3,3,post_calibration
199,5,14,6,60,1,1,1,0.5011682510375977,0.5011682510375977,0.49883174896240234,0.5011682510375977,14,3,3,post_calibration
199,6,14,7,60,1,0,0,0.5048338174819946,0.5048338174819946,0.5048338174819946,0.49516624212265015,14,3,3,post_calibration
199,7,14,8,60,0,0,1,0.5040270686149597,0.5040270686149597,0.5040270686149597,0.4959729015827179,14,3,3,post_calibration
199,8,14,9,60,0,0,1,0.5006404519081116,0.5006404519081116,0.5006404519081116,0.4993595778942108,14,3,3,post_calibration
199,9,14,10,60,1,0,0,0.5007657408714294,0.5007657408714294,0.5007657408714294,0.49923425912857056,14,3,3,post_calibration
199,10,14,12,60,1,0,0,0.5035264492034912,0.5035264492034912,0.5035264492034912,0.4964735507965088,14,3,3,post_calibration
199,11,14,14,60,0,1,0,0.5034722089767456,0.5034722089767456,0.4965278208255768,0.5034722089767456,14,3,3,post_calibration
199,12,14,15,60,1,0,0,0.5028010010719299,0.5028010010719299,0.5028010010719299,0.49719902873039246,14,3,3,post_calibration
199,13,14,16,60,0,0,1,0.5019805431365967,0.5019805431365967,0.5019805431365967,0.4980194866657257,14,3,3,post_calibration
199,14,14,17,60,0,1,0,0.5032132863998413,0.5032132863998413,0.4967867434024811,0.5032132863998413,14,3,3,post_calibration
200,0,14,0,60,1,0,0,0.5011948347091675,0.5011948347091675,0.5011948347091675,0.49880513548851013,14,4,3,zero_shot_paired
200,1,14,1,60,0,0,1,0.5017863512039185,0.5017863512039185,0.5017863512039185,0.49821367859840393,14,4,3,zero_shot_paired
200,2,14,2,60,1,1,1,0.5002638101577759,0.5002638101577759,0.49973613023757935,0.5002638101577759,14,4,3,zero_shot_paired
200,3,14,3,60,0,1,0,0.5049775838851929,0.5049775838851929,0.49502241611480713,0.5049775838851929,14,4,3,zero_shot_paired
200,4,14,4,60,0,0,1,0.5010418891906738,0.5010418891906738,0.5010418891906738,0.4989580512046814,14,4,3,zero_shot_paired
200,5,14,5,60,1,0,0,0.5018690228462219,0.5018690228462219,0.5018690228462219,0.4981309771537781,14,4,3,zero_shot_paired
200,6,14,7,60,1,0,0,0.5049495697021484,0.5049495697021484,0.5049495697021484,0.49505043029785156,14,4,3,zero_shot_paired
200,7,14,8,60,0,0,1,0.5039485096931458,0.5039485096931458,0.5039485096931458,0.49605152010917664,14,4,3,zero_shot_paired
200,8,14,9,60,0,0,1,0.5005198121070862,0.5005198121070862,0.5005198121070862,0.4994801878929138,14,4,3,zero_shot_paired
200,9,14,10,60,1,0,0,0.5007073283195496,0.5007073283195496,0.5007073283195496,0.49929264187812805,14,4,3,zero_shot_paired
200,10,14,11,60,1,0,0,0.507576584815979,0.507576584815979,0.507576584815979,0.4924233853816986,14,4,3,zero_shot_paired
200,11,14,13,60,0,1,0,0.5045015215873718,0.5045015215873718,0.4954984784126282,0.5045015215873718,14,4,3,zero_shot_paired
200,12,14,14,60,0,1,0,0.5033962726593018,0.5033962726593018,0.49660366773605347,0.5033962726593018,14,4,3,zero_shot_paired
200,13,14,15,60,1,0,0,0.5027418732643127,0.5027418732643127,0.5027418732643127,0.49725809693336487,14,4,3,zero_shot_paired
200,14,14,16,60,0,0,1,0.5020164847373962,0.5020164847373962,0.5020164847373962,0.49798351526260376,14,4,3,zero_shot_paired
200,0,14,0,60,1,0,0,0.5011774897575378,0.5011774897575378,0.5011774897575378,0.49882248044013977,14,4,3,post_calibration
200,1,14,1,60,0,0,1,0.501838743686676,0.501838743686676,0.501838743686676,0.49816128611564636,14,4,3,post_calibration
200,2,14,2,60,1,1,1,0.5003407001495361,0.5003407001495361,0.49965932965278625,0.5003407001495361,14,4,3,post_calibration
200,3,14,3,60,0,1,0,0.504980742931366,0.504980742931366,0.49501925706863403,0.504980742931366,14,4,3,post_calibration
200,4,14,4,60,0,0,1,0.5009999871253967,0.5009999871253967,0.5009999871253967,0.4989999532699585,14,4,3,post_calibration
200,5,14,5,60,1,0,0,0.5018482804298401,0.5018482804298401,0.5018482804298401,0.4981517493724823,14,4,3,post_calibration
200,6,14,7,60,1,0,0,0.5050594210624695,0.5050594210624695,0.5050594210624695,0.49494051933288574,14,4,3,post_calibration
200,7,14,8,60,0,0,1,0.503930389881134,0.503930389881134,0.503930389881134,0.4960695803165436,14,4,3,post_calibration
200,8,14,9,60,0,0,1,0.5004928708076477,0.5004928708076477,0.5004928708076477,0.4995071589946747,14,4,3,post_calibration
200,9,14,10,60,1,0,0,0.5008328557014465,0.5008328557014465,0.5008328557014465,0.4991671144962311,14,4,3,post_calibration
200,10,14,11,60,1,0,0,0.5075581669807434,0.5075581669807434,0.5075581669807434,0.4924418330192566,14,4,3,post_calibration
200,11,14,13,60,0,1,0,0.5044727921485901,0.5044727921485901,0.49552714824676514,0.5044727921485901,14,4,3,post_calibration
200,12,14,14,60,0,1,0,0.5034838914871216,0.5034838914871216,0.49651604890823364,0.5034838914871216,14,4,3,post_calibration
200,13,14,15,60,1,0,0,0.5028057098388672,0.5028057098388672,0.5028057098388672,0.4971942901611328,14,4,3,post_calibration
200,14,14,16,60,0,0,1,0.5020483732223511,0.5020483732223511,0.5020483732223511,0.4979516565799713,14,4,3,post_calibration
201,0,14,0,60,1,0,0,0.5011948347091675,0.5011948347091675,0.5011948347091675,0.49880513548851013,14,5,3,zero_shot_paired
201,1,14,1,60,0,0,1,0.5017863512039185,0.5017863512039185,0.5017863512039185,0.49821367859840393,14,5,3,zero_shot_paired
201,2,14,2,60,1,1,1,0.5002638101577759,0.5002638101577759,0.49973613023757935,0.5002638101577759,14,5,3,zero_shot_paired
201,3,14,3,60,0,1,0,0.5049775838851929,0.5049775838851929,0.49502241611480713,0.5049775838851929,14,5,3,zero_shot_paired
201,4,14,5,60,1,0,0,0.5018690228462219,0.5018690228462219,0.5018690228462219,0.4981309771537781,14,5,3,zero_shot_paired
201,5,14,6,60,1,1,1,0.5011406540870667,0.5011406540870667,0.49885934591293335,0.5011406540870667,14,5,3,zero_shot_paired
201,6,14,9,60,0,0,1,0.5005198121070862,0.5005198121070862,0.5005198121070862,0.4994801878929138,14,5,3,zero_shot_paired
201,7,14,10,60,1,0,0,0.5007073283195496,0.5007073283195496,0.5007073283195496,0.49929264187812805,14,5,3,zero_shot_paired
201,8,14,11,60,1,0,0,0.507576584815979,0.507576584815979,0.507576584815979,0.4924233853816986,14,5,3,zero_shot_paired
201,9,14,12,60,1,0,0,0.5035384893417358,0.5035384893417358,0.5035384893417358,0.4964614808559418,14,5,3,zero_shot_paired
201,10,14,13,60,0,1,0,0.5045015215873718,0.5045015215873718,0.4954984784126282,0.5045015215873718,14,5,3,zero_shot_paired
201,11,14,14,60,0,1,0,0.5033962726593018,0.5033962726593018,0.49660366773605347,0.5033962726593018,14,5,3,zero_shot_paired
201,12,14,15,60,1,0,0,0.5027418732643127,0.5027418732643127,0.5027418732643127,0.49725809693336487,14,5,3,zero_shot_paired
201,13,14,16,60,0,0,1,0.5020164847373962,0.5020164847373962,0.5020164847373962,0.49798351526260376,14,5,3,zero_shot_paired
201,14,14,17,60,0,1,0,0.5033118724822998,0.5033118724822998,0.4966881275177002,0.5033118724822998,14,5,3,zero_shot_paired
201,0,14,0,60,1,0,0,0.5010866522789001,0.5010866522789001,0.5010866522789001,0.49891334772109985,14,5,3,post_calibration
201,1,14,1,60,0,0,1,0.501647412776947,0.501647412776947,0.501647412776947,0.4983525574207306,14,5,3,post_calibration
201,2,14,2,60,1,1,1,0.5004366636276245,0.5004366636276245,0.4995633363723755,0.5004366636276245,14,5,3,post_calibration
201,3,14,3,60,0,1,0,0.5052027702331543,0.5052027702331543,0.4947971999645233,0.5052027702331543,14,5,3,post_calibration
201,4,14,5,60,1,0,0,0.5016998648643494,0.5016998648643494,0.5016998648643494,0.49830013513565063,14,5,3,post_calibration
201,5,14,6,60,1,1,1,0.5011512637138367,0.5011512637138367,0.49884873628616333,0.5011512637138367,14,5,3,post_calibration
201,6,14,9,60,0,0,1,0.5004831552505493,0.5004831552505493,0.5004831552505493,0.4995168149471283,14,5,3,post_calibration
201,7,14,10,60,1,0,0,0.5007097125053406,0.5007097125053406,0.5007097125053406,0.4992903172969818,14,5,3,post_calibration
201,8,14,11,60,1,0,0,0.5075951218605042,0.5075951218605042,0.5075951218605042,0.49240487813949585,14,5,3,post_calibration
201,9,14,12,60,1,0,0,0.5034477114677429,0.5034477114677429,0.5034477114677429,0.4965522885322571,14,5,3,post_calibration
201,10,14,13,60,0,1,0,0.5045926570892334,0.5045926570892334,0.4954073131084442,0.5045926570892334,14,5,3,post_calibration
201,11,14,14,60,0,1,0,0.5034500360488892,0.5034500360488892,0.49654996395111084,0.5034500360488892,14,5,3,post_calibration
201,12,14,15,60,1,0,0,0.5026721954345703,0.5026721954345703,0.5026721954345703,0.4973277747631073,14,5,3,post_calibration
201,13,14,16,60,0,0,1,0.5020331740379333,0.5020331740379333,0.5020331740379333,0.49796685576438904,14,5,3,post_calibration
201,14,14,17,60,0,1,0,0.5034080147743225,0.5034080147743225,0.4965919852256775,0.5034080147743225,14,5,3,post_calibration
202,0,14,2,60,1,1,1,0.5002638101577759,0.5002638101577759,0.49973613023757935,0.5002638101577759,14,6,3,zero_shot_paired
202,1,14,3,60,0,1,0,0.5049775838851929,0.5049775838851929,0.49502241611480713,0.5049775838851929,14,6,3,zero_shot_paired
202,2,14,4,60,0,0,1,0.5010418891906738,0.5010418891906738,0.5010418891906738,0.4989580512046814,14,6,3,zero_shot_paired
202,3,14,5,60,1,0,0,0.5018690228462219,0.5018690228462219,0.5018690228462219,0.4981309771537781,14,6,3,zero_shot_paired
202,4,14,6,60,1,1,1,0.5011406540870667,0.5011406540870667,0.49885934591293335,0.5011406540870667,14,6,3,zero_shot_paired
202,5,14,7,60,1,0,0,0.5049495697021484,0.5049495697021484,0.5049495697021484,0.49505043029785156,14,6,3,zero_shot_paired
202,6,14,8,60,0,0,1,0.5039485096931458,0.5039485096931458,0.5039485096931458,0.49605152010917664,14,6,3,zero_shot_paired
202,7,14,9,60,0,0,1,0.5005198121070862,0.5005198121070862,0.5005198121070862,0.4994801878929138,14,6,3,zero_shot_paired
202,8,14,10,60,1,0,0,0.5007073283195496,0.5007073283195496,0.5007073283195496,0.49929264187812805,14,6,3,zero_shot_paired
202,9,14,11,60,1,0,0,0.507576584815979,0.507576584815979,0.507576584815979,0.4924233853816986,14,6,3,zero_shot_paired
202,10,14,12,60,1,0,0,0.5035384893417358,0.5035384893417358,0.5035384893417358,0.4964614808559418,14,6,3,zero_shot_paired
202,11,14,13,60,0,1,0,0.5045015215873718,0.5045015215873718,0.4954984784126282,0.5045015215873718,14,6,3,zero_shot_paired
202,12,14,15,60,1,0,0,0.5027418732643127,0.5027418732643127,0.5027418732643127,0.49725809693336487,14,6,3,zero_shot_paired
202,13,14,16,60,0,0,1,0.5020164847373962,0.5020164847373962,0.5020164847373962,0.49798351526260376,14,6,3,zero_shot_paired
202,14,14,17,60,0,1,0,0.5033118724822998,0.5033118724822998,0.4966881275177002,0.5033118724822998,14,6,3,zero_shot_paired
202,0,14,2,60,1,1,1,0.5005184412002563,0.5005184412002563,0.49948158860206604,0.5005184412002563,14,6,3,post_calibration
202,1,14,3,60,0,1,0,0.5051630139350891,0.5051630139350891,0.4948369562625885,0.5051630139350891,14,6,3,post_calibration
202,2,14,4,60,0,0,1,0.5008987784385681,0.5008987784385681,0.5008987784385681,0.4991011917591095,14,6,3,post_calibration
202,3,14,5,60,1,0,0,0.5019733905792236,0.5019733905792236,0.5019733905792236,0.49802660942077637,14,6,3,post_calibration
202,4,14,6,60,1,1,1,0.5013262629508972,0.5013262629508972,0.4986737072467804,0.5013262629508972,14,6,3,post_calibration
202,5,14,7,60,1,0,0,0.5048899054527283,0.5048899054527283,0.5048899054527283,0.4951101243495941,14,6,3,post_calibration
202,6,14,8,60,0,0,1,0.5039732456207275,0.5039732456207275,0.5039732456207275,0.49602675437927246,14,6,3,post_calibration
202,7,14,9,60,0,0,1,0.5005192756652832,0.5005192756652832,0.5005192756652832,0.4994807541370392,14,6,3,post_calibration
202,8,14,10,60,1,0,0,0.5006134510040283,0.5006134510040283,0.5006134510040283,0.4993865489959717,14,6,3,post_calibration
202,9,14,11,60,1,0,0,0.5075857043266296,0.5075857043266296,0.5075857043266296,0.492414265871048,14,6,3,post_calibration
202,10,14,12,60,1,0,0,0.5034201145172119,0.5034201145172119,0.5034201145172119,0.4965799152851105,14,6,3,post_calibration
202,11,14,13,60,0,1,0,0.5045763850212097,0.5045763850212097,0.4954236149787903,0.5045763850212097,14,6,3,post_calibration
202,12,14,15,60,1,0,0,0.5027022361755371,0.5027022361755371,0.5027022361755371,0.49729782342910767,14,6,3,post_calibration
202,13,14,16,60,0,0,1,0.5019519925117493,0.5019519925117493,0.5019519925117493,0.49804794788360596,14,6,3,post_calibration
202,14,14,17,60,0,1,0,0.5033097863197327,0.5033097863197327,0.4966902434825897,0.5033097863197327,14,6,3,post_calibration
203,0,14,1,60,0,0,1,0.5017863512039185,0.5017863512039185,0.5017863512039185,0.49821367859840393,14,1,6,zero_shot_paired
203,1,14,2,60,1,1,1,0.5002638101577759,0.5002638101577759,0.49973613023757935,0.5002638101577759,14,1,6,zero_shot_paired
203,2,14,3,60,0,1,0,0.5049775838851929,0.5049775838851929,0.49502241611480713,0.5049775838851929,14,1,6,zero_shot_paired
203,3,14,4,60,0,0,1,0.5010418891906738,0.5010418891906738,0.5010418891906738,0.4989580512046814,14,1,6,zero_shot_paired
203,4,14,6,60,1,1,1,0.5011406540870667,0.5011406540870667,0.49885934591293335,0.5011406540870667,14,1,6,zero_shot_paired
203,5,14,7,60,1,0,0,0.5049495697021484,0.5049495697021484,0.5049495697021484,0.49505043029785156,14,1,6,zero_shot_paired
203,6,14,8,60,0,0,1,0.5039485096931458,0.5039485096931458,0.5039485096931458,0.49605152010917664,14,1,6,zero_shot_paired
203,7,14,10,60,1,0,0,0.5007073283195496,0.5007073283195496,0.5007073283195496,0.49929264187812805,14,1,6,zero_shot_paired
203,8,14,12,60,1,0,0,0.5035384893417358,0.5035384893417358,0.5035384893417358,0.4964614808559418,14,1,6,zero_shot_paired
203,9,14,15,60,1,0,0,0.5027418732643127,0.5027418732643127,0.5027418732643127,0.49725809693336487,14,1,6,zero_shot_paired
203,10,14,16,60,0,0,1,0.5020164847373962,0.5020164847373962,0.5020164847373962,0.49798351526260376,14,1,6,zero_shot_paired
203,11,14,17,60,0,1,0,0.5033118724822998,0.5033118724822998,0.4966881275177002,0.5033118724822998,14,1,6,zero_shot_paired
203,0,14,1,60,0,0,1,0.5016999840736389,0.5016999840736389,0.5016999840736389,0.49830007553100586,14,1,6,post_calibration
203,1,14,2,60,1,1,1,0.5001886487007141,0.5001886487007141,0.4998113811016083,0.5001886487007141,14,1,6,post_calibration
203,2,14,3,60,0,1,0,0.5050757527351379,0.5050757527351379,0.49492427706718445,0.5050757527351379,14,1,6,post_calibration
203,3,14,4,60,0,0,1,0.501020073890686,0.501020073890686,0.501020073890686,0.49897995591163635,14,1,6,post_calibration
203,4,14,6,60,1,1,1,0.5011688470840454,0.5011688470840454,0.498831182718277,0.5011688470840454,14,1,6,post_calibration
203,5,14,7,60,1,0,0,0.5049042105674744,0.5049042105674744,0.5049042105674744,0.495095819234848,14,1,6,post_calibration
203,6,14,8,60,0,0,1,0.5039037466049194,0.5039037466049194,0.5039037466049194,0.49609625339508057,14,1,6,post_calibration
203,7,14,10,60,1,0,0,0.5007978677749634,0.5007978677749634,0.5007978677749634,0.4992021322250366,14,1,6,post_calibration
203,8,14,12,60,1,0,0,0.5036176443099976,0.5036176443099976,0.5036176443099976,0.49638238549232483,14,1,6,post_calibration
203,9,14,15,60,1,0,0,0.5027297139167786,0.5027297139167786,0.5027297139167786,0.49727028608322144,14,1,6,post_calibration
203,10,14,16,60,0,0,1,0.5020294189453125,0.5020294189453125,0.5020294189453125,0.4979705810546875,14,1,6,post_calibration
203,11,14,17,60,0,1,0,0.5031065344810486,0.5031065344810486,0.49689343571662903,0.5031065344810486,14,1,6,post_calibration
204,0,14,0,60,1,0,0,0.5011948347091675,0.5011948347091675,0.5011948347091675,0.49880513548851013,14,2,6,zero_shot_paired
204,1,14,1,60,0,0,1,0.5017863512039185,0.5017863512039185,0.5017863512039185,0.49821367859840393,14,2,6,zero_shot_paired
204,2,14,2,60,1,1,1,0.5002638101577759,0.5002638101577759,0.49973613023757935,0.5002638101577759,14,2,6,zero_shot_paired
204,3,14,4,60,0,0,1,0.5010418891906738,0.5010418891906738,0.5010418891906738,0.4989580512046814,14,2,6,zero_shot_paired
204,4,14,5,60,1,0,0,0.5018690228462219,0.5018690228462219,0.5018690228462219,0.4981309771537781,14,2,6,zero_shot_paired
204,5,14,7,60,1,0,0,0.5049495697021484,0.5049495697021484,0.5049495697021484,0.49505043029785156,14,2,6,zero_shot_paired
204,6,14,9,60,0,0,1,0.5005198121070862,0.5005198121070862,0.5005198121070862,0.4994801878929138,14,2,6,zero_shot_paired
204,7,14,11,60,1,0,0,0.507576584815979,0.507576584815979,0.507576584815979,0.4924233853816986,14,2,6,zero_shot_paired
204,8,14,13,60,0,1,0,0.5045015215873718,0.5045015215873718,0.4954984784126282,0.5045015215873718,14,2,6,zero_shot_paired
204,9,14,14,60,0,1,0,0.5033962726593018,0.5033962726593018,0.49660366773605347,0.5033962726593018,14,2,6,zero_shot_paired
204,10,14,15,60,1,0,0,0.5027418732643127,0.5027418732643127,0.5027418732643127,0.49725809693336487,14,2,6,zero_shot_paired
204,11,14,17,60,0,1,0,0.5033118724822998,0.5033118724822998,0.4966881275177002,0.5033118724822998,14,2,6,zero_shot_paired
204,0,14,0,60,1,0,0,0.5012437105178833,0.5012437105178833,0.5012437105178833,0.4987562596797943,14,2,6,post_calibration
204,1,14,1,60,0,0,1,0.5019189715385437,0.5019189715385437,0.5019189715385437,0.4980810284614563,14,2,6,post_calibration
204,2,14,2,60,1,1,1,0.5002180933952332,0.5002180933952332,0.49978190660476685,0.5002180933952332,14,2,6,post_calibration
204,3,14,4,60,0,0,1,0.5010932683944702,0.5010932683944702,0.5010932683944702,0.4989067614078522,14,2,6,post_calibration
204,4,14,5,60,1,0,0,0.5019372701644897,0.5019372701644897,0.5019372701644897,0.49806272983551025,14,2,6,post_calibration
204,5,14,7,60,1,0,0,0.5049540400505066,0.5049540400505066,0.5049540400505066,0.495045930147171,14,2,6,post_calibration
204,6,14,9,60,0,0,1,0.5004861354827881,0.5004861354827881,0.5004861354827881,0.4995138347148895,14,2,6,post_calibration
204,7,14,11,60,1,0,0,0.5075258612632751,0.5075258612632751,0.5075258612632751,0.49247413873672485,14,2,6,post_calibration
204,8,14,13,60,0,1,0,0.5044939517974854,0.5044939517974854,0.49550604820251465,0.5044939517974854,14,2,6,post_calibration
204,9,14,14,60,0,1,0,0.5034424066543579,0.5034424066543579,0.4965575635433197,0.5034424066543579,14,2,6,post_calibration
204,10,14,15,60,1,0,0,0.5027257204055786,0.5027257204055786,0.5027257204055786,0.4972743093967438,14,2,6,post_calibration
204,11,14,17,60,0,1,0,0.5031985640525818,0.5031985640525818,0.4968014657497406,0.5031985640525818,14,2,6,post_calibration
205,0,14,0,60,1,0,0,0.5011948347091675,0.5011948347091675,0.5011948347091675,0.49880513548851013,14,3,6,zero_shot_paired
205,1,14,3,60,0,1,0,0.5049775838851929,0.5049775838851929,0.49502241611480713,0.5049775838851929,14,3,6,zero_shot_paired
205,2,14,5,60,1,0,0,0.5018690228462219,0.5018690228462219,0.5018690228462219,0.4981309771537781,14,3,6,zero_shot_paired
205,3,14,6,60,1,1,1,0.5011406540870667,0.5011406540870667,0.49885934591293335,0.5011406540870667,14,3,6,zero_shot_paired
205,4,14,8,60,0,0,1,0.5039485096931458,0.5039485096931458,0.5039485096931458,0.49605152010917664,14,3,6,zero_shot_paired
205,5,14,9,60,0,0,1,0.5005198121070862,0.5005198121070862,0.5005198121070862,0.4994801878929138,14,3,6,zero_shot_paired
205,6,14,10,60,1,0,0,0.5007073283195496,0.5007073283195496,0.5007073283195496,0.49929264187812805,14,3,6,zero_shot_paired
205,7,14,11,60,1,0,0,0.507576584815979,0.507576584815979,0.507576584815979,0.4924233853816986,14,3,6,zero_shot_paired
205,8,14,12,60,1,0,0,0.5035384893417358,0.5035384893417358,0.5035384893417358,0.4964614808559418,14,3,6,zero_shot_paired
205,9,14,13,60,0,1,0,0.5045015215873718,0.5045015215873718,0.4954984784126282,0.5045015215873718,14,3,6,zero_shot_paired
205,10,14,14,60,0,1,0,0.5033962726593018,0.5033962726593018,0.49660366773605347,0.5033962726593018,14,3,6,zero_shot_paired
205,11,14,16,60,0,0,1,0.5020164847373962,0.5020164847373962,0.5020164847373962,0.49798351526260376,14,3,6,zero_shot_paired
205,0,14,0,60,1,0,0,0.5010135769844055,0.5010135769844055,0.5010135769844055,0.4989863932132721,14,3,6,post_calibration
205,1,14,3,60,0,1,0,0.5048910975456238,0.5048910975456238,0.4951089322566986,0.5048910975456238,14,3,6,post_calibration
205,2,14,5,60,1,0,0,0.5018370151519775,0.5018370151519775,0.5018370151519775,0.4981629550457001,14,3,6,post_calibration
205,3,14,6,60,1,1,1,0.5011908411979675,0.5011908411979675,0.49880915880203247,0.5011908411979675,14,3,6,post_calibration
205,4,14,8,60,0,0,1,0.5037795305252075,0.5037795305252075,0.5037795305252075,0.49622049927711487,14,3,6,post_calibration
205,5,14,9,60,0,0,1,0.5004711747169495,0.5004711747169495,0.5004711747169495,0.49952876567840576,14,3,6,post_calibration
205,6,14,10,60,1,0,0,0.5007675290107727,0.5007675290107727,0.5007675290107727,0.49923253059387207,14,3,6,post_calibration
205,7,14,11,60,1,0,0,0.5075297951698303,0.5075297951698303,0.5075297951698303,0.4924702048301697,14,3,6,post_calibration
205,8,14,12,60,1,0,0,0.5035611987113953,0.5035611987113953,0.5035611987113953,0.4964388608932495,14,3,6,post_calibration
205,9,14,13,60,0,1,0,0.5044710636138916,0.5044710636138916,0.495528906583786,0.5044710636138916,14,3,6,post_calibration
205,10,14,14,60,0,1,0,0.5034672617912292,0.5034672617912292,0.49653276801109314,0.5034672617912292,14,3,6,post_calibration
205,11,14,16,60,0,0,1,0.5020869374275208,0.5020869374275208,0.5020869374275208,0.49791309237480164,14,3,6,post_calibration
206,0,14,2,60,1,1,1,0.5002638697624207,0.5002638697624207,0.49973613023757935,0.5002638697624207,14,1,9,zero_shot_paired
206,1,14,3,60,0,1,0,0.5049775242805481,0.5049775242805481,0.4950225055217743,0.5049775242805481,14,1,9,zero_shot_paired
206,2,14,4,60,0,0,1,0.5010420680046082,0.5010420680046082,0.5010420680046082,0.49895790219306946,14,1,9,zero_shot_paired
206,3,14,6,60,1,1,1,0.5011406540870667,0.5011406540870667,0.49885934591293335,0.5011406540870667,14,1,9,zero_shot_paired
206,4,14,9,60,0,0,1,0.500519871711731,0.500519871711731,0.500519871711731,0.49948009848594666,14,1,9,zero_shot_paired
206,5,14,11,60,1,0,0,0.5075765252113342,0.5075765252113342,0.5075765252113342,0.4924234449863434,14,1,9,zero_shot_paired
206,6,14,13,60,0,1,0,0.5045016407966614,0.5045016407966614,0.495498389005661,0.5045016407966614,14,1,9,zero_shot_paired
206,7,14,14,60,0,1,0,0.5033962726593018,0.5033962726593018,0.49660369753837585,0.5033962726593018,14,1,9,zero_shot_paired
206,8,14,15,60,1,0,0,0.5027420520782471,0.5027420520782471,0.5027420520782471,0.49725791811943054,14,1,9,zero_shot_paired
206,0,14,2,60,1,1,1,0.5002103447914124,0.5002103447914124,0.49978965520858765,0.5002103447914124,14,1,9,post_calibration
206,1,14,3,60,0,1,0,0.5050210952758789,0.5050210952758789,0.49497896432876587,0.5050210952758789,14,1,9,post_calibration
206,2,14,4,60,0,0,1,0.5010197162628174,0.5010197162628174,0.5010197162628174,0.49898025393486023,14,1,9,post_calibration
206,3,14,6,60,1,1,1,0.5010995864868164,0.5010995864868164,0.4989003837108612,0.5010995864868164,14,1,9,post_calibration
206,4,14,9,60,0,0,1,0.5005084872245789,0.5005084872245789,0.5005084872245789,0.49949151277542114,14,1,9,post_calibration
206,5,14,11,60,1,0,0,0.507611095905304,0.507611095905304,0.507611095905304,0.49238890409469604,14,1,9,post_calibration
206,6,14,13,60,0,1,0,0.5044510960578918,0.5044510960578918,0.49554893374443054,0.5044510960578918,14,1,9,post_calibration
206,7,14,14,60,0,1,0,0.5033780932426453,0.5033780932426453,0.49662187695503235,0.5033780932426453,14,1,9,post_calibration
206,8,14,15,60,1,0,0,0.5027418732643127,0.5027418732643127,0.5027418732643127,0.49725809693336487,14,1,9,post_calibration
207,0,14,0,60,1,0,0,0.5011947751045227,0.5011947751045227,0.5011947751045227,0.4988052248954773,14,2,9,zero_shot_paired
207,1,14,1,60,0,0,1,0.5017861723899841,0.5017861723899841,0.5017861723899841,0.49821382761001587,14,2,9,zero_shot_paired
207,2,14,5,60,1,0,0,0.5018689036369324,0.5018689036369324,0.5018689036369324,0.4981310963630676,14,2,9,zero_shot_paired
207,3,14,7,60,1,0,0,0.5049495697021484,0.5049495697021484,0.5049495697021484,0.49505043029785156,14,2,9,zero_shot_paired
207,4,14,8,60,0,0,1,0.503948450088501,0.503948450088501,0.503948450088501,0.49605152010917664,14,2,9,zero_shot_paired
207,5,14,10,60,1,0,0,0.50070720911026,0.50070720911026,0.50070720911026,0.4992927610874176,14,2,9,zero_shot_paired
207,6,14,12,60,1,0,0,0.5035386085510254,0.5035386085510254,0.5035386085510254,0.496461421251297,14,2,9,zero_shot_paired
207,7,14,16,60,0,0,1,0.5020164847373962,0.5020164847373962,0.5020164847373962,0.49798348546028137,14,2,9,zero_shot_paired
207,8,14,17,60,0,1,0,0.5033118724822998,0.5033118724822998,0.4966881275177002,0.5033118724822998,14,2,9,zero_shot_paired
207,0,14,0,60,1,0,0,0.5012156963348389,0.5012156963348389,0.5012156963348389,0.49878424406051636,14,2,9,post_calibration
207,1,14,1,60,0,0,1,0.5019401907920837,0.5019401907920837,0.5019401907920837,0.49805983901023865,14,2,9,post_calibration
207,2,14,5,60,1,0,0,0.5019603371620178,0.5019603371620178,0.5019603371620178,0.4980396032333374,14,2,9,post_calibration
207,3,14,7,60,1,0,0,0.5051776170730591,0.5051776170730591,0.5051776170730591,0.4948223829269409,14,2,9,post_calibration
207,4,14,8,60,0,0,1,0.504001259803772,0.504001259803772,0.504001259803772,0.4959987699985504,14,2,9,post_calibration
207,5,14,10,60,1,0,0,0.5007501244544983,0.5007501244544983,0.5007501244544983,0.4992498457431793,14,2,9,post_calibration
207,6,14,12,60,1,0,0,0.503636360168457,0.503636360168457,0.503636360168457,0.4963635802268982,14,2,9,post_calibration
207,7,14,16,60,0,0,1,0.502129852771759,0.502129852771759,0.502129852771759,0.49787014722824097,14,2,9,post_calibration
207,8,14,17,60,0,1,0,0.5032519102096558,0.5032519102096558,0.49674808979034424,0.5032519102096558,14,2,9,post_calibration
208,0,14,3,60,0,1,0,0.5049788951873779,0.5049788951873779,0.49502116441726685,0.5049788951873779,14,1,12,zero_shot_paired
208,1,14,4,60,0,0,1,0.5010421872138977,0.5010421872138977,0.5010421872138977,0.4989578127861023,14,1,12,zero_shot_paired
208,2,14,5,60,1,0,0,0.5018686056137085,0.5018686056137085,0.5018686056137085,0.4981313943862915,14,1,12,zero_shot_paired
208,3,14,7,60,1,0,0,0.5049501061439514,0.5049501061439514,0.5049501061439514,0.4950498938560486,14,1,12,zero_shot_paired
208,4,14,10,60,1,0,0,0.5007038712501526,0.5007038712501526,0.5007038712501526,0.4992961585521698,14,1,12,zero_shot_paired
208,5,14,14,60,0,1,0,0.5033962726593018,0.5033962726593018,0.49660366773605347,0.5033962726593018,14,1,12,zero_shot_paired
208,0,14,3,60,0,1,0,0.5050321817398071,0.5050321817398071,0.49496784806251526,0.5050321817398071,14,1,12,post_calibration
208,1,14,4,60,0,0,1,0.5012122392654419,0.5012122392654419,0.5012122392654419,0.4987877905368805,14,1,12,post_calibration
208,2,14,5,60,1,0,0,0.5019937753677368,0.5019937753677368,0.5019937753677368,0.4980062246322632,14,1,12,post_calibration
208,3,14,7,60,1,0,0,0.5051026940345764,0.5051026940345764,0.5051026940345764,0.4948972761631012,14,1,12,post_calibration
208,4,14,10,60,1,0,0,0.5009129047393799,0.5009129047393799,0.5009129047393799,0.49908706545829773,14,1,12,post_calibration
208,5,14,14,60,0,1,0,0.5035659074783325,0.5035659074783325,0.49643412232398987,0.5035659074783325,14,1,12,post_calibration
209,0,14,1,60,0,0,1,0.5017895698547363,0.5017895698547363,0.5017895698547363,0.49821045994758606,14,2,12,zero_shot_paired
209,1,14,2,60,1,1,1,0.5002623200416565,0.5002623200416565,0.4997376501560211,0.5002623200416565,14,2,12,zero_shot_paired
209,2,14,5,60,1,0,0,0.5018686056137085,0.5018686056137085,0.5018686056137085,0.4981313943862915,14,2,12,zero_shot_paired
209,3,14,7,60,1,0,0,0.5049501061439514,0.5049501061439514,0.5049501061439514,0.4950498938560486,14,2,12,zero_shot_paired
209,4,14,8,60,0,0,1,0.5039492249488831,0.5039492249488831,0.5039492249488831,0.49605074524879456,14,2,12,zero_shot_paired
209,5,14,14,60,0,1,0,0.5033962726593018,0.5033962726593018,0.49660366773605347,0.5033962726593018,14,2,12,zero_shot_paired
209,0,14,1,60,0,0,1,0.5018160343170166,0.5018160343170166,0.5018160343170166,0.4981839060783386,14,2,12,post_calibration
209,1,14,2,60,1,1,1,0.5003948211669922,0.5003948211669922,0.4996052086353302,0.5003948211669922,14,2,12,post_calibration
209,2,14,5,60,1,0,0,0.5020402073860168,0.5020402073860168,0.5020402073860168,0.49795979261398315,14,2,12,post_calibration
209,3,14,7,60,1,0,0,0.5050516724586487,0.5050516724586487,0.5050516724586487,0.4949483275413513,14,2,12,post_calibration
209,4,14,8,60,0,0,1,0.5039147734642029,0.5039147734642029,0.5039147734642029,0.49608519673347473,14,2,12,post_calibration
209,5,14,14,60,0,1,0,0.5035625100135803,0.5035625100135803,0.4964374601840973,0.5035625100135803,14,2,12,post_calibration
210,0,14,2,60,1,1,1,0.5002623200416565,0.5002623200416565,0.4997376501560211,0.5002623200416565,14,3,12,zero_shot_paired
210,1,14,4,60,0,0,1,0.5010421872138977,0.5010421872138977,0.5010421872138977,0.4989578127861023,14,3,12,zero_shot_paired
210,2,14,10,60,1,0,0,0.5007038712501526,0.5007038712501526,0.5007038712501526,0.4992961585521698,14,3,12,zero_shot_paired
210,3,14,11,60,1,0,0,0.5075789093971252,0.5075789093971252,0.5075789093971252,0.49242109060287476,14,3,12,zero_shot_paired
210,4,14,13,60,0,1,0,0.5045006275177002,0.5045006275177002,0.4954994320869446,0.5045006275177002,14,3,12,zero_shot_paired
210,5,14,17,60,0,1,0,0.5033134818077087,0.5033134818077087,0.49668648838996887,0.5033134818077087,14,3,12,zero_shot_paired
210,0,14,2,60,1,1,1,0.5001371502876282,0.5001371502876282,0.4998628497123718,0.5001371502876282,14,3,12,post_calibration
210,1,14,4,60,0,0,1,0.5011451244354248,0.5011451244354248,0.5011451244354248,0.4988548457622528,14,3,12,post_calibration
210,2,14,10,60,1,0,0,0.5008547902107239,0.5008547902107239,0.5008547902107239,0.4991452097892761,14,3,12,post_calibration
210,3,14,11,60,1,0,0,0.5075844526290894,0.5075844526290894,0.5075844526290894,0.49241554737091064,14,3,12,post_calibration
210,4,14,13,60,0,1,0,0.5044988393783569,0.5044988393783569,0.49550119042396545,0.5044988393783569,14,3,12,post_calibration
210,5,14,17,60,0,1,0,0.5033103227615356,0.5033103227615356,0.4966896176338196,0.5033103227615356,14,3,12,post_calibration
16,0,15,0,60,0,1,0,0.5014547109603882,0.5014547109603882,0.4985453188419342,0.5014547109603882,15,,,zero_shot_all_trials
16,1,15,1,60,0,1,0,0.5068432092666626,0.5068432092666626,0.4931568205356598,0.5068432092666626,15,,,zero_shot_all_trials
16,2,15,2,60,1,0,0,0.5004968047142029,0.5004968047142029,0.5004968047142029,0.4995031952857971,15,,,zero_shot_all_trials
16,3,15,3,60,0,0,1,0.5023828744888306,0.5023828744888306,0.5023828744888306,0.49761712551116943,15,,,zero_shot_all_trials
16,4,15,4,60,0,1,0,0.5011298060417175,0.5011298060417175,0.49887025356292725,0.5011298060417175,15,,,zero_shot_all_trials
16,5,15,5,60,0,0,1,0.5003779530525208,0.5003779530525208,0.5003779530525208,0.49962204694747925,15,,,zero_shot_all_trials
16,6,15,6,60,1,1,1,0.5061240196228027,0.5061240196228027,0.49387601017951965,0.5061240196228027,15,,,zero_shot_all_trials
16,7,15,7,60,0,0,1,0.5028524994850159,0.5028524994850159,0.5028524994850159,0.49714747071266174,15,,,zero_shot_all_trials
16,8,15,8,60,0,0,1,0.5061315298080444,0.5061315298080444,0.5061315298080444,0.49386847019195557,15,,,zero_shot_all_trials
16,9,15,9,60,0,0,1,0.5023494362831116,0.5023494362831116,0.5023494362831116,0.4976505637168884,15,,,zero_shot_all_trials
16,10,15,10,60,1,0,0,0.5000250339508057,0.5000250339508057,0.5000250339508057,0.4999749958515167,15,,,zero_shot_all_trials
16,11,15,11,60,1,1,1,0.5044432878494263,0.5044432878494263,0.49555671215057373,0.5044432878494263,15,,,zero_shot_all_trials
16,12,15,12,60,1,0,0,0.5003031492233276,0.5003031492233276,0.5003031492233276,0.49969685077667236,15,,,zero_shot_all_trials
16,13,15,13,60,1,0,0,0.5029112100601196,0.5029112100601196,0.5029112100601196,0.49708878993988037,15,,,zero_shot_all_trials
16,14,15,14,60,0,0,1,0.5036076903343201,0.5036076903343201,0.5036076903343201,0.49639230966567993,15,,,zero_shot_all_trials
16,15,15,15,60,1,1,1,0.5009164810180664,0.5009164810180664,0.4990835189819336,0.5009164810180664,15,,,zero_shot_all_trials
16,16,15,16,60,0,0,1,0.5008774399757385,0.5008774399757385,0.5008774399757385,0.4991225600242615,15,,,zero_shot_all_trials
16,17,15,17,60,0,0,1,0.5023618936538696,0.5023618936538696,0.5023618936538696,0.4976380467414856,15,,,zero_shot_all_trials
211,0,15,0,60,0,1,0,0.5014551281929016,0.5014551281929016,0.4985448718070984,0.5014551281929016,15,1,3,zero_shot_paired
211,1,15,1,60,0,1,0,0.5068432092666626,0.5068432092666626,0.4931568205356598,0.5068432092666626,15,1,3,zero_shot_paired
211,2,15,2,60,1,0,0,0.5004966259002686,0.5004966259002686,0.5004966259002686,0.49950334429740906,15,1,3,zero_shot_paired
211,3,15,3,60,0,0,1,0.5023829340934753,0.5023829340934753,0.5023829340934753,0.49761706590652466,15,1,3,zero_shot_paired
211,4,15,5,60,0,0,1,0.500377893447876,0.500377893447876,0.500377893447876,0.49962207674980164,15,1,3,zero_shot_paired
211,5,15,7,60,0,0,1,0.5028526782989502,0.5028526782989502,0.5028526782989502,0.4971473515033722,15,1,3,zero_shot_paired
211,6,15,8,60,0,0,1,0.5061314702033997,0.5061314702033997,0.5061314702033997,0.49386855959892273,15,1,3,zero_shot_paired
211,7,15,9,60,0,0,1,0.502349317073822,0.502349317073822,0.502349317073822,0.4976506531238556,15,1,3,zero_shot_paired
211,8,15,10,60,1,0,0,0.5000250339508057,0.5000250339508057,0.5000250339508057,0.4999749958515167,15,1,3,zero_shot_paired
211,9,15,11,60,1,1,1,0.5044432282447815,0.5044432282447815,0.4955568015575409,0.5044432282447815,15,1,3,zero_shot_paired
211,10,15,12,60,1,0,0,0.5003030896186829,0.5003030896186829,0.5003030896186829,0.4996969401836395,15,1,3,zero_shot_paired
211,11,15,13,60,1,0,0,0.5029113292694092,0.5029113292694092,0.5029113292694092,0.4970887303352356,15,1,3,zero_shot_paired
211,12,15,15,60,1,1,1,0.5009164214134216,0.5009164214134216,0.49908357858657837,0.5009164214134216,15,1,3,zero_shot_paired
211,13,15,16,60,0,0,1,0.5008774399757385,0.5008774399757385,0.5008774399757385,0.4991225600242615,15,1,3,zero_shot_paired
211,14,15,17,60,0,0,1,0.5023618936538696,0.5023618936538696,0.5023618936538696,0.497638076543808,15,1,3,zero_shot_paired
211,0,15,0,60,0,1,0,0.5014532804489136,0.5014532804489136,0.4985467195510864,0.5014532804489136,15,1,3,post_calibration
211,1,15,1,60,0,1,0,0.5069148540496826,0.5069148540496826,0.4930851459503174,0.5069148540496826,15,1,3,post_calibration
211,2,15,2,60,1,0,0,0.5004121661186218,0.5004121661186218,0.5004121661186218,0.49958786368370056,15,1,3,post_calibration
211,3,15,3,60,0,0,1,0.5022953152656555,0.5022953152656555,0.5022953152656555,0.49770471453666687,15,1,3,post_calibration
211,4,15,5,60,0,0,1,0.5002725124359131,0.5002725124359131,0.5002725124359131,0.4997274577617645,15,1,3,post_calibration
211,5,15,7,60,0,0,1,0.5027419924736023,0.5027419924736023,0.5027419924736023,0.4972580075263977,15,1,3,post_calibration
211,6,15,8,60,0,0,1,0.5061020255088806,0.5061020255088806,0.5061020255088806,0.493897944688797,15,1,3,post_calibration
211,7,15,9,60,0,0,1,0.5023047924041748,0.5023047924041748,0.5023047924041748,0.4976952075958252,15,1,3,post_calibration
211,8,15,10,60,1,0,0,0.5000460147857666,0.5000460147857666,0.5000460147857666,0.4999540150165558,15,1,3,post_calibration
211,9,15,11,60,1,1,1,0.504369854927063,0.504369854927063,0.4956301152706146,0.504369854927063,15,1,3,post_calibration
211,10,15,12,60,1,0,0,0.5002593398094177,0.5002593398094177,0.5002593398094177,0.4997406303882599,15,1,3,post_calibration
211,11,15,13,60,1,0,0,0.5028469562530518,0.5028469562530518,0.5028469562530518,0.49715301394462585,15,1,3,post_calibration
211,12,15,15,60,1,1,1,0.5009673833847046,0.5009673833847046,0.4990326166152954,0.5009673833847046,15,1,3,post_calibration
211,13,15,16,60,0,0,1,0.5008348226547241,0.5008348226547241,0.5008348226547241,0.4991651773452759,15,1,3,post_calibration
211,14,15,17,60,0,0,1,0.5023499727249146,0.5023499727249146,0.5023499727249146,0.49764999747276306,15,1,3,post_calibration
212,0,15,1,60,0,1,0,0.5068432092666626,0.5068432092666626,0.4931568205356598,0.5068432092666626,15,2,3,zero_shot_paired
212,1,15,2,60,1,0,0,0.5004966259002686,0.5004966259002686,0.5004966259002686,0.49950334429740906,15,2,3,zero_shot_paired
212,2,15,3,60,0,0,1,0.5023829340934753,0.5023829340934753,0.5023829340934753,0.49761706590652466,15,2,3,zero_shot_paired
212,3,15,4,60,0,1,0,0.5011298060417175,0.5011298060417175,0.49887025356292725,0.5011298060417175,15,2,3,zero_shot_paired
212,4,15,5,60,0,0,1,0.500377893447876,0.500377893447876,0.500377893447876,0.49962207674980164,15,2,3,zero_shot_paired
212,5,15,6,60,1,1,1,0.5061240792274475,0.5061240792274475,0.4938759505748749,0.5061240792274475,15,2,3,zero_shot_paired
212,6,15,7,60,0,0,1,0.5028526782989502,0.5028526782989502,0.5028526782989502,0.4971473515033722,15,2,3,zero_shot_paired
212,7,15,8,60,0,0,1,0.5061314702033997,0.5061314702033997,0.5061314702033997,0.49386855959892273,15,2,3,zero_shot_paired
212,8,15,9,60,0,0,1,0.502349317073822,0.502349317073822,0.502349317073822,0.4976506531238556,15,2,3,zero_shot_paired
212,9,15,10,60,1,0,0,0.5000250339508057,0.5000250339508057,0.5000250339508057,0.4999749958515167,15,2,3,zero_shot_paired
212,10,15,12,60,1,0,0,0.5003030896186829,0.5003030896186829,0.5003030896186829,0.4996969401836395,15,2,3,zero_shot_paired
212,11,15,13,60,1,0,0,0.5029113292694092,0.5029113292694092,0.5029113292694092,0.4970887303352356,15,2,3,zero_shot_paired
212,12,15,14,60,0,0,1,0.5036077499389648,0.5036077499389648,0.5036077499389648,0.49639225006103516,15,2,3,zero_shot_paired
212,13,15,15,60,1,1,1,0.5009164214134216,0.5009164214134216,0.49908357858657837,0.5009164214134216,15,2,3,zero_shot_paired
212,14,15,17,60,0,0,1,0.5023618936538696,0.5023618936538696,0.5023618936538696,0.497638076543808,15,2,3,zero_shot_paired
212,0,15,1,60,0,1,0,0.506733775138855,0.506733775138855,0.493266224861145,0.506733775138855,15,2,3,post_calibration
212,1,15,2,60,1,0,0,0.5006017684936523,0.5006017684936523,0.5006017684936523,0.49939826130867004,15,2,3,post_calibration
212,2,15,3,60,0,0,1,0.502582311630249,0.502582311630249,0.502582311630249,0.49741771817207336,15,2,3,post_calibration
212,3,15,4,60,0,1,0,0.5013617277145386,0.5013617277145386,0.4986382722854614,0.5013617277145386,15,2,3,post_calibration
212,4,15,5,60,0,0,1,0.5005546808242798,0.5005546808242798,0.5005546808242798,0.49944525957107544,15,2,3,post_calibration
212,5,15,6,60,1,1,1,0.5059903264045715,0.5059903264045715,0.49400970339775085,0.5059903264045715,15,2,3,post_calibration
212,6,15,7,60,0,0,1,0.5028237104415894,0.5028237104415894,0.5028237104415894,0.49717631936073303,15,2,3,post_calibration
212,7,15,8,60,0,0,1,0.5062294006347656,0.5062294006347656,0.5062294006347656,0.49377062916755676,15,2,3,post_calibration
212,8,15,9,60,0,0,1,0.5020992159843445,0.5020992159843445,0.5020992159843445,0.4979008138179779,15,2,3,post_calibration
212,9,15,10,60,1,1,1,0.5001769065856934,0.5001769065856934,0.49982309341430664,0.5001769065856934,15,2,3,post_calibration
212,10,15,12,60,1,0,0,0.5004147887229919,0.5004147887229919,0.5004147887229919,0.49958521127700806,15,2,3,post_calibration
212,11,15,13,60,1,0,0,0.503040075302124,0.503040075302124,0.503040075302124,0.496959924697876,15,2,3,post_calibration
212,12,15,14,60,0,0,1,0.5037603378295898,0.5037603378295898,0.5037603378295898,0.49623963236808777,15,2,3,post_calibration
212,13,15,15,60,1,1,1,0.5008044838905334,0.5008044838905334,0.49919551610946655,0.5008044838905334,15,2,3,post_calibration
212,14,15,17,60,0,0,1,0.5025618672370911,0.5025618672370911,0.5025618672370911,0.4974381625652313,15,2,3,post_calibration
213,0,15,0,60,0,1,0,0.5014551281929016,0.5014551281929016,0.4985448718070984,0.5014551281929016,15,3,3,zero_shot_paired
213,1,15,2,60,1,0,0,0.5004966259002686,0.5004966259002686,0.5004966259002686,0.49950334429740906,15,3,3,zero_shot_paired
213,2,15,3,60,0,0,1,0.5023829340934753,0.5023829340934753,0.5023829340934753,0.49761706590652466,15,3,3,zero_shot_paired
213,3,15,4,60,0,1,0,0.5011298060417175,0.5011298060417175,0.49887025356292725,0.5011298060417175,15,3,3,zero_shot_paired
213,4,15,6,60,1,1,1,0.5061240792274475,0.5061240792274475,0.4938759505748749,0.5061240792274475,15,3,3,zero_shot_paired
213,5,15,7,60,0,0,1,0.5028526782989502,0.5028526782989502,0.5028526782989502,0.4971473515033722,15,3,3,zero_shot_paired
213,6,15,8,60,0,0,1,0.5061314702033997,0.5061314702033997,0.5061314702033997,0.49386855959892273,15,3,3,zero_shot_paired
213,7,15,9,60,0,0,1,0.502349317073822,0.502349317073822,0.502349317073822,0.4976506531238556,15,3,3,zero_shot_paired
213,8,15,10,60,1,0,0,0.5000250339508057,0.5000250339508057,0.5000250339508057,0.4999749958515167,15,3,3,zero_shot_paired
213,9,15,11,60,1,1,1,0.5044432282447815,0.5044432282447815,0.4955568015575409,0.5044432282447815,15,3,3,zero_shot_paired
213,10,15,13,60,1,0,0,0.5029113292694092,0.5029113292694092,0.5029113292694092,0.4970887303352356,15,3,3,zero_shot_paired
213,11,15,14,60,0,0,1,0.5036077499389648,0.5036077499389648,0.5036077499389648,0.49639225006103516,15,3,3,zero_shot_paired
213,12,15,15,60,1,1,1,0.5009164214134216,0.5009164214134216,0.49908357858657837,0.5009164214134216,15,3,3,zero_shot_paired
213,13,15,16,60,0,0,1,0.5008774399757385,0.5008774399757385,0.5008774399757385,0.4991225600242615,15,3,3,zero_shot_paired
213,14,15,17,60,0,0,1,0.5023618936538696,0.5023618936538696,0.5023618936538696,0.497638076543808,15,3,3,zero_shot_paired
213,0,15,0,60,0,1,0,0.5015057325363159,0.5015057325363159,0.4984942376613617,0.5015057325363159,15,3,3,post_calibration
213,1,15,2,60,1,0,0,0.5006186962127686,0.5006186962127686,0.5006186962127686,0.49938130378723145,15,3,3,post_calibration
213,2,15,3,60,0,0,1,0.5023424029350281,0.5023424029350281,0.5023424029350281,0.4976576268672943,15,3,3,post_calibration
213,3,15,4,60,0,1,0,0.5008713006973267,0.5008713006973267,0.49912866950035095,0.5008713006973267,15,3,3,post_calibration
213,4,15,6,60,1,1,1,0.5059699416160583,0.5059699416160583,0.49403002858161926,0.5059699416160583,15,3,3,post_calibration
213,5,15,7,60,0,0,1,0.5030595660209656,0.5030595660209656,0.5030595660209656,0.4969404339790344,15,3,3,post_calibration
213,6,15,8,60,0,0,1,0.5060927271842957,0.5060927271842957,0.5060927271842957,0.49390727281570435,15,3,3,post_calibration
213,7,15,9,60,0,0,1,0.5022984147071838,0.5022984147071838,0.5022984147071838,0.49770158529281616,15,3,3,post_calibration
213,8,15,10,60,1,0,0,0.5001314282417297,0.5001314282417297,0.5001314282417297,0.49986857175827026,15,3,3,post_calibration
213,9,15,11,60,1,1,1,0.5044113993644714,0.5044113993644714,0.4955885708332062,0.5044113993644714,15,3,3,post_calibration
213,10,15,13,60,1,0,0,0.502987265586853,0.502987265586853,0.502987265586853,0.49701279401779175,15,3,3,post_calibration
213,11,15,14,60,0,0,1,0.5035795569419861,0.5035795569419861,0.5035795569419861,0.49642041325569153,15,3,3,post_calibration
213,12,15,15,60,1,1,1,0.500861406326294,0.500861406326294,0.49913856387138367,0.500861406326294,15,3,3,post_calibration
213,13,15,16,60,0,0,1,0.5009512305259705,0.5009512305259705,0.5009512305259705,0.49904876947402954,15,3,3,post_calibration
213,14,15,17,60,0,0,1,0.5023497343063354,0.5023497343063354,0.5023497343063354,0.49765026569366455,15,3,3,post_calibration
214,0,15,0,60,0,1,0,0.5014551281929016,0.5014551281929016,0.4985448718070984,0.5014551281929016,15,4,3,zero_shot_paired
214,1,15,1,60,0,1,0,0.5068432092666626,0.5068432092666626,0.4931568205356598,0.5068432092666626,15,4,3,zero_shot_paired
214,2,15,2,60,1,0,0,0.5004966259002686,0.5004966259002686,0.5004966259002686,0.49950334429740906,15,4,3,zero_shot_paired
214,3,15,3,60,0,0,1,0.5023829340934753,0.5023829340934753,0.5023829340934753,0.49761706590652466,15,4,3,zero_shot_paired
214,4,15,4,60,0,1,0,0.5011298060417175,0.5011298060417175,0.49887025356292725,0.5011298060417175,15,4,3,zero_shot_paired
214,5,15,5,60,0,0,1,0.500377893447876,0.500377893447876,0.500377893447876,0.49962207674980164,15,4,3,zero_shot_paired
214,6,15,6,60,1,1,1,0.5061240792274475,0.5061240792274475,0.4938759505748749,0.5061240792274475,15,4,3,zero_shot_paired
214,7,15,8,60,0,0,1,0.5061314702033997,0.5061314702033997,0.5061314702033997,0.49386855959892273,15,4,3,zero_shot_paired
214,8,15,9,60,0,0,1,0.502349317073822,0.502349317073822,0.502349317073822,0.4976506531238556,15,4,3,zero_shot_paired
214,9,15,10,60,1,0,0,0.5000250339508057,0.5000250339508057,0.5000250339508057,0.4999749958515167,15,4,3,zero_shot_paired
214,10,15,11,60,1,1,1,0.5044432282447815,0.5044432282447815,0.4955568015575409,0.5044432282447815,15,4,3,zero_shot_paired
214,11,15,12,60,1,0,0,0.5003030896186829,0.5003030896186829,0.5003030896186829,0.4996969401836395,15,4,3,zero_shot_paired
214,12,15,13,60,1,0,0,0.5029113292694092,0.5029113292694092,0.5029113292694092,0.4970887303352356,15,4,3,zero_shot_paired
214,13,15,14,60,0,0,1,0.5036077499389648,0.5036077499389648,0.5036077499389648,0.49639225006103516,15,4,3,zero_shot_paired
214,14,15,16,60,0,0,1,0.5008774399757385,0.5008774399757385,0.5008774399757385,0.4991225600242615,15,4,3,zero_shot_paired
214,0,15,0,60,0,1,0,0.5011153817176819,0.5011153817176819,0.4988846778869629,0.5011153817176819,15,4,3,post_calibration
214,1,15,1,60,0,1,0,0.5066115260124207,0.5066115260124207,0.49338850378990173,0.5066115260124207,15,4,3,post_calibration
214,2,15,2,60,1,0,0,0.5006728768348694,0.5006728768348694,0.5006728768348694,0.4993270933628082,15,4,3,post_calibration
214,3,15,3,60,0,0,1,0.5025367140769958,0.5025367140769958,0.5025367140769958,0.49746325612068176,15,4,3,post_calibration
214,4,15,4,60,0,1,0,0.501190185546875,0.501190185546875,0.4988097846508026,0.501190185546875,15,4,3,post_calibration
214,5,15,5,60,0,0,1,0.5004890561103821,0.5004890561103821,0.5004890561103821,0.4995109438896179,15,4,3,post_calibration
214,6,15,6,60,1,1,1,0.5059140920639038,0.5059140920639038,0.4940858781337738,0.5059140920639038,15,4,3,post_calibration
214,7,15,8,60,0,0,1,0.5062980651855469,0.5062980651855469,0.5062980651855469,0.49370187520980835,15,4,3,post_calibration
214,8,15,9,60,0,0,1,0.5023635625839233,0.5023635625839233,0.5023635625839233,0.49763646721839905,15,4,3,post_calibration
214,9,15,10,60,1,0,0,0.5000528693199158,0.5000528693199158,0.5000528693199158,0.4999471604824066,15,4,3,post_calibration
214,10,15,11,60,1,1,1,0.5044198036193848,0.5044198036193848,0.49558019638061523,0.5044198036193848,15,4,3,post_calibration
214,11,15,12,60,1,0,0,0.5004597902297974,0.5004597902297974,0.5004597902297974,0.499540239572525,15,4,3,post_calibration
214,12,15,13,60,1,0,0,0.5031096339225769,0.5031096339225769,0.5031096339225769,0.4968903362751007,15,4,3,post_calibration
214,13,15,14,60,0,0,1,0.5038031339645386,0.5038031339645386,0.5038031339645386,0.4961969256401062,15,4,3,post_calibration
214,14,15,16,60,0,0,1,0.5011745691299438,0.5011745691299438,0.5011745691299438,0.49882546067237854,15,4,3,post_calibration
215,0,15,0,60,0,1,0,0.5014551281929016,0.5014551281929016,0.4985448718070984,0.5014551281929016,15,5,3,zero_shot_paired
215,1,15,1,60,0,1,0,0.5068432092666626,0.5068432092666626,0.4931568205356598,0.5068432092666626,15,5,3,zero_shot_paired
215,2,15,2,60,1,0,0,0.5004966259002686,0.5004966259002686,0.5004966259002686,0.49950334429740906,15,5,3,zero_shot_paired
215,3,15,4,60,0,1,0,0.5011298060417175,0.5011298060417175,0.49887025356292725,0.5011298060417175,15,5,3,zero_shot_paired
215,4,15,5,60,0,0,1,0.500377893447876,0.500377893447876,0.500377893447876,0.49962207674980164,15,5,3,zero_shot_paired
215,5,15,6,60,1,1,1,0.5061240792274475,0.5061240792274475,0.4938759505748749,0.5061240792274475,15,5,3,zero_shot_paired
215,6,15,7,60,0,0,1,0.5028526782989502,0.5028526782989502,0.5028526782989502,0.4971473515033722,15,5,3,zero_shot_paired
215,7,15,9,60,0,0,1,0.502349317073822,0.502349317073822,0.502349317073822,0.4976506531238556,15,5,3,zero_shot_paired
215,8,15,11,60,1,1,1,0.5044432282447815,0.5044432282447815,0.4955568015575409,0.5044432282447815,15,5,3,zero_shot_paired
215,9,15,12,60,1,0,0,0.5003030896186829,0.5003030896186829,0.5003030896186829,0.4996969401836395,15,5,3,zero_shot_paired
215,10,15,13,60,1,0,0,0.5029113292694092,0.5029113292694092,0.5029113292694092,0.4970887303352356,15,5,3,zero_shot_paired
215,11,15,14,60,0,0,1,0.5036077499389648,0.5036077499389648,0.5036077499389648,0.49639225006103516,15,5,3,zero_shot_paired
215,12,15,15,60,1,1,1,0.5009164214134216,0.5009164214134216,0.49908357858657837,0.5009164214134216,15,5,3,zero_shot_paired
215,13,15,16,60,0,0,1,0.5008774399757385,0.5008774399757385,0.5008774399757385,0.4991225600242615,15,5,3,zero_shot_paired
215,14,15,17,60,0,0,1,0.5023618936538696,0.5023618936538696,0.5023618936538696,0.497638076543808,15,5,3,zero_shot_paired
215,0,15,0,60,0,1,0,0.5015704035758972,0.5015704035758972,0.4984295666217804,0.5015704035758972,15,5,3,post_calibration
215,1,15,1,60,0,1,0,0.5069655179977417,0.5069655179977417,0.4930345416069031,0.5069655179977417,15,5,3,post_calibration
215,2,15,2,60,1,0,0,0.5003725290298462,0.5003725290298462,0.5003725290298462,0.4996275305747986,15,5,3,post_calibration
215,3,15,4,60,0,1,0,0.5011380910873413,0.5011380910873413,0.4988619089126587,0.5011380910873413,15,5,3,post_calibration
215,4,15,5,60,0,0,1,0.5003879070281982,0.5003879070281982,0.5003879070281982,0.49961209297180176,15,5,3,post_calibration
215,5,15,6,60,1,1,1,0.5062291026115417,0.5062291026115417,0.49377086758613586,0.5062291026115417,15,5,3,post_calibration
215,6,15,7,60,0,0,1,0.5026584267616272,0.5026584267616272,0.5026584267616272,0.4973416030406952,15,5,3,post_calibration
215,7,15,9,60,0,0,1,0.5022083520889282,0.5022083520889282,0.5022083520889282,0.49779167771339417,15,5,3,post_calibration
215,8,15,11,60,1,1,1,0.5043861269950867,0.5043861269950867,0.49561384320259094,0.5043861269950867,15,5,3,post_calibration
215,9,15,12,60,1,0,0,0.5003370046615601,0.5003370046615601,0.5003370046615601,0.49966299533843994,15,5,3,post_calibration
215,10,15,13,60,1,0,0,0.5030435919761658,0.5030435919761658,0.5030435919761658,0.49695637822151184,15,5,3,post_calibration
215,11,15,14,60,0,0,1,0.5037057399749756,0.5037057399749756,0.5037057399749756,0.49629420042037964,15,5,3,post_calibration
215,12,15,15,60,1,1,1,0.501004159450531,0.501004159450531,0.498995840549469,0.501004159450531,15,5,3,post_calibration
215,13,15,16,60,0,0,1,0.5007122755050659,0.5007122755050659,0.5007122755050659,0.4992876946926117,15,5,3,post_calibration
215,14,15,17,60,0,0,1,0.502268373966217,0.502268373966217,0.502268373966217,0.49773165583610535,15,5,3,post_calibration
216,0,15,0,60,0,1,0,0.5014551281929016,0.5014551281929016,0.4985448718070984,0.5014551281929016,15,6,3,zero_shot_paired
216,1,15,1,60,0,1,0,0.5068432092666626,0.5068432092666626,0.4931568205356598,0.5068432092666626,15,6,3,zero_shot_paired
216,2,15,3,60,0,0,1,0.5023829340934753,0.5023829340934753,0.5023829340934753,0.49761706590652466,15,6,3,zero_shot_paired
216,3,15,4,60,0,1,0,0.5011298060417175,0.5011298060417175,0.49887025356292725,0.5011298060417175,15,6,3,zero_shot_paired
216,4,15,5,60,0,0,1,0.500377893447876,0.500377893447876,0.500377893447876,0.49962207674980164,15,6,3,zero_shot_paired
216,5,15,6,60,1,1,1,0.5061240792274475,0.5061240792274475,0.4938759505748749,0.5061240792274475,15,6,3,zero_shot_paired
216,6,15,7,60,0,0,1,0.5028526782989502,0.5028526782989502,0.5028526782989502,0.4971473515033722,15,6,3,zero_shot_paired
216,7,15,8,60,0,0,1,0.5061314702033997,0.5061314702033997,0.5061314702033997,0.49386855959892273,15,6,3,zero_shot_paired
216,8,15,10,60,1,0,0,0.5000250339508057,0.5000250339508057,0.5000250339508057,0.4999749958515167,15,6,3,zero_shot_paired
216,9,15,11,60,1,1,1,0.5044432282447815,0.5044432282447815,0.4955568015575409,0.5044432282447815,15,6,3,zero_shot_paired
216,10,15,12,60,1,0,0,0.5003030896186829,0.5003030896186829,0.5003030896186829,0.4996969401836395,15,6,3,zero_shot_paired
216,11,15,14,60,0,0,1,0.5036077499389648,0.5036077499389648,0.5036077499389648,0.49639225006103516,15,6,3,zero_shot_paired
216,12,15,15,60,1,1,1,0.5009164214134216,0.5009164214134216,0.49908357858657837,0.5009164214134216,15,6,3,zero_shot_paired
216,13,15,16,60,0,0,1,0.5008774399757385,0.5008774399757385,0.5008774399757385,0.4991225600242615,15,6,3,zero_shot_paired
216,14,15,17,60,0,0,1,0.5023618936538696,0.5023618936538696,0.5023618936538696,0.497638076543808,15,6,3,zero_shot_paired
216,0,15,0,60,0,1,0,0.5015358924865723,0.5015358924865723,0.49846407771110535,0.5015358924865723,15,6,3,post_calibration
216,1,15,1,60,0,1,0,0.5070322751998901,0.5070322751998901,0.4929676949977875,0.5070322751998901,15,6,3,post_calibration
216,2,15,3,60,0,0,1,0.502251923084259,0.502251923084259,0.502251923084259,0.4977480471134186,15,6,3,post_calibration
216,3,15,4,60,0,1,0,0.5013477802276611,0.5013477802276611,0.4986521899700165,0.5013477802276611,15,6,3,post_calibration
216,4,15,5,60,0,1,0,0.5000642538070679,0.5000642538070679,0.4999357759952545,0.5000642538070679,15,6,3,post_calibration
216,5,15,6,60,1,1,1,0.5062035918235779,0.5062035918235779,0.4937964081764221,0.5062035918235779,15,6,3,post_calibration
216,6,15,7,60,0,0,1,0.5025714039802551,0.5025714039802551,0.5025714039802551,0.49742862582206726,15,6,3,post_calibration
216,7,15,8,60,0,0,1,0.5057750940322876,0.5057750940322876,0.5057750940322876,0.49422487616539,15,6,3,post_calibration
216,8,15,10,60,1,1,1,0.5002174377441406,0.5002174377441406,0.4997825622558594,0.5002174377441406,15,6,3,post_calibration
216,9,15,11,60,1,1,1,0.5045287013053894,0.5045287013053894,0.4954712688922882,0.5045287013053894,15,6,3,post_calibration
216,10,15,12,60,1,0,0,0.5002119541168213,0.5002119541168213,0.5002119541168213,0.4997880458831787,15,6,3,post_calibration
216,11,15,14,60,0,0,1,0.5032971501350403,0.5032971501350403,0.5032971501350403,0.49670282006263733,15,6,3,post_calibration
216,12,15,15,60,1,1,1,0.5011371374130249,0.5011371374130249,0.4988628029823303,0.5011371374130249,15,6,3,post_calibration
216,13,15,16,60,0,0,1,0.5008571743965149,0.5008571743965149,0.5008571743965149,0.4991428256034851,15,6,3,post_calibration
216,14,15,17,60,0,0,1,0.5021040439605713,0.5021040439605713,0.5021040439605713,0.4978959262371063,15,6,3,post_calibration
217,0,15,0,60,0,1,0,0.5014551281929016,0.5014551281929016,0.4985448718070984,0.5014551281929016,15,1,6,zero_shot_paired
217,1,15,1,60,0,1,0,0.5068432092666626,0.5068432092666626,0.4931568205356598,0.5068432092666626,15,1,6,zero_shot_paired
217,2,15,2,60,1,0,0,0.5004966259002686,0.5004966259002686,0.5004966259002686,0.49950334429740906,15,1,6,zero_shot_paired
217,3,15,3,60,0,0,1,0.5023829340934753,0.5023829340934753,0.5023829340934753,0.49761706590652466,15,1,6,zero_shot_paired
217,4,15,5,60,0,0,1,0.500377893447876,0.500377893447876,0.500377893447876,0.49962207674980164,15,1,6,zero_shot_paired
217,5,15,6,60,1,1,1,0.5061240792274475,0.5061240792274475,0.4938759505748749,0.5061240792274475,15,1,6,zero_shot_paired
217,6,15,9,60,0,0,1,0.502349317073822,0.502349317073822,0.502349317073822,0.4976506531238556,15,1,6,zero_shot_paired
217,7,15,12,60,1,0,0,0.5003030896186829,0.5003030896186829,0.5003030896186829,0.4996969401836395,15,1,6,zero_shot_paired
217,8,15,13,60,1,0,0,0.5029113292694092,0.5029113292694092,0.5029113292694092,0.4970887303352356,15,1,6,zero_shot_paired
217,9,15,14,60,0,0,1,0.5036077499389648,0.5036077499389648,0.5036077499389648,0.49639225006103516,15,1,6,zero_shot_paired
217,10,15,15,60,1,1,1,0.5009164214134216,0.5009164214134216,0.49908357858657837,0.5009164214134216,15,1,6,zero_shot_paired
217,11,15,17,60,0,0,1,0.5023618936538696,0.5023618936538696,0.5023618936538696,0.497638076543808,15,1,6,zero_shot_paired
217,0,15,0,60,0,1,0,0.5015028715133667,0.5015028715133667,0.4984971880912781,0.5015028715133667,15,1,6,post_calibration
217,1,15,1,60,0,1,0,0.5067700147628784,0.5067700147628784,0.4932299554347992,0.5067700147628784,15,1,6,post_calibration
217,2,15,2,60,1,0,0,0.5005702972412109,0.5005702972412109,0.5005702972412109,0.4994296729564667,15,1,6,post_calibration
217,3,15,3,60,0,0,1,0.5024909377098083,0.5024909377098083,0.5024909377098083,0.49750909209251404,15,1,6,post_calibration
217,4,15,5,60,0,0,1,0.5004669427871704,0.5004669427871704,0.5004669427871704,0.4995330572128296,15,1,6,post_calibration
217,5,15,6,60,1,1,1,0.5061922669410706,0.5061922669410706,0.49380770325660706,0.5061922669410706,15,1,6,post_calibration
217,6,15,9,60,0,0,1,0.5022937655448914,0.5022937655448914,0.5022937655448914,0.49770623445510864,15,1,6,post_calibration
217,7,15,12,60,1,0,0,0.5003076195716858,0.5003076195716858,0.5003076195716858,0.4996923506259918,15,1,6,post_calibration
217,8,15,13,60,1,0,0,0.5030102133750916,0.5030102133750916,0.5030102133750916,0.49698981642723083,15,1,6,post_calibration
217,9,15,14,60,0,0,1,0.5035332441329956,0.5035332441329956,0.5035332441329956,0.496466726064682,15,1,6,post_calibration
217,10,15,15,60,1,1,1,0.5008271932601929,0.5008271932601929,0.49917277693748474,0.5008271932601929,15,1,6,post_calibration
217,11,15,17,60,0,0,1,0.5024250745773315,0.5024250745773315,0.5024250745773315,0.49757492542266846,15,1,6,post_calibration
218,0,15,1,60,0,1,0,0.5068432092666626,0.5068432092666626,0.4931568205356598,0.5068432092666626,15,2,6,zero_shot_paired
218,1,15,3,60,0,0,1,0.5023829340934753,0.5023829340934753,0.5023829340934753,0.49761706590652466,15,2,6,zero_shot_paired
218,2,15,4,60,0,1,0,0.5011298060417175,0.5011298060417175,0.49887025356292725,0.5011298060417175,15,2,6,zero_shot_paired
218,3,15,5,60,0,0,1,0.500377893447876,0.500377893447876,0.500377893447876,0.49962207674980164,15,2,6,zero_shot_paired
218,4,15,6,60,1,1,1,0.5061240792274475,0.5061240792274475,0.4938759505748749,0.5061240792274475,15,2,6,zero_shot_paired
218,5,15,7,60,0,0,1,0.5028526782989502,0.5028526782989502,0.5028526782989502,0.4971473515033722,15,2,6,zero_shot_paired
218,6,15,8,60,0,0,1,0.5061314702033997,0.5061314702033997,0.5061314702033997,0.49386855959892273,15,2,6,zero_shot_paired
218,7,15,10,60,1,0,0,0.5000250339508057,0.5000250339508057,0.5000250339508057,0.4999749958515167,15,2,6,zero_shot_paired
218,8,15,11,60,1,1,1,0.5044432282447815,0.5044432282447815,0.4955568015575409,0.5044432282447815,15,2,6,zero_shot_paired
218,9,15,12,60,1,0,0,0.5003030896186829,0.5003030896186829,0.5003030896186829,0.4996969401836395,15,2,6,zero_shot_paired
218,10,15,16,60,0,0,1,0.5008774399757385,0.5008774399757385,0.5008774399757385,0.4991225600242615,15,2,6,zero_shot_paired
218,11,15,17,60,0,0,1,0.5023618936538696,0.5023618936538696,0.5023618936538696,0.497638076543808,15,2,6,zero_shot_paired
218,0,15,1,60,0,1,0,0.5068193674087524,0.5068193674087524,0.4931805729866028,0.5068193674087524,15,2,6,post_calibration
218,1,15,3,60,0,0,1,0.5023796558380127,0.5023796558380127,0.5023796558380127,0.4976203143596649,15,2,6,post_calibration
218,2,15,4,60,0,1,0,0.501346230506897,0.501346230506897,0.498653769493103,0.501346230506897,15,2,6,post_calibration
218,3,15,5,60,0,0,1,0.5001968145370483,0.5001968145370483,0.5001968145370483,0.4998031556606293,15,2,6,post_calibration
218,4,15,6,60,1,1,1,0.5060837268829346,0.5060837268829346,0.4939163029193878,0.5060837268829346,15,2,6,post_calibration
218,5,15,7,60,0,0,1,0.5027942657470703,0.5027942657470703,0.5027942657470703,0.4972057640552521,15,2,6,post_calibration
218,6,15,8,60,0,0,1,0.5060483813285828,0.5060483813285828,0.5060483813285828,0.49395161867141724,15,2,6,post_calibration
218,7,15,10,60,1,1,1,0.500022828578949,0.500022828578949,0.499977171421051,0.500022828578949,15,2,6,post_calibration
218,8,15,11,60,1,1,1,0.5043264627456665,0.5043264627456665,0.4956735670566559,0.5043264627456665,15,2,6,post_calibration
218,9,15,12,60,1,0,0,0.5003100037574768,0.5003100037574768,0.5003100037574768,0.4996900260448456,15,2,6,post_calibration
218,10,15,16,60,0,0,1,0.5009098052978516,0.5009098052978516,0.5009098052978516,0.49909019470214844,15,2,6,post_calibration
218,11,15,17,60,0,0,1,0.5023627281188965,0.5023627281188965,0.5023627281188965,0.49763721227645874,15,2,6,post_calibration
219,0,15,0,60,0,1,0,0.5014551281929016,0.5014551281929016,0.4985448718070984,0.5014551281929016,15,3,6,zero_shot_paired
219,1,15,2,60,1,0,0,0.5004966259002686,0.5004966259002686,0.5004966259002686,0.49950334429740906,15,3,6,zero_shot_paired
219,2,15,4,60,0,1,0,0.5011298060417175,0.5011298060417175,0.49887025356292725,0.5011298060417175,15,3,6,zero_shot_paired
219,3,15,7,60,0,0,1,0.5028526782989502,0.5028526782989502,0.5028526782989502,0.4971473515033722,15,3,6,zero_shot_paired
219,4,15,8,60,0,0,1,0.5061314702033997,0.5061314702033997,0.5061314702033997,0.49386855959892273,15,3,6,zero_shot_paired
219,5,15,9,60,0,0,1,0.502349317073822,0.502349317073822,0.502349317073822,0.4976506531238556,15,3,6,zero_shot_paired
219,6,15,10,60,1,0,0,0.5000250339508057,0.5000250339508057,0.5000250339508057,0.4999749958515167,15,3,6,zero_shot_paired
219,7,15,11,60,1,1,1,0.5044432282447815,0.5044432282447815,0.4955568015575409,0.5044432282447815,15,3,6,zero_shot_paired
219,8,15,13,60,1,0,0,0.5029113292694092,0.5029113292694092,0.5029113292694092,0.4970887303352356,15,3,6,zero_shot_paired
219,9,15,14,60,0,0,1,0.5036077499389648,0.5036077499389648,0.5036077499389648,0.49639225006103516,15,3,6,zero_shot_paired
219,10,15,15,60,1,1,1,0.5009164214134216,0.5009164214134216,0.49908357858657837,0.5009164214134216,15,3,6,zero_shot_paired
219,11,15,16,60,0,0,1,0.5008774399757385,0.5008774399757385,0.5008774399757385,0.4991225600242615,15,3,6,zero_shot_paired
219,0,15,0,60,0,1,0,0.5014100670814514,0.5014100670814514,0.4985899329185486,0.5014100670814514,15,3,6,post_calibration
219,1,15,2,60,1,0,0,0.500455915927887,0.500455915927887,0.500455915927887,0.49954405426979065,15,3,6,post_calibration
219,2,15,4,60,0,1,0,0.5010794997215271,0.5010794997215271,0.4989205002784729,0.5010794997215271,15,3,6,post_calibration
219,3,15,7,60,0,0,1,0.5028951168060303,0.5028951168060303,0.5028951168060303,0.4971048831939697,15,3,6,post_calibration
219,4,15,8,60,0,0,1,0.5062798857688904,0.5062798857688904,0.5062798857688904,0.4937201142311096,15,3,6,post_calibration
219,5,15,9,60,0,0,1,0.5021771788597107,0.5021771788597107,0.5021771788597107,0.4978228211402893,15,3,6,post_calibration
219,6,15,10,60,1,0,0,0.5000668168067932,0.5000668168067932,0.5000668168067932,0.4999331533908844,15,3,6,post_calibration
219,7,15,11,60,1,1,1,0.5043792724609375,0.5043792724609375,0.4956207573413849,0.5043792724609375,15,3,6,post_calibration
219,8,15,13,60,1,0,0,0.503051221370697,0.503051221370697,0.503051221370697,0.496948778629303,15,3,6,post_calibration
219,9,15,14,60,0,0,1,0.5036978125572205,0.5036978125572205,0.5036978125572205,0.49630215764045715,15,3,6,post_calibration
219,10,15,15,60,1,1,1,0.5007691383361816,0.5007691383361816,0.49923089146614075,0.5007691383361816,15,3,6,post_calibration
219,11,15,16,60,0,0,1,0.5009677410125732,0.5009677410125732,0.5009677410125732,0.49903225898742676,15,3,6,post_calibration
220,0,15,0,60,0,1,0,0.5014549493789673,0.5014549493789673,0.4985450804233551,0.5014549493789673,15,1,9,zero_shot_paired
220,1,15,1,60,0,1,0,0.5068429708480835,0.5068429708480835,0.4931569993495941,0.5068429708480835,15,1,9,zero_shot_paired
220,2,15,4,60,0,1,0,0.5011298060417175,0.5011298060417175,0.49887025356292725,0.5011298060417175,15,1,9,zero_shot_paired
220,3,15,6,60,1,1,1,0.5061240196228027,0.5061240196228027,0.49387601017951965,0.5061240196228027,15,1,9,zero_shot_paired
220,4,15,7,60,0,0,1,0.5028526782989502,0.5028526782989502,0.5028526782989502,0.4971473515033722,15,1,9,zero_shot_paired
220,5,15,9,60,0,0,1,0.502349317073822,0.502349317073822,0.502349317073822,0.4976506531238556,15,1,9,zero_shot_paired
220,6,15,10,60,1,0,0,0.5000250935554504,0.5000250935554504,0.5000250935554504,0.49997493624687195,15,1,9,zero_shot_paired
220,7,15,11,60,1,1,1,0.5044432282447815,0.5044432282447815,0.4955567717552185,0.5044432282447815,15,1,9,zero_shot_paired
220,8,15,15,60,1,1,1,0.5009165406227112,0.5009165406227112,0.4990834891796112,0.5009165406227112,15,1,9,zero_shot_paired
220,0,15,0,60,0,1,0,0.5013316869735718,0.5013316869735718,0.49866828322410583,0.5013316869735718,15,1,9,post_calibration
220,1,15,1,60,0,1,0,0.5067697167396545,0.5067697167396545,0.49323031306266785,0.5067697167396545,15,1,9,post_calibration
220,2,15,4,60,0,1,0,0.5011119842529297,0.5011119842529297,0.4988880157470703,0.5011119842529297,15,1,9,post_calibration
220,3,15,6,60,1,1,1,0.506176769733429,0.506176769733429,0.49382326006889343,0.506176769733429,15,1,9,post_calibration
220,4,15,7,60,0,0,1,0.5029622912406921,0.5029622912406921,0.5029622912406921,0.49703776836395264,15,1,9,post_calibration
220,5,15,9,60,0,0,1,0.5024368762969971,0.5024368762969971,0.5024368762969971,0.49756312370300293,15,1,9,post_calibration
220,6,15,10,60,1,0,0,0.5001065731048584,0.5001065731048584,0.5001065731048584,0.4998934268951416,15,1,9,post_calibration
220,7,15,11,60,1,1,1,0.5043519735336304,0.5043519735336304,0.49564799666404724,0.5043519735336304,15,1,9,post_calibration
220,8,15,15,60,1,1,1,0.5008290410041809,0.5008290410041809,0.4991709589958191,0.5008290410041809,15,1,9,post_calibration
221,0,15,2,60,1,0,0,0.5004967451095581,0.5004967451095581,0.5004967451095581,0.4995031952857971,15,2,9,zero_shot_paired
221,1,15,3,60,0,0,1,0.5023828744888306,0.5023828744888306,0.5023828744888306,0.49761712551116943,15,2,9,zero_shot_paired
221,2,15,5,60,0,0,1,0.5003780722618103,0.5003780722618103,0.5003780722618103,0.4996219277381897,15,2,9,zero_shot_paired
221,3,15,8,60,0,0,1,0.5061315298080444,0.5061315298080444,0.5061315298080444,0.4938684403896332,15,2,9,zero_shot_paired
221,4,15,12,60,1,0,0,0.5003032684326172,0.5003032684326172,0.5003032684326172,0.4996967613697052,15,2,9,zero_shot_paired
221,5,15,13,60,1,0,0,0.5029112100601196,0.5029112100601196,0.5029112100601196,0.49708878993988037,15,2,9,zero_shot_paired
221,6,15,14,60,0,0,1,0.5036078095436096,0.5036078095436096,0.5036078095436096,0.4963921904563904,15,2,9,zero_shot_paired
221,7,15,16,60,0,0,1,0.5008774399757385,0.5008774399757385,0.5008774399757385,0.4991225302219391,15,2,9,zero_shot_paired
221,8,15,17,60,0,0,1,0.5023619532585144,0.5023619532585144,0.5023619532585144,0.4976379871368408,15,2,9,zero_shot_paired
221,0,15,2,60,1,0,0,0.5004318952560425,0.5004318952560425,0.5004318952560425,0.49956804513931274,15,2,9,post_calibration
221,1,15,3,60,0,0,1,0.5023473501205444,0.5023473501205444,0.5023473501205444,0.49765267968177795,15,2,9,post_calibration
221,2,15,5,60,0,0,1,0.5004870295524597,0.5004870295524597,0.5004870295524597,0.4995129704475403,15,2,9,post_calibration
221,3,15,8,60,0,0,1,0.5062617659568787,0.5062617659568787,0.5062617659568787,0.49373817443847656,15,2,9,post_calibration
221,4,15,12,60,1,0,0,0.5004969835281372,0.5004969835281372,0.5004969835281372,0.4995030164718628,15,2,9,post_calibration
221,5,15,13,60,1,0,0,0.5030168890953064,0.5030168890953064,0.5030168890953064,0.4969831705093384,15,2,9,post_calibration
221,6,15,14,60,0,0,1,0.5037240982055664,0.5037240982055664,0.5037240982055664,0.496275931596756,15,2,9,post_calibration
221,7,15,16,60,0,0,1,0.5008227825164795,0.5008227825164795,0.5008227825164795,0.4991772174835205,15,2,9,post_calibration
221,8,15,17,60,0,0,1,0.5024692416191101,0.5024692416191101,0.5024692416191101,0.49753081798553467,15,2,9,post_calibration
222,0,15,0,60,0,1,0,0.5014539361000061,0.5014539361000061,0.4985460638999939,0.5014539361000061,15,1,12,zero_shot_paired
222,1,15,2,60,1,0,0,0.5004995465278625,0.5004995465278625,0.5004995465278625,0.4995003938674927,15,1,12,zero_shot_paired
222,2,15,7,60,0,0,1,0.5028547644615173,0.5028547644615173,0.5028547644615173,0.4971452057361603,15,1,12,zero_shot_paired
222,3,15,9,60,0,0,1,0.5023491978645325,0.5023491978645325,0.5023491978645325,0.49765080213546753,15,1,12,zero_shot_paired
222,4,15,10,60,1,0,0,0.5000261068344116,0.5000261068344116,0.5000261068344116,0.49997392296791077,15,1,12,zero_shot_paired
222,5,15,14,60,0,0,1,0.503607988357544,0.503607988357544,0.503607988357544,0.49639204144477844,15,1,12,zero_shot_paired
222,0,15,0,60,0,1,0,0.5014511942863464,0.5014511942863464,0.4985487759113312,0.5014511942863464,15,1,12,post_calibration
222,1,15,2,60,1,0,0,0.5006126165390015,0.5006126165390015,0.5006126165390015,0.49938738346099854,15,1,12,post_calibration
222,2,15,7,60,0,0,1,0.5029504299163818,0.5029504299163818,0.5029504299163818,0.49704957008361816,15,1,12,post_calibration
222,3,15,9,60,0,0,1,0.5024393796920776,0.5024393796920776,0.5024393796920776,0.49756062030792236,15,1,12,post_calibration
222,4,15,10,60,1,0,0,0.5001281499862671,0.5001281499862671,0.5001281499862671,0.4998718798160553,15,1,12,post_calibration
222,5,15,14,60,0,0,1,0.503746509552002,0.503746509552002,0.503746509552002,0.49625349044799805,15,1,12,post_calibration
223,0,15,3,60,0,0,1,0.5023854374885559,0.5023854374885559,0.5023854374885559,0.4976145625114441,15,2,12,zero_shot_paired
223,1,15,4,60,0,1,0,0.5011304616928101,0.5011304616928101,0.49886950850486755,0.5011304616928101,15,2,12,zero_shot_paired
223,2,15,8,60,0,0,1,0.5061298608779907,0.5061298608779907,0.5061298608779907,0.4938701391220093,15,2,12,zero_shot_paired
223,3,15,10,60,1,0,0,0.5000261068344116,0.5000261068344116,0.5000261068344116,0.49997392296791077,15,2,12,zero_shot_paired
223,4,15,13,60,1,0,0,0.5029118657112122,0.5029118657112122,0.5029118657112122,0.49708813428878784,15,2,12,zero_shot_paired
223,5,15,14,60,0,0,1,0.503607988357544,0.503607988357544,0.503607988357544,0.49639204144477844,15,2,12,zero_shot_paired
223,0,15,3,60,0,0,1,0.5027649402618408,0.5027649402618408,0.5027649402618408,0.4972350597381592,15,2,12,post_calibration
223,1,15,4,60,0,1,0,0.5010983943939209,0.5010983943939209,0.4989016056060791,0.5010983943939209,15,2,12,post_calibration
223,2,15,8,60,0,0,1,0.5062086582183838,0.5062086582183838,0.5062086582183838,0.493791401386261,15,2,12,post_calibration
223,3,15,10,60,1,0,0,0.5002546906471252,0.5002546906471252,0.5002546906471252,0.49974533915519714,15,2,12,post_calibration
223,4,15,13,60,1,0,0,0.5029935240745544,0.5029935240745544,0.5029935240745544,0.49700644612312317,15,2,12,post_calibration
223,5,15,14,60,0,0,1,0.5037181377410889,0.5037181377410889,0.5037181377410889,0.49628186225891113,15,2,12,post_calibration
224,0,15,0,60,0,1,0,0.5014539361000061,0.5014539361000061,0.4985460638999939,0.5014539361000061,15,3,12,zero_shot_paired
224,1,15,3,60,0,0,1,0.5023854374885559,0.5023854374885559,0.5023854374885559,0.4976145625114441,15,3,12,zero_shot_paired
224,2,15,4,60,0,1,0,0.5011304616928101,0.5011304616928101,0.49886950850486755,0.5011304616928101,15,3,12,zero_shot_paired
224,3,15,8,60,0,0,1,0.5061298608779907,0.5061298608779907,0.5061298608779907,0.4938701391220093,15,3,12,zero_shot_paired
224,4,15,10,60,1,0,0,0.5000261068344116,0.5000261068344116,0.5000261068344116,0.49997392296791077,15,3,12,zero_shot_paired
224,5,15,15,60,1,1,1,0.5009194016456604,0.5009194016456604,0.4990805685520172,0.5009194016456604,15,3,12,zero_shot_paired
224,0,15,0,60,0,1,0,0.5013899803161621,0.5013899803161621,0.4986100494861603,0.5013899803161621,15,3,12,post_calibration
224,1,15,3,60,0,0,1,0.5024938583374023,0.5024938583374023,0.5024938583374023,0.49750614166259766,15,3,12,post_calibration
224,2,15,4,60,0,1,0,0.5011973977088928,0.5011973977088928,0.4988026022911072,0.5011973977088928,15,3,12,post_calibration
224,3,15,8,60,0,0,1,0.5061571598052979,0.5061571598052979,0.5061571598052979,0.49384286999702454,15,3,12,post_calibration
224,4,15,10,60,1,0,0,0.5002866387367249,0.5002866387367249,0.5002866387367249,0.49971336126327515,15,3,12,post_calibration
224,5,15,15,60,1,1,1,0.5007014870643616,0.5007014870643616,0.49929845333099365,0.5007014870643616,15,3,12,post_calibration
17,0,16,0,60,0,1,0,0.5082346796989441,0.5082346796989441,0.4917652904987335,0.5082346796989441,16,,,zero_shot_all_trials
17,1,16,1,60,1,1,1,0.502830445766449,0.502830445766449,0.49716949462890625,0.502830445766449,16,,,zero_shot_all_trials
17,2,16,2,60,1,1,1,0.5088770389556885,0.5088770389556885,0.4911229908466339,0.5088770389556885,16,,,zero_shot_all_trials
17,3,16,3,60,0,1,0,0.5056363940238953,0.5056363940238953,0.49436357617378235,0.5056363940238953,16,,,zero_shot_all_trials
17,4,16,4,60,0,1,0,0.5089921355247498,0.5089921355247498,0.49100789427757263,0.5089921355247498,16,,,zero_shot_all_trials
17,5,16,5,60,0,1,0,0.502926766872406,0.502926766872406,0.497073233127594,0.502926766872406,16,,,zero_shot_all_trials
17,6,16,6,60,1,1,1,0.5086768865585327,0.5086768865585327,0.4913230836391449,0.5086768865585327,16,,,zero_shot_all_trials
17,7,16,7,60,0,1,0,0.5028075575828552,0.5028075575828552,0.4971924424171448,0.5028075575828552,16,,,zero_shot_all_trials
17,8,16,8,60,0,1,0,0.5070608854293823,0.5070608854293823,0.49293914437294006,0.5070608854293823,16,,,zero_shot_all_trials
17,9,16,9,60,0,0,1,0.5008544921875,0.5008544921875,0.5008544921875,0.4991454482078552,16,,,zero_shot_all_trials
17,10,16,10,60,1,1,1,0.5047113299369812,0.5047113299369812,0.4952886402606964,0.5047113299369812,16,,,zero_shot_all_trials
17,11,16,11,60,1,1,1,0.502956748008728,0.502956748008728,0.497043251991272,0.502956748008728,16,,,zero_shot_all_trials
17,12,16,12,60,1,1,1,0.5062747597694397,0.5062747597694397,0.4937252700328827,0.5062747597694397,16,,,zero_shot_all_trials
17,13,16,13,60,0,1,0,0.5019569993019104,0.5019569993019104,0.498043030500412,0.5019569993019104,16,,,zero_shot_all_trials
17,14,16,14,60,1,1,1,0.5018871426582336,0.5018871426582336,0.49811288714408875,0.5018871426582336,16,,,zero_shot_all_trials
17,15,16,15,60,1,1,1,0.5030689239501953,0.5030689239501953,0.4969310760498047,0.5030689239501953,16,,,zero_shot_all_trials
17,16,16,16,60,0,1,0,0.5046433806419373,0.5046433806419373,0.49535664916038513,0.5046433806419373,16,,,zero_shot_all_trials
17,17,16,17,60,0,1,0,0.5017796158790588,0.5017796158790588,0.4982203543186188,0.5017796158790588,16,,,zero_shot_all_trials
225,0,16,0,60,0,1,0,0.5082346796989441,0.5082346796989441,0.4917652904987335,0.5082346796989441,16,1,3,zero_shot_paired
225,1,16,1,60,1,1,1,0.5028305649757385,0.5028305649757385,0.4971694350242615,0.5028305649757385,16,1,3,zero_shot_paired
225,2,16,4,60,0,1,0,0.508992075920105,0.508992075920105,0.4910079538822174,0.508992075920105,16,1,3,zero_shot_paired
225,3,16,5,60,0,1,0,0.5029266476631165,0.5029266476631165,0.4970734119415283,0.5029266476631165,16,1,3,zero_shot_paired
225,4,16,6,60,1,1,1,0.5086769461631775,0.5086769461631775,0.4913230836391449,0.5086769461631775,16,1,3,zero_shot_paired
225,5,16,7,60,0,1,0,0.5028075575828552,0.5028075575828552,0.4971924424171448,0.5028075575828552,16,1,3,zero_shot_paired
225,6,16,8,60,0,1,0,0.5070608258247375,0.5070608258247375,0.49293917417526245,0.5070608258247375,16,1,3,zero_shot_paired
225,7,16,9,60,0,0,1,0.5008544921875,0.5008544921875,0.5008544921875,0.4991454482078552,16,1,3,zero_shot_paired
225,8,16,10,60,1,1,1,0.5047113299369812,0.5047113299369812,0.4952886700630188,0.5047113299369812,16,1,3,zero_shot_paired
225,9,16,11,60,1,1,1,0.502956748008728,0.502956748008728,0.497043251991272,0.502956748008728,16,1,3,zero_shot_paired
225,10,16,12,60,1,1,1,0.5062747597694397,0.5062747597694397,0.4937252700328827,0.5062747597694397,16,1,3,zero_shot_paired
225,11,16,13,60,0,1,0,0.5019568800926208,0.5019568800926208,0.49804311990737915,0.5019568800926208,16,1,3,zero_shot_paired
225,12,16,14,60,1,1,1,0.5018872022628784,0.5018872022628784,0.49811282753944397,0.5018872022628784,16,1,3,zero_shot_paired
225,13,16,15,60,1,1,1,0.5030689239501953,0.5030689239501953,0.4969311058521271,0.5030689239501953,16,1,3,zero_shot_paired
225,14,16,17,60,0,1,0,0.5017795562744141,0.5017795562744141,0.49822044372558594,0.5017795562744141,16,1,3,zero_shot_paired
225,0,16,0,60,0,1,0,0.5083616971969604,0.5083616971969604,0.49163830280303955,0.5083616971969604,16,1,3,post_calibration
225,1,16,1,60,1,1,1,0.5026635527610779,0.5026635527610779,0.4973364770412445,0.5026635527610779,16,1,3,post_calibration
225,2,16,4,60,0,1,0,0.5090323686599731,0.5090323686599731,0.49096763134002686,0.5090323686599731,16,1,3,post_calibration
225,3,16,5,60,0,1,0,0.5030772686004639,0.5030772686004639,0.49692270159721375,0.5030772686004639,16,1,3,post_calibration
225,4,16,6,60,1,1,1,0.5086665749549866,0.5086665749549866,0.49133336544036865,0.5086665749549866,16,1,3,post_calibration
225,5,16,7,60,0,1,0,0.5028641819953918,0.5028641819953918,0.49713581800460815,0.5028641819953918,16,1,3,post_calibration
225,6,16,8,60,0,1,0,0.5070244073867798,0.5070244073867798,0.4929756224155426,0.5070244073867798,16,1,3,post_calibration
225,7,16,9,60,0,0,1,0.5007175803184509,0.5007175803184509,0.5007175803184509,0.4992823600769043,16,1,3,post_calibration
225,8,16,10,60,1,1,1,0.5047410130500793,0.5047410130500793,0.49525901675224304,0.5047410130500793,16,1,3,post_calibration
225,9,16,11,60,1,1,1,0.5028282403945923,0.5028282403945923,0.4971717596054077,0.5028282403945923,16,1,3,post_calibration
225,10,16,12,60,1,1,1,0.506313145160675,0.506313145160675,0.49368685483932495,0.506313145160675,16,1,3,post_calibration
225,11,16,13,60,0,1,0,0.5018270611763,0.5018270611763,0.49817293882369995,0.5018270611763,16,1,3,post_calibration
225,12,16,14,60,1,1,1,0.5019617676734924,0.5019617676734924,0.49803823232650757,0.5019617676734924,16,1,3,post_calibration
225,13,16,15,60,1,1,1,0.5032325387001038,0.5032325387001038,0.49676746129989624,0.5032325387001038,16,1,3,post_calibration
225,14,16,17,60,0,1,0,0.5018309950828552,0.5018309950828552,0.4981690049171448,0.5018309950828552,16,1,3,post_calibration
226,0,16,0,60,0,1,0,0.5082346796989441,0.5082346796989441,0.4917652904987335,0.5082346796989441,16,2,3,zero_shot_paired
226,1,16,2,60,1,1,1,0.5088769197463989,0.5088769197463989,0.4911230504512787,0.5088769197463989,16,2,3,zero_shot_paired
226,2,16,3,60,0,1,0,0.5056365132331848,0.5056365132331848,0.4943634569644928,0.5056365132331848,16,2,3,zero_shot_paired
226,3,16,4,60,0,1,0,0.508992075920105,0.508992075920105,0.4910079538822174,0.508992075920105,16,2,3,zero_shot_paired
226,4,16,6,60,1,1,1,0.5086769461631775,0.5086769461631775,0.4913230836391449,0.5086769461631775,16,2,3,zero_shot_paired
226,5,16,7,60,0,1,0,0.5028075575828552,0.5028075575828552,0.4971924424171448,0.5028075575828552,16,2,3,zero_shot_paired
226,6,16,8,60,0,1,0,0.5070608258247375,0.5070608258247375,0.49293917417526245,0.5070608258247375,16,2,3,zero_shot_paired
226,7,16,9,60,0,0,1,0.5008544921875,0.5008544921875,0.5008544921875,0.4991454482078552,16,2,3,zero_shot_paired
226,8,16,10,60,1,1,1,0.5047113299369812,0.5047113299369812,0.4952886700630188,0.5047113299369812,16,2,3,zero_shot_paired
226,9,16,11,60,1,1,1,0.502956748008728,0.502956748008728,0.497043251991272,0.502956748008728,16,2,3,zero_shot_paired
226,10,16,12,60,1,1,1,0.5062747597694397,0.5062747597694397,0.4937252700328827,0.5062747597694397,16,2,3,zero_shot_paired
226,11,16,13,60,0,1,0,0.5019568800926208,0.5019568800926208,0.49804311990737915,0.5019568800926208,16,2,3,zero_shot_paired
226,12,16,14,60,1,1,1,0.5018872022628784,0.5018872022628784,0.49811282753944397,0.5018872022628784,16,2,3,zero_shot_paired
226,13,16,15,60,1,1,1,0.5030689239501953,0.5030689239501953,0.4969311058521271,0.5030689239501953,16,2,3,zero_shot_paired
226,14,16,16,60,0,1,0,0.5046431422233582,0.5046431422233582,0.49535685777664185,0.5046431422233582,16,2,3,zero_shot_paired
226,0,16,0,60,0,1,0,0.5082254409790039,0.5082254409790039,0.4917744994163513,0.5082254409790039,16,2,3,post_calibration
226,1,16,2,60,1,1,1,0.50886070728302,0.50886070728302,0.49113929271698,0.50886070728302,16,2,3,post_calibration
226,2,16,3,60,0,1,0,0.5055874586105347,0.5055874586105347,0.49441251158714294,0.5055874586105347,16,2,3,post_calibration
226,3,16,4,60,0,1,0,0.50896155834198,0.50896155834198,0.49103844165802,0.50896155834198,16,2,3,post_calibration
226,4,16,6,60,1,1,1,0.5087398886680603,0.5087398886680603,0.4912601411342621,0.5087398886680603,16,2,3,post_calibration
226,5,16,7,60,0,1,0,0.5028485655784607,0.5028485655784607,0.4971514344215393,0.5028485655784607,16,2,3,post_calibration
226,6,16,8,60,0,1,0,0.507093071937561,0.507093071937561,0.49290692806243896,0.507093071937561,16,2,3,post_calibration
226,7,16,9,60,0,0,1,0.5007821917533875,0.5007821917533875,0.5007821917533875,0.4992177486419678,16,2,3,post_calibration
226,8,16,10,60,1,1,1,0.5048110485076904,0.5048110485076904,0.4951889216899872,0.5048110485076904,16,2,3,post_calibration
226,9,16,11,60,1,1,1,0.5029825568199158,0.5029825568199158,0.49701744318008423,0.5029825568199158,16,2,3,post_calibration
226,10,16,12,60,1,1,1,0.506364107131958,0.506364107131958,0.4936358630657196,0.506364107131958,16,2,3,post_calibration
226,11,16,13,60,0,1,0,0.5019487738609314,0.5019487738609314,0.498051255941391,0.5019487738609314,16,2,3,post_calibration
226,12,16,14,60,1,1,1,0.501956582069397,0.501956582069397,0.4980434477329254,0.501956582069397,16,2,3,post_calibration
226,13,16,15,60,1,1,1,0.5030765533447266,0.5030765533447266,0.4969234764575958,0.5030765533447266,16,2,3,post_calibration
226,14,16,16,60,0,1,0,0.504653811454773,0.504653811454773,0.49534618854522705,0.504653811454773,16,2,3,post_calibration
227,0,16,1,60,1,1,1,0.5028305649757385,0.5028305649757385,0.4971694350242615,0.5028305649757385,16,3,3,zero_shot_paired
227,1,16,2,60,1,1,1,0.5088769197463989,0.5088769197463989,0.4911230504512787,0.5088769197463989,16,3,3,zero_shot_paired
227,2,16,3,60,0,1,0,0.5056365132331848,0.5056365132331848,0.4943634569644928,0.5056365132331848,16,3,3,zero_shot_paired
227,3,16,4,60,0,1,0,0.508992075920105,0.508992075920105,0.4910079538822174,0.508992075920105,16,3,3,zero_shot_paired
227,4,16,5,60,0,1,0,0.5029266476631165,0.5029266476631165,0.4970734119415283,0.5029266476631165,16,3,3,zero_shot_paired
227,5,16,6,60,1,1,1,0.5086769461631775,0.5086769461631775,0.4913230836391449,0.5086769461631775,16,3,3,zero_shot_paired
227,6,16,8,60,0,1,0,0.5070608258247375,0.5070608258247375,0.49293917417526245,0.5070608258247375,16,3,3,zero_shot_paired
227,7,16,9,60,0,0,1,0.5008544921875,0.5008544921875,0.5008544921875,0.4991454482078552,16,3,3,zero_shot_paired
227,8,16,10,60,1,1,1,0.5047113299369812,0.5047113299369812,0.4952886700630188,0.5047113299369812,16,3,3,zero_shot_paired
227,9,16,11,60,1,1,1,0.502956748008728,0.502956748008728,0.497043251991272,0.502956748008728,16,3,3,zero_shot_paired
227,10,16,13,60,0,1,0,0.5019568800926208,0.5019568800926208,0.49804311990737915,0.5019568800926208,16,3,3,zero_shot_paired
227,11,16,14,60,1,1,1,0.5018872022628784,0.5018872022628784,0.49811282753944397,0.5018872022628784,16,3,3,zero_shot_paired
227,12,16,15,60,1,1,1,0.5030689239501953,0.5030689239501953,0.4969311058521271,0.5030689239501953,16,3,3,zero_shot_paired
227,13,16,16,60,0,1,0,0.5046431422233582,0.5046431422233582,0.49535685777664185,0.5046431422233582,16,3,3,zero_shot_paired
227,14,16,17,60,0,1,0,0.5017795562744141,0.5017795562744141,0.49822044372558594,0.5017795562744141,16,3,3,zero_shot_paired
227,0,16,1,60,1,1,1,0.5029442310333252,0.5029442310333252,0.4970557987689972,0.5029442310333252,16,3,3,post_calibration
227,1,16,2,60,1,1,1,0.5088582634925842,0.5088582634925842,0.49114173650741577,0.5088582634925842,16,3,3,post_calibration
227,2,16,3,60,0,1,0,0.5057147145271301,0.5057147145271301,0.4942852258682251,0.5057147145271301,16,3,3,post_calibration
227,3,16,4,60,0,1,0,0.5089676976203918,0.5089676976203918,0.49103233218193054,0.5089676976203918,16,3,3,post_calibration
227,4,16,5,60,0,1,0,0.5029088854789734,0.5029088854789734,0.4970911145210266,0.5029088854789734,16,3,3,post_calibration
227,5,16,6,60,1,1,1,0.5086660981178284,0.5086660981178284,0.49133387207984924,0.5086660981178284,16,3,3,post_calibration
227,6,16,8,60,0,1,0,0.5071420073509216,0.5071420073509216,0.49285799264907837,0.5071420073509216,16,3,3,post_calibration
227,7,16,9,60,0,0,1,0.5008513927459717,0.5008513927459717,0.5008513927459717,0.4991486072540283,16,3,3,post_calibration
227,8,16,10,60,1,1,1,0.5046553015708923,0.5046553015708923,0.49534469842910767,0.5046553015708923,16,3,3,post_calibration
227,9,16,11,60,1,1,1,0.5029978156089783,0.5029978156089783,0.49700218439102173,0.5029978156089783,16,3,3,post_calibration
227,10,16,13,60,0,1,0,0.5019632577896118,0.5019632577896118,0.4980367124080658,0.5019632577896118,16,3,3,post_calibration
227,11,16,14,60,1,1,1,0.5019443035125732,0.5019443035125732,0.49805566668510437,0.5019443035125732,16,3,3,post_calibration
227,12,16,15,60,1,1,1,0.5030650496482849,0.5030650496482849,0.4969349503517151,0.5030650496482849,16,3,3,post_calibration
227,13,16,16,60,0,1,0,0.5046660304069519,0.5046660304069519,0.4953339397907257,0.5046660304069519,16,3,3,post_calibration
227,14,16,17,60,0,1,0,0.5018836259841919,0.5018836259841919,0.4981163740158081,0.5018836259841919,16,3,3,post_calibration
228,0,16,0,60,0,1,0,0.5082346796989441,0.5082346796989441,0.4917652904987335,0.5082346796989441,16,4,3,zero_shot_paired
228,1,16,1,60,1,1,1,0.5028305649757385,0.5028305649757385,0.4971694350242615,0.5028305649757385,16,4,3,zero_shot_paired
228,2,16,2,60,1,1,1,0.5088769197463989,0.5088769197463989,0.4911230504512787,0.5088769197463989,16,4,3,zero_shot_paired
228,3,16,3,60,0,1,0,0.5056365132331848,0.5056365132331848,0.4943634569644928,0.5056365132331848,16,4,3,zero_shot_paired
228,4,16,4,60,0,1,0,0.508992075920105,0.508992075920105,0.4910079538822174,0.508992075920105,16,4,3,zero_shot_paired
228,5,16,5,60,0,1,0,0.5029266476631165,0.5029266476631165,0.4970734119415283,0.5029266476631165,16,4,3,zero_shot_paired
228,6,16,7,60,0,1,0,0.5028075575828552,0.5028075575828552,0.4971924424171448,0.5028075575828552,16,4,3,zero_shot_paired
228,7,16,8,60,0,1,0,0.5070608258247375,0.5070608258247375,0.49293917417526245,0.5070608258247375,16,4,3,zero_shot_paired
228,8,16,9,60,0,0,1,0.5008544921875,0.5008544921875,0.5008544921875,0.4991454482078552,16,4,3,zero_shot_paired
228,9,16,10,60,1,1,1,0.5047113299369812,0.5047113299369812,0.4952886700630188,0.5047113299369812,16,4,3,zero_shot_paired
228,10,16,12,60,1,1,1,0.5062747597694397,0.5062747597694397,0.4937252700328827,0.5062747597694397,16,4,3,zero_shot_paired
228,11,16,14,60,1,1,1,0.5018872022628784,0.5018872022628784,0.49811282753944397,0.5018872022628784,16,4,3,zero_shot_paired
228,12,16,15,60,1,1,1,0.5030689239501953,0.5030689239501953,0.4969311058521271,0.5030689239501953,16,4,3,zero_shot_paired
228,13,16,16,60,0,1,0,0.5046431422233582,0.5046431422233582,0.49535685777664185,0.5046431422233582,16,4,3,zero_shot_paired
228,14,16,17,60,0,1,0,0.5017795562744141,0.5017795562744141,0.49822044372558594,0.5017795562744141,16,4,3,zero_shot_paired
228,0,16,0,60,0,1,0,0.5082330107688904,0.5082330107688904,0.491767019033432,0.5082330107688904,16,4,3,post_calibration
228,1,16,1,60,1,1,1,0.502835750579834,0.502835750579834,0.49716418981552124,0.502835750579834,16,4,3,post_calibration
228,2,16,2,60,1,1,1,0.5087335705757141,0.5087335705757141,0.4912664294242859,0.5087335705757141,16,4,3,post_calibration
228,3,16,3,60,0,1,0,0.5053108334541321,0.5053108334541321,0.4946891665458679,0.5053108334541321,16,4,3,post_calibration
228,4,16,4,60,0,1,0,0.5089240074157715,0.5089240074157715,0.49107593297958374,0.5089240074157715,16,4,3,post_calibration
228,5,16,5,60,0,1,0,0.5028559565544128,0.5028559565544128,0.49714401364326477,0.5028559565544128,16,4,3,post_calibration
228,6,16,7,60,0,1,0,0.5030107498168945,0.5030107498168945,0.49698925018310547,0.5030107498168945,16,4,3,post_calibration
228,7,16,8,60,0,1,0,0.5070494413375854,0.5070494413375854,0.49295052886009216,0.5070494413375854,16,4,3,post_calibration
228,8,16,9,60,0,0,1,0.5010125041007996,0.5010125041007996,0.5010125041007996,0.49898749589920044,16,4,3,post_calibration
228,9,16,10,60,1,1,1,0.5045881867408752,0.5045881867408752,0.49541178345680237,0.5045881867408752,16,4,3,post_calibration
228,10,16,12,60,1,1,1,0.5063030123710632,0.5063030123710632,0.49369698762893677,0.5063030123710632,16,4,3,post_calibration
228,11,16,14,60,1,1,1,0.5017469525337219,0.5017469525337219,0.4982530176639557,0.5017469525337219,16,4,3,post_calibration
228,12,16,15,60,1,1,1,0.50291907787323,0.50291907787323,0.49708086252212524,0.50291907787323,16,4,3,post_calibration
228,13,16,16,60,0,1,0,0.5046194195747375,0.5046194195747375,0.4953805208206177,0.5046194195747375,16,4,3,post_calibration
228,14,16,17,60,0,1,0,0.5018168687820435,0.5018168687820435,0.49818313121795654,0.5018168687820435,16,4,3,post_calibration
229,0,16,0,60,0,1,0,0.5082346796989441,0.5082346796989441,0.4917652904987335,0.5082346796989441,16,5,3,zero_shot_paired
229,1,16,1,60,1,1,1,0.5028305649757385,0.5028305649757385,0.4971694350242615,0.5028305649757385,16,5,3,zero_shot_paired
229,2,16,2,60,1,1,1,0.5088769197463989,0.5088769197463989,0.4911230504512787,0.5088769197463989,16,5,3,zero_shot_paired
229,3,16,3,60,0,1,0,0.5056365132331848,0.5056365132331848,0.4943634569644928,0.5056365132331848,16,5,3,zero_shot_paired
229,4,16,4,60,0,1,0,0.508992075920105,0.508992075920105,0.4910079538822174,0.508992075920105,16,5,3,zero_shot_paired
229,5,16,5,60,0,1,0,0.5029266476631165,0.5029266476631165,0.4970734119415283,0.5029266476631165,16,5,3,zero_shot_paired
229,6,16,6,60,1,1,1,0.5086769461631775,0.5086769461631775,0.4913230836391449,0.5086769461631775,16,5,3,zero_shot_paired
229,7,16,7,60,0,1,0,0.5028075575828552,0.5028075575828552,0.4971924424171448,0.5028075575828552,16,5,3,zero_shot_paired
229,8,16,10,60,1,1,1,0.5047113299369812,0.5047113299369812,0.4952886700630188,0.5047113299369812,16,5,3,zero_shot_paired
229,9,16,11,60,1,1,1,0.502956748008728,0.502956748008728,0.497043251991272,0.502956748008728,16,5,3,zero_shot_paired
229,10,16,12,60,1,1,1,0.5062747597694397,0.5062747597694397,0.4937252700328827,0.5062747597694397,16,5,3,zero_shot_paired
229,11,16,13,60,0,1,0,0.5019568800926208,0.5019568800926208,0.49804311990737915,0.5019568800926208,16,5,3,zero_shot_paired
229,12,16,15,60,1,1,1,0.5030689239501953,0.5030689239501953,0.4969311058521271,0.5030689239501953,16,5,3,zero_shot_paired
229,13,16,16,60,0,1,0,0.5046431422233582,0.5046431422233582,0.49535685777664185,0.5046431422233582,16,5,3,zero_shot_paired
229,14,16,17,60,0,1,0,0.5017795562744141,0.5017795562744141,0.49822044372558594,0.5017795562744141,16,5,3,zero_shot_paired
229,0,16,0,60,0,1,0,0.5079087615013123,0.5079087615013123,0.49209123849868774,0.5079087615013123,16,5,3,post_calibration
229,1,16,1,60,1,1,1,0.5025963187217712,0.5025963187217712,0.49740371108055115,0.5025963187217712,16,5,3,post_calibration
229,2,16,2,60,1,1,1,0.5087224245071411,0.5087224245071411,0.4912775754928589,0.5087224245071411,16,5,3,post_calibration
229,3,16,3,60,0,1,0,0.5053367018699646,0.5053367018699646,0.4946632981300354,0.5053367018699646,16,5,3,post_calibration
229,4,16,4,60,0,1,0,0.5087262988090515,0.5087262988090515,0.4912737011909485,0.5087262988090515,16,5,3,post_calibration
229,5,16,5,60,0,1,0,0.5027646422386169,0.5027646422386169,0.49723535776138306,0.5027646422386169,16,5,3,post_calibration
229,6,16,6,60,1,1,1,0.5083557963371277,0.5083557963371277,0.4916442334651947,0.5083557963371277,16,5,3,post_calibration
229,7,16,7,60,0,1,0,0.5023595094680786,0.5023595094680786,0.497640460729599,0.5023595094680786,16,5,3,post_calibration
229,8,16,10,60,1,1,1,0.5044369101524353,0.5044369101524353,0.4955630898475647,0.5044369101524353,16,5,3,post_calibration
229,9,16,11,60,1,1,1,0.5028330683708191,0.5028330683708191,0.4971669018268585,0.5028330683708191,16,5,3,post_calibration
229,10,16,12,60,1,1,1,0.5060264468193054,0.5060264468193054,0.4939735233783722,0.5060264468193054,16,5,3,post_calibration
229,11,16,13,60,0,1,0,0.5017966628074646,0.5017966628074646,0.4982033371925354,0.5017966628074646,16,5,3,post_calibration
229,12,16,15,60,1,1,1,0.5029786229133606,0.5029786229133606,0.497021347284317,0.5029786229133606,16,5,3,post_calibration
229,13,16,16,60,0,1,0,0.5045415163040161,0.5045415163040161,0.4954585134983063,0.5045415163040161,16,5,3,post_calibration
229,14,16,17,60,0,1,0,0.5016467571258545,0.5016467571258545,0.4983532726764679,0.5016467571258545,16,5,3,post_calibration
230,0,16,0,60,0,1,0,0.5082346796989441,0.5082346796989441,0.4917652904987335,0.5082346796989441,16,6,3,zero_shot_paired
230,1,16,1,60,1,1,1,0.5028305649757385,0.5028305649757385,0.4971694350242615,0.5028305649757385,16,6,3,zero_shot_paired
230,2,16,2,60,1,1,1,0.5088769197463989,0.5088769197463989,0.4911230504512787,0.5088769197463989,16,6,3,zero_shot_paired
230,3,16,3,60,0,1,0,0.5056365132331848,0.5056365132331848,0.4943634569644928,0.5056365132331848,16,6,3,zero_shot_paired
230,4,16,5,60,0,1,0,0.5029266476631165,0.5029266476631165,0.4970734119415283,0.5029266476631165,16,6,3,zero_shot_paired
230,5,16,6,60,1,1,1,0.5086769461631775,0.5086769461631775,0.4913230836391449,0.5086769461631775,16,6,3,zero_shot_paired
230,6,16,7,60,0,1,0,0.5028075575828552,0.5028075575828552,0.4971924424171448,0.5028075575828552,16,6,3,zero_shot_paired
230,7,16,8,60,0,1,0,0.5070608258247375,0.5070608258247375,0.49293917417526245,0.5070608258247375,16,6,3,zero_shot_paired
230,8,16,9,60,0,0,1,0.5008544921875,0.5008544921875,0.5008544921875,0.4991454482078552,16,6,3,zero_shot_paired
230,9,16,11,60,1,1,1,0.502956748008728,0.502956748008728,0.497043251991272,0.502956748008728,16,6,3,zero_shot_paired
230,10,16,12,60,1,1,1,0.5062747597694397,0.5062747597694397,0.4937252700328827,0.5062747597694397,16,6,3,zero_shot_paired
230,11,16,13,60,0,1,0,0.5019568800926208,0.5019568800926208,0.49804311990737915,0.5019568800926208,16,6,3,zero_shot_paired
230,12,16,14,60,1,1,1,0.5018872022628784,0.5018872022628784,0.49811282753944397,0.5018872022628784,16,6,3,zero_shot_paired
230,13,16,16,60,0,1,0,0.5046431422233582,0.5046431422233582,0.49535685777664185,0.5046431422233582,16,6,3,zero_shot_paired
230,14,16,17,60,0,1,0,0.5017795562744141,0.5017795562744141,0.49822044372558594,0.5017795562744141,16,6,3,zero_shot_paired
230,0,16,0,60,0,1,0,0.508203387260437,0.508203387260437,0.4917966425418854,0.508203387260437,16,6,3,post_calibration
230,1,16,1,60,1,1,1,0.5028854012489319,0.5028854012489319,0.4971145987510681,0.5028854012489319,16,6,3,post_calibration
230,2,16,2,60,1,1,1,0.5088220238685608,0.5088220238685608,0.4911779463291168,0.5088220238685608,16,6,3,post_calibration
230,3,16,3,60,0,1,0,0.5055966973304749,0.5055966973304749,0.49440330266952515,0.5055966973304749,16,6,3,post_calibration
230,4,16,5,60,0,1,0,0.5029177665710449,0.5029177665710449,0.4970822334289551,0.5029177665710449,16,6,3,post_calibration
230,5,16,6,60,1,1,1,0.5086662173271179,0.5086662173271179,0.4913337826728821,0.5086662173271179,16,6,3,post_calibration
230,6,16,7,60,0,1,0,0.5029180645942688,0.5029180645942688,0.4970819652080536,0.5029180645942688,16,6,3,post_calibration
230,7,16,8,60,0,1,0,0.5070644021034241,0.5070644021034241,0.4929355978965759,0.5070644021034241,16,6,3,post_calibration
230,8,16,9,60,0,0,1,0.5005852580070496,0.5005852580070496,0.5005852580070496,0.49941468238830566,16,6,3,post_calibration
230,9,16,11,60,1,1,1,0.5029298067092896,0.5029298067092896,0.4970701336860657,0.5029298067092896,16,6,3,post_calibration
230,10,16,12,60,1,1,1,0.5064316987991333,0.5064316987991333,0.4935682713985443,0.5064316987991333,16,6,3,post_calibration
230,11,16,13,60,0,1,0,0.5018772482872009,0.5018772482872009,0.49812278151512146,0.5018772482872009,16,6,3,post_calibration
230,12,16,14,60,1,1,1,0.5019281506538391,0.5019281506538391,0.4980718493461609,0.5019281506538391,16,6,3,post_calibration
230,13,16,16,60,0,1,0,0.5047235488891602,0.5047235488891602,0.49527645111083984,0.5047235488891602,16,6,3,post_calibration
230,14,16,17,60,0,1,0,0.5016704201698303,0.5016704201698303,0.4983295202255249,0.5016704201698303,16,6,3,post_calibration
231,0,16,0,60,0,1,0,0.5082346796989441,0.5082346796989441,0.4917652904987335,0.5082346796989441,16,1,6,zero_shot_paired
231,1,16,1,60,1,1,1,0.5028305649757385,0.5028305649757385,0.4971694350242615,0.5028305649757385,16,1,6,zero_shot_paired
231,2,16,2,60,1,1,1,0.5088769197463989,0.5088769197463989,0.4911230504512787,0.5088769197463989,16,1,6,zero_shot_paired
231,3,16,3,60,0,1,0,0.5056365132331848,0.5056365132331848,0.4943634569644928,0.5056365132331848,16,1,6,zero_shot_paired
231,4,16,5,60,0,1,0,0.5029266476631165,0.5029266476631165,0.4970734119415283,0.5029266476631165,16,1,6,zero_shot_paired
231,5,16,6,60,1,1,1,0.5086769461631775,0.5086769461631775,0.4913230836391449,0.5086769461631775,16,1,6,zero_shot_paired
231,6,16,7,60,0,1,0,0.5028075575828552,0.5028075575828552,0.4971924424171448,0.5028075575828552,16,1,6,zero_shot_paired
231,7,16,10,60,1,1,1,0.5047113299369812,0.5047113299369812,0.4952886700630188,0.5047113299369812,16,1,6,zero_shot_paired
231,8,16,13,60,0,1,0,0.5019568800926208,0.5019568800926208,0.49804311990737915,0.5019568800926208,16,1,6,zero_shot_paired
231,9,16,15,60,1,1,1,0.5030689239501953,0.5030689239501953,0.4969311058521271,0.5030689239501953,16,1,6,zero_shot_paired
231,10,16,16,60,0,1,0,0.5046431422233582,0.5046431422233582,0.49535685777664185,0.5046431422233582,16,1,6,zero_shot_paired
231,11,16,17,60,0,1,0,0.5017795562744141,0.5017795562744141,0.49822044372558594,0.5017795562744141,16,1,6,zero_shot_paired
231,0,16,0,60,0,1,0,0.5080578923225403,0.5080578923225403,0.4919421374797821,0.5080578923225403,16,1,6,post_calibration
231,1,16,1,60,1,1,1,0.5027546286582947,0.5027546286582947,0.4972453713417053,0.5027546286582947,16,1,6,post_calibration
231,2,16,2,60,1,1,1,0.5088272094726562,0.5088272094726562,0.49117279052734375,0.5088272094726562,16,1,6,post_calibration
231,3,16,3,60,0,1,0,0.5054552555084229,0.5054552555084229,0.49454477429389954,0.5054552555084229,16,1,6,post_calibration
231,4,16,5,60,0,1,0,0.5028104186058044,0.5028104186058044,0.49718961119651794,0.5028104186058044,16,1,6,post_calibration
231,5,16,6,60,1,1,1,0.5086163878440857,0.5086163878440857,0.4913835823535919,0.5086163878440857,16,1,6,post_calibration
231,6,16,7,60,0,1,0,0.5027297735214233,0.5027297735214233,0.49727022647857666,0.5027297735214233,16,1,6,post_calibration
231,7,16,10,60,1,1,1,0.5047244429588318,0.5047244429588318,0.4952755868434906,0.5047244429588318,16,1,6,post_calibration
231,8,16,13,60,0,1,0,0.5017480254173279,0.5017480254173279,0.49825194478034973,0.5017480254173279,16,1,6,post_calibration
231,9,16,15,60,1,1,1,0.5030218958854675,0.5030218958854675,0.49697813391685486,0.5030218958854675,16,1,6,post_calibration
231,10,16,16,60,0,1,0,0.5045342445373535,0.5045342445373535,0.4954657554626465,0.5045342445373535,16,1,6,post_calibration
231,11,16,17,60,0,1,0,0.501571536064148,0.501571536064148,0.49842849373817444,0.501571536064148,16,1,6,post_calibration
232,0,16,1,60,1,1,1,0.5028305649757385,0.5028305649757385,0.4971694350242615,0.5028305649757385,16,2,6,zero_shot_paired
232,1,16,4,60,0,1,0,0.508992075920105,0.508992075920105,0.4910079538822174,0.508992075920105,16,2,6,zero_shot_paired
232,2,16,5,60,0,1,0,0.5029266476631165,0.5029266476631165,0.4970734119415283,0.5029266476631165,16,2,6,zero_shot_paired
232,3,16,6,60,1,1,1,0.5086769461631775,0.5086769461631775,0.4913230836391449,0.5086769461631775,16,2,6,zero_shot_paired
232,4,16,7,60,0,1,0,0.5028075575828552,0.5028075575828552,0.4971924424171448,0.5028075575828552,16,2,6,zero_shot_paired
232,5,16,8,60,0,1,0,0.5070608258247375,0.5070608258247375,0.49293917417526245,0.5070608258247375,16,2,6,zero_shot_paired
232,6,16,9,60,0,0,1,0.5008544921875,0.5008544921875,0.5008544921875,0.4991454482078552,16,2,6,zero_shot_paired
232,7,16,10,60,1,1,1,0.5047113299369812,0.5047113299369812,0.4952886700630188,0.5047113299369812,16,2,6,zero_shot_paired
232,8,16,11,60,1,1,1,0.502956748008728,0.502956748008728,0.497043251991272,0.502956748008728,16,2,6,zero_shot_paired
232,9,16,12,60,1,1,1,0.5062747597694397,0.5062747597694397,0.4937252700328827,0.5062747597694397,16,2,6,zero_shot_paired
232,10,16,13,60,0,1,0,0.5019568800926208,0.5019568800926208,0.49804311990737915,0.5019568800926208,16,2,6,zero_shot_paired
232,11,16,14,60,1,1,1,0.5018872022628784,0.5018872022628784,0.49811282753944397,0.5018872022628784,16,2,6,zero_shot_paired
232,0,16,1,60,1,1,1,0.5027926564216614,0.5027926564216614,0.497207373380661,0.5027926564216614,16,2,6,post_calibration
232,1,16,4,60,0,1,0,0.5089066028594971,0.5089066028594971,0.49109336733818054,0.5089066028594971,16,2,6,post_calibration
232,2,16,5,60,0,1,0,0.5029516220092773,0.5029516220092773,0.49704837799072266,0.5029516220092773,16,2,6,post_calibration
232,3,16,6,60,1,1,1,0.5085926055908203,0.5085926055908203,0.4914073944091797,0.5085926055908203,16,2,6,post_calibration
232,4,16,7,60,0,1,0,0.5028093457221985,0.5028093457221985,0.4971906542778015,0.5028093457221985,16,2,6,post_calibration
232,5,16,8,60,0,1,0,0.5070054531097412,0.5070054531097412,0.4929945468902588,0.5070054531097412,16,2,6,post_calibration
232,6,16,9,60,0,0,1,0.5008386373519897,0.5008386373519897,0.5008386373519897,0.49916139245033264,16,2,6,post_calibration
232,7,16,10,60,1,1,1,0.5046555399894714,0.5046555399894714,0.49534446001052856,0.5046555399894714,16,2,6,post_calibration
232,8,16,11,60,1,1,1,0.5028278231620789,0.5028278231620789,0.49717217683792114,0.5028278231620789,16,2,6,post_calibration
232,9,16,12,60,1,1,1,0.5062065720558167,0.5062065720558167,0.49379345774650574,0.5062065720558167,16,2,6,post_calibration
232,10,16,13,60,0,1,0,0.5018346309661865,0.5018346309661865,0.4981653690338135,0.5018346309661865,16,2,6,post_calibration
232,11,16,14,60,1,1,1,0.501967191696167,0.501967191696167,0.498032808303833,0.501967191696167,16,2,6,post_calibration
233,0,16,0,60,0,1,0,0.5082346796989441,0.5082346796989441,0.4917652904987335,0.5082346796989441,16,3,6,zero_shot_paired
233,1,16,2,60,1,1,1,0.5088769197463989,0.5088769197463989,0.4911230504512787,0.5088769197463989,16,3,6,zero_shot_paired
233,2,16,3,60,0,1,0,0.5056365132331848,0.5056365132331848,0.4943634569644928,0.5056365132331848,16,3,6,zero_shot_paired
233,3,16,4,60,0,1,0,0.508992075920105,0.508992075920105,0.4910079538822174,0.508992075920105,16,3,6,zero_shot_paired
233,4,16,8,60,0,1,0,0.5070608258247375,0.5070608258247375,0.49293917417526245,0.5070608258247375,16,3,6,zero_shot_paired
233,5,16,9,60,0,0,1,0.5008544921875,0.5008544921875,0.5008544921875,0.4991454482078552,16,3,6,zero_shot_paired
233,6,16,11,60,1,1,1,0.502956748008728,0.502956748008728,0.497043251991272,0.502956748008728,16,3,6,zero_shot_paired
233,7,16,12,60,1,1,1,0.5062747597694397,0.5062747597694397,0.4937252700328827,0.5062747597694397,16,3,6,zero_shot_paired
233,8,16,14,60,1,1,1,0.5018872022628784,0.5018872022628784,0.49811282753944397,0.5018872022628784,16,3,6,zero_shot_paired
233,9,16,15,60,1,1,1,0.5030689239501953,0.5030689239501953,0.4969311058521271,0.5030689239501953,16,3,6,zero_shot_paired
233,10,16,16,60,0,1,0,0.5046431422233582,0.5046431422233582,0.49535685777664185,0.5046431422233582,16,3,6,zero_shot_paired
233,11,16,17,60,0,1,0,0.5017795562744141,0.5017795562744141,0.49822044372558594,0.5017795562744141,16,3,6,zero_shot_paired
233,0,16,0,60,0,1,0,0.5081295967102051,0.5081295967102051,0.49187037348747253,0.5081295967102051,16,3,6,post_calibration
233,1,16,2,60,1,1,1,0.5088008642196655,0.5088008642196655,0.4911991357803345,0.5088008642196655,16,3,6,post_calibration
233,2,16,3,60,0,1,0,0.5056344270706177,0.5056344270706177,0.4943655729293823,0.5056344270706177,16,3,6,post_calibration
233,3,16,4,60,0,1,0,0.5089820027351379,0.5089820027351379,0.4910179674625397,0.5089820027351379,16,3,6,post_calibration
233,4,16,8,60,0,1,0,0.5071253180503845,0.5071253180503845,0.49287471175193787,0.5071253180503845,16,3,6,post_calibration
233,5,16,9,60,0,0,1,0.5009860992431641,0.5009860992431641,0.5009860992431641,0.4990139603614807,16,3,6,post_calibration
233,6,16,11,60,1,1,1,0.5030467510223389,0.5030467510223389,0.49695324897766113,0.5030467510223389,16,3,6,post_calibration
233,7,16,12,60,1,1,1,0.5062452554702759,0.5062452554702759,0.4937547743320465,0.5062452554702759,16,3,6,post_calibration
233,8,16,14,60,1,1,1,0.5018872618675232,0.5018872618675232,0.4981127679347992,0.5018872618675232,16,3,6,post_calibration
233,9,16,15,60,1,1,1,0.5030115246772766,0.5030115246772766,0.4969884753227234,0.5030115246772766,16,3,6,post_calibration
233,10,16,16,60,0,1,0,0.5047327876091003,0.5047327876091003,0.49526724219322205,0.5047327876091003,16,3,6,post_calibration
233,11,16,17,60,0,1,0,0.5017387270927429,0.5017387270927429,0.49826130270957947,0.5017387270927429,16,3,6,post_calibration
234,0,16,1,60,1,1,1,0.502830445766449,0.502830445766449,0.49716949462890625,0.502830445766449,16,1,9,zero_shot_paired
234,1,16,6,60,1,1,1,0.5086770057678223,0.5086770057678223,0.4913230240345001,0.5086770057678223,16,1,9,zero_shot_paired
234,2,16,7,60,0,1,0,0.5028076171875,0.5028076171875,0.4971924126148224,0.5028076171875,16,1,9,zero_shot_paired
234,3,16,8,60,0,1,0,0.5070608854293823,0.5070608854293823,0.49293917417526245,0.5070608854293823,16,1,9,zero_shot_paired
234,4,16,9,60,0,0,1,0.5008545517921448,0.5008545517921448,0.5008545517921448,0.49914541840553284,16,1,9,zero_shot_paired
234,5,16,12,60,1,1,1,0.5062747001647949,0.5062747001647949,0.49372532963752747,0.5062747001647949,16,1,9,zero_shot_paired
234,6,16,13,60,0,1,0,0.5019569396972656,0.5019569396972656,0.49804309010505676,0.5019569396972656,16,1,9,zero_shot_paired
234,7,16,15,60,1,1,1,0.5030689239501953,0.5030689239501953,0.4969310760498047,0.5030689239501953,16,1,9,zero_shot_paired
234,8,16,17,60,0,1,0,0.5017795562744141,0.5017795562744141,0.4982204735279083,0.5017795562744141,16,1,9,zero_shot_paired
234,0,16,1,60,1,1,1,0.5026747584342957,0.5026747584342957,0.49732527136802673,0.5026747584342957,16,1,9,post_calibration
234,1,16,6,60,1,1,1,0.5086871385574341,0.5086871385574341,0.4913128614425659,0.5086871385574341,16,1,9,post_calibration
234,2,16,7,60,0,1,0,0.5026224851608276,0.5026224851608276,0.49737757444381714,0.5026224851608276,16,1,9,post_calibration
234,3,16,8,60,0,1,0,0.5068881511688232,0.5068881511688232,0.493111789226532,0.5068881511688232,16,1,9,post_calibration
234,4,16,9,60,0,0,1,0.5009347796440125,0.5009347796440125,0.5009347796440125,0.49906522035598755,16,1,9,post_calibration
234,5,16,12,60,1,1,1,0.5061180591583252,0.5061180591583252,0.4938819110393524,0.5061180591583252,16,1,9,post_calibration
234,6,16,13,60,0,1,0,0.5018201470375061,0.5018201470375061,0.4981798827648163,0.5018201470375061,16,1,9,post_calibration
234,7,16,15,60,1,1,1,0.5030035972595215,0.5030035972595215,0.4969964027404785,0.5030035972595215,16,1,9,post_calibration
234,8,16,17,60,0,1,0,0.5016331672668457,0.5016331672668457,0.4983668625354767,0.5016331672668457,16,1,9,post_calibration
235,0,16,0,60,0,1,0,0.5082346796989441,0.5082346796989441,0.4917653203010559,0.5082346796989441,16,2,9,zero_shot_paired
235,1,16,2,60,1,1,1,0.5088770389556885,0.5088770389556885,0.4911229908466339,0.5088770389556885,16,2,9,zero_shot_paired
235,2,16,3,60,0,1,0,0.5056365132331848,0.5056365132331848,0.4943635165691376,0.5056365132331848,16,2,9,zero_shot_paired
235,3,16,4,60,0,1,0,0.5089920163154602,0.5089920163154602,0.4910079538822174,0.5089920163154602,16,2,9,zero_shot_paired
235,4,16,5,60,0,1,0,0.5029266476631165,0.5029266476631165,0.4970734119415283,0.5029266476631165,16,2,9,zero_shot_paired
235,5,16,10,60,1,1,1,0.5047112107276917,0.5047112107276917,0.49528878927230835,0.5047112107276917,16,2,9,zero_shot_paired
235,6,16,11,60,1,1,1,0.5029568076133728,0.5029568076133728,0.497043251991272,0.5029568076133728,16,2,9,zero_shot_paired
235,7,16,14,60,1,1,1,0.5018871426582336,0.5018871426582336,0.49811288714408875,0.5018871426582336,16,2,9,zero_shot_paired
235,8,16,16,60,0,1,0,0.5046430826187134,0.5046430826187134,0.4953569173812866,0.5046430826187134,16,2,9,zero_shot_paired
235,0,16,0,60,0,1,0,0.5081811547279358,0.5081811547279358,0.4918188452720642,0.5081811547279358,16,2,9,post_calibration
235,1,16,2,60,1,1,1,0.5089066028594971,0.5089066028594971,0.49109336733818054,0.5089066028594971,16,2,9,post_calibration
235,2,16,3,60,0,1,0,0.5056576132774353,0.5056576132774353,0.4943424165248871,0.5056576132774353,16,2,9,post_calibration
235,3,16,4,60,0,1,0,0.5089014172554016,0.5089014172554016,0.4910986125469208,0.5089014172554016,16,2,9,post_calibration
235,4,16,5,60,0,1,0,0.502909779548645,0.502909779548645,0.4970901608467102,0.502909779548645,16,2,9,post_calibration
235,5,16,10,60,1,1,1,0.5045462250709534,0.5045462250709534,0.49545377492904663,0.5045462250709534,16,2,9,post_calibration
235,6,16,11,60,1,1,1,0.5029658675193787,0.5029658675193787,0.49703407287597656,0.5029658675193787,16,2,9,post_calibration
235,7,16,14,60,1,1,1,0.5018376111984253,0.5018376111984253,0.4981623888015747,0.5018376111984253,16,2,9,post_calibration
235,8,16,16,60,0,1,0,0.5046083927154541,0.5046083927154541,0.4953916370868683,0.5046083927154541,16,2,9,post_calibration
236,0,16,4,60,0,1,0,0.5089916586875916,0.5089916586875916,0.49100834131240845,0.5089916586875916,16,1,12,zero_shot_paired
236,1,16,7,60,0,1,0,0.5028071403503418,0.5028071403503418,0.4971928298473358,0.5028071403503418,16,1,12,zero_shot_paired
236,2,16,10,60,1,1,1,0.5047137141227722,0.5047137141227722,0.49528631567955017,0.5047137141227722,16,1,12,zero_shot_paired
236,3,16,11,60,1,1,1,0.5029566287994385,0.5029566287994385,0.4970433712005615,0.5029566287994385,16,1,12,zero_shot_paired
236,4,16,14,60,1,1,1,0.501889705657959,0.501889705657959,0.498110294342041,0.501889705657959,16,1,12,zero_shot_paired
236,5,16,16,60,0,1,0,0.5046481490135193,0.5046481490135193,0.4953518509864807,0.5046481490135193,16,1,12,zero_shot_paired
236,0,16,4,60,0,1,0,0.5088187456130981,0.5088187456130981,0.49118122458457947,0.5088187456130981,16,1,12,post_calibration
236,1,16,7,60,0,1,0,0.5029077529907227,0.5029077529907227,0.49709227681159973,0.5029077529907227,16,1,12,post_calibration
236,2,16,10,60,1,1,1,0.5044649243354797,0.5044649243354797,0.4955350458621979,0.5044649243354797,16,1,12,post_calibration
236,3,16,11,60,1,1,1,0.5029647350311279,0.5029647350311279,0.49703526496887207,0.5029647350311279,16,1,12,post_calibration
236,4,16,14,60,1,1,1,0.5017998218536377,0.5017998218536377,0.4982001483440399,0.5017998218536377,16,1,12,post_calibration
236,5,16,16,60,0,1,0,0.5046898126602173,0.5046898126602173,0.4953101575374603,0.5046898126602173,16,1,12,post_calibration
237,0,16,5,60,0,1,0,0.5029289722442627,0.5029289722442627,0.4970710575580597,0.5029289722442627,16,2,12,zero_shot_paired
237,1,16,7,60,0,1,0,0.5028071403503418,0.5028071403503418,0.4971928298473358,0.5028071403503418,16,2,12,zero_shot_paired
237,2,16,8,60,0,1,0,0.5070602893829346,0.5070602893829346,0.49293965101242065,0.5070602893829346,16,2,12,zero_shot_paired
237,3,16,12,60,1,1,1,0.5062751770019531,0.5062751770019531,0.49372485280036926,0.5062751770019531,16,2,12,zero_shot_paired
237,4,16,14,60,1,1,1,0.501889705657959,0.501889705657959,0.498110294342041,0.501889705657959,16,2,12,zero_shot_paired
237,5,16,15,60,1,1,1,0.5030714869499207,0.5030714869499207,0.49692851305007935,0.5030714869499207,16,2,12,zero_shot_paired
237,0,16,5,60,0,1,0,0.5026915073394775,0.5026915073394775,0.4973084628582001,0.5026915073394775,16,2,12,post_calibration
237,1,16,7,60,0,1,0,0.5027916431427002,0.5027916431427002,0.4972083568572998,0.5027916431427002,16,2,12,post_calibration
237,2,16,8,60,0,1,0,0.5068387389183044,0.5068387389183044,0.49316129088401794,0.5068387389183044,16,2,12,post_calibration
237,3,16,12,60,1,1,1,0.5061604976654053,0.5061604976654053,0.49383947253227234,0.5061604976654053,16,2,12,post_calibration
237,4,16,14,60,1,1,1,0.5017129778862,0.5017129778862,0.49828699231147766,0.5017129778862,16,2,12,post_calibration
237,5,16,15,60,1,1,1,0.5029037594795227,0.5029037594795227,0.4970961809158325,0.5029037594795227,16,2,12,post_calibration
238,0,16,1,60,1,1,1,0.5028331279754639,0.5028331279754639,0.4971669018268585,0.5028331279754639,16,3,12,zero_shot_paired
238,1,16,2,60,1,1,1,0.5088781714439392,0.5088781714439392,0.4911218285560608,0.5088781714439392,16,3,12,zero_shot_paired
238,2,16,3,60,0,1,0,0.5056377649307251,0.5056377649307251,0.4943622350692749,0.5056377649307251,16,3,12,zero_shot_paired
238,3,16,4,60,0,1,0,0.5089916586875916,0.5089916586875916,0.49100834131240845,0.5089916586875916,16,3,12,zero_shot_paired
238,4,16,10,60,1,1,1,0.5047137141227722,0.5047137141227722,0.49528631567955017,0.5047137141227722,16,3,12,zero_shot_paired
238,5,16,13,60,0,1,0,0.5019581913948059,0.5019581913948059,0.4980418384075165,0.5019581913948059,16,3,12,zero_shot_paired
238,0,16,1,60,1,1,1,0.5025909543037415,0.5025909543037415,0.49740904569625854,0.5025909543037415,16,3,12,post_calibration
238,1,16,2,60,1,1,1,0.5086888074874878,0.5086888074874878,0.4913111627101898,0.5086888074874878,16,3,12,post_calibration
238,2,16,3,60,0,1,0,0.5053874850273132,0.5053874850273132,0.49461251497268677,0.5053874850273132,16,3,12,post_calibration
238,3,16,4,60,0,1,0,0.5086916089057922,0.5086916089057922,0.49130839109420776,0.5086916089057922,16,3,12,post_calibration
238,4,16,10,60,1,1,1,0.5043825507164001,0.5043825507164001,0.49561741948127747,0.5043825507164001,16,3,12,post_calibration
238,5,16,13,60,0,1,0,0.5017676949501038,0.5017676949501038,0.49823224544525146,0.5017676949501038,16,3,12,post_calibration
18,0,17,0,60,1,1,1,0.5026347637176514,0.5026347637176514,0.49736523628234863,0.5026347637176514,17,,,zero_shot_all_trials
18,1,17,1,60,1,1,1,0.5002647638320923,0.5002647638320923,0.4997352361679077,0.5002647638320923,17,,,zero_shot_all_trials
18,2,17,2,60,1,1,1,0.5030669569969177,0.5030669569969177,0.4969330430030823,0.5030669569969177,17,,,zero_shot_all_trials
18,3,17,3,60,0,1,0,0.505903422832489,0.505903422832489,0.4940966069698334,0.505903422832489,17,,,zero_shot_all_trials
18,4,17,4,60,0,0,1,0.5047791600227356,0.5047791600227356,0.5047791600227356,0.4952208697795868,17,,,zero_shot_all_trials
18,5,17,5,60,0,1,0,0.5003708004951477,0.5003708004951477,0.4996291995048523,0.5003708004951477,17,,,zero_shot_all_trials
18,6,17,6,60,1,0,0,0.5010405778884888,0.5010405778884888,0.5010405778884888,0.49895936250686646,17,,,zero_shot_all_trials
18,7,17,7,60,0,0,1,0.5010319352149963,0.5010319352149963,0.5010319352149963,0.49896806478500366,17,,,zero_shot_all_trials
18,8,17,8,60,0,0,1,0.5044172406196594,0.5044172406196594,0.5044172406196594,0.4955827593803406,17,,,zero_shot_all_trials
18,9,17,9,60,0,0,1,0.5024431347846985,0.5024431347846985,0.5024431347846985,0.49755680561065674,17,,,zero_shot_all_trials
18,10,17,10,60,1,1,1,0.5037350654602051,0.5037350654602051,0.4962649345397949,0.5037350654602051,17,,,zero_shot_all_trials
18,11,17,11,60,1,1,1,0.500906765460968,0.500906765460968,0.499093234539032,0.500906765460968,17,,,zero_shot_all_trials
18,12,17,12,60,1,0,0,0.5009358525276184,0.5009358525276184,0.5009358525276184,0.4990641474723816,17,,,zero_shot_all_trials
18,13,17,13,60,0,1,0,0.5058704614639282,0.5058704614639282,0.4941295087337494,0.5058704614639282,17,,,zero_shot_all_trials
18,14,17,14,60,0,0,1,0.5006359219551086,0.5006359219551086,0.5006359219551086,0.49936407804489136,17,,,zero_shot_all_trials
18,15,17,15,60,1,1,1,0.5018938183784485,0.5018938183784485,0.4981061518192291,0.5018938183784485,17,,,zero_shot_all_trials
18,16,17,16,60,0,1,0,0.503777027130127,0.503777027130127,0.49622300267219543,0.503777027130127,17,,,zero_shot_all_trials
18,17,17,17,60,0,1,0,0.5053238868713379,0.5053238868713379,0.4946761429309845,0.5053238868713379,17,,,zero_shot_all_trials
239,0,17,0,60,1,1,1,0.5026347637176514,0.5026347637176514,0.49736523628234863,0.5026347637176514,17,1,3,zero_shot_paired
239,1,17,1,60,1,1,1,0.5002647638320923,0.5002647638320923,0.4997352361679077,0.5002647638320923,17,1,3,zero_shot_paired
239,2,17,2,60,1,1,1,0.5030669569969177,0.5030669569969177,0.4969330430030823,0.5030669569969177,17,1,3,zero_shot_paired
239,3,17,4,60,0,0,1,0.5047791600227356,0.5047791600227356,0.5047791600227356,0.4952208697795868,17,1,3,zero_shot_paired
239,4,17,5,60,0,1,0,0.5003708004951477,0.5003708004951477,0.49962925910949707,0.5003708004951477,17,1,3,zero_shot_paired
239,5,17,6,60,1,0,0,0.5010405778884888,0.5010405778884888,0.5010405778884888,0.49895942211151123,17,1,3,zero_shot_paired
239,6,17,7,60,0,0,1,0.5010321736335754,0.5010321736335754,0.5010321736335754,0.49896782636642456,17,1,3,zero_shot_paired
239,7,17,8,60,0,0,1,0.5044172406196594,0.5044172406196594,0.5044172406196594,0.4955827593803406,17,1,3,zero_shot_paired
239,8,17,9,60,0,0,1,0.5024431347846985,0.5024431347846985,0.5024431347846985,0.49755680561065674,17,1,3,zero_shot_paired
239,9,17,10,60,1,1,1,0.5037350654602051,0.5037350654602051,0.4962649345397949,0.5037350654602051,17,1,3,zero_shot_paired
239,10,17,12,60,1,0,0,0.500935971736908,0.500935971736908,0.500935971736908,0.49906399846076965,17,1,3,zero_shot_paired
239,11,17,13,60,0,1,0,0.5058704614639282,0.5058704614639282,0.49412956833839417,0.5058704614639282,17,1,3,zero_shot_paired
239,12,17,14,60,0,0,1,0.5006359219551086,0.5006359219551086,0.5006359219551086,0.49936413764953613,17,1,3,zero_shot_paired
239,13,17,15,60,1,1,1,0.5018936991691589,0.5018936991691589,0.4981062710285187,0.5018936991691589,17,1,3,zero_shot_paired
239,14,17,17,60,0,1,0,0.505324125289917,0.505324125289917,0.4946759045124054,0.505324125289917,17,1,3,zero_shot_paired
239,0,17,0,60,1,1,1,0.5025731921195984,0.5025731921195984,0.497426837682724,0.5025731921195984,17,1,3,post_calibration
239,1,17,1,60,1,1,1,0.5001603960990906,0.5001603960990906,0.49983957409858704,0.5001603960990906,17,1,3,post_calibration
239,2,17,2,60,1,1,1,0.5030763149261475,0.5030763149261475,0.49692368507385254,0.5030763149261475,17,1,3,post_calibration
239,3,17,4,60,0,0,1,0.5047916769981384,0.5047916769981384,0.5047916769981384,0.4952083230018616,17,1,3,post_calibration
239,4,17,5,60,0,1,0,0.5003489851951599,0.5003489851951599,0.4996510148048401,0.5003489851951599,17,1,3,post_calibration
239,5,17,6,60,1,0,0,0.5011520385742188,0.5011520385742188,0.5011520385742188,0.49884793162345886,17,1,3,post_calibration
239,6,17,7,60,0,0,1,0.500855028629303,0.500855028629303,0.500855028629303,0.499144971370697,17,1,3,post_calibration
239,7,17,8,60,0,0,1,0.5045541524887085,0.5045541524887085,0.5045541524887085,0.4954458773136139,17,1,3,post_calibration
239,8,17,9,60,0,0,1,0.5024834871292114,0.5024834871292114,0.5024834871292114,0.4975164830684662,17,1,3,post_calibration
239,9,17,10,60,1,1,1,0.5036850571632385,0.5036850571632385,0.4963148832321167,0.5036850571632385,17,1,3,post_calibration
239,10,17,12,60,1,0,0,0.5009230971336365,0.5009230971336365,0.5009230971336365,0.4990769028663635,17,1,3,post_calibration
239,11,17,13,60,0,1,0,0.5057502388954163,0.5057502388954163,0.49424973130226135,0.5057502388954163,17,1,3,post_calibration
239,12,17,14,60,0,0,1,0.5006802678108215,0.5006802678108215,0.5006802678108215,0.49931973218917847,17,1,3,post_calibration
239,13,17,15,60,1,1,1,0.5018511414527893,0.5018511414527893,0.49814891815185547,0.5018511414527893,17,1,3,post_calibration
239,14,17,17,60,0,1,0,0.5052028298377991,0.5052028298377991,0.49479714035987854,0.5052028298377991,17,1,3,post_calibration
240,0,17,0,60,1,1,1,0.5026347637176514,0.5026347637176514,0.49736523628234863,0.5026347637176514,17,2,3,zero_shot_paired
240,1,17,1,60,1,1,1,0.5002647638320923,0.5002647638320923,0.4997352361679077,0.5002647638320923,17,2,3,zero_shot_paired
240,2,17,2,60,1,1,1,0.5030669569969177,0.5030669569969177,0.4969330430030823,0.5030669569969177,17,2,3,zero_shot_paired
240,3,17,3,60,0,1,0,0.505903422832489,0.505903422832489,0.4940966069698334,0.505903422832489,17,2,3,zero_shot_paired
240,4,17,5,60,0,1,0,0.5003708004951477,0.5003708004951477,0.49962925910949707,0.5003708004951477,17,2,3,zero_shot_paired
240,5,17,6,60,1,0,0,0.5010405778884888,0.5010405778884888,0.5010405778884888,0.49895942211151123,17,2,3,zero_shot_paired
240,6,17,7,60,0,0,1,0.5010321736335754,0.5010321736335754,0.5010321736335754,0.49896782636642456,17,2,3,zero_shot_paired
240,7,17,8,60,0,0,1,0.5044172406196594,0.5044172406196594,0.5044172406196594,0.4955827593803406,17,2,3,zero_shot_paired
240,8,17,9,60,0,0,1,0.5024431347846985,0.5024431347846985,0.5024431347846985,0.49755680561065674,17,2,3,zero_shot_paired
240,9,17,10,60,1,1,1,0.5037350654602051,0.5037350654602051,0.4962649345397949,0.5037350654602051,17,2,3,zero_shot_paired
240,10,17,11,60,1,1,1,0.500906765460968,0.500906765460968,0.499093234539032,0.500906765460968,17,2,3,zero_shot_paired
240,11,17,12,60,1,0,0,0.500935971736908,0.500935971736908,0.500935971736908,0.49906399846076965,17,2,3,zero_shot_paired
240,12,17,13,60,0,1,0,0.5058704614639282,0.5058704614639282,0.49412956833839417,0.5058704614639282,17,2,3,zero_shot_paired
240,13,17,14,60,0,0,1,0.5006359219551086,0.5006359219551086,0.5006359219551086,0.49936413764953613,17,2,3,zero_shot_paired
240,14,17,16,60,0,1,0,0.503777027130127,0.503777027130127,0.49622300267219543,0.503777027130127,17,2,3,zero_shot_paired
240,0,17,0,60,1,1,1,0.5025628209114075,0.5025628209114075,0.49743714928627014,0.5025628209114075,17,2,3,post_calibration
240,1,17,1,60,1,1,1,0.5000366568565369,0.5000366568565369,0.4999633729457855,0.5000366568565369,17,2,3,post_calibration
240,2,17,2,60,1,1,1,0.5030639171600342,0.5030639171600342,0.4969360828399658,0.5030639171600342,17,2,3,post_calibration
240,3,17,3,60,0,1,0,0.5059073567390442,0.5059073567390442,0.4940926432609558,0.5059073567390442,17,2,3,post_calibration
240,4,17,5,60,0,1,0,0.5003360509872437,0.5003360509872437,0.49966391921043396,0.5003360509872437,17,2,3,post_calibration
240,5,17,6,60,1,0,0,0.5009970664978027,0.5009970664978027,0.5009970664978027,0.4990028738975525,17,2,3,post_calibration
240,6,17,7,60,0,0,1,0.5011342167854309,0.5011342167854309,0.5011342167854309,0.4988657832145691,17,2,3,post_calibration
240,7,17,8,60,0,0,1,0.5044503808021545,0.5044503808021545,0.5044503808021545,0.49554961919784546,17,2,3,post_calibration
240,8,17,9,60,0,0,1,0.5024582147598267,0.5024582147598267,0.5024582147598267,0.4975418150424957,17,2,3,post_calibration
240,9,17,10,60,1,1,1,0.5038139224052429,0.5038139224052429,0.4961860179901123,0.5038139224052429,17,2,3,post_calibration
240,10,17,11,60,1,1,1,0.5008828639984131,0.5008828639984131,0.4991171658039093,0.5008828639984131,17,2,3,post_calibration
240,11,17,12,60,1,0,0,0.5011098980903625,0.5011098980903625,0.5011098980903625,0.49889013171195984,17,2,3,post_calibration
240,12,17,13,60,0,1,0,0.5059049725532532,0.5059049725532532,0.4940950274467468,0.5059049725532532,17,2,3,post_calibration
240,13,17,14,60,0,0,1,0.5006129741668701,0.5006129741668701,0.5006129741668701,0.49938708543777466,17,2,3,post_calibration
240,14,17,16,60,0,1,0,0.5036709904670715,0.5036709904670715,0.49632900953292847,0.5036709904670715,17,2,3,post_calibration
241,0,17,1,60,1,1,1,0.5002647638320923,0.5002647638320923,0.4997352361679077,0.5002647638320923,17,3,3,zero_shot_paired
241,1,17,3,60,0,1,0,0.505903422832489,0.505903422832489,0.4940966069698334,0.505903422832489,17,3,3,zero_shot_paired
241,2,17,4,60,0,0,1,0.5047791600227356,0.5047791600227356,0.5047791600227356,0.4952208697795868,17,3,3,zero_shot_paired
241,3,17,5,60,0,1,0,0.5003708004951477,0.5003708004951477,0.49962925910949707,0.5003708004951477,17,3,3,zero_shot_paired
241,4,17,6,60,1,0,0,0.5010405778884888,0.5010405778884888,0.5010405778884888,0.49895942211151123,17,3,3,zero_shot_paired
241,5,17,8,60,0,0,1,0.5044172406196594,0.5044172406196594,0.5044172406196594,0.4955827593803406,17,3,3,zero_shot_paired
241,6,17,9,60,0,0,1,0.5024431347846985,0.5024431347846985,0.5024431347846985,0.49755680561065674,17,3,3,zero_shot_paired
241,7,17,10,60,1,1,1,0.5037350654602051,0.5037350654602051,0.4962649345397949,0.5037350654602051,17,3,3,zero_shot_paired
241,8,17,11,60,1,1,1,0.500906765460968,0.500906765460968,0.499093234539032,0.500906765460968,17,3,3,zero_shot_paired
241,9,17,12,60,1,0,0,0.500935971736908,0.500935971736908,0.500935971736908,0.49906399846076965,17,3,3,zero_shot_paired
241,10,17,13,60,0,1,0,0.5058704614639282,0.5058704614639282,0.49412956833839417,0.5058704614639282,17,3,3,zero_shot_paired
241,11,17,14,60,0,0,1,0.5006359219551086,0.5006359219551086,0.5006359219551086,0.49936413764953613,17,3,3,zero_shot_paired
241,12,17,15,60,1,1,1,0.5018936991691589,0.5018936991691589,0.4981062710285187,0.5018936991691589,17,3,3,zero_shot_paired
241,13,17,16,60,0,1,0,0.503777027130127,0.503777027130127,0.49622300267219543,0.503777027130127,17,3,3,zero_shot_paired
241,14,17,17,60,0,1,0,0.505324125289917,0.505324125289917,0.4946759045124054,0.505324125289917,17,3,3,zero_shot_paired
241,0,17,1,60,1,1,1,0.5000626444816589,0.5000626444816589,0.49993738532066345,0.5000626444816589,17,3,3,post_calibration
241,1,17,3,60,0,1,0,0.5059549808502197,0.5059549808502197,0.4940449893474579,0.5059549808502197,17,3,3,post_calibration
241,2,17,4,60,0,0,1,0.5048593282699585,0.5048593282699585,0.5048593282699585,0.4951406717300415,17,3,3,post_calibration
241,3,17,5,60,0,1,0,0.50040203332901,0.50040203332901,0.4995979368686676,0.50040203332901,17,3,3,post_calibration
241,4,17,6,60,1,0,0,0.5010018348693848,0.5010018348693848,0.5010018348693848,0.49899822473526,17,3,3,post_calibration
241,5,17,8,60,0,0,1,0.5043793320655823,0.5043793320655823,0.5043793320655823,0.49562063813209534,17,3,3,post_calibration
241,6,17,9,60,0,0,1,0.5025011301040649,0.5025011301040649,0.5025011301040649,0.49749889969825745,17,3,3,post_calibration
241,7,17,10,60,1,1,1,0.5038378238677979,0.5038378238677979,0.49616217613220215,0.5038378238677979,17,3,3,post_calibration
241,8,17,11,60,1,1,1,0.5009899735450745,0.5009899735450745,0.4990100562572479,0.5009899735450745,17,3,3,post_calibration
241,9,17,12,60,1,0,0,0.500964343547821,0.500964343547821,0.500964343547821,0.49903568625450134,17,3,3,post_calibration
241,10,17,13,60,0,1,0,0.5059151649475098,0.5059151649475098,0.49408477544784546,0.5059151649475098,17,3,3,post_calibration
241,11,17,14,60,0,0,1,0.5005882978439331,0.5005882978439331,0.5005882978439331,0.4994117319583893,17,3,3,post_calibration
241,12,17,15,60,1,1,1,0.5017883777618408,0.5017883777618408,0.4982115924358368,0.5017883777618408,17,3,3,post_calibration
241,13,17,16,60,0,1,0,0.5037179589271545,0.5037179589271545,0.4962819814682007,0.5037179589271545,17,3,3,post_calibration
241,14,17,17,60,0,1,0,0.505179226398468,0.505179226398468,0.49482080340385437,0.505179226398468,17,3,3,post_calibration
242,0,17,0,60,1,1,1,0.5026347637176514,0.5026347637176514,0.49736523628234863,0.5026347637176514,17,4,3,zero_shot_paired
242,1,17,1,60,1,1,1,0.5002647638320923,0.5002647638320923,0.4997352361679077,0.5002647638320923,17,4,3,zero_shot_paired
242,2,17,2,60,1,1,1,0.5030669569969177,0.5030669569969177,0.4969330430030823,0.5030669569969177,17,4,3,zero_shot_paired
242,3,17,3,60,0,1,0,0.505903422832489,0.505903422832489,0.4940966069698334,0.505903422832489,17,4,3,zero_shot_paired
242,4,17,4,60,0,0,1,0.5047791600227356,0.5047791600227356,0.5047791600227356,0.4952208697795868,17,4,3,zero_shot_paired
242,5,17,5,60,0,1,0,0.5003708004951477,0.5003708004951477,0.49962925910949707,0.5003708004951477,17,4,3,zero_shot_paired
242,6,17,6,60,1,0,0,0.5010405778884888,0.5010405778884888,0.5010405778884888,0.49895942211151123,17,4,3,zero_shot_paired
242,7,17,7,60,0,0,1,0.5010321736335754,0.5010321736335754,0.5010321736335754,0.49896782636642456,17,4,3,zero_shot_paired
242,8,17,11,60,1,1,1,0.500906765460968,0.500906765460968,0.499093234539032,0.500906765460968,17,4,3,zero_shot_paired
242,9,17,12,60,1,0,0,0.500935971736908,0.500935971736908,0.500935971736908,0.49906399846076965,17,4,3,zero_shot_paired
242,10,17,13,60,0,1,0,0.5058704614639282,0.5058704614639282,0.49412956833839417,0.5058704614639282,17,4,3,zero_shot_paired
242,11,17,14,60,0,0,1,0.5006359219551086,0.5006359219551086,0.5006359219551086,0.49936413764953613,17,4,3,zero_shot_paired
242,12,17,15,60,1,1,1,0.5018936991691589,0.5018936991691589,0.4981062710285187,0.5018936991691589,17,4,3,zero_shot_paired
242,13,17,16,60,0,1,0,0.503777027130127,0.503777027130127,0.49622300267219543,0.503777027130127,17,4,3,zero_shot_paired
242,14,17,17,60,0,1,0,0.505324125289917,0.505324125289917,0.4946759045124054,0.505324125289917,17,4,3,zero_shot_paired
242,0,17,0,60,1,1,1,0.5026311278343201,0.5026311278343201,0.49736887216567993,0.5026311278343201,17,4,3,post_calibration
242,1,17,1,60,1,1,1,0.5001627802848816,0.5001627802848816,0.499837189912796,0.5001627802848816,17,4,3,post_calibration
242,2,17,2,60,1,1,1,0.5031200051307678,0.5031200051307678,0.49688005447387695,0.5031200051307678,17,4,3,post_calibration
242,3,17,3,60,0,1,0,0.5060868859291077,0.5060868859291077,0.4939131438732147,0.5060868859291077,17,4,3,post_calibration
242,4,17,4,60,0,0,1,0.5047403573989868,0.5047403573989868,0.5047403573989868,0.4952596127986908,17,4,3,post_calibration
242,5,17,5,60,0,1,0,0.5003501772880554,0.5003501772880554,0.4996498227119446,0.5003501772880554,17,4,3,post_calibration
242,6,17,6,60,1,0,0,0.5010899305343628,0.5010899305343628,0.5010899305343628,0.4989100396633148,17,4,3,post_calibration
242,7,17,7,60,0,0,1,0.5010664463043213,0.5010664463043213,0.5010664463043213,0.4989335834980011,17,4,3,post_calibration
242,8,17,11,60,1,1,1,0.5010085701942444,0.5010085701942444,0.4989914298057556,0.5010085701942444,17,4,3,post_calibration
242,9,17,12,60,1,0,0,0.500876247882843,0.500876247882843,0.500876247882843,0.499123752117157,17,4,3,post_calibration
242,10,17,13,60,0,1,0,0.506028950214386,0.506028950214386,0.4939710795879364,0.506028950214386,17,4,3,post_calibration
242,11,17,14,60,0,0,1,0.5005701184272766,0.5005701184272766,0.5005701184272766,0.4994298815727234,17,4,3,post_calibration
242,12,17,15,60,1,1,1,0.5019068717956543,0.5019068717956543,0.4980931282043457,0.5019068717956543,17,4,3,post_calibration
242,13,17,16,60,0,1,0,0.5037741661071777,0.5037741661071777,0.49622583389282227,0.5037741661071777,17,4,3,post_calibration
242,14,17,17,60,0,1,0,0.5053883194923401,0.5053883194923401,0.4946117103099823,0.5053883194923401,17,4,3,post_calibration
243,0,17,0,60,1,1,1,0.5026347637176514,0.5026347637176514,0.49736523628234863,0.5026347637176514,17,5,3,zero_shot_paired
243,1,17,1,60,1,1,1,0.5002647638320923,0.5002647638320923,0.4997352361679077,0.5002647638320923,17,5,3,zero_shot_paired
243,2,17,2,60,1,1,1,0.5030669569969177,0.5030669569969177,0.4969330430030823,0.5030669569969177,17,5,3,zero_shot_paired
243,3,17,3,60,0,1,0,0.505903422832489,0.505903422832489,0.4940966069698334,0.505903422832489,17,5,3,zero_shot_paired
243,4,17,4,60,0,0,1,0.5047791600227356,0.5047791600227356,0.5047791600227356,0.4952208697795868,17,5,3,zero_shot_paired
243,5,17,7,60,0,0,1,0.5010321736335754,0.5010321736335754,0.5010321736335754,0.49896782636642456,17,5,3,zero_shot_paired
243,6,17,8,60,0,0,1,0.5044172406196594,0.5044172406196594,0.5044172406196594,0.4955827593803406,17,5,3,zero_shot_paired
243,7,17,9,60,0,0,1,0.5024431347846985,0.5024431347846985,0.5024431347846985,0.49755680561065674,17,5,3,zero_shot_paired
243,8,17,10,60,1,1,1,0.5037350654602051,0.5037350654602051,0.4962649345397949,0.5037350654602051,17,5,3,zero_shot_paired
243,9,17,11,60,1,1,1,0.500906765460968,0.500906765460968,0.499093234539032,0.500906765460968,17,5,3,zero_shot_paired
243,10,17,12,60,1,0,0,0.500935971736908,0.500935971736908,0.500935971736908,0.49906399846076965,17,5,3,zero_shot_paired
243,11,17,13,60,0,1,0,0.5058704614639282,0.5058704614639282,0.49412956833839417,0.5058704614639282,17,5,3,zero_shot_paired
243,12,17,15,60,1,1,1,0.5018936991691589,0.5018936991691589,0.4981062710285187,0.5018936991691589,17,5,3,zero_shot_paired
243,13,17,16,60,0,1,0,0.503777027130127,0.503777027130127,0.49622300267219543,0.503777027130127,17,5,3,zero_shot_paired
243,14,17,17,60,0,1,0,0.505324125289917,0.505324125289917,0.4946759045124054,0.505324125289917,17,5,3,zero_shot_paired
243,0,17,0,60,1,1,1,0.5027076005935669,0.5027076005935669,0.4972924590110779,0.5027076005935669,17,5,3,post_calibration
243,1,17,1,60,1,1,1,0.500465989112854,0.500465989112854,0.4995339512825012,0.500465989112854,17,5,3,post_calibration
243,2,17,2,60,1,1,1,0.5029894709587097,0.5029894709587097,0.4970105290412903,0.5029894709587097,17,5,3,post_calibration
243,3,17,3,60,0,1,0,0.5058956146240234,0.5058956146240234,0.49410441517829895,0.5058956146240234,17,5,3,post_calibration
243,4,17,4,60,0,0,1,0.50492924451828,0.50492924451828,0.50492924451828,0.4950707256793976,17,5,3,post_calibration
243,5,17,7,60,0,0,1,0.5010921359062195,0.5010921359062195,0.5010921359062195,0.4989078640937805,17,5,3,post_calibration
243,6,17,8,60,0,0,1,0.504604160785675,0.504604160785675,0.504604160785675,0.49539580941200256,17,5,3,post_calibration
243,7,17,9,60,0,0,1,0.502325713634491,0.502325713634491,0.502325713634491,0.4976743459701538,17,5,3,post_calibration
243,8,17,10,60,1,1,1,0.5035074353218079,0.5035074353218079,0.49649253487586975,0.5035074353218079,17,5,3,post_calibration
243,9,17,11,60,1,1,1,0.500827968120575,0.500827968120575,0.49917200207710266,0.500827968120575,17,5,3,post_calibration
243,10,17,12,60,1,0,0,0.5009518265724182,0.5009518265724182,0.5009518265724182,0.4990481734275818,17,5,3,post_calibration
243,11,17,13,60,0,1,0,0.5056967735290527,0.5056967735290527,0.49430322647094727,0.5056967735290527,17,5,3,post_calibration
243,12,17,15,60,1,1,1,0.5018567442893982,0.5018567442893982,0.49814319610595703,0.5018567442893982,17,5,3,post_calibration
243,13,17,16,60,0,1,0,0.5037851929664612,0.5037851929664612,0.49621477723121643,0.5037851929664612,17,5,3,post_calibration
243,14,17,17,60,0,1,0,0.5053597688674927,0.5053597688674927,0.4946402609348297,0.5053597688674927,17,5,3,post_calibration
244,0,17,0,60,1,1,1,0.5026347637176514,0.5026347637176514,0.49736523628234863,0.5026347637176514,17,6,3,zero_shot_paired
244,1,17,2,60,1,1,1,0.5030669569969177,0.5030669569969177,0.4969330430030823,0.5030669569969177,17,6,3,zero_shot_paired
244,2,17,3,60,0,1,0,0.505903422832489,0.505903422832489,0.4940966069698334,0.505903422832489,17,6,3,zero_shot_paired
244,3,17,4,60,0,0,1,0.5047791600227356,0.5047791600227356,0.5047791600227356,0.4952208697795868,17,6,3,zero_shot_paired
244,4,17,5,60,0,1,0,0.5003708004951477,0.5003708004951477,0.49962925910949707,0.5003708004951477,17,6,3,zero_shot_paired
244,5,17,6,60,1,0,0,0.5010405778884888,0.5010405778884888,0.5010405778884888,0.49895942211151123,17,6,3,zero_shot_paired
244,6,17,7,60,0,0,1,0.5010321736335754,0.5010321736335754,0.5010321736335754,0.49896782636642456,17,6,3,zero_shot_paired
244,7,17,8,60,0,0,1,0.5044172406196594,0.5044172406196594,0.5044172406196594,0.4955827593803406,17,6,3,zero_shot_paired
244,8,17,9,60,0,0,1,0.5024431347846985,0.5024431347846985,0.5024431347846985,0.49755680561065674,17,6,3,zero_shot_paired
244,9,17,10,60,1,1,1,0.5037350654602051,0.5037350654602051,0.4962649345397949,0.5037350654602051,17,6,3,zero_shot_paired
244,10,17,11,60,1,1,1,0.500906765460968,0.500906765460968,0.499093234539032,0.500906765460968,17,6,3,zero_shot_paired
244,11,17,14,60,0,0,1,0.5006359219551086,0.5006359219551086,0.5006359219551086,0.49936413764953613,17,6,3,zero_shot_paired
244,12,17,15,60,1,1,1,0.5018936991691589,0.5018936991691589,0.4981062710285187,0.5018936991691589,17,6,3,zero_shot_paired
244,13,17,16,60,0,1,0,0.503777027130127,0.503777027130127,0.49622300267219543,0.503777027130127,17,6,3,zero_shot_paired
244,14,17,17,60,0,1,0,0.505324125289917,0.505324125289917,0.4946759045124054,0.505324125289917,17,6,3,zero_shot_paired
244,0,17,0,60,1,1,1,0.5026631951332092,0.5026631951332092,0.49733683466911316,0.5026631951332092,17,6,3,post_calibration
244,1,17,2,60,1,1,1,0.5031068325042725,0.5031068325042725,0.49689313769340515,0.5031068325042725,17,6,3,post_calibration
244,2,17,3,60,0,1,0,0.5060484409332275,0.5060484409332275,0.4939515292644501,0.5060484409332275,17,6,3,post_calibration
244,3,17,4,60,0,0,1,0.504644513130188,0.504644513130188,0.504644513130188,0.4953555166721344,17,6,3,post_calibration
244,4,17,5,60,0,1,0,0.5003882050514221,0.5003882050514221,0.4996117651462555,0.5003882050514221,17,6,3,post_calibration
244,5,17,6,60,1,0,0,0.5009806752204895,0.5009806752204895,0.5009806752204895,0.4990193545818329,17,6,3,post_calibration
244,6,17,7,60,0,0,1,0.5009469389915466,0.5009469389915466,0.5009469389915466,0.49905309081077576,17,6,3,post_calibration
244,7,17,8,60,0,0,1,0.5044203996658325,0.5044203996658325,0.5044203996658325,0.4955795705318451,17,6,3,post_calibration
244,8,17,9,60,0,0,1,0.5024757385253906,0.5024757385253906,0.5024757385253906,0.49752432107925415,17,6,3,post_calibration
244,9,17,10,60,1,1,1,0.5037612318992615,0.5037612318992615,0.4962387979030609,0.5037612318992615,17,6,3,post_calibration
244,10,17,11,60,1,1,1,0.5010581612586975,0.5010581612586975,0.4989418387413025,0.5010581612586975,17,6,3,post_calibration
244,11,17,14,60,0,0,1,0.500565767288208,0.500565767288208,0.500565767288208,0.499434232711792,17,6,3,post_calibration
244,12,17,15,60,1,1,1,0.501934289932251,0.501934289932251,0.49806568026542664,0.501934289932251,17,6,3,post_calibration
244,13,17,16,60,0,1,0,0.5038456916809082,0.5038456916809082,0.496154248714447,0.5038456916809082,17,6,3,post_calibration
244,14,17,17,60,0,1,0,0.5053122043609619,0.5053122043609619,0.4946878254413605,0.5053122043609619,17,6,3,post_calibration
245,0,17,1,60,1,1,1,0.5002647638320923,0.5002647638320923,0.4997352361679077,0.5002647638320923,17,1,6,zero_shot_paired
245,1,17,2,60,1,1,1,0.5030669569969177,0.5030669569969177,0.4969330430030823,0.5030669569969177,17,1,6,zero_shot_paired
245,2,17,3,60,0,1,0,0.505903422832489,0.505903422832489,0.4940966069698334,0.505903422832489,17,1,6,zero_shot_paired
245,3,17,5,60,0,1,0,0.5003708004951477,0.5003708004951477,0.49962925910949707,0.5003708004951477,17,1,6,zero_shot_paired
245,4,17,6,60,1,0,0,0.5010405778884888,0.5010405778884888,0.5010405778884888,0.49895942211151123,17,1,6,zero_shot_paired
245,5,17,7,60,0,0,1,0.5010321736335754,0.5010321736335754,0.5010321736335754,0.49896782636642456,17,1,6,zero_shot_paired
245,6,17,9,60,0,0,1,0.5024431347846985,0.5024431347846985,0.5024431347846985,0.49755680561065674,17,1,6,zero_shot_paired
245,7,17,10,60,1,1,1,0.5037350654602051,0.5037350654602051,0.4962649345397949,0.5037350654602051,17,1,6,zero_shot_paired
245,8,17,13,60,0,1,0,0.5058704614639282,0.5058704614639282,0.49412956833839417,0.5058704614639282,17,1,6,zero_shot_paired
245,9,17,15,60,1,1,1,0.5018936991691589,0.5018936991691589,0.4981062710285187,0.5018936991691589,17,1,6,zero_shot_paired
245,10,17,16,60,0,1,0,0.503777027130127,0.503777027130127,0.49622300267219543,0.503777027130127,17,1,6,zero_shot_paired
245,11,17,17,60,0,1,0,0.505324125289917,0.505324125289917,0.4946759045124054,0.505324125289917,17,1,6,zero_shot_paired
245,0,17,1,60,1,1,1,0.5003780126571655,0.5003780126571655,0.4996219575405121,0.5003780126571655,17,1,6,post_calibration
245,1,17,2,60,1,1,1,0.5031431913375854,0.5031431913375854,0.49685677886009216,0.5031431913375854,17,1,6,post_calibration
245,2,17,3,60,0,1,0,0.5061801075935364,0.5061801075935364,0.49381986260414124,0.5061801075935364,17,1,6,post_calibration
245,3,17,5,60,0,1,0,0.5004426836967468,0.5004426836967468,0.4995573163032532,0.5004426836967468,17,1,6,post_calibration
245,4,17,6,60,1,0,0,0.5009299516677856,0.5009299516677856,0.5009299516677856,0.49907001852989197,17,1,6,post_calibration
245,5,17,7,60,0,0,1,0.5010313987731934,0.5010313987731934,0.5010313987731934,0.49896860122680664,17,1,6,post_calibration
245,6,17,9,60,0,0,1,0.5024095177650452,0.5024095177650452,0.5024095177650452,0.49759048223495483,17,1,6,post_calibration
245,7,17,10,60,1,1,1,0.5036782622337341,0.5036782622337341,0.49632179737091064,0.5036782622337341,17,1,6,post_calibration
245,8,17,13,60,0,1,0,0.5056950449943542,0.5056950449943542,0.49430495500564575,0.5056950449943542,17,1,6,post_calibration
245,9,17,15,60,1,1,1,0.502039909362793,0.502039909362793,0.49796006083488464,0.502039909362793,17,1,6,post_calibration
245,10,17,16,60,0,1,0,0.5038567781448364,0.5038567781448364,0.4961431622505188,0.5038567781448364,17,1,6,post_calibration
245,11,17,17,60,0,1,0,0.5053355097770691,0.5053355097770691,0.4946645200252533,0.5053355097770691,17,1,6,post_calibration
246,0,17,0,60,1,1,1,0.5026347637176514,0.5026347637176514,0.49736523628234863,0.5026347637176514,17,2,6,zero_shot_paired
246,1,17,1,60,1,1,1,0.5002647638320923,0.5002647638320923,0.4997352361679077,0.5002647638320923,17,2,6,zero_shot_paired
246,2,17,4,60,0,0,1,0.5047791600227356,0.5047791600227356,0.5047791600227356,0.4952208697795868,17,2,6,zero_shot_paired
246,3,17,5,60,0,1,0,0.5003708004951477,0.5003708004951477,0.49962925910949707,0.5003708004951477,17,2,6,zero_shot_paired
246,4,17,6,60,1,0,0,0.5010405778884888,0.5010405778884888,0.5010405778884888,0.49895942211151123,17,2,6,zero_shot_paired
246,5,17,7,60,0,0,1,0.5010321736335754,0.5010321736335754,0.5010321736335754,0.49896782636642456,17,2,6,zero_shot_paired
246,6,17,8,60,0,0,1,0.5044172406196594,0.5044172406196594,0.5044172406196594,0.4955827593803406,17,2,6,zero_shot_paired
246,7,17,11,60,1,1,1,0.500906765460968,0.500906765460968,0.499093234539032,0.500906765460968,17,2,6,zero_shot_paired
246,8,17,12,60,1,0,0,0.500935971736908,0.500935971736908,0.500935971736908,0.49906399846076965,17,2,6,zero_shot_paired
246,9,17,14,60,0,0,1,0.5006359219551086,0.5006359219551086,0.5006359219551086,0.49936413764953613,17,2,6,zero_shot_paired
246,10,17,15,60,1,1,1,0.5018936991691589,0.5018936991691589,0.4981062710285187,0.5018936991691589,17,2,6,zero_shot_paired
246,11,17,16,60,0,1,0,0.503777027130127,0.503777027130127,0.49622300267219543,0.503777027130127,17,2,6,zero_shot_paired
246,0,17,0,60,1,1,1,0.5026730298995972,0.5026730298995972,0.49732694029808044,0.5026730298995972,17,2,6,post_calibration
246,1,17,1,60,1,1,1,0.5002471804618835,0.5002471804618835,0.49975278973579407,0.5002471804618835,17,2,6,post_calibration
246,2,17,4,60,0,0,1,0.5048516988754272,0.5048516988754272,0.5048516988754272,0.495148241519928,17,2,6,post_calibration
246,3,17,5,60,0,1,0,0.5003644227981567,0.5003644227981567,0.4996355175971985,0.5003644227981567,17,2,6,post_calibration
246,4,17,6,60,1,0,0,0.5010858178138733,0.5010858178138733,0.5010858178138733,0.4989141821861267,17,2,6,post_calibration
246,5,17,7,60,0,0,1,0.5011343955993652,0.5011343955993652,0.5011343955993652,0.49886563420295715,17,2,6,post_calibration
246,6,17,8,60,0,0,1,0.5043961405754089,0.5043961405754089,0.5043961405754089,0.4956038296222687,17,2,6,post_calibration
246,7,17,11,60,1,1,1,0.5010518431663513,0.5010518431663513,0.4989481568336487,0.5010518431663513,17,2,6,post_calibration
246,8,17,12,60,1,0,0,0.5007654428482056,0.5007654428482056,0.5007654428482056,0.4992345869541168,17,2,6,post_calibration
246,9,17,14,60,0,0,1,0.500588059425354,0.500588059425354,0.500588059425354,0.499411940574646,17,2,6,post_calibration
246,10,17,15,60,1,1,1,0.5019900798797607,0.5019900798797607,0.49800992012023926,0.5019900798797607,17,2,6,post_calibration
246,11,17,16,60,0,1,0,0.503662109375,0.503662109375,0.4963379204273224,0.503662109375,17,2,6,post_calibration
247,0,17,0,60,1,1,1,0.5026347637176514,0.5026347637176514,0.49736523628234863,0.5026347637176514,17,3,6,zero_shot_paired
247,1,17,2,60,1,1,1,0.5030669569969177,0.5030669569969177,0.4969330430030823,0.5030669569969177,17,3,6,zero_shot_paired
247,2,17,3,60,0,1,0,0.505903422832489,0.505903422832489,0.4940966069698334,0.505903422832489,17,3,6,zero_shot_paired
247,3,17,4,60,0,0,1,0.5047791600227356,0.5047791600227356,0.5047791600227356,0.4952208697795868,17,3,6,zero_shot_paired
247,4,17,8,60,0,0,1,0.5044172406196594,0.5044172406196594,0.5044172406196594,0.4955827593803406,17,3,6,zero_shot_paired
247,5,17,9,60,0,0,1,0.5024431347846985,0.5024431347846985,0.5024431347846985,0.49755680561065674,17,3,6,zero_shot_paired
247,6,17,10,60,1,1,1,0.5037350654602051,0.5037350654602051,0.4962649345397949,0.5037350654602051,17,3,6,zero_shot_paired
247,7,17,11,60,1,1,1,0.500906765460968,0.500906765460968,0.499093234539032,0.500906765460968,17,3,6,zero_shot_paired
247,8,17,12,60,1,0,0,0.500935971736908,0.500935971736908,0.500935971736908,0.49906399846076965,17,3,6,zero_shot_paired
247,9,17,13,60,0,1,0,0.5058704614639282,0.5058704614639282,0.49412956833839417,0.5058704614639282,17,3,6,zero_shot_paired
247,10,17,14,60,0,0,1,0.5006359219551086,0.5006359219551086,0.5006359219551086,0.49936413764953613,17,3,6,zero_shot_paired
247,11,17,17,60,0,1,0,0.505324125289917,0.505324125289917,0.4946759045124054,0.505324125289917,17,3,6,zero_shot_paired
247,0,17,0,60,1,1,1,0.502753496170044,0.502753496170044,0.49724653363227844,0.502753496170044,17,3,6,post_calibration
247,1,17,2,60,1,1,1,0.5032035112380981,0.5032035112380981,0.49679648876190186,0.5032035112380981,17,3,6,post_calibration
247,2,17,3,60,0,1,0,0.5058792233467102,0.5058792233467102,0.494120717048645,0.5058792233467102,17,3,6,post_calibration
247,3,17,4,60,0,0,1,0.5047248005867004,0.5047248005867004,0.5047248005867004,0.49527522921562195,17,3,6,post_calibration
247,4,17,8,60,0,0,1,0.5045017600059509,0.5045017600059509,0.5045017600059509,0.4954982399940491,17,3,6,post_calibration
247,5,17,9,60,0,0,1,0.502457320690155,0.502457320690155,0.502457320690155,0.49754270911216736,17,3,6,post_calibration
247,6,17,10,60,1,1,1,0.5035848617553711,0.5035848617553711,0.4964151084423065,0.5035848617553711,17,3,6,post_calibration
247,7,17,11,60,1,1,1,0.5009100437164307,0.5009100437164307,0.4990899860858917,0.5009100437164307,17,3,6,post_calibration
247,8,17,12,60,1,0,0,0.5008233189582825,0.5008233189582825,0.5008233189582825,0.4991767108440399,17,3,6,post_calibration
247,9,17,13,60,0,1,0,0.5057937502861023,0.5057937502861023,0.4942062497138977,0.5057937502861023,17,3,6,post_calibration
247,10,17,14,60,0,0,1,0.500786542892456,0.500786542892456,0.500786542892456,0.4992135167121887,17,3,6,post_calibration
247,11,17,17,60,0,1,0,0.5054603219032288,0.5054603219032288,0.49453970789909363,0.5054603219032288,17,3,6,post_calibration
248,0,17,0,60,1,1,1,0.5026348233222961,0.5026348233222961,0.49736523628234863,0.5026348233222961,17,1,9,zero_shot_paired
248,1,17,2,60,1,1,1,0.5030669569969177,0.5030669569969177,0.4969330430030823,0.5030669569969177,17,1,9,zero_shot_paired
248,2,17,3,60,0,1,0,0.5059033036231995,0.5059033036231995,0.4940967559814453,0.5059033036231995,17,1,9,zero_shot_paired
248,3,17,5,60,0,1,0,0.5003708004951477,0.5003708004951477,0.49962925910949707,0.5003708004951477,17,1,9,zero_shot_paired
248,4,17,6,60,1,0,0,0.501040518283844,0.501040518283844,0.501040518283844,0.4989594519138336,17,1,9,zero_shot_paired
248,5,17,7,60,0,0,1,0.5010319352149963,0.5010319352149963,0.5010319352149963,0.49896806478500366,17,1,9,zero_shot_paired
248,6,17,9,60,0,0,1,0.5024430751800537,0.5024430751800537,0.5024430751800537,0.4975568950176239,17,1,9,zero_shot_paired
248,7,17,12,60,1,0,0,0.5009357333183289,0.5009357333183289,0.5009357333183289,0.49906426668167114,17,1,9,zero_shot_paired
248,8,17,14,60,0,0,1,0.5006359815597534,0.5006359815597534,0.5006359815597534,0.4993640184402466,17,1,9,zero_shot_paired
248,0,17,0,60,1,1,1,0.5026906728744507,0.5026906728744507,0.4973093569278717,0.5026906728744507,17,1,9,post_calibration
248,1,17,2,60,1,1,1,0.5031172037124634,0.5031172037124634,0.4968827962875366,0.5031172037124634,17,1,9,post_calibration
248,2,17,3,60,0,1,0,0.5059089660644531,0.5059089660644531,0.4940910041332245,0.5059089660644531,17,1,9,post_calibration
248,3,17,5,60,0,1,0,0.5002389550209045,0.5002389550209045,0.49976101517677307,0.5002389550209045,17,1,9,post_calibration
248,4,17,6,60,1,0,0,0.501164972782135,0.501164972782135,0.501164972782135,0.4988349974155426,17,1,9,post_calibration
248,5,17,7,60,0,0,1,0.5009538531303406,0.5009538531303406,0.5009538531303406,0.4990461468696594,17,1,9,post_calibration
248,6,17,9,60,0,0,1,0.5025405883789062,0.5025405883789062,0.5025405883789062,0.49745941162109375,17,1,9,post_calibration
248,7,17,12,60,1,0,0,0.5009843707084656,0.5009843707084656,0.5009843707084656,0.49901559948921204,17,1,9,post_calibration
248,8,17,14,60,0,0,1,0.5008125901222229,0.5008125901222229,0.5008125901222229,0.4991874396800995,17,1,9,post_calibration
249,0,17,1,60,1,1,1,0.5002647638320923,0.5002647638320923,0.49973517656326294,0.5002647638320923,17,2,9,zero_shot_paired
249,1,17,4,60,0,0,1,0.5047792196273804,0.5047792196273804,0.5047792196273804,0.49522078037261963,17,2,9,zero_shot_paired
249,2,17,8,60,0,0,1,0.5044172406196594,0.5044172406196594,0.5044172406196594,0.4955827593803406,17,2,9,zero_shot_paired
249,3,17,10,60,1,1,1,0.5037350654602051,0.5037350654602051,0.4962649941444397,0.5037350654602051,17,2,9,zero_shot_paired
249,4,17,11,60,1,1,1,0.500906765460968,0.500906765460968,0.499093234539032,0.500906765460968,17,2,9,zero_shot_paired
249,5,17,13,60,0,1,0,0.5058705806732178,0.5058705806732178,0.4941294193267822,0.5058705806732178,17,2,9,zero_shot_paired
249,6,17,15,60,1,1,1,0.5018937587738037,0.5018937587738037,0.4981062710285187,0.5018937587738037,17,2,9,zero_shot_paired
249,7,17,16,60,0,1,0,0.5037769675254822,0.5037769675254822,0.49622300267219543,0.5037769675254822,17,2,9,zero_shot_paired
249,8,17,17,60,0,1,0,0.5053238868713379,0.5053238868713379,0.4946761429309845,0.5053238868713379,17,2,9,zero_shot_paired
249,0,17,1,60,1,1,1,0.500271201133728,0.500271201133728,0.4997287392616272,0.500271201133728,17,2,9,post_calibration
249,1,17,4,60,0,0,1,0.504962146282196,0.504962146282196,0.504962146282196,0.49503788352012634,17,2,9,post_calibration
249,2,17,8,60,0,0,1,0.5043794512748718,0.5043794512748718,0.5043794512748718,0.4956205487251282,17,2,9,post_calibration
249,3,17,10,60,1,1,1,0.5036191940307617,0.5036191940307617,0.4963807463645935,0.5036191940307617,17,2,9,post_calibration
249,4,17,11,60,1,1,1,0.5009451508522034,0.5009451508522034,0.49905481934547424,0.5009451508522034,17,2,9,post_calibration
249,5,17,13,60,0,1,0,0.5057096481323242,0.5057096481323242,0.49429038166999817,0.5057096481323242,17,2,9,post_calibration
249,6,17,15,60,1,1,1,0.5018121004104614,0.5018121004104614,0.49818792939186096,0.5018121004104614,17,2,9,post_calibration
249,7,17,16,60,0,1,0,0.503856360912323,0.503856360912323,0.4961436688899994,0.503856360912323,17,2,9,post_calibration
249,8,17,17,60,0,1,0,0.5056673884391785,0.5056673884391785,0.4943326711654663,0.5056673884391785,17,2,9,post_calibration
250,0,17,1,60,1,1,1,0.5002611875534058,0.5002611875534058,0.49973878264427185,0.5002611875534058,17,1,12,zero_shot_paired
250,1,17,4,60,0,0,1,0.5047800540924072,0.5047800540924072,0.5047800540924072,0.495219886302948,17,1,12,zero_shot_paired
250,2,17,7,60,0,0,1,0.5010300874710083,0.5010300874710083,0.5010300874710083,0.4989699125289917,17,1,12,zero_shot_paired
250,3,17,10,60,1,1,1,0.5037342309951782,0.5037342309951782,0.4962657392024994,0.5037342309951782,17,1,12,zero_shot_paired
250,4,17,13,60,0,1,0,0.5058718323707581,0.5058718323707581,0.49412810802459717,0.5058718323707581,17,1,12,zero_shot_paired
250,5,17,15,60,1,1,1,0.5018916130065918,0.5018916130065918,0.4981083869934082,0.5018916130065918,17,1,12,zero_shot_paired
250,0,17,1,60,1,1,1,0.5002558827400208,0.5002558827400208,0.49974411725997925,0.5002558827400208,17,1,12,post_calibration
250,1,17,4,60,0,0,1,0.5049211978912354,0.5049211978912354,0.5049211978912354,0.49507883191108704,17,1,12,post_calibration
250,2,17,7,60,0,0,1,0.500782310962677,0.500782310962677,0.500782310962677,0.499217689037323,17,1,12,post_calibration
250,3,17,10,60,1,1,1,0.5034521222114563,0.5034521222114563,0.4965478479862213,0.5034521222114563,17,1,12,post_calibration
250,4,17,13,60,0,1,0,0.5057137608528137,0.5057137608528137,0.49428626894950867,0.5057137608528137,17,1,12,post_calibration
250,5,17,15,60,1,1,1,0.5018372535705566,0.5018372535705566,0.49816274642944336,0.5018372535705566,17,1,12,post_calibration
251,0,17,0,60,1,1,1,0.5026339292526245,0.5026339292526245,0.4973660707473755,0.5026339292526245,17,2,12,zero_shot_paired
251,1,17,1,60,1,1,1,0.5002611875534058,0.5002611875534058,0.49973878264427185,0.5002611875534058,17,2,12,zero_shot_paired
251,2,17,2,60,1,1,1,0.5030664205551147,0.5030664205551147,0.49693357944488525,0.5030664205551147,17,2,12,zero_shot_paired
251,3,17,8,60,0,0,1,0.5044199824333191,0.5044199824333191,0.5044199824333191,0.4955800473690033,17,2,12,zero_shot_paired
251,4,17,9,60,0,0,1,0.5024433732032776,0.5024433732032776,0.5024433732032776,0.49755656719207764,17,2,12,zero_shot_paired
251,5,17,17,60,0,1,0,0.5053257942199707,0.5053257942199707,0.4946742057800293,0.5053257942199707,17,2,12,zero_shot_paired
251,0,17,0,60,1,1,1,0.5026618838310242,0.5026618838310242,0.49733811616897583,0.5026618838310242,17,2,12,post_calibration
251,1,17,1,60,1,1,1,0.5002782940864563,0.5002782940864563,0.4997217357158661,0.5002782940864563,17,2,12,post_calibration
251,2,17,2,60,1,1,1,0.5032200217247009,0.5032200217247009,0.49678003787994385,0.5032200217247009,17,2,12,post_calibration
251,3,17,8,60,0,0,1,0.5043127536773682,0.5043127536773682,0.5043127536773682,0.49568721652030945,17,2,12,post_calibration
251,4,17,9,60,0,0,1,0.5024516582489014,0.5024516582489014,0.5024516582489014,0.49754834175109863,17,2,12,post_calibration
251,5,17,17,60,0,1,0,0.5054424405097961,0.5054424405097961,0.49455752968788147,0.5054424405097961,17,2,12,post_calibration
252,0,17,0,60,1,1,1,0.5026339292526245,0.5026339292526245,0.4973660707473755,0.5026339292526245,17,3,12,zero_shot_paired
252,1,17,2,60,1,1,1,0.5030664205551147,0.5030664205551147,0.49693357944488525,0.5030664205551147,17,3,12,zero_shot_paired
252,2,17,5,60,0,1,0,0.5003695487976074,0.5003695487976074,0.4996304512023926,0.5003695487976074,17,3,12,zero_shot_paired
252,3,17,7,60,0,0,1,0.5010300874710083,0.5010300874710083,0.5010300874710083,0.4989699125289917,17,3,12,zero_shot_paired
252,4,17,10,60,1,1,1,0.5037342309951782,0.5037342309951782,0.4962657392024994,0.5037342309951782,17,3,12,zero_shot_paired
252,5,17,16,60,0,1,0,0.5037771463394165,0.5037771463394165,0.4962228834629059,0.5037771463394165,17,3,12,zero_shot_paired
252,0,17,0,60,1,1,1,0.502680242061615,0.502680242061615,0.4973197281360626,0.502680242061615,17,3,12,post_calibration
252,1,17,2,60,1,1,1,0.5031091570854187,0.5031091570854187,0.4968908429145813,0.5031091570854187,17,3,12,post_calibration
252,2,17,5,60,0,1,0,0.5000729560852051,0.5000729560852051,0.4999270737171173,0.5000729560852051,17,3,12,post_calibration
252,3,17,7,60,0,0,1,0.5007572770118713,0.5007572770118713,0.5007572770118713,0.4992426931858063,17,3,12,post_calibration
252,4,17,10,60,1,1,1,0.5033196210861206,0.5033196210861206,0.4966803193092346,0.5033196210861206,17,3,12,post_calibration
252,5,17,16,60,0,1,0,0.5038643479347229,0.5038643479347229,0.4961356818675995,0.5038643479347229,17,3,12,post_calibration
19,0,18,0,60,1,0,0,0.5036342740058899,0.5036342740058899,0.5036342740058899,0.4963656961917877,18,,,zero_shot_all_trials
19,1,18,1,60,1,1,1,0.5061691403388977,0.5061691403388977,0.4938308596611023,0.5061691403388977,18,,,zero_shot_all_trials
19,2,18,2,60,1,0,0,0.5004245638847351,0.5004245638847351,0.5004245638847351,0.4995754361152649,18,,,zero_shot_all_trials
19,3,18,3,60,1,0,0,0.5050879716873169,0.5050879716873169,0.5050879716873169,0.4949120581150055,18,,,zero_shot_all_trials
19,4,18,4,60,1,0,0,0.5015607476234436,0.5015607476234436,0.5015607476234436,0.4984391927719116,18,,,zero_shot_all_trials
19,5,18,5,60,1,0,0,0.506750762462616,0.506750762462616,0.506750762462616,0.49324920773506165,18,,,zero_shot_all_trials
19,6,18,6,60,1,0,0,0.5046688914299011,0.5046688914299011,0.5046688914299011,0.49533113837242126,18,,,zero_shot_all_trials
19,7,18,7,60,0,0,1,0.5027769207954407,0.5027769207954407,0.5027769207954407,0.4972230792045593,18,,,zero_shot_all_trials
19,8,18,8,60,1,0,0,0.5076176524162292,0.5076176524162292,0.5076176524162292,0.49238234758377075,18,,,zero_shot_all_trials
19,9,18,9,60,0,0,1,0.505928635597229,0.505928635597229,0.505928635597229,0.49407142400741577,18,,,zero_shot_all_trials
19,10,18,10,60,1,0,0,0.5050117373466492,0.5050117373466492,0.5050117373466492,0.49498823285102844,18,,,zero_shot_all_trials
19,11,18,11,60,1,0,0,0.5043515563011169,0.5043515563011169,0.5043515563011169,0.49564841389656067,18,,,zero_shot_all_trials
19,12,18,12,60,1,1,1,0.5028393268585205,0.5028393268585205,0.4971606433391571,0.5028393268585205,18,,,zero_shot_all_trials
19,13,18,13,60,0,1,0,0.5025341510772705,0.5025341510772705,0.4974657893180847,0.5025341510772705,18,,,zero_shot_all_trials
19,14,18,14,60,1,0,0,0.5076438784599304,0.5076438784599304,0.5076438784599304,0.4923561215400696,18,,,zero_shot_all_trials
19,15,18,15,60,1,1,1,0.5006077289581299,0.5006077289581299,0.4993922710418701,0.5006077289581299,18,,,zero_shot_all_trials
19,16,18,16,60,0,0,1,0.5047833919525146,0.5047833919525146,0.5047833919525146,0.49521660804748535,18,,,zero_shot_all_trials
19,17,18,17,60,0,1,0,0.5022637844085693,0.5022637844085693,0.49773624539375305,0.5022637844085693,18,,,zero_shot_all_trials
253,0,18,0,60,1,0,0,0.5036342144012451,0.5036342144012451,0.5036342144012451,0.4963657557964325,18,1,3,zero_shot_paired
253,1,18,1,60,1,1,1,0.5061690807342529,0.5061690807342529,0.4938308596611023,0.5061690807342529,18,1,3,zero_shot_paired
253,2,18,2,60,1,0,0,0.5004245638847351,0.5004245638847351,0.5004245638847351,0.4995754659175873,18,1,3,zero_shot_paired
253,3,18,3,60,1,0,0,0.5050877332687378,0.5050877332687378,0.5050877332687378,0.4949122369289398,18,1,3,zero_shot_paired
253,4,18,4,60,1,0,0,0.501560628414154,0.501560628414154,0.501560628414154,0.49843937158584595,18,1,3,zero_shot_paired
253,5,18,6,60,1,0,0,0.5046688914299011,0.5046688914299011,0.5046688914299011,0.49533113837242126,18,1,3,zero_shot_paired
253,6,18,7,60,0,0,1,0.5027769207954407,0.5027769207954407,0.5027769207954407,0.49722304940223694,18,1,3,zero_shot_paired
253,7,18,9,60,0,0,1,0.505928635597229,0.505928635597229,0.505928635597229,0.494071364402771,18,1,3,zero_shot_paired
253,8,18,10,60,1,0,0,0.5050119757652283,0.5050119757652283,0.5050119757652283,0.4949880838394165,18,1,3,zero_shot_paired
253,9,18,11,60,1,0,0,0.5043514370918274,0.5043514370918274,0.5043514370918274,0.4956485629081726,18,1,3,zero_shot_paired
253,10,18,12,60,1,1,1,0.5028389692306519,0.5028389692306519,0.49716100096702576,0.5028389692306519,18,1,3,zero_shot_paired
253,11,18,13,60,0,1,0,0.5025340914726257,0.5025340914726257,0.4974658787250519,0.5025340914726257,18,1,3,zero_shot_paired
253,12,18,14,60,1,0,0,0.5076437592506409,0.5076437592506409,0.5076437592506409,0.49235624074935913,18,1,3,zero_shot_paired
253,13,18,15,60,1,1,1,0.5006076693534851,0.5006076693534851,0.4993923306465149,0.5006076693534851,18,1,3,zero_shot_paired
253,14,18,17,60,0,1,0,0.5022637844085693,0.5022637844085693,0.49773624539375305,0.5022637844085693,18,1,3,zero_shot_paired
253,0,18,0,60,1,0,0,0.5036346316337585,0.5036346316337585,0.5036346316337585,0.49636539816856384,18,1,3,post_calibration
253,1,18,1,60,1,1,1,0.5061652064323425,0.5061652064323425,0.4938347637653351,0.5061652064323425,18,1,3,post_calibration
253,2,18,2,60,1,0,0,0.5004346966743469,0.5004346966743469,0.5004346966743469,0.4995652735233307,18,1,3,post_calibration
253,3,18,3,60,1,0,0,0.505064845085144,0.505064845085144,0.505064845085144,0.49493518471717834,18,1,3,post_calibration
253,4,18,4,60,1,0,0,0.501459002494812,0.501459002494812,0.501459002494812,0.498540997505188,18,1,3,post_calibration
253,5,18,6,60,1,0,0,0.5047620534896851,0.5047620534896851,0.5047620534896851,0.4952380061149597,18,1,3,post_calibration
253,6,18,7,60,0,0,1,0.5028772354125977,0.5028772354125977,0.5028772354125977,0.49712273478507996,18,1,3,post_calibration
253,7,18,9,60,0,0,1,0.5059751868247986,0.5059751868247986,0.5059751868247986,0.49402478337287903,18,1,3,post_calibration
253,8,18,10,60,1,0,0,0.5049170255661011,0.5049170255661011,0.5049170255661011,0.49508294463157654,18,1,3,post_calibration
253,9,18,11,60,1,0,0,0.5043203234672546,0.5043203234672546,0.5043203234672546,0.495679646730423,18,1,3,post_calibration
253,10,18,12,60,1,1,1,0.5027284026145935,0.5027284026145935,0.4972715377807617,0.5027284026145935,18,1,3,post_calibration
253,11,18,13,60,0,1,0,0.5024892091751099,0.5024892091751099,0.4975108206272125,0.5024892091751099,18,1,3,post_calibration
253,12,18,14,60,1,0,0,0.507647693157196,0.507647693157196,0.507647693157196,0.49235227704048157,18,1,3,post_calibration
253,13,18,15,60,1,1,1,0.5006282329559326,0.5006282329559326,0.49937179684638977,0.5006282329559326,18,1,3,post_calibration
253,14,18,17,60,0,1,0,0.5022637248039246,0.5022637248039246,0.4977363049983978,0.5022637248039246,18,1,3,post_calibration
254,0,18,0,60,1,0,0,0.5036342144012451,0.5036342144012451,0.5036342144012451,0.4963657557964325,18,2,3,zero_shot_paired
254,1,18,1,60,1,1,1,0.5061690807342529,0.5061690807342529,0.4938308596611023,0.5061690807342529,18,2,3,zero_shot_paired
254,2,18,2,60,1,0,0,0.5004245638847351,0.5004245638847351,0.5004245638847351,0.4995754659175873,18,2,3,zero_shot_paired
254,3,18,3,60,1,0,0,0.5050877332687378,0.5050877332687378,0.5050877332687378,0.4949122369289398,18,2,3,zero_shot_paired
254,4,18,4,60,1,0,0,0.501560628414154,0.501560628414154,0.501560628414154,0.49843937158584595,18,2,3,zero_shot_paired
254,5,18,5,60,1,0,0,0.506750762462616,0.506750762462616,0.506750762462616,0.49324920773506165,18,2,3,zero_shot_paired
254,6,18,6,60,1,0,0,0.5046688914299011,0.5046688914299011,0.5046688914299011,0.49533113837242126,18,2,3,zero_shot_paired
254,7,18,7,60,0,0,1,0.5027769207954407,0.5027769207954407,0.5027769207954407,0.49722304940223694,18,2,3,zero_shot_paired
254,8,18,8,60,1,0,0,0.507617712020874,0.507617712020874,0.507617712020874,0.4923822581768036,18,2,3,zero_shot_paired
254,9,18,10,60,1,0,0,0.5050119757652283,0.5050119757652283,0.5050119757652283,0.4949880838394165,18,2,3,zero_shot_paired
254,10,18,11,60,1,0,0,0.5043514370918274,0.5043514370918274,0.5043514370918274,0.4956485629081726,18,2,3,zero_shot_paired
254,11,18,13,60,0,1,0,0.5025340914726257,0.5025340914726257,0.4974658787250519,0.5025340914726257,18,2,3,zero_shot_paired
254,12,18,15,60,1,1,1,0.5006076693534851,0.5006076693534851,0.4993923306465149,0.5006076693534851,18,2,3,zero_shot_paired
254,13,18,16,60,0,0,1,0.5047832727432251,0.5047832727432251,0.5047832727432251,0.4952167272567749,18,2,3,zero_shot_paired
254,14,18,17,60,0,1,0,0.5022637844085693,0.5022637844085693,0.49773624539375305,0.5022637844085693,18,2,3,zero_shot_paired
254,0,18,0,60,1,0,0,0.503620445728302,0.503620445728302,0.503620445728302,0.496379554271698,18,2,3,post_calibration
254,1,18,1,60,1,1,1,0.5061337351799011,0.5061337351799011,0.49386629462242126,0.5061337351799011,18,2,3,post_calibration
254,2,18,2,60,1,0,0,0.5005038976669312,0.5005038976669312,0.5005038976669312,0.4994961619377136,18,2,3,post_calibration
254,3,18,3,60,1,0,0,0.5052355527877808,0.5052355527877808,0.5052355527877808,0.49476441740989685,18,2,3,post_calibration
254,4,18,4,60,1,0,0,0.5015931129455566,0.5015931129455566,0.5015931129455566,0.49840685725212097,18,2,3,post_calibration
254,5,18,5,60,1,0,0,0.506780207157135,0.506780207157135,0.506780207157135,0.4932197630405426,18,2,3,post_calibration
254,6,18,6,60,1,0,0,0.5046989917755127,0.5046989917755127,0.5046989917755127,0.4953010082244873,18,2,3,post_calibration
254,7,18,7,60,0,0,1,0.5027552843093872,0.5027552843093872,0.5027552843093872,0.497244656085968,18,2,3,post_calibration
254,8,18,8,60,1,0,0,0.5076785683631897,0.5076785683631897,0.5076785683631897,0.4923214018344879,18,2,3,post_calibration
254,9,18,10,60,1,0,0,0.5050491690635681,0.5050491690635681,0.5050491690635681,0.4949508011341095,18,2,3,post_calibration
254,10,18,11,60,1,0,0,0.5044302940368652,0.5044302940368652,0.5044302940368652,0.49556970596313477,18,2,3,post_calibration
254,11,18,13,60,0,1,0,0.5024674534797668,0.5024674534797668,0.49753251671791077,0.5024674534797668,18,2,3,post_calibration
254,12,18,15,60,1,1,1,0.5004966259002686,0.5004966259002686,0.49950334429740906,0.5004966259002686,18,2,3,post_calibration
254,13,18,16,60,0,0,1,0.5047546625137329,0.5047546625137329,0.5047546625137329,0.4952453076839447,18,2,3,post_calibration
254,14,18,17,60,0,1,0,0.502086877822876,0.502086877822876,0.497913122177124,0.502086877822876,18,2,3,post_calibration
255,0,18,0,60,1,0,0,0.5036342144012451,0.5036342144012451,0.5036342144012451,0.4963657557964325,18,3,3,zero_shot_paired
255,1,18,1,60,1,1,1,0.5061690807342529,0.5061690807342529,0.4938308596611023,0.5061690807342529,18,3,3,zero_shot_paired
255,2,18,2,60,1,0,0,0.5004245638847351,0.5004245638847351,0.5004245638847351,0.4995754659175873,18,3,3,zero_shot_paired
255,3,18,3,60,1,0,0,0.5050877332687378,0.5050877332687378,0.5050877332687378,0.4949122369289398,18,3,3,zero_shot_paired
255,4,18,4,60,1,0,0,0.501560628414154,0.501560628414154,0.501560628414154,0.49843937158584595,18,3,3,zero_shot_paired
255,5,18,5,60,1,0,0,0.506750762462616,0.506750762462616,0.506750762462616,0.49324920773506165,18,3,3,zero_shot_paired
255,6,18,7,60,0,0,1,0.5027769207954407,0.5027769207954407,0.5027769207954407,0.49722304940223694,18,3,3,zero_shot_paired
255,7,18,8,60,1,0,0,0.507617712020874,0.507617712020874,0.507617712020874,0.4923822581768036,18,3,3,zero_shot_paired
255,8,18,9,60,0,0,1,0.505928635597229,0.505928635597229,0.505928635597229,0.494071364402771,18,3,3,zero_shot_paired
255,9,18,10,60,1,0,0,0.5050119757652283,0.5050119757652283,0.5050119757652283,0.4949880838394165,18,3,3,zero_shot_paired
255,10,18,11,60,1,0,0,0.5043514370918274,0.5043514370918274,0.5043514370918274,0.4956485629081726,18,3,3,zero_shot_paired
255,11,18,12,60,1,1,1,0.5028389692306519,0.5028389692306519,0.49716100096702576,0.5028389692306519,18,3,3,zero_shot_paired
255,12,18,14,60,1,0,0,0.5076437592506409,0.5076437592506409,0.5076437592506409,0.49235624074935913,18,3,3,zero_shot_paired
255,13,18,16,60,0,0,1,0.5047832727432251,0.5047832727432251,0.5047832727432251,0.4952167272567749,18,3,3,zero_shot_paired
255,14,18,17,60,0,1,0,0.5022637844085693,0.5022637844085693,0.49773624539375305,0.5022637844085693,18,3,3,zero_shot_paired
255,0,18,0,60,1,0,0,0.503652036190033,0.503652036190033,0.503652036190033,0.49634790420532227,18,3,3,post_calibration
255,1,18,1,60,1,1,1,0.506088376045227,0.506088376045227,0.49391159415245056,0.506088376045227,18,3,3,post_calibration
255,2,18,2,60,1,0,0,0.5004534125328064,0.5004534125328064,0.5004534125328064,0.4995465874671936,18,3,3,post_calibration
255,3,18,3,60,1,0,0,0.505167543888092,0.505167543888092,0.505167543888092,0.49483248591423035,18,3,3,post_calibration
255,4,18,4,60,1,0,0,0.501683235168457,0.501683235168457,0.501683235168457,0.49831682443618774,18,3,3,post_calibration
255,5,18,5,60,1,0,0,0.5067262053489685,0.5067262053489685,0.5067262053489685,0.4932737946510315,18,3,3,post_calibration
255,6,18,7,60,0,0,1,0.5027391314506531,0.5027391314506531,0.5027391314506531,0.4972608685493469,18,3,3,post_calibration
255,7,18,8,60,1,0,0,0.507655680179596,0.507655680179596,0.507655680179596,0.49234431982040405,18,3,3,post_calibration
255,8,18,9,60,0,0,1,0.505972683429718,0.505972683429718,0.505972683429718,0.4940272867679596,18,3,3,post_calibration
255,9,18,10,60,1,0,0,0.5050715208053589,0.5050715208053589,0.5050715208053589,0.4949284791946411,18,3,3,post_calibration
255,10,18,11,60,1,0,0,0.5044128894805908,0.5044128894805908,0.5044128894805908,0.49558714032173157,18,3,3,post_calibration
255,11,18,12,60,1,1,1,0.5027025938034058,0.5027025938034058,0.49729737639427185,0.5027025938034058,18,3,3,post_calibration
255,12,18,14,60,1,0,0,0.507641613483429,0.507641613483429,0.507641613483429,0.49235835671424866,18,3,3,post_calibration
255,13,18,16,60,0,0,1,0.504730761051178,0.504730761051178,0.504730761051178,0.49526920914649963,18,3,3,post_calibration
255,14,18,17,60,0,1,0,0.502194881439209,0.502194881439209,0.49780508875846863,0.502194881439209,18,3,3,post_calibration
256,0,18,0,60,1,0,0,0.5036342144012451,0.5036342144012451,0.5036342144012451,0.4963657557964325,18,4,3,zero_shot_paired
256,1,18,1,60,1,1,1,0.5061690807342529,0.5061690807342529,0.4938308596611023,0.5061690807342529,18,4,3,zero_shot_paired
256,2,18,2,60,1,0,0,0.5004245638847351,0.5004245638847351,0.5004245638847351,0.4995754659175873,18,4,3,zero_shot_paired
256,3,18,5,60,1,0,0,0.506750762462616,0.506750762462616,0.506750762462616,0.49324920773506165,18,4,3,zero_shot_paired
256,4,18,6,60,1,0,0,0.5046688914299011,0.5046688914299011,0.5046688914299011,0.49533113837242126,18,4,3,zero_shot_paired
256,5,18,7,60,0,0,1,0.5027769207954407,0.5027769207954407,0.5027769207954407,0.49722304940223694,18,4,3,zero_shot_paired
256,6,18,8,60,1,0,0,0.507617712020874,0.507617712020874,0.507617712020874,0.4923822581768036,18,4,3,zero_shot_paired
256,7,18,9,60,0,0,1,0.505928635597229,0.505928635597229,0.505928635597229,0.494071364402771,18,4,3,zero_shot_paired
256,8,18,10,60,1,0,0,0.5050119757652283,0.5050119757652283,0.5050119757652283,0.4949880838394165,18,4,3,zero_shot_paired
256,9,18,12,60,1,1,1,0.5028389692306519,0.5028389692306519,0.49716100096702576,0.5028389692306519,18,4,3,zero_shot_paired
256,10,18,13,60,0,1,0,0.5025340914726257,0.5025340914726257,0.4974658787250519,0.5025340914726257,18,4,3,zero_shot_paired
256,11,18,14,60,1,0,0,0.5076437592506409,0.5076437592506409,0.5076437592506409,0.49235624074935913,18,4,3,zero_shot_paired
256,12,18,15,60,1,1,1,0.5006076693534851,0.5006076693534851,0.4993923306465149,0.5006076693534851,18,4,3,zero_shot_paired
256,13,18,16,60,0,0,1,0.5047832727432251,0.5047832727432251,0.5047832727432251,0.4952167272567749,18,4,3,zero_shot_paired
256,14,18,17,60,0,1,0,0.5022637844085693,0.5022637844085693,0.49773624539375305,0.5022637844085693,18,4,3,zero_shot_paired
256,0,18,0,60,1,0,0,0.5034412145614624,0.5034412145614624,0.5034412145614624,0.49655881524086,18,4,3,post_calibration
256,1,18,1,60,1,1,1,0.5064138174057007,0.5064138174057007,0.4935861825942993,0.5064138174057007,18,4,3,post_calibration
256,2,18,2,60,1,0,0,0.5002620816230774,0.5002620816230774,0.5002620816230774,0.4997379183769226,18,4,3,post_calibration
256,3,18,5,60,1,0,0,0.5065696239471436,0.5065696239471436,0.5065696239471436,0.49343037605285645,18,4,3,post_calibration
256,4,18,6,60,1,0,0,0.5045244693756104,0.5045244693756104,0.5045244693756104,0.4954755902290344,18,4,3,post_calibration
256,5,18,7,60,0,0,1,0.5027770400047302,0.5027770400047302,0.5027770400047302,0.4972229599952698,18,4,3,post_calibration
256,6,18,8,60,1,0,0,0.507442831993103,0.507442831993103,0.507442831993103,0.492557168006897,18,4,3,post_calibration
256,7,18,9,60,0,0,1,0.5058085918426514,0.5058085918426514,0.5058085918426514,0.494191437959671,18,4,3,post_calibration
256,8,18,10,60,1,0,0,0.5047497749328613,0.5047497749328613,0.5047497749328613,0.49525025486946106,18,4,3,post_calibration
256,9,18,12,60,1,1,1,0.5029479265213013,0.5029479265213013,0.49705204367637634,0.5029479265213013,18,4,3,post_calibration
256,10,18,13,60,0,1,0,0.5025584101676941,0.5025584101676941,0.4974416494369507,0.5025584101676941,18,4,3,post_calibration
256,11,18,14,60,1,0,0,0.5076316595077515,0.5076316595077515,0.5076316595077515,0.49236834049224854,18,4,3,post_calibration
256,12,18,15,60,1,1,1,0.500905454158783,0.500905454158783,0.49909451603889465,0.500905454158783,18,4,3,post_calibration
256,13,18,16,60,0,0,1,0.5047365427017212,0.5047365427017212,0.5047365427017212,0.4952634572982788,18,4,3,post_calibration
256,14,18,17,60,0,1,0,0.5023613572120667,0.5023613572120667,0.49763861298561096,0.5023613572120667,18,4,3,post_calibration
257,0,18,2,60,1,0,0,0.5004245638847351,0.5004245638847351,0.5004245638847351,0.4995754659175873,18,5,3,zero_shot_paired
257,1,18,3,60,1,0,0,0.5050877332687378,0.5050877332687378,0.5050877332687378,0.4949122369289398,18,5,3,zero_shot_paired
257,2,18,4,60,1,0,0,0.501560628414154,0.501560628414154,0.501560628414154,0.49843937158584595,18,5,3,zero_shot_paired
257,3,18,5,60,1,0,0,0.506750762462616,0.506750762462616,0.506750762462616,0.49324920773506165,18,5,3,zero_shot_paired
257,4,18,6,60,1,0,0,0.5046688914299011,0.5046688914299011,0.5046688914299011,0.49533113837242126,18,5,3,zero_shot_paired
257,5,18,8,60,1,0,0,0.507617712020874,0.507617712020874,0.507617712020874,0.4923822581768036,18,5,3,zero_shot_paired
257,6,18,9,60,0,0,1,0.505928635597229,0.505928635597229,0.505928635597229,0.494071364402771,18,5,3,zero_shot_paired
257,7,18,10,60,1,0,0,0.5050119757652283,0.5050119757652283,0.5050119757652283,0.4949880838394165,18,5,3,zero_shot_paired
257,8,18,11,60,1,0,0,0.5043514370918274,0.5043514370918274,0.5043514370918274,0.4956485629081726,18,5,3,zero_shot_paired
257,9,18,12,60,1,1,1,0.5028389692306519,0.5028389692306519,0.49716100096702576,0.5028389692306519,18,5,3,zero_shot_paired
257,10,18,13,60,0,1,0,0.5025340914726257,0.5025340914726257,0.4974658787250519,0.5025340914726257,18,5,3,zero_shot_paired
257,11,18,14,60,1,0,0,0.5076437592506409,0.5076437592506409,0.5076437592506409,0.49235624074935913,18,5,3,zero_shot_paired
257,12,18,15,60,1,1,1,0.5006076693534851,0.5006076693534851,0.4993923306465149,0.5006076693534851,18,5,3,zero_shot_paired
257,13,18,16,60,0,0,1,0.5047832727432251,0.5047832727432251,0.5047832727432251,0.4952167272567749,18,5,3,zero_shot_paired
257,14,18,17,60,0,1,0,0.5022637844085693,0.5022637844085693,0.49773624539375305,0.5022637844085693,18,5,3,zero_shot_paired
257,0,18,2,60,1,0,0,0.5004010200500488,0.5004010200500488,0.5004010200500488,0.49959897994995117,18,5,3,post_calibration
257,1,18,3,60,1,0,0,0.5050983428955078,0.5050983428955078,0.5050983428955078,0.4949015974998474,18,5,3,post_calibration
257,2,18,4,60,1,0,0,0.5014976263046265,0.5014976263046265,0.5014976263046265,0.4985024034976959,18,5,3,post_calibration
257,3,18,5,60,1,0,0,0.5067542195320129,0.5067542195320129,0.5067542195320129,0.49324578046798706,18,5,3,post_calibration
257,4,18,6,60,1,0,0,0.5047425627708435,0.5047425627708435,0.5047425627708435,0.49525749683380127,18,5,3,post_calibration
257,5,18,8,60,1,0,0,0.5075739622116089,0.5075739622116089,0.5075739622116089,0.4924260675907135,18,5,3,post_calibration
257,6,18,9,60,0,0,1,0.5058295726776123,0.5058295726776123,0.5058295726776123,0.4941704571247101,18,5,3,post_calibration
257,7,18,10,60,1,0,0,0.5050520896911621,0.5050520896911621,0.5050520896911621,0.4949478805065155,18,5,3,post_calibration
257,8,18,11,60,1,0,0,0.5042876601219177,0.5042876601219177,0.5042876601219177,0.4957123398780823,18,5,3,post_calibration
257,9,18,12,60,1,1,1,0.5029070973396301,0.5029070973396301,0.4970928728580475,0.5029070973396301,18,5,3,post_calibration
257,10,18,13,60,0,1,0,0.502556324005127,0.502556324005127,0.49744367599487305,0.502556324005127,18,5,3,post_calibration
257,11,18,14,60,1,0,0,0.5076847076416016,0.5076847076416016,0.5076847076416016,0.4923153221607208,18,5,3,post_calibration
257,12,18,15,60,1,1,1,0.5006673336029053,0.5006673336029053,0.49933263659477234,0.5006673336029053,18,5,3,post_calibration
257,13,18,16,60,0,0,1,0.5048571228981018,0.5048571228981018,0.5048571228981018,0.4951428472995758,18,5,3,post_calibration
257,14,18,17,60,0,1,0,0.5023708343505859,0.5023708343505859,0.49762919545173645,0.5023708343505859,18,5,3,post_calibration
258,0,18,0,60,1,0,0,0.5036342144012451,0.5036342144012451,0.5036342144012451,0.4963657557964325,18,6,3,zero_shot_paired
258,1,18,1,60,1,1,1,0.5061690807342529,0.5061690807342529,0.4938308596611023,0.5061690807342529,18,6,3,zero_shot_paired
258,2,18,3,60,1,0,0,0.5050877332687378,0.5050877332687378,0.5050877332687378,0.4949122369289398,18,6,3,zero_shot_paired
258,3,18,4,60,1,0,0,0.501560628414154,0.501560628414154,0.501560628414154,0.49843937158584595,18,6,3,zero_shot_paired
258,4,18,5,60,1,0,0,0.506750762462616,0.506750762462616,0.506750762462616,0.49324920773506165,18,6,3,zero_shot_paired
258,5,18,6,60,1,0,0,0.5046688914299011,0.5046688914299011,0.5046688914299011,0.49533113837242126,18,6,3,zero_shot_paired
258,6,18,7,60,0,0,1,0.5027769207954407,0.5027769207954407,0.5027769207954407,0.49722304940223694,18,6,3,zero_shot_paired
258,7,18,8,60,1,0,0,0.507617712020874,0.507617712020874,0.507617712020874,0.4923822581768036,18,6,3,zero_shot_paired
258,8,18,9,60,0,0,1,0.505928635597229,0.505928635597229,0.505928635597229,0.494071364402771,18,6,3,zero_shot_paired
258,9,18,11,60,1,0,0,0.5043514370918274,0.5043514370918274,0.5043514370918274,0.4956485629081726,18,6,3,zero_shot_paired
258,10,18,12,60,1,1,1,0.5028389692306519,0.5028389692306519,0.49716100096702576,0.5028389692306519,18,6,3,zero_shot_paired
258,11,18,13,60,0,1,0,0.5025340914726257,0.5025340914726257,0.4974658787250519,0.5025340914726257,18,6,3,zero_shot_paired
258,12,18,14,60,1,0,0,0.5076437592506409,0.5076437592506409,0.5076437592506409,0.49235624074935913,18,6,3,zero_shot_paired
258,13,18,15,60,1,1,1,0.5006076693534851,0.5006076693534851,0.4993923306465149,0.5006076693534851,18,6,3,zero_shot_paired
258,14,18,16,60,0,0,1,0.5047832727432251,0.5047832727432251,0.5047832727432251,0.4952167272567749,18,6,3,zero_shot_paired
258,0,18,0,60,1,0,0,0.5037075281143188,0.5037075281143188,0.5037075281143188,0.49629250168800354,18,6,3,post_calibration
258,1,18,1,60,1,1,1,0.506145179271698,0.506145179271698,0.493854820728302,0.506145179271698,18,6,3,post_calibration
258,2,18,3,60,1,0,0,0.5050874352455139,0.5050874352455139,0.5050874352455139,0.49491259455680847,18,6,3,post_calibration
258,3,18,4,60,1,0,0,0.5016306638717651,0.5016306638717651,0.5016306638717651,0.4983693063259125,18,6,3,post_calibration
258,4,18,5,60,1,0,0,0.5067593455314636,0.5067593455314636,0.5067593455314636,0.4932406544685364,18,6,3,post_calibration
258,5,18,6,60,1,0,0,0.5047013759613037,0.5047013759613037,0.5047013759613037,0.49529868364334106,18,6,3,post_calibration
258,6,18,7,60,0,0,1,0.5027972459793091,0.5027972459793091,0.5027972459793091,0.49720272421836853,18,6,3,post_calibration
258,7,18,8,60,1,0,0,0.5076077580451965,0.5076077580451965,0.5076077580451965,0.4923922121524811,18,6,3,post_calibration
258,8,18,9,60,0,0,1,0.5059108734130859,0.5059108734130859,0.5059108734130859,0.49408918619155884,18,6,3,post_calibration
258,9,18,11,60,1,0,0,0.5042808055877686,0.5042808055877686,0.5042808055877686,0.49571919441223145,18,6,3,post_calibration
258,10,18,12,60,1,1,1,0.5027931332588196,0.5027931332588196,0.4972068667411804,0.5027931332588196,18,6,3,post_calibration
258,11,18,13,60,0,1,0,0.50244140625,0.50244140625,0.4975585639476776,0.50244140625,18,6,3,post_calibration
258,12,18,14,60,1,0,0,0.5077126026153564,0.5077126026153564,0.5077126026153564,0.49228742718696594,18,6,3,post_calibration
258,13,18,15,60,1,1,1,0.5004995465278625,0.5004995465278625,0.49950045347213745,0.5004995465278625,18,6,3,post_calibration
258,14,18,16,60,0,0,1,0.5047885179519653,0.5047885179519653,0.5047885179519653,0.49521151185035706,18,6,3,post_calibration
259,0,18,0,60,1,0,0,0.5036342144012451,0.5036342144012451,0.5036342144012451,0.4963657557964325,18,1,6,zero_shot_paired
259,1,18,2,60,1,0,0,0.5004245638847351,0.5004245638847351,0.5004245638847351,0.4995754659175873,18,1,6,zero_shot_paired
259,2,18,3,60,1,0,0,0.5050877332687378,0.5050877332687378,0.5050877332687378,0.4949122369289398,18,1,6,zero_shot_paired
259,3,18,4,60,1,0,0,0.501560628414154,0.501560628414154,0.501560628414154,0.49843937158584595,18,1,6,zero_shot_paired
259,4,18,5,60,1,0,0,0.506750762462616,0.506750762462616,0.506750762462616,0.49324920773506165,18,1,6,zero_shot_paired
259,5,18,7,60,0,0,1,0.5027769207954407,0.5027769207954407,0.5027769207954407,0.49722304940223694,18,1,6,zero_shot_paired
259,6,18,9,60,0,0,1,0.505928635597229,0.505928635597229,0.505928635597229,0.494071364402771,18,1,6,zero_shot_paired
259,7,18,10,60,1,0,0,0.5050119757652283,0.5050119757652283,0.5050119757652283,0.4949880838394165,18,1,6,zero_shot_paired
259,8,18,13,60,0,1,0,0.5025340914726257,0.5025340914726257,0.4974658787250519,0.5025340914726257,18,1,6,zero_shot_paired
259,9,18,14,60,1,0,0,0.5076437592506409,0.5076437592506409,0.5076437592506409,0.49235624074935913,18,1,6,zero_shot_paired
259,10,18,15,60,1,1,1,0.5006076693534851,0.5006076693534851,0.4993923306465149,0.5006076693534851,18,1,6,zero_shot_paired
259,11,18,17,60,0,1,0,0.5022637844085693,0.5022637844085693,0.49773624539375305,0.5022637844085693,18,1,6,zero_shot_paired
259,0,18,0,60,1,0,0,0.5034078359603882,0.5034078359603882,0.5034078359603882,0.4965921938419342,18,1,6,post_calibration
259,1,18,2,60,1,0,0,0.5003024935722351,0.5003024935722351,0.5003024935722351,0.4996975064277649,18,1,6,post_calibration
259,2,18,3,60,1,0,0,0.5049915313720703,0.5049915313720703,0.5049915313720703,0.4950084388256073,18,1,6,post_calibration
259,3,18,4,60,1,0,0,0.5013875365257263,0.5013875365257263,0.5013875365257263,0.4986124634742737,18,1,6,post_calibration
259,4,18,5,60,1,0,0,0.5066744089126587,0.5066744089126587,0.5066744089126587,0.4933256208896637,18,1,6,post_calibration
259,5,18,7,60,0,0,1,0.5027368664741516,0.5027368664741516,0.5027368664741516,0.4972631335258484,18,1,6,post_calibration
259,6,18,9,60,0,0,1,0.5058814883232117,0.5058814883232117,0.5058814883232117,0.49411848187446594,18,1,6,post_calibration
259,7,18,10,60,1,0,0,0.5048007369041443,0.5048007369041443,0.5048007369041443,0.4951992630958557,18,1,6,post_calibration
259,8,18,13,60,0,1,0,0.5026739239692688,0.5026739239692688,0.4973260760307312,0.5026739239692688,18,1,6,post_calibration
259,9,18,14,60,1,0,0,0.5076878070831299,0.5076878070831299,0.5076878070831299,0.4923121929168701,18,1,6,post_calibration
259,10,18,15,60,1,1,1,0.500917375087738,0.500917375087738,0.49908265471458435,0.500917375087738,18,1,6,post_calibration
259,11,18,17,60,0,1,0,0.502581775188446,0.502581775188446,0.49741822481155396,0.502581775188446,18,1,6,post_calibration
260,0,18,1,60,1,1,1,0.5061690807342529,0.5061690807342529,0.4938308596611023,0.5061690807342529,18,2,6,zero_shot_paired
260,1,18,3,60,1,0,0,0.5050877332687378,0.5050877332687378,0.5050877332687378,0.4949122369289398,18,2,6,zero_shot_paired
260,2,18,4,60,1,0,0,0.501560628414154,0.501560628414154,0.501560628414154,0.49843937158584595,18,2,6,zero_shot_paired
260,3,18,6,60,1,0,0,0.5046688914299011,0.5046688914299011,0.5046688914299011,0.49533113837242126,18,2,6,zero_shot_paired
260,4,18,8,60,1,0,0,0.507617712020874,0.507617712020874,0.507617712020874,0.4923822581768036,18,2,6,zero_shot_paired
260,5,18,9,60,0,0,1,0.505928635597229,0.505928635597229,0.505928635597229,0.494071364402771,18,2,6,zero_shot_paired
260,6,18,10,60,1,0,0,0.5050119757652283,0.5050119757652283,0.5050119757652283,0.4949880838394165,18,2,6,zero_shot_paired
260,7,18,11,60,1,0,0,0.5043514370918274,0.5043514370918274,0.5043514370918274,0.4956485629081726,18,2,6,zero_shot_paired
260,8,18,12,60,1,1,1,0.5028389692306519,0.5028389692306519,0.49716100096702576,0.5028389692306519,18,2,6,zero_shot_paired
260,9,18,13,60,0,1,0,0.5025340914726257,0.5025340914726257,0.4974658787250519,0.5025340914726257,18,2,6,zero_shot_paired
260,10,18,15,60,1,1,1,0.5006076693534851,0.5006076693534851,0.4993923306465149,0.5006076693534851,18,2,6,zero_shot_paired
260,11,18,16,60,0,0,1,0.5047832727432251,0.5047832727432251,0.5047832727432251,0.4952167272567749,18,2,6,zero_shot_paired
260,0,18,1,60,1,1,1,0.5062936544418335,0.5062936544418335,0.4937063455581665,0.5062936544418335,18,2,6,post_calibration
260,1,18,3,60,1,0,0,0.5050145387649536,0.5050145387649536,0.5050145387649536,0.4949854612350464,18,2,6,post_calibration
260,2,18,4,60,1,0,0,0.5014476180076599,0.5014476180076599,0.5014476180076599,0.4985523521900177,18,2,6,post_calibration
260,3,18,6,60,1,0,0,0.5045669674873352,0.5045669674873352,0.5045669674873352,0.4954330325126648,18,2,6,post_calibration
260,4,18,8,60,1,0,0,0.5075004696846008,0.5075004696846008,0.5075004696846008,0.4924995005130768,18,2,6,post_calibration
260,5,18,9,60,0,0,1,0.50590580701828,0.50590580701828,0.50590580701828,0.49409425258636475,18,2,6,post_calibration
260,6,18,10,60,1,0,0,0.50493985414505,0.50493985414505,0.50493985414505,0.49506011605262756,18,2,6,post_calibration
260,7,18,11,60,1,0,0,0.5044065713882446,0.5044065713882446,0.5044065713882446,0.495593398809433,18,2,6,post_calibration
260,8,18,12,60,1,1,1,0.5029463768005371,0.5029463768005371,0.49705368280410767,0.5029463768005371,18,2,6,post_calibration
260,9,18,13,60,0,1,0,0.5025156140327454,0.5025156140327454,0.49748432636260986,0.5025156140327454,18,2,6,post_calibration
260,10,18,15,60,1,1,1,0.5006926655769348,0.5006926655769348,0.4993073642253876,0.5006926655769348,18,2,6,post_calibration
260,11,18,16,60,0,0,1,0.5046316385269165,0.5046316385269165,0.5046316385269165,0.4953683316707611,18,2,6,post_calibration
261,0,18,0,60,1,0,0,0.5036342144012451,0.5036342144012451,0.5036342144012451,0.4963657557964325,18,3,6,zero_shot_paired
261,1,18,1,60,1,1,1,0.5061690807342529,0.5061690807342529,0.4938308596611023,0.5061690807342529,18,3,6,zero_shot_paired
261,2,18,2,60,1,0,0,0.5004245638847351,0.5004245638847351,0.5004245638847351,0.4995754659175873,18,3,6,zero_shot_paired
261,3,18,5,60,1,0,0,0.506750762462616,0.506750762462616,0.506750762462616,0.49324920773506165,18,3,6,zero_shot_paired
261,4,18,6,60,1,0,0,0.5046688914299011,0.5046688914299011,0.5046688914299011,0.49533113837242126,18,3,6,zero_shot_paired
261,5,18,7,60,0,0,1,0.5027769207954407,0.5027769207954407,0.5027769207954407,0.49722304940223694,18,3,6,zero_shot_paired
261,6,18,8,60,1,0,0,0.507617712020874,0.507617712020874,0.507617712020874,0.4923822581768036,18,3,6,zero_shot_paired
261,7,18,11,60,1,0,0,0.5043514370918274,0.5043514370918274,0.5043514370918274,0.4956485629081726,18,3,6,zero_shot_paired
261,8,18,12,60,1,1,1,0.5028389692306519,0.5028389692306519,0.49716100096702576,0.5028389692306519,18,3,6,zero_shot_paired
261,9,18,14,60,1,0,0,0.5076437592506409,0.5076437592506409,0.5076437592506409,0.49235624074935913,18,3,6,zero_shot_paired
261,10,18,16,60,0,0,1,0.5047832727432251,0.5047832727432251,0.5047832727432251,0.4952167272567749,18,3,6,zero_shot_paired
261,11,18,17,60,0,1,0,0.5022637844085693,0.5022637844085693,0.49773624539375305,0.5022637844085693,18,3,6,zero_shot_paired
261,0,18,0,60,1,0,0,0.5034987926483154,0.5034987926483154,0.5034987926483154,0.49650120735168457,18,3,6,post_calibration
261,1,18,1,60,1,1,1,0.5062312483787537,0.5062312483787537,0.49376872181892395,0.5062312483787537,18,3,6,post_calibration
261,2,18,2,60,1,0,0,0.5003011226654053,0.5003011226654053,0.5003011226654053,0.4996989071369171,18,3,6,post_calibration
261,3,18,5,60,1,0,0,0.5067570209503174,0.5067570209503174,0.5067570209503174,0.493243008852005,18,3,6,post_calibration
261,4,18,6,60,1,0,0,0.5046101212501526,0.5046101212501526,0.5046101212501526,0.4953899383544922,18,3,6,post_calibration
261,5,18,7,60,0,0,1,0.5027263760566711,0.5027263760566711,0.5027263760566711,0.49727365374565125,18,3,6,post_calibration
261,6,18,8,60,1,0,0,0.50752192735672,0.50752192735672,0.50752192735672,0.49247804284095764,18,3,6,post_calibration
261,7,18,11,60,1,0,0,0.5042973756790161,0.5042973756790161,0.5042973756790161,0.4957026243209839,18,3,6,post_calibration
261,8,18,12,60,1,1,1,0.5027470588684082,0.5027470588684082,0.4972529113292694,0.5027470588684082,18,3,6,post_calibration
261,9,18,14,60,1,0,0,0.5075840950012207,0.5075840950012207,0.5075840950012207,0.4924159348011017,18,3,6,post_calibration
261,10,18,16,60,0,0,1,0.5047645568847656,0.5047645568847656,0.5047645568847656,0.4952354431152344,18,3,6,post_calibration
261,11,18,17,60,0,1,0,0.5022234320640564,0.5022234320640564,0.4977765381336212,0.5022234320640564,18,3,6,post_calibration
262,0,18,0,60,1,0,0,0.5036343932151794,0.5036343932151794,0.5036343932151794,0.49636557698249817,18,1,9,zero_shot_paired
262,1,18,1,60,1,1,1,0.5061690807342529,0.5061690807342529,0.4938308596611023,0.5061690807342529,18,1,9,zero_shot_paired
262,2,18,2,60,1,0,0,0.5004245638847351,0.5004245638847351,0.5004245638847351,0.4995754361152649,18,1,9,zero_shot_paired
262,3,18,4,60,1,0,0,0.5015607476234436,0.5015607476234436,0.5015607476234436,0.498439222574234,18,1,9,zero_shot_paired
262,4,18,6,60,1,0,0,0.5046688914299011,0.5046688914299011,0.5046688914299011,0.49533113837242126,18,1,9,zero_shot_paired
262,5,18,7,60,0,0,1,0.5027769207954407,0.5027769207954407,0.5027769207954407,0.4972230792045593,18,1,9,zero_shot_paired
262,6,18,10,60,1,0,0,0.5050117373466492,0.5050117373466492,0.5050117373466492,0.49498826265335083,18,1,9,zero_shot_paired
262,7,18,16,60,0,0,1,0.5047832727432251,0.5047832727432251,0.5047832727432251,0.4952167272567749,18,1,9,zero_shot_paired
262,8,18,17,60,0,1,0,0.5022637844085693,0.5022637844085693,0.49773621559143066,0.5022637844085693,18,1,9,zero_shot_paired
262,0,18,0,60,1,0,0,0.5035681128501892,0.5035681128501892,0.5035681128501892,0.4964319169521332,18,1,9,post_calibration
262,1,18,1,60,1,1,1,0.5062347054481506,0.5062347054481506,0.49376532435417175,0.5062347054481506,18,1,9,post_calibration
262,2,18,2,60,1,0,0,0.5004554986953735,0.5004554986953735,0.5004554986953735,0.49954453110694885,18,1,9,post_calibration
262,3,18,4,60,1,0,0,0.5015732645988464,0.5015732645988464,0.5015732645988464,0.49842673540115356,18,1,9,post_calibration
262,4,18,6,60,1,0,0,0.5046184062957764,0.5046184062957764,0.5046184062957764,0.495381623506546,18,1,9,post_calibration
262,5,18,7,60,0,0,1,0.50269615650177,0.50269615650177,0.50269615650177,0.49730390310287476,18,1,9,post_calibration
262,6,18,10,60,1,0,0,0.504985511302948,0.504985511302948,0.504985511302948,0.495014488697052,18,1,9,post_calibration
262,7,18,16,60,0,0,1,0.5046847462654114,0.5046847462654114,0.5046847462654114,0.4953152537345886,18,1,9,post_calibration
262,8,18,17,60,0,1,0,0.5022392868995667,0.5022392868995667,0.49776071310043335,0.5022392868995667,18,1,9,post_calibration
263,0,18,3,60,1,0,0,0.5050877928733826,0.5050877928733826,0.5050877928733826,0.4949122369289398,18,2,9,zero_shot_paired
263,1,18,5,60,1,0,0,0.506750762462616,0.506750762462616,0.506750762462616,0.49324920773506165,18,2,9,zero_shot_paired
263,2,18,8,60,1,0,0,0.5076176524162292,0.5076176524162292,0.5076176524162292,0.49238234758377075,18,2,9,zero_shot_paired
263,3,18,9,60,0,0,1,0.505928635597229,0.505928635597229,0.505928635597229,0.49407142400741577,18,2,9,zero_shot_paired
263,4,18,11,60,1,0,0,0.5043514370918274,0.5043514370918274,0.5043514370918274,0.4956485629081726,18,2,9,zero_shot_paired
263,5,18,12,60,1,1,1,0.5028392672538757,0.5028392672538757,0.49716073274612427,0.5028392672538757,18,2,9,zero_shot_paired
263,6,18,13,60,0,1,0,0.5025343298912048,0.5025343298912048,0.4974656403064728,0.5025343298912048,18,2,9,zero_shot_paired
263,7,18,14,60,1,0,0,0.5076437592506409,0.5076437592506409,0.5076437592506409,0.49235621094703674,18,2,9,zero_shot_paired
263,8,18,15,60,1,1,1,0.5006076693534851,0.5006076693534851,0.4993922710418701,0.5006076693534851,18,2,9,zero_shot_paired
263,0,18,3,60,1,0,0,0.504941463470459,0.504941463470459,0.504941463470459,0.49505847692489624,18,2,9,post_calibration
263,1,18,5,60,1,0,0,0.5065755248069763,0.5065755248069763,0.5065755248069763,0.4934244751930237,18,2,9,post_calibration
263,2,18,8,60,1,0,0,0.5076233148574829,0.5076233148574829,0.5076233148574829,0.4923766851425171,18,2,9,post_calibration
263,3,18,9,60,0,0,1,0.505759596824646,0.505759596824646,0.505759596824646,0.494240403175354,18,2,9,post_calibration
263,4,18,11,60,1,0,0,0.503997266292572,0.503997266292572,0.503997266292572,0.496002733707428,18,2,9,post_calibration
263,5,18,12,60,1,1,1,0.5029786825180054,0.5029786825180054,0.49702131748199463,0.5029786825180054,18,2,9,post_calibration
263,6,18,13,60,0,1,0,0.502647340297699,0.502647340297699,0.49735262989997864,0.502647340297699,18,2,9,post_calibration
263,7,18,14,60,1,0,0,0.507569432258606,0.507569432258606,0.507569432258606,0.49243059754371643,18,2,9,post_calibration
263,8,18,15,60,1,1,1,0.5010018944740295,0.5010018944740295,0.49899810552597046,0.5010018944740295,18,2,9,post_calibration
264,0,18,0,60,1,0,0,0.5036357641220093,0.5036357641220093,0.5036357641220093,0.49636417627334595,18,1,12,zero_shot_paired
264,1,18,2,60,1,0,0,0.5004238486289978,0.5004238486289978,0.5004238486289978,0.4995761215686798,18,1,12,zero_shot_paired
264,2,18,6,60,1,0,0,0.5046693086624146,0.5046693086624146,0.5046693086624146,0.49533066153526306,18,1,12,zero_shot_paired
264,3,18,12,60,1,1,1,0.5028392672538757,0.5028392672538757,0.49716073274612427,0.5028392672538757,18,1,12,zero_shot_paired
264,4,18,16,60,0,0,1,0.5047836899757385,0.5047836899757385,0.5047836899757385,0.4952163100242615,18,1,12,zero_shot_paired
264,5,18,17,60,0,1,0,0.5022624135017395,0.5022624135017395,0.4977376163005829,0.5022624135017395,18,1,12,zero_shot_paired
264,0,18,0,60,1,0,0,0.5033379793167114,0.5033379793167114,0.5033379793167114,0.4966620206832886,18,1,12,post_calibration
264,1,18,2,60,1,0,0,0.5000705122947693,0.5000705122947693,0.5000705122947693,0.4999294877052307,18,1,12,post_calibration
264,2,18,6,60,1,0,0,0.5043593049049377,0.5043593049049377,0.5043593049049377,0.49564072489738464,18,1,12,post_calibration
264,3,18,12,60,1,1,1,0.5031297206878662,0.5031297206878662,0.4968702793121338,0.5031297206878662,18,1,12,post_calibration
264,4,18,16,60,0,0,1,0.5046945214271545,0.5046945214271545,0.5046945214271545,0.49530547857284546,18,1,12,post_calibration
264,5,18,17,60,0,1,0,0.5025075078010559,0.5025075078010559,0.4974924623966217,0.5025075078010559,18,1,12,post_calibration
265,0,18,1,60,1,1,1,0.5061686635017395,0.5061686635017395,0.4938313364982605,0.5061686635017395,18,2,12,zero_shot_paired
265,1,18,2,60,1,0,0,0.5004238486289978,0.5004238486289978,0.5004238486289978,0.4995761215686798,18,2,12,zero_shot_paired
265,2,18,7,60,0,0,1,0.5027775168418884,0.5027775168418884,0.5027775168418884,0.4972224235534668,18,2,12,zero_shot_paired
265,3,18,9,60,0,0,1,0.5059306621551514,0.5059306621551514,0.5059306621551514,0.49406933784484863,18,2,12,zero_shot_paired
265,4,18,10,60,1,0,0,0.505009114742279,0.505009114742279,0.505009114742279,0.49499088525772095,18,2,12,zero_shot_paired
265,5,18,11,60,1,0,0,0.5043535232543945,0.5043535232543945,0.5043535232543945,0.4956464469432831,18,2,12,zero_shot_paired
265,0,18,1,60,1,1,1,0.5062761902809143,0.5062761902809143,0.4937238097190857,0.5062761902809143,18,2,12,post_calibration
265,1,18,2,60,1,0,0,0.5002763867378235,0.5002763867378235,0.5002763867378235,0.4997236430644989,18,2,12,post_calibration
265,2,18,7,60,0,0,1,0.5026325583457947,0.5026325583457947,0.5026325583457947,0.49736741185188293,18,2,12,post_calibration
265,3,18,9,60,0,0,1,0.505695104598999,0.505695104598999,0.505695104598999,0.49430492520332336,18,2,12,post_calibration
265,4,18,10,60,1,0,0,0.5047827363014221,0.5047827363014221,0.5047827363014221,0.4952172636985779,18,2,12,post_calibration
265,5,18,11,60,1,0,0,0.5041700601577759,0.5041700601577759,0.5041700601577759,0.4958299994468689,18,2,12,post_calibration
266,0,18,0,60,1,0,0,0.5036357641220093,0.5036357641220093,0.5036357641220093,0.49636417627334595,18,3,12,zero_shot_paired
266,1,18,10,60,1,0,0,0.505009114742279,0.505009114742279,0.505009114742279,0.49499088525772095,18,3,12,zero_shot_paired
266,2,18,12,60,1,1,1,0.5028392672538757,0.5028392672538757,0.49716073274612427,0.5028392672538757,18,3,12,zero_shot_paired
266,3,18,13,60,0,1,0,0.5025339722633362,0.5025339722633362,0.49746599793434143,0.5025339722633362,18,3,12,zero_shot_paired
266,4,18,14,60,1,0,0,0.507645308971405,0.507645308971405,0.507645308971405,0.49235472083091736,18,3,12,zero_shot_paired
266,5,18,17,60,0,1,0,0.5022624135017395,0.5022624135017395,0.4977376163005829,0.5022624135017395,18,3,12,zero_shot_paired
266,0,18,0,60,1,0,0,0.5036524534225464,0.5036524534225464,0.5036524534225464,0.4963475465774536,18,3,12,post_calibration
266,1,18,10,60,1,0,0,0.5049679279327393,0.5049679279327393,0.5049679279327393,0.49503207206726074,18,3,12,post_calibration
266,2,18,12,60,1,1,1,0.5028046369552612,0.5028046369552612,0.49719536304473877,0.5028046369552612,18,3,12,post_calibration
266,3,18,13,60,0,1,0,0.5025510191917419,0.5025510191917419,0.4974489212036133,0.5025510191917419,18,3,12,post_calibration
266,4,18,14,60,1,0,0,0.5076490640640259,0.5076490640640259,0.5076490640640259,0.4923509359359741,18,3,12,post_calibration
266,5,18,17,60,0,1,0,0.5023655891418457,0.5023655891418457,0.4976344406604767,0.5023655891418457,18,3,12,post_calibration
20,0,19,0,60,1,1,1,0.5010148286819458,0.5010148286819458,0.4989851713180542,0.5010148286819458,19,,,zero_shot_all_trials
20,1,19,1,60,1,1,1,0.5041281580924988,0.5041281580924988,0.4958718419075012,0.5041281580924988,19,,,zero_shot_all_trials
20,2,19,2,60,0,1,0,0.5000455379486084,0.5000455379486084,0.4999544322490692,0.5000455379486084,19,,,zero_shot_all_trials
20,3,19,3,60,0,0,1,0.5031019449234009,0.5031019449234009,0.5031019449234009,0.4968980848789215,19,,,zero_shot_all_trials
20,4,19,4,60,0,1,0,0.5016569495201111,0.5016569495201111,0.4983430802822113,0.5016569495201111,19,,,zero_shot_all_trials
20,5,19,5,60,0,1,0,0.5013447403907776,0.5013447403907776,0.4986552596092224,0.5013447403907776,19,,,zero_shot_all_trials
20,6,19,6,60,1,0,0,0.5044364333152771,0.5044364333152771,0.5044364333152771,0.4955635666847229,19,,,zero_shot_all_trials
20,7,19,7,60,0,0,1,0.5017052292823792,0.5017052292823792,0.5017052292823792,0.49829477071762085,19,,,zero_shot_all_trials
20,8,19,8,60,1,1,1,0.5006597638130188,0.5006597638130188,0.4993402361869812,0.5006597638130188,19,,,zero_shot_all_trials
20,9,19,9,60,0,0,1,0.5010758638381958,0.5010758638381958,0.5010758638381958,0.4989241659641266,19,,,zero_shot_all_trials
20,10,19,10,60,1,1,1,0.5002085566520691,0.5002085566520691,0.4997914433479309,0.5002085566520691,19,,,zero_shot_all_trials
20,11,19,11,60,1,1,1,0.5021453499794006,0.5021453499794006,0.497854620218277,0.5021453499794006,19,,,zero_shot_all_trials
20,12,19,12,60,1,0,0,0.5027852058410645,0.5027852058410645,0.5027852058410645,0.49721476435661316,19,,,zero_shot_all_trials
20,13,19,13,60,1,1,1,0.5006615519523621,0.5006615519523621,0.49933844804763794,0.5006615519523621,19,,,zero_shot_all_trials
20,14,19,14,60,0,0,1,0.5020524263381958,0.5020524263381958,0.5020524263381958,0.4979475736618042,19,,,zero_shot_all_trials
20,15,19,15,60,1,0,0,0.5027971267700195,0.5027971267700195,0.5027971267700195,0.49720290303230286,19,,,zero_shot_all_trials
20,16,19,16,60,1,1,1,0.5012287497520447,0.5012287497520447,0.4987712502479553,0.5012287497520447,19,,,zero_shot_all_trials
20,17,19,17,60,0,0,1,0.5015748143196106,0.5015748143196106,0.5015748143196106,0.4984252154827118,19,,,zero_shot_all_trials
267,0,19,0,60,1,1,1,0.501014769077301,0.501014769077301,0.498985230922699,0.501014769077301,19,1,3,zero_shot_paired
267,1,19,1,60,1,1,1,0.5041280388832092,0.5041280388832092,0.49587199091911316,0.5041280388832092,19,1,3,zero_shot_paired
267,2,19,3,60,0,0,1,0.5031019449234009,0.5031019449234009,0.5031019449234009,0.4968980848789215,19,1,3,zero_shot_paired
267,3,19,4,60,0,1,0,0.5016568303108215,0.5016568303108215,0.4983431398868561,0.5016568303108215,19,1,3,zero_shot_paired
267,4,19,5,60,0,1,0,0.5013446807861328,0.5013446807861328,0.4986553192138672,0.5013446807861328,19,1,3,zero_shot_paired
267,5,19,6,60,1,0,0,0.5044364929199219,0.5044364929199219,0.5044364929199219,0.4955635666847229,19,1,3,zero_shot_paired
267,6,19,8,60,1,1,1,0.5006600022315979,0.5006600022315979,0.4993399977684021,0.5006600022315979,19,1,3,zero_shot_paired
267,7,19,9,60,0,0,1,0.5010757446289062,0.5010757446289062,0.5010757446289062,0.49892425537109375,19,1,3,zero_shot_paired
267,8,19,10,60,1,1,1,0.5002084970474243,0.5002084970474243,0.4997914731502533,0.5002084970474243,19,1,3,zero_shot_paired
267,9,19,11,60,1,1,1,0.5021453499794006,0.5021453499794006,0.49785467982292175,0.5021453499794006,19,1,3,zero_shot_paired
267,10,19,13,60,1,1,1,0.5006611943244934,0.5006611943244934,0.4993388056755066,0.5006611943244934,19,1,3,zero_shot_paired
267,11,19,14,60,0,0,1,0.5020524263381958,0.5020524263381958,0.5020524263381958,0.4979475736618042,19,1,3,zero_shot_paired
267,12,19,15,60,1,0,0,0.5027971267700195,0.5027971267700195,0.5027971267700195,0.49720290303230286,19,1,3,zero_shot_paired
267,13,19,16,60,1,1,1,0.5012289881706238,0.5012289881706238,0.4987710118293762,0.5012289881706238,19,1,3,zero_shot_paired
267,14,19,17,60,0,0,1,0.5015748143196106,0.5015748143196106,0.5015748143196106,0.4984252154827118,19,1,3,zero_shot_paired
267,0,19,0,60,1,1,1,0.5012019872665405,0.5012019872665405,0.4987979531288147,0.5012019872665405,19,1,3,post_calibration
267,1,19,1,60,1,1,1,0.5043022632598877,0.5043022632598877,0.4956977069377899,0.5043022632598877,19,1,3,post_calibration
267,2,19,3,60,0,0,1,0.5030868649482727,0.5030868649482727,0.5030868649482727,0.4969131648540497,19,1,3,post_calibration
267,3,19,4,60,0,1,0,0.5017334818840027,0.5017334818840027,0.4982665181159973,0.5017334818840027,19,1,3,post_calibration
267,4,19,5,60,0,1,0,0.5013239979743958,0.5013239979743958,0.49867600202560425,0.5013239979743958,19,1,3,post_calibration
267,5,19,6,60,1,0,0,0.5044522285461426,0.5044522285461426,0.5044522285461426,0.49554771184921265,19,1,3,post_calibration
267,6,19,8,60,1,1,1,0.5005953907966614,0.5005953907966614,0.49940457940101624,0.5005953907966614,19,1,3,post_calibration
267,7,19,9,60,0,0,1,0.5011044144630432,0.5011044144630432,0.5011044144630432,0.4988955855369568,19,1,3,post_calibration
267,8,19,10,60,1,1,1,0.500414252281189,0.500414252281189,0.49958574771881104,0.500414252281189,19,1,3,post_calibration
267,9,19,11,60,1,1,1,0.5022716522216797,0.5022716522216797,0.4977283477783203,0.5022716522216797,19,1,3,post_calibration
267,10,19,13,60,1,1,1,0.5008448362350464,0.5008448362350464,0.499155193567276,0.5008448362350464,19,1,3,post_calibration
267,11,19,14,60,0,0,1,0.5019617676734924,0.5019617676734924,0.5019617676734924,0.49803826212882996,19,1,3,post_calibration
267,12,19,15,60,1,0,0,0.5027265548706055,0.5027265548706055,0.5027265548706055,0.4972734749317169,19,1,3,post_calibration
267,13,19,16,60,1,1,1,0.5012770891189575,0.5012770891189575,0.4987229108810425,0.5012770891189575,19,1,3,post_calibration
267,14,19,17,60,0,0,1,0.501492977142334,0.501492977142334,0.501492977142334,0.4985070526599884,19,1,3,post_calibration
268,0,19,0,60,1,1,1,0.501014769077301,0.501014769077301,0.498985230922699,0.501014769077301,19,2,3,zero_shot_paired
268,1,19,1,60,1,1,1,0.5041280388832092,0.5041280388832092,0.49587199091911316,0.5041280388832092,19,2,3,zero_shot_paired
268,2,19,2,60,0,1,0,0.5000455975532532,0.5000455975532532,0.49995437264442444,0.5000455975532532,19,2,3,zero_shot_paired
268,3,19,3,60,0,0,1,0.5031019449234009,0.5031019449234009,0.5031019449234009,0.4968980848789215,19,2,3,zero_shot_paired
268,4,19,4,60,0,1,0,0.5016568303108215,0.5016568303108215,0.4983431398868561,0.5016568303108215,19,2,3,zero_shot_paired
268,5,19,5,60,0,1,0,0.5013446807861328,0.5013446807861328,0.4986553192138672,0.5013446807861328,19,2,3,zero_shot_paired
268,6,19,6,60,1,0,0,0.5044364929199219,0.5044364929199219,0.5044364929199219,0.4955635666847229,19,2,3,zero_shot_paired
268,7,19,7,60,0,0,1,0.5017051696777344,0.5017051696777344,0.5017051696777344,0.49829480051994324,19,2,3,zero_shot_paired
268,8,19,8,60,1,1,1,0.5006600022315979,0.5006600022315979,0.4993399977684021,0.5006600022315979,19,2,3,zero_shot_paired
268,9,19,9,60,0,0,1,0.5010757446289062,0.5010757446289062,0.5010757446289062,0.49892425537109375,19,2,3,zero_shot_paired
268,10,19,11,60,1,1,1,0.5021453499794006,0.5021453499794006,0.49785467982292175,0.5021453499794006,19,2,3,zero_shot_paired
268,11,19,12,60,1,0,0,0.5027852654457092,0.5027852654457092,0.5027852654457092,0.49721476435661316,19,2,3,zero_shot_paired
268,12,19,13,60,1,1,1,0.5006611943244934,0.5006611943244934,0.4993388056755066,0.5006611943244934,19,2,3,zero_shot_paired
268,13,19,14,60,0,0,1,0.5020524263381958,0.5020524263381958,0.5020524263381958,0.4979475736618042,19,2,3,zero_shot_paired
268,14,19,15,60,1,0,0,0.5027971267700195,0.5027971267700195,0.5027971267700195,0.49720290303230286,19,2,3,zero_shot_paired
268,0,19,0,60,1,1,1,0.5009740591049194,0.5009740591049194,0.49902594089508057,0.5009740591049194,19,2,3,post_calibration
268,1,19,1,60,1,1,1,0.5041857957839966,0.5041857957839966,0.4958142340183258,0.5041857957839966,19,2,3,post_calibration
268,2,19,2,60,0,1,0,0.500086784362793,0.500086784362793,0.49991315603256226,0.500086784362793,19,2,3,post_calibration
268,3,19,3,60,0,0,1,0.5034059882164001,0.5034059882164001,0.5034059882164001,0.49659407138824463,19,2,3,post_calibration
268,4,19,4,60,0,1,0,0.5014386773109436,0.5014386773109436,0.4985613226890564,0.5014386773109436,19,2,3,post_calibration
268,5,19,5,60,0,1,0,0.5012307167053223,0.5012307167053223,0.4987693130970001,0.5012307167053223,19,2,3,post_calibration
268,6,19,6,60,1,0,0,0.5045764446258545,0.5045764446258545,0.5045764446258545,0.4954235553741455,19,2,3,post_calibration
268,7,19,7,60,0,0,1,0.5017445087432861,0.5017445087432861,0.5017445087432861,0.49825549125671387,19,2,3,post_calibration
268,8,19,8,60,1,1,1,0.5004607439041138,0.5004607439041138,0.4995392858982086,0.5004607439041138,19,2,3,post_calibration
268,9,19,9,60,0,0,1,0.5013006925582886,0.5013006925582886,0.5013006925582886,0.4986993670463562,19,2,3,post_calibration
268,10,19,11,60,1,1,1,0.5020126700401306,0.5020126700401306,0.4979872703552246,0.5020126700401306,19,2,3,post_calibration
268,11,19,12,60,1,0,0,0.5028507709503174,0.5028507709503174,0.5028507709503174,0.497149258852005,19,2,3,post_calibration
268,12,19,13,60,1,1,1,0.5007340312004089,0.5007340312004089,0.49926596879959106,0.5007340312004089,19,2,3,post_calibration
268,13,19,14,60,0,0,1,0.5022245049476624,0.5022245049476624,0.5022245049476624,0.49777549505233765,19,2,3,post_calibration
268,14,19,15,60,1,0,0,0.5030654072761536,0.5030654072761536,0.5030654072761536,0.49693456292152405,19,2,3,post_calibration
269,0,19,2,60,0,1,0,0.5000455975532532,0.5000455975532532,0.49995437264442444,0.5000455975532532,19,3,3,zero_shot_paired
269,1,19,4,60,0,1,0,0.5016568303108215,0.5016568303108215,0.4983431398868561,0.5016568303108215,19,3,3,zero_shot_paired
269,2,19,5,60,0,1,0,0.5013446807861328,0.5013446807861328,0.4986553192138672,0.5013446807861328,19,3,3,zero_shot_paired
269,3,19,6,60,1,0,0,0.5044364929199219,0.5044364929199219,0.5044364929199219,0.4955635666847229,19,3,3,zero_shot_paired
269,4,19,7,60,0,0,1,0.5017051696777344,0.5017051696777344,0.5017051696777344,0.49829480051994324,19,3,3,zero_shot_paired
269,5,19,8,60,1,1,1,0.5006600022315979,0.5006600022315979,0.4993399977684021,0.5006600022315979,19,3,3,zero_shot_paired
269,6,19,9,60,0,0,1,0.5010757446289062,0.5010757446289062,0.5010757446289062,0.49892425537109375,19,3,3,zero_shot_paired
269,7,19,10,60,1,1,1,0.5002084970474243,0.5002084970474243,0.4997914731502533,0.5002084970474243,19,3,3,zero_shot_paired
269,8,19,11,60,1,1,1,0.5021453499794006,0.5021453499794006,0.49785467982292175,0.5021453499794006,19,3,3,zero_shot_paired
269,9,19,12,60,1,0,0,0.5027852654457092,0.5027852654457092,0.5027852654457092,0.49721476435661316,19,3,3,zero_shot_paired
269,10,19,13,60,1,1,1,0.5006611943244934,0.5006611943244934,0.4993388056755066,0.5006611943244934,19,3,3,zero_shot_paired
269,11,19,14,60,0,0,1,0.5020524263381958,0.5020524263381958,0.5020524263381958,0.4979475736618042,19,3,3,zero_shot_paired
269,12,19,15,60,1,0,0,0.5027971267700195,0.5027971267700195,0.5027971267700195,0.49720290303230286,19,3,3,zero_shot_paired
269,13,19,16,60,1,1,1,0.5012289881706238,0.5012289881706238,0.4987710118293762,0.5012289881706238,19,3,3,zero_shot_paired
269,14,19,17,60,0,0,1,0.5015748143196106,0.5015748143196106,0.5015748143196106,0.4984252154827118,19,3,3,zero_shot_paired
269,0,19,2,60,0,1,0,0.5000965595245361,0.5000965595245361,0.49990344047546387,0.5000965595245361,19,3,3,post_calibration
269,1,19,4,60,0,1,0,0.5017215013504028,0.5017215013504028,0.49827852845191956,0.5017215013504028,19,3,3,post_calibration
269,2,19,5,60,0,1,0,0.5014141201972961,0.5014141201972961,0.49858585000038147,0.5014141201972961,19,3,3,post_calibration
269,3,19,6,60,1,0,0,0.5043590664863586,0.5043590664863586,0.5043590664863586,0.49564096331596375,19,3,3,post_calibration
269,4,19,7,60,0,0,1,0.5018198490142822,0.5018198490142822,0.5018198490142822,0.49818018078804016,19,3,3,post_calibration
269,5,19,8,60,1,1,1,0.500633955001831,0.500633955001831,0.49936604499816895,0.500633955001831,19,3,3,post_calibration
269,6,19,9,60,0,0,1,0.5010990500450134,0.5010990500450134,0.5010990500450134,0.4989009499549866,19,3,3,post_calibration
269,7,19,10,60,1,1,1,0.5002909898757935,0.5002909898757935,0.49970901012420654,0.5002909898757935,19,3,3,post_calibration
269,8,19,11,60,1,1,1,0.5020586252212524,0.5020586252212524,0.49794140458106995,0.5020586252212524,19,3,3,post_calibration
269,9,19,12,60,1,0,0,0.5027410387992859,0.5027410387992859,0.5027410387992859,0.4972590208053589,19,3,3,post_calibration
269,10,19,13,60,1,1,1,0.5007454752922058,0.5007454752922058,0.4992545247077942,0.5007454752922058,19,3,3,post_calibration
269,11,19,14,60,0,0,1,0.5020503401756287,0.5020503401756287,0.5020503401756287,0.49794965982437134,19,3,3,post_calibration
269,12,19,15,60,1,0,0,0.502752959728241,0.502752959728241,0.502752959728241,0.49724704027175903,19,3,3,post_calibration
269,13,19,16,60,1,1,1,0.5012839436531067,0.5012839436531067,0.4987160861492157,0.5012839436531067,19,3,3,post_calibration
269,14,19,17,60,0,0,1,0.5015224814414978,0.5015224814414978,0.5015224814414978,0.4984775483608246,19,3,3,post_calibration
270,0,19,0,60,1,1,1,0.501014769077301,0.501014769077301,0.498985230922699,0.501014769077301,19,4,3,zero_shot_paired
270,1,19,1,60,1,1,1,0.5041280388832092,0.5041280388832092,0.49587199091911316,0.5041280388832092,19,4,3,zero_shot_paired
270,2,19,2,60,0,1,0,0.5000455975532532,0.5000455975532532,0.49995437264442444,0.5000455975532532,19,4,3,zero_shot_paired
270,3,19,3,60,0,0,1,0.5031019449234009,0.5031019449234009,0.5031019449234009,0.4968980848789215,19,4,3,zero_shot_paired
270,4,19,5,60,0,1,0,0.5013446807861328,0.5013446807861328,0.4986553192138672,0.5013446807861328,19,4,3,zero_shot_paired
270,5,19,6,60,1,0,0,0.5044364929199219,0.5044364929199219,0.5044364929199219,0.4955635666847229,19,4,3,zero_shot_paired
270,6,19,7,60,0,0,1,0.5017051696777344,0.5017051696777344,0.5017051696777344,0.49829480051994324,19,4,3,zero_shot_paired
270,7,19,9,60,0,0,1,0.5010757446289062,0.5010757446289062,0.5010757446289062,0.49892425537109375,19,4,3,zero_shot_paired
270,8,19,10,60,1,1,1,0.5002084970474243,0.5002084970474243,0.4997914731502533,0.5002084970474243,19,4,3,zero_shot_paired
270,9,19,12,60,1,0,0,0.5027852654457092,0.5027852654457092,0.5027852654457092,0.49721476435661316,19,4,3,zero_shot_paired
270,10,19,13,60,1,1,1,0.5006611943244934,0.5006611943244934,0.4993388056755066,0.5006611943244934,19,4,3,zero_shot_paired
270,11,19,14,60,0,0,1,0.5020524263381958,0.5020524263381958,0.5020524263381958,0.4979475736618042,19,4,3,zero_shot_paired
270,12,19,15,60,1,0,0,0.5027971267700195,0.5027971267700195,0.5027971267700195,0.49720290303230286,19,4,3,zero_shot_paired
270,13,19,16,60,1,1,1,0.5012289881706238,0.5012289881706238,0.4987710118293762,0.5012289881706238,19,4,3,zero_shot_paired
270,14,19,17,60,0,0,1,0.5015748143196106,0.5015748143196106,0.5015748143196106,0.4984252154827118,19,4,3,zero_shot_paired
270,0,19,0,60,1,1,1,0.5010466575622559,0.5010466575622559,0.49895337224006653,0.5010466575622559,19,4,3,post_calibration
270,1,19,1,60,1,1,1,0.5040770173072815,0.5040770173072815,0.4959229826927185,0.5040770173072815,19,4,3,post_calibration
270,2,19,2,60,0,1,0,0.5001370906829834,0.5001370906829834,0.4998629689216614,0.5001370906829834,19,4,3,post_calibration
270,3,19,3,60,0,0,1,0.5029423832893372,0.5029423832893372,0.5029423832893372,0.49705761671066284,19,4,3,post_calibration
270,4,19,5,60,0,1,0,0.5014012455940247,0.5014012455940247,0.49859875440597534,0.5014012455940247,19,4,3,post_calibration
270,5,19,6,60,1,0,0,0.5043463110923767,0.5043463110923767,0.5043463110923767,0.4956536293029785,19,4,3,post_calibration
270,6,19,7,60,0,0,1,0.5012962818145752,0.5012962818145752,0.5012962818145752,0.4987037479877472,19,4,3,post_calibration
270,7,19,9,60,0,0,1,0.5010996460914612,0.5010996460914612,0.5010996460914612,0.4989003539085388,19,4,3,post_calibration
270,8,19,10,60,1,1,1,0.5001654028892517,0.5001654028892517,0.4998345673084259,0.5001654028892517,19,4,3,post_calibration
270,9,19,12,60,1,0,0,0.5028731822967529,0.5028731822967529,0.5028731822967529,0.4971267879009247,19,4,3,post_calibration
270,10,19,13,60,1,1,1,0.5004212856292725,0.5004212856292725,0.49957871437072754,0.5004212856292725,19,4,3,post_calibration
270,11,19,14,60,0,0,1,0.5021803379058838,0.5021803379058838,0.5021803379058838,0.4978196322917938,19,4,3,post_calibration
270,12,19,15,60,1,0,0,0.5027897953987122,0.5027897953987122,0.5027897953987122,0.49721020460128784,19,4,3,post_calibration
270,13,19,16,60,1,1,1,0.5011906623840332,0.5011906623840332,0.498809278011322,0.5011906623840332,19,4,3,post_calibration
270,14,19,17,60,0,0,1,0.5016679167747498,0.5016679167747498,0.5016679167747498,0.49833211302757263,19,4,3,post_calibration
271,0,19,0,60,1,1,1,0.501014769077301,0.501014769077301,0.498985230922699,0.501014769077301,19,5,3,zero_shot_paired
271,1,19,1,60,1,1,1,0.5041280388832092,0.5041280388832092,0.49587199091911316,0.5041280388832092,19,5,3,zero_shot_paired
271,2,19,2,60,0,1,0,0.5000455975532532,0.5000455975532532,0.49995437264442444,0.5000455975532532,19,5,3,zero_shot_paired
271,3,19,3,60,0,0,1,0.5031019449234009,0.5031019449234009,0.5031019449234009,0.4968980848789215,19,5,3,zero_shot_paired
271,4,19,4,60,0,1,0,0.5016568303108215,0.5016568303108215,0.4983431398868561,0.5016568303108215,19,5,3,zero_shot_paired
271,5,19,5,60,0,1,0,0.5013446807861328,0.5013446807861328,0.4986553192138672,0.5013446807861328,19,5,3,zero_shot_paired
271,6,19,6,60,1,0,0,0.5044364929199219,0.5044364929199219,0.5044364929199219,0.4955635666847229,19,5,3,zero_shot_paired
271,7,19,7,60,0,0,1,0.5017051696777344,0.5017051696777344,0.5017051696777344,0.49829480051994324,19,5,3,zero_shot_paired
271,8,19,8,60,1,1,1,0.5006600022315979,0.5006600022315979,0.4993399977684021,0.5006600022315979,19,5,3,zero_shot_paired
271,9,19,10,60,1,1,1,0.5002084970474243,0.5002084970474243,0.4997914731502533,0.5002084970474243,19,5,3,zero_shot_paired
271,10,19,11,60,1,1,1,0.5021453499794006,0.5021453499794006,0.49785467982292175,0.5021453499794006,19,5,3,zero_shot_paired
271,11,19,12,60,1,0,0,0.5027852654457092,0.5027852654457092,0.5027852654457092,0.49721476435661316,19,5,3,zero_shot_paired
271,12,19,13,60,1,1,1,0.5006611943244934,0.5006611943244934,0.4993388056755066,0.5006611943244934,19,5,3,zero_shot_paired
271,13,19,16,60,1,1,1,0.5012289881706238,0.5012289881706238,0.4987710118293762,0.5012289881706238,19,5,3,zero_shot_paired
271,14,19,17,60,0,0,1,0.5015748143196106,0.5015748143196106,0.5015748143196106,0.4984252154827118,19,5,3,zero_shot_paired
271,0,19,0,60,1,1,1,0.5009046196937561,0.5009046196937561,0.4990953207015991,0.5009046196937561,19,5,3,post_calibration
271,1,19,1,60,1,1,1,0.5042703747749329,0.5042703747749329,0.49572962522506714,0.5042703747749329,19,5,3,post_calibration
271,2,19,2,60,0,1,0,0.500027060508728,0.500027060508728,0.4999729096889496,0.500027060508728,19,5,3,post_calibration
271,3,19,3,60,0,0,1,0.5032979846000671,0.5032979846000671,0.5032979846000671,0.49670207500457764,19,5,3,post_calibration
271,4,19,4,60,0,1,0,0.5013250708580017,0.5013250708580017,0.4986748993396759,0.5013250708580017,19,5,3,post_calibration
271,5,19,5,60,0,1,0,0.5010924339294434,0.5010924339294434,0.49890756607055664,0.5010924339294434,19,5,3,post_calibration
271,6,19,6,60,1,0,0,0.5046852827072144,0.5046852827072144,0.5046852827072144,0.49531471729278564,19,5,3,post_calibration
271,7,19,7,60,0,0,1,0.5017576813697815,0.5017576813697815,0.5017576813697815,0.4982422888278961,19,5,3,post_calibration
271,8,19,8,60,1,1,1,0.5003039240837097,0.5003039240837097,0.4996960759162903,0.5003039240837097,19,5,3,post_calibration
271,9,19,10,60,1,1,1,0.500074565410614,0.500074565410614,0.4999254047870636,0.500074565410614,19,5,3,post_calibration
271,10,19,11,60,1,1,1,0.5018244385719299,0.5018244385719299,0.49817556142807007,0.5018244385719299,19,5,3,post_calibration
271,11,19,12,60,1,0,0,0.5027130246162415,0.5027130246162415,0.5027130246162415,0.49728697538375854,19,5,3,post_calibration
271,12,19,13,60,1,1,1,0.5004364252090454,0.5004364252090454,0.4995635151863098,0.5004364252090454,19,5,3,post_calibration
271,13,19,16,60,1,1,1,0.5010291337966919,0.5010291337966919,0.4989708662033081,0.5010291337966919,19,5,3,post_calibration
271,14,19,17,60,0,0,1,0.5016108155250549,0.5016108155250549,0.5016108155250549,0.49838918447494507,19,5,3,post_calibration
272,0,19,0,60,1,1,1,0.501014769077301,0.501014769077301,0.498985230922699,0.501014769077301,19,6,3,zero_shot_paired
272,1,19,1,60,1,1,1,0.5041280388832092,0.5041280388832092,0.49587199091911316,0.5041280388832092,19,6,3,zero_shot_paired
272,2,19,2,60,0,1,0,0.5000455975532532,0.5000455975532532,0.49995437264442444,0.5000455975532532,19,6,3,zero_shot_paired
272,3,19,3,60,0,0,1,0.5031019449234009,0.5031019449234009,0.5031019449234009,0.4968980848789215,19,6,3,zero_shot_paired
272,4,19,4,60,0,1,0,0.5016568303108215,0.5016568303108215,0.4983431398868561,0.5016568303108215,19,6,3,zero_shot_paired
272,5,19,7,60,0,0,1,0.5017051696777344,0.5017051696777344,0.5017051696777344,0.49829480051994324,19,6,3,zero_shot_paired
272,6,19,8,60,1,1,1,0.5006600022315979,0.5006600022315979,0.4993399977684021,0.5006600022315979,19,6,3,zero_shot_paired
272,7,19,9,60,0,0,1,0.5010757446289062,0.5010757446289062,0.5010757446289062,0.49892425537109375,19,6,3,zero_shot_paired
272,8,19,10,60,1,1,1,0.5002084970474243,0.5002084970474243,0.4997914731502533,0.5002084970474243,19,6,3,zero_shot_paired
272,9,19,11,60,1,1,1,0.5021453499794006,0.5021453499794006,0.49785467982292175,0.5021453499794006,19,6,3,zero_shot_paired
272,10,19,12,60,1,0,0,0.5027852654457092,0.5027852654457092,0.5027852654457092,0.49721476435661316,19,6,3,zero_shot_paired
272,11,19,14,60,0,0,1,0.5020524263381958,0.5020524263381958,0.5020524263381958,0.4979475736618042,19,6,3,zero_shot_paired
272,12,19,15,60,1,0,0,0.5027971267700195,0.5027971267700195,0.5027971267700195,0.49720290303230286,19,6,3,zero_shot_paired
272,13,19,16,60,1,1,1,0.5012289881706238,0.5012289881706238,0.4987710118293762,0.5012289881706238,19,6,3,zero_shot_paired
272,14,19,17,60,0,0,1,0.5015748143196106,0.5015748143196106,0.5015748143196106,0.4984252154827118,19,6,3,zero_shot_paired
272,0,19,0,60,1,1,1,0.5011593699455261,0.5011593699455261,0.4988406002521515,0.5011593699455261,19,6,3,post_calibration
272,1,19,1,60,1,1,1,0.5042128562927246,0.5042128562927246,0.4957871735095978,0.5042128562927246,19,6,3,post_calibration
272,2,19,2,60,0,0,1,0.5000032782554626,0.5000032782554626,0.5000032782554626,0.49999675154685974,19,6,3,post_calibration
272,3,19,3,60,0,0,1,0.5030443668365479,0.5030443668365479,0.5030443668365479,0.49695563316345215,19,6,3,post_calibration
272,4,19,4,60,0,1,0,0.5017014145851135,0.5017014145851135,0.49829861521720886,0.5017014145851135,19,6,3,post_calibration
272,5,19,7,60,0,0,1,0.501748263835907,0.501748263835907,0.501748263835907,0.49825170636177063,19,6,3,post_calibration
272,6,19,8,60,1,1,1,0.5006479024887085,0.5006479024887085,0.4993521273136139,0.5006479024887085,19,6,3,post_calibration
272,7,19,9,60,0,0,1,0.5010474920272827,0.5010474920272827,0.5010474920272827,0.4989525079727173,19,6,3,post_calibration
272,8,19,10,60,1,1,1,0.5003783702850342,0.5003783702850342,0.4996216297149658,0.5003783702850342,19,6,3,post_calibration
272,9,19,11,60,1,1,1,0.5023024678230286,0.5023024678230286,0.4976975619792938,0.5023024678230286,19,6,3,post_calibration
272,10,19,12,60,1,0,0,0.5026978254318237,0.5026978254318237,0.5026978254318237,0.4973021447658539,19,6,3,post_calibration
272,11,19,14,60,0,0,1,0.5019925236701965,0.5019925236701965,0.5019925236701965,0.49800747632980347,19,6,3,post_calibration
272,12,19,15,60,1,0,0,0.5027381777763367,0.5027381777763367,0.5027381777763367,0.49726182222366333,19,6,3,post_calibration
272,13,19,16,60,1,1,1,0.501308262348175,0.501308262348175,0.49869173765182495,0.501308262348175,19,6,3,post_calibration
272,14,19,17,60,0,0,1,0.5014548897743225,0.5014548897743225,0.5014548897743225,0.4985450804233551,19,6,3,post_calibration
273,0,19,0,60,1,1,1,0.501014769077301,0.501014769077301,0.498985230922699,0.501014769077301,19,1,6,zero_shot_paired
273,1,19,2,60,0,1,0,0.5000455975532532,0.5000455975532532,0.49995437264442444,0.5000455975532532,19,1,6,zero_shot_paired
273,2,19,3,60,0,0,1,0.5031019449234009,0.5031019449234009,0.5031019449234009,0.4968980848789215,19,1,6,zero_shot_paired
273,3,19,4,60,0,1,0,0.5016568303108215,0.5016568303108215,0.4983431398868561,0.5016568303108215,19,1,6,zero_shot_paired
273,4,19,5,60,0,1,0,0.5013446807861328,0.5013446807861328,0.4986553192138672,0.5013446807861328,19,1,6,zero_shot_paired
273,5,19,6,60,1,0,0,0.5044364929199219,0.5044364929199219,0.5044364929199219,0.4955635666847229,19,1,6,zero_shot_paired
273,6,19,8,60,1,1,1,0.5006600022315979,0.5006600022315979,0.4993399977684021,0.5006600022315979,19,1,6,zero_shot_paired
273,7,19,9,60,0,0,1,0.5010757446289062,0.5010757446289062,0.5010757446289062,0.49892425537109375,19,1,6,zero_shot_paired
273,8,19,12,60,1,0,0,0.5027852654457092,0.5027852654457092,0.5027852654457092,0.49721476435661316,19,1,6,zero_shot_paired
273,9,19,14,60,0,0,1,0.5020524263381958,0.5020524263381958,0.5020524263381958,0.4979475736618042,19,1,6,zero_shot_paired
273,10,19,15,60,1,0,0,0.5027971267700195,0.5027971267700195,0.5027971267700195,0.49720290303230286,19,1,6,zero_shot_paired
273,11,19,16,60,1,1,1,0.5012289881706238,0.5012289881706238,0.4987710118293762,0.5012289881706238,19,1,6,zero_shot_paired
273,0,19,0,60,1,1,1,0.5009856224060059,0.5009856224060059,0.4990144371986389,0.5009856224060059,19,1,6,post_calibration
273,1,19,2,60,0,1,0,0.5000412464141846,0.5000412464141846,0.49995872378349304,0.5000412464141846,19,1,6,post_calibration
273,2,19,3,60,0,0,1,0.5030827522277832,0.5030827522277832,0.5030827522277832,0.4969172179698944,19,1,6,post_calibration
273,3,19,4,60,0,1,0,0.5016774535179138,0.5016774535179138,0.49832257628440857,0.5016774535179138,19,1,6,post_calibration
273,4,19,5,60,0,1,0,0.5013242959976196,0.5013242959976196,0.49867573380470276,0.5013242959976196,19,1,6,post_calibration
273,5,19,6,60,1,0,0,0.5044690370559692,0.5044690370559692,0.5044690370559692,0.4955309331417084,19,1,6,post_calibration
273,6,19,8,60,1,1,1,0.5006914138793945,0.5006914138793945,0.4993085563182831,0.5006914138793945,19,1,6,post_calibration
273,7,19,9,60,0,0,1,0.500935971736908,0.500935971736908,0.500935971736908,0.49906399846076965,19,1,6,post_calibration
273,8,19,12,60,1,0,0,0.5027613639831543,0.5027613639831543,0.5027613639831543,0.4972386062145233,19,1,6,post_calibration
273,9,19,14,60,0,0,1,0.5019903779029846,0.5019903779029846,0.5019903779029846,0.4980095624923706,19,1,6,post_calibration
273,10,19,15,60,1,0,0,0.5026761293411255,0.5026761293411255,0.5026761293411255,0.4973239004611969,19,1,6,post_calibration
273,11,19,16,60,1,1,1,0.5013874769210815,0.5013874769210815,0.49861249327659607,0.5013874769210815,19,1,6,post_calibration
274,0,19,1,60,1,1,1,0.5041280388832092,0.5041280388832092,0.49587199091911316,0.5041280388832092,19,2,6,zero_shot_paired
274,1,19,5,60,0,1,0,0.5013446807861328,0.5013446807861328,0.4986553192138672,0.5013446807861328,19,2,6,zero_shot_paired
274,2,19,6,60,1,0,0,0.5044364929199219,0.5044364929199219,0.5044364929199219,0.4955635666847229,19,2,6,zero_shot_paired
274,3,19,7,60,0,0,1,0.5017051696777344,0.5017051696777344,0.5017051696777344,0.49829480051994324,19,2,6,zero_shot_paired
274,4,19,9,60,0,0,1,0.5010757446289062,0.5010757446289062,0.5010757446289062,0.49892425537109375,19,2,6,zero_shot_paired
274,5,19,10,60,1,1,1,0.5002084970474243,0.5002084970474243,0.4997914731502533,0.5002084970474243,19,2,6,zero_shot_paired
274,6,19,11,60,1,1,1,0.5021453499794006,0.5021453499794006,0.49785467982292175,0.5021453499794006,19,2,6,zero_shot_paired
274,7,19,12,60,1,0,0,0.5027852654457092,0.5027852654457092,0.5027852654457092,0.49721476435661316,19,2,6,zero_shot_paired
274,8,19,13,60,1,1,1,0.5006611943244934,0.5006611943244934,0.4993388056755066,0.5006611943244934,19,2,6,zero_shot_paired
274,9,19,14,60,0,0,1,0.5020524263381958,0.5020524263381958,0.5020524263381958,0.4979475736618042,19,2,6,zero_shot_paired
274,10,19,16,60,1,1,1,0.5012289881706238,0.5012289881706238,0.4987710118293762,0.5012289881706238,19,2,6,zero_shot_paired
274,11,19,17,60,0,0,1,0.5015748143196106,0.5015748143196106,0.5015748143196106,0.4984252154827118,19,2,6,zero_shot_paired
274,0,19,1,60,1,1,1,0.5041642189025879,0.5041642189025879,0.4958357810974121,0.5041642189025879,19,2,6,post_calibration
274,1,19,5,60,0,1,0,0.5013891458511353,0.5013891458511353,0.49861085414886475,0.5013891458511353,19,2,6,post_calibration
274,2,19,6,60,1,0,0,0.5043286085128784,0.5043286085128784,0.5043286085128784,0.4956713914871216,19,2,6,post_calibration
274,3,19,7,60,0,0,1,0.501610517501831,0.501610517501831,0.501610517501831,0.4983895421028137,19,2,6,post_calibration
274,4,19,9,60,0,0,1,0.5010024905204773,0.5010024905204773,0.5010024905204773,0.4989975094795227,19,2,6,post_calibration
274,5,19,10,60,1,1,1,0.5004375576972961,0.5004375576972961,0.49956244230270386,0.5004375576972961,19,2,6,post_calibration
274,6,19,11,60,1,1,1,0.5022960901260376,0.5022960901260376,0.49770388007164,0.5022960901260376,19,2,6,post_calibration
274,7,19,12,60,1,0,0,0.5028524994850159,0.5028524994850159,0.5028524994850159,0.49714747071266174,19,2,6,post_calibration
274,8,19,13,60,1,1,1,0.5007701516151428,0.5007701516151428,0.49922987818717957,0.5007701516151428,19,2,6,post_calibration
274,9,19,14,60,0,0,1,0.5019221901893616,0.5019221901893616,0.5019221901893616,0.4980778098106384,19,2,6,post_calibration
274,10,19,16,60,1,1,1,0.5014697909355164,0.5014697909355164,0.49853014945983887,0.5014697909355164,19,2,6,post_calibration
274,11,19,17,60,0,0,1,0.5014061331748962,0.5014061331748962,0.5014061331748962,0.49859386682510376,19,2,6,post_calibration
275,0,19,0,60,1,1,1,0.501014769077301,0.501014769077301,0.498985230922699,0.501014769077301,19,3,6,zero_shot_paired
275,1,19,1,60,1,1,1,0.5041280388832092,0.5041280388832092,0.49587199091911316,0.5041280388832092,19,3,6,zero_shot_paired
275,2,19,2,60,0,1,0,0.5000455975532532,0.5000455975532532,0.49995437264442444,0.5000455975532532,19,3,6,zero_shot_paired
275,3,19,3,60,0,0,1,0.5031019449234009,0.5031019449234009,0.5031019449234009,0.4968980848789215,19,3,6,zero_shot_paired
275,4,19,4,60,0,1,0,0.5016568303108215,0.5016568303108215,0.4983431398868561,0.5016568303108215,19,3,6,zero_shot_paired
275,5,19,7,60,0,0,1,0.5017051696777344,0.5017051696777344,0.5017051696777344,0.49829480051994324,19,3,6,zero_shot_paired
275,6,19,8,60,1,1,1,0.5006600022315979,0.5006600022315979,0.4993399977684021,0.5006600022315979,19,3,6,zero_shot_paired
275,7,19,10,60,1,1,1,0.5002084970474243,0.5002084970474243,0.4997914731502533,0.5002084970474243,19,3,6,zero_shot_paired
275,8,19,11,60,1,1,1,0.5021453499794006,0.5021453499794006,0.49785467982292175,0.5021453499794006,19,3,6,zero_shot_paired
275,9,19,13,60,1,1,1,0.5006611943244934,0.5006611943244934,0.4993388056755066,0.5006611943244934,19,3,6,zero_shot_paired
275,10,19,15,60,1,0,0,0.5027971267700195,0.5027971267700195,0.5027971267700195,0.49720290303230286,19,3,6,zero_shot_paired
275,11,19,17,60,0,0,1,0.5015748143196106,0.5015748143196106,0.5015748143196106,0.4984252154827118,19,3,6,zero_shot_paired
275,0,19,0,60,1,1,1,0.5009868741035461,0.5009868741035461,0.49901312589645386,0.5009868741035461,19,3,6,post_calibration
275,1,19,1,60,1,1,1,0.5041943192481995,0.5041943192481995,0.49580568075180054,0.5041943192481995,19,3,6,post_calibration
275,2,19,2,60,0,1,0,0.5001040101051331,0.5001040101051331,0.49989596009254456,0.5001040101051331,19,3,6,post_calibration
275,3,19,3,60,0,0,1,0.5031018853187561,0.5031018853187561,0.5031018853187561,0.4968980848789215,19,3,6,post_calibration
275,4,19,4,60,0,1,0,0.5015314221382141,0.5015314221382141,0.4984685480594635,0.5015314221382141,19,3,6,post_calibration
275,5,19,7,60,0,0,1,0.5017589926719666,0.5017589926719666,0.5017589926719666,0.49824097752571106,19,3,6,post_calibration
275,6,19,8,60,1,1,1,0.5004703998565674,0.5004703998565674,0.4995296001434326,0.5004703998565674,19,3,6,post_calibration
275,7,19,10,60,1,1,1,0.5003694295883179,0.5003694295883179,0.49963057041168213,0.5003694295883179,19,3,6,post_calibration
275,8,19,11,60,1,1,1,0.5022673010826111,0.5022673010826111,0.4977326989173889,0.5022673010826111,19,3,6,post_calibration
275,9,19,13,60,1,1,1,0.5008265972137451,0.5008265972137451,0.4991734027862549,0.5008265972137451,19,3,6,post_calibration
275,10,19,15,60,1,0,0,0.502682626247406,0.502682626247406,0.502682626247406,0.4973174035549164,19,3,6,post_calibration
275,11,19,17,60,0,0,1,0.5013852119445801,0.5013852119445801,0.5013852119445801,0.4986148178577423,19,3,6,post_calibration
276,0,19,1,60,1,1,1,0.504128098487854,0.504128098487854,0.4958718717098236,0.504128098487854,19,1,9,zero_shot_paired
276,1,19,2,60,0,1,0,0.500045657157898,0.500045657157898,0.49995431303977966,0.500045657157898,19,1,9,zero_shot_paired
276,2,19,4,60,0,1,0,0.5016568303108215,0.5016568303108215,0.49834316968917847,0.5016568303108215,19,1,9,zero_shot_paired
276,3,19,6,60,1,0,0,0.5044364929199219,0.5044364929199219,0.5044364929199219,0.4955635666847229,19,1,9,zero_shot_paired
276,4,19,8,60,1,1,1,0.5006598234176636,0.5006598234176636,0.4993401765823364,0.5006598234176636,19,1,9,zero_shot_paired
276,5,19,9,60,0,0,1,0.5010758638381958,0.5010758638381958,0.5010758638381958,0.4989241659641266,19,1,9,zero_shot_paired
276,6,19,12,60,1,0,0,0.5027851462364197,0.5027851462364197,0.5027851462364197,0.4972148537635803,19,1,9,zero_shot_paired
276,7,19,16,60,1,1,1,0.5012286901473999,0.5012286901473999,0.4987713694572449,0.5012286901473999,19,1,9,zero_shot_paired
276,8,19,17,60,0,0,1,0.5015747547149658,0.5015747547149658,0.5015747547149658,0.4984252154827118,19,1,9,zero_shot_paired
276,0,19,1,60,1,1,1,0.5040908455848694,0.5040908455848694,0.495909184217453,0.5040908455848694,19,1,9,post_calibration
276,1,19,2,60,0,1,0,0.5000320672988892,0.5000320672988892,0.49996790289878845,0.5000320672988892,19,1,9,post_calibration
276,2,19,4,60,0,1,0,0.5015963912010193,0.5015963912010193,0.4984036087989807,0.5015963912010193,19,1,9,post_calibration
276,3,19,6,60,1,0,0,0.5045486092567444,0.5045486092567444,0.5045486092567444,0.495451420545578,19,1,9,post_calibration
276,4,19,8,60,1,1,1,0.5003604888916016,0.5003604888916016,0.49963945150375366,0.5003604888916016,19,1,9,post_calibration
276,5,19,9,60,0,0,1,0.5012055039405823,0.5012055039405823,0.5012055039405823,0.4987944960594177,19,1,9,post_calibration
276,6,19,12,60,1,0,0,0.5025542378425598,0.5025542378425598,0.5025542378425598,0.4974457919597626,19,1,9,post_calibration
276,7,19,16,60,1,1,1,0.5014107823371887,0.5014107823371887,0.49858927726745605,0.5014107823371887,19,1,9,post_calibration
276,8,19,17,60,0,0,1,0.5014178156852722,0.5014178156852722,0.5014178156852722,0.4985821843147278,19,1,9,post_calibration
277,0,19,0,60,1,1,1,0.501014769077301,0.501014769077301,0.498985230922699,0.501014769077301,19,2,9,zero_shot_paired
277,1,19,3,60,0,0,1,0.5031019449234009,0.5031019449234009,0.5031019449234009,0.49689802527427673,19,2,9,zero_shot_paired
277,2,19,5,60,0,1,0,0.501344621181488,0.501344621181488,0.49865537881851196,0.501344621181488,19,2,9,zero_shot_paired
277,3,19,7,60,0,0,1,0.5017051696777344,0.5017051696777344,0.5017051696777344,0.498294860124588,19,2,9,zero_shot_paired
277,4,19,10,60,1,1,1,0.5002084970474243,0.5002084970474243,0.4997915029525757,0.5002084970474243,19,2,9,zero_shot_paired
277,5,19,11,60,1,1,1,0.5021453499794006,0.5021453499794006,0.497854620218277,0.5021453499794006,19,2,9,zero_shot_paired
277,6,19,13,60,1,1,1,0.5006614327430725,0.5006614327430725,0.4993385672569275,0.5006614327430725,19,2,9,zero_shot_paired
277,7,19,14,60,0,0,1,0.5020524263381958,0.5020524263381958,0.5020524263381958,0.4979475438594818,19,2,9,zero_shot_paired
277,8,19,15,60,1,0,0,0.5027970671653748,0.5027970671653748,0.5027970671653748,0.49720293283462524,19,2,9,zero_shot_paired
277,0,19,0,60,1,1,1,0.5012017488479614,0.5012017488479614,0.4987981915473938,0.5012017488479614,19,2,9,post_calibration
277,1,19,3,60,0,0,1,0.503020703792572,0.503020703792572,0.503020703792572,0.4969792366027832,19,2,9,post_calibration
277,2,19,5,60,0,1,0,0.5015905499458313,0.5015905499458313,0.4984094500541687,0.5015905499458313,19,2,9,post_calibration
277,3,19,7,60,0,0,1,0.5014932155609131,0.5014932155609131,0.5014932155609131,0.4985067844390869,19,2,9,post_calibration
277,4,19,10,60,1,1,1,0.5003674030303955,0.5003674030303955,0.4996326267719269,0.5003674030303955,19,2,9,post_calibration
277,5,19,11,60,1,1,1,0.5023501515388489,0.5023501515388489,0.4976498484611511,0.5023501515388489,19,2,9,post_calibration
277,6,19,13,60,1,1,1,0.5008734464645386,0.5008734464645386,0.4991265535354614,0.5008734464645386,19,2,9,post_calibration
277,7,19,14,60,0,0,1,0.5020781755447388,0.5020781755447388,0.5020781755447388,0.49792179465293884,19,2,9,post_calibration
277,8,19,15,60,1,0,0,0.5029069185256958,0.5029069185256958,0.5029069185256958,0.4970930516719818,19,2,9,post_calibration
278,0,19,3,60,0,0,1,0.5031017661094666,0.5031017661094666,0.5031017661094666,0.49689823389053345,19,1,12,zero_shot_paired
278,1,19,4,60,0,1,0,0.5016556978225708,0.5016556978225708,0.4983443021774292,0.5016556978225708,19,1,12,zero_shot_paired
278,2,19,6,60,1,0,0,0.504436194896698,0.504436194896698,0.504436194896698,0.495563805103302,19,1,12,zero_shot_paired
278,3,19,11,60,1,1,1,0.5021482110023499,0.5021482110023499,0.49785178899765015,0.5021482110023499,19,1,12,zero_shot_paired
278,4,19,15,60,1,0,0,0.5027990341186523,0.5027990341186523,0.5027990341186523,0.49720093607902527,19,1,12,zero_shot_paired
278,5,19,17,60,0,0,1,0.5015726685523987,0.5015726685523987,0.5015726685523987,0.4984273910522461,19,1,12,zero_shot_paired
278,0,19,3,60,0,0,1,0.5034757256507874,0.5034757256507874,0.5034757256507874,0.4965243339538574,19,1,12,post_calibration
278,1,19,4,60,0,1,0,0.5012854933738708,0.5012854933738708,0.4987144470214844,0.5012854933738708,19,1,12,post_calibration
278,2,19,6,60,1,0,0,0.5046964883804321,0.5046964883804321,0.5046964883804321,0.4953034818172455,19,1,12,post_calibration
278,3,19,11,60,1,1,1,0.5019699335098267,0.5019699335098267,0.4980300962924957,0.5019699335098267,19,1,12,post_calibration
278,4,19,15,60,1,0,0,0.5030925273895264,0.5030925273895264,0.5030925273895264,0.49690744280815125,19,1,12,post_calibration
278,5,19,17,60,0,0,1,0.5015323162078857,0.5015323162078857,0.5015323162078857,0.49846768379211426,19,1,12,post_calibration
279,0,19,4,60,0,1,0,0.5016556978225708,0.5016556978225708,0.4983443021774292,0.5016556978225708,19,2,12,zero_shot_paired
279,1,19,6,60,1,0,0,0.504436194896698,0.504436194896698,0.504436194896698,0.495563805103302,19,2,12,zero_shot_paired
279,2,19,9,60,0,0,1,0.5010741949081421,0.5010741949081421,0.5010741949081421,0.4989258050918579,19,2,12,zero_shot_paired
279,3,19,10,60,1,1,1,0.5002081394195557,0.5002081394195557,0.49979180097579956,0.5002081394195557,19,2,12,zero_shot_paired
279,4,19,13,60,1,1,1,0.5006599426269531,0.5006599426269531,0.49934008717536926,0.5006599426269531,19,2,12,zero_shot_paired
279,5,19,17,60,0,0,1,0.5015726685523987,0.5015726685523987,0.5015726685523987,0.4984273910522461,19,2,12,zero_shot_paired
279,0,19,4,60,0,1,0,0.5019163489341736,0.5019163489341736,0.4980836510658264,0.5019163489341736,19,2,12,post_calibration
279,1,19,6,60,1,0,0,0.5042751431465149,0.5042751431465149,0.5042751431465149,0.4957248866558075,19,2,12,post_calibration
279,2,19,9,60,0,0,1,0.5006808042526245,0.5006808042526245,0.5006808042526245,0.4993191957473755,19,2,12,post_calibration
279,3,19,10,60,1,1,1,0.5006299614906311,0.5006299614906311,0.4993699789047241,0.5006299614906311,19,2,12,post_calibration
279,4,19,13,60,1,1,1,0.5012275576591492,0.5012275576591492,0.49877244234085083,0.5012275576591492,19,2,12,post_calibration
279,5,19,17,60,0,0,1,0.5011121034622192,0.5011121034622192,0.5011121034622192,0.49888789653778076,19,2,12,post_calibration
280,0,19,0,60,1,1,1,0.5010159611701965,0.5010159611701965,0.49898403882980347,0.5010159611701965,19,3,12,zero_shot_paired
280,1,19,5,60,0,1,0,0.5013420581817627,0.5013420581817627,0.49865788221359253,0.5013420581817627,19,3,12,zero_shot_paired
280,2,19,6,60,1,0,0,0.504436194896698,0.504436194896698,0.504436194896698,0.495563805103302,19,3,12,zero_shot_paired
280,3,19,7,60,0,0,1,0.5017076134681702,0.5017076134681702,0.5017076134681702,0.4982924461364746,19,3,12,zero_shot_paired
280,4,19,8,60,1,1,1,0.5006568431854248,0.5006568431854248,0.4993430972099304,0.5006568431854248,19,3,12,zero_shot_paired
280,5,19,17,60,0,0,1,0.5015726685523987,0.5015726685523987,0.5015726685523987,0.4984273910522461,19,3,12,zero_shot_paired
280,0,19,0,60,1,1,1,0.5012245178222656,0.5012245178222656,0.498775452375412,0.5012245178222656,19,3,12,post_calibration
280,1,19,5,60,0,1,0,0.5013692378997803,0.5013692378997803,0.4986307621002197,0.5013692378997803,19,3,12,post_calibration
280,2,19,6,60,1,0,0,0.5043955445289612,0.5043955445289612,0.5043955445289612,0.4956044554710388,19,3,12,post_calibration
280,3,19,7,60,0,0,1,0.5017098784446716,0.5017098784446716,0.5017098784446716,0.49829015135765076,19,3,12,post_calibration
280,4,19,8,60,1,1,1,0.5006839036941528,0.5006839036941528,0.49931609630584717,0.5006839036941528,19,3,12,post_calibration
280,5,19,17,60,0,0,1,0.5012140870094299,0.5012140870094299,0.5012140870094299,0.49878591299057007,19,3,12,post_calibration
21,0,20,0,60,1,0,0,0.5025038719177246,0.5025038719177246,0.5025038719177246,0.4974960684776306,20,,,zero_shot_all_trials
21,1,20,1,60,0,1,0,0.5018247365951538,0.5018247365951538,0.4981752038002014,0.5018247365951538,20,,,zero_shot_all_trials
21,2,20,2,60,1,0,0,0.5019004940986633,0.5019004940986633,0.5019004940986633,0.49809953570365906,20,,,zero_shot_all_trials
21,3,20,3,60,0,0,1,0.5064321756362915,0.5064321756362915,0.5064321756362915,0.4935678243637085,20,,,zero_shot_all_trials
21,4,20,4,60,1,1,1,0.5013179779052734,0.5013179779052734,0.49868205189704895,0.5013179779052734,20,,,zero_shot_all_trials
21,5,20,5,60,1,0,0,0.5023056268692017,0.5023056268692017,0.5023056268692017,0.49769437313079834,20,,,zero_shot_all_trials
21,6,20,6,60,1,0,0,0.5063045620918274,0.5063045620918274,0.5063045620918274,0.493695467710495,20,,,zero_shot_all_trials
21,7,20,7,60,0,1,0,0.5004924535751343,0.5004924535751343,0.4995075762271881,0.5004924535751343,20,,,zero_shot_all_trials
21,8,20,8,60,0,0,1,0.5009416937828064,0.5009416937828064,0.5009416937828064,0.4990583062171936,20,,,zero_shot_all_trials
21,9,20,9,60,0,0,1,0.5077470541000366,0.5077470541000366,0.5077470541000366,0.49225297570228577,20,,,zero_shot_all_trials
21,10,20,10,60,1,0,0,0.5082209706306458,0.5082209706306458,0.5082209706306458,0.49177899956703186,20,,,zero_shot_all_trials
21,11,20,11,60,1,0,0,0.5057917833328247,0.5057917833328247,0.5057917833328247,0.4942082464694977,20,,,zero_shot_all_trials
21,12,20,12,60,1,0,0,0.5039958953857422,0.5039958953857422,0.5039958953857422,0.4960041046142578,20,,,zero_shot_all_trials
21,13,20,13,60,0,0,1,0.5102015137672424,0.5102015137672424,0.5102015137672424,0.4897984564304352,20,,,zero_shot_all_trials
21,14,20,14,60,0,0,1,0.5015105605125427,0.5015105605125427,0.5015105605125427,0.4984893798828125,20,,,zero_shot_all_trials
21,15,20,15,60,1,0,0,0.5059583783149719,0.5059583783149719,0.5059583783149719,0.49404165148735046,20,,,zero_shot_all_trials
21,16,20,16,60,0,1,0,0.5030676126480103,0.5030676126480103,0.49693235754966736,0.5030676126480103,20,,,zero_shot_all_trials
21,17,20,17,60,1,0,0,0.5047961473464966,0.5047961473464966,0.5047961473464966,0.4952038824558258,20,,,zero_shot_all_trials
281,0,20,0,60,1,0,0,0.5025042295455933,0.5025042295455933,0.5025042295455933,0.49749577045440674,20,1,3,zero_shot_paired
281,1,20,2,60,1,0,0,0.5019005537033081,0.5019005537033081,0.5019005537033081,0.49809950590133667,20,1,3,zero_shot_paired
281,2,20,3,60,0,0,1,0.5064321160316467,0.5064321160316467,0.5064321160316467,0.49356788396835327,20,1,3,zero_shot_paired
281,3,20,5,60,1,0,0,0.5023056864738464,0.5023056864738464,0.5023056864738464,0.49769431352615356,20,1,3,zero_shot_paired
281,4,20,6,60,1,0,0,0.5063046216964722,0.5063046216964722,0.5063046216964722,0.4936954081058502,20,1,3,zero_shot_paired
281,5,20,7,60,0,1,0,0.500492513179779,0.500492513179779,0.49950745701789856,0.500492513179779,20,1,3,zero_shot_paired
281,6,20,8,60,0,0,1,0.5009417533874512,0.5009417533874512,0.5009417533874512,0.4990583062171936,20,1,3,zero_shot_paired
281,7,20,9,60,0,0,1,0.5077470541000366,0.5077470541000366,0.5077470541000366,0.49225297570228577,20,1,3,zero_shot_paired
281,8,20,10,60,1,0,0,0.5082207918167114,0.5082207918167114,0.5082207918167114,0.49177923798561096,20,1,3,zero_shot_paired
281,9,20,11,60,1,0,0,0.5057918429374695,0.5057918429374695,0.5057918429374695,0.4942081570625305,20,1,3,zero_shot_paired
281,10,20,12,60,1,0,0,0.503995954990387,0.503995954990387,0.503995954990387,0.49600404500961304,20,1,3,zero_shot_paired
281,11,20,13,60,0,0,1,0.510201632976532,0.510201632976532,0.510201632976532,0.489798367023468,20,1,3,zero_shot_paired
281,12,20,15,60,1,0,0,0.5059583783149719,0.5059583783149719,0.5059583783149719,0.49404165148735046,20,1,3,zero_shot_paired
281,13,20,16,60,0,1,0,0.5030676126480103,0.5030676126480103,0.49693238735198975,0.5030676126480103,20,1,3,zero_shot_paired
281,14,20,17,60,1,0,0,0.5047963857650757,0.5047963857650757,0.5047963857650757,0.4952036440372467,20,1,3,zero_shot_paired
281,0,20,0,60,1,0,0,0.5026264786720276,0.5026264786720276,0.5026264786720276,0.49737346172332764,20,1,3,post_calibration
281,1,20,2,60,1,0,0,0.5019452571868896,0.5019452571868896,0.5019452571868896,0.49805474281311035,20,1,3,post_calibration
281,2,20,3,60,0,0,1,0.5063923597335815,0.5063923597335815,0.5063923597335815,0.49360761046409607,20,1,3,post_calibration
281,3,20,5,60,1,0,0,0.5024639368057251,0.5024639368057251,0.5024639368057251,0.4975360631942749,20,1,3,post_calibration
281,4,20,6,60,1,0,0,0.5062760710716248,0.5062760710716248,0.5062760710716248,0.49372392892837524,20,1,3,post_calibration
281,5,20,7,60,0,1,0,0.5005527138710022,0.5005527138710022,0.4994473159313202,0.5005527138710022,20,1,3,post_calibration
281,6,20,8,60,0,0,1,0.5010569095611572,0.5010569095611572,0.5010569095611572,0.4989430904388428,20,1,3,post_calibration
281,7,20,9,60,0,0,1,0.5078762173652649,0.5078762173652649,0.5078762173652649,0.4921237528324127,20,1,3,post_calibration
281,8,20,10,60,1,0,0,0.5083908438682556,0.5083908438682556,0.5083908438682556,0.4916090965270996,20,1,3,post_calibration
281,9,20,11,60,1,0,0,0.5057976245880127,0.5057976245880127,0.5057976245880127,0.4942023754119873,20,1,3,post_calibration
281,10,20,12,60,1,0,0,0.5040894150733948,0.5040894150733948,0.5040894150733948,0.4959106147289276,20,1,3,post_calibration
281,11,20,13,60,0,0,1,0.5101820230484009,0.5101820230484009,0.5101820230484009,0.4898179769515991,20,1,3,post_calibration
281,12,20,15,60,1,0,0,0.5059744119644165,0.5059744119644165,0.5059744119644165,0.4940256178379059,20,1,3,post_calibration
281,13,20,16,60,0,1,0,0.5030540227890015,0.5030540227890015,0.49694594740867615,0.5030540227890015,20,1,3,post_calibration
281,14,20,17,60,1,0,0,0.5052443742752075,0.5052443742752075,0.5052443742752075,0.4947556257247925,20,1,3,post_calibration
282,0,20,1,60,0,1,0,0.5018246173858643,0.5018246173858643,0.49817538261413574,0.5018246173858643,20,2,3,zero_shot_paired
282,1,20,2,60,1,0,0,0.5019005537033081,0.5019005537033081,0.5019005537033081,0.49809950590133667,20,2,3,zero_shot_paired
282,2,20,3,60,0,0,1,0.5064321160316467,0.5064321160316467,0.5064321160316467,0.49356788396835327,20,2,3,zero_shot_paired
282,3,20,4,60,1,1,1,0.5013179183006287,0.5013179183006287,0.4986821115016937,0.5013179183006287,20,2,3,zero_shot_paired
282,4,20,5,60,1,0,0,0.5023056864738464,0.5023056864738464,0.5023056864738464,0.49769431352615356,20,2,3,zero_shot_paired
282,5,20,6,60,1,0,0,0.5063046216964722,0.5063046216964722,0.5063046216964722,0.4936954081058502,20,2,3,zero_shot_paired
282,6,20,7,60,0,1,0,0.500492513179779,0.500492513179779,0.49950745701789856,0.500492513179779,20,2,3,zero_shot_paired
282,7,20,8,60,0,0,1,0.5009417533874512,0.5009417533874512,0.5009417533874512,0.4990583062171936,20,2,3,zero_shot_paired
282,8,20,9,60,0,0,1,0.5077470541000366,0.5077470541000366,0.5077470541000366,0.49225297570228577,20,2,3,zero_shot_paired
282,9,20,10,60,1,0,0,0.5082207918167114,0.5082207918167114,0.5082207918167114,0.49177923798561096,20,2,3,zero_shot_paired
282,10,20,11,60,1,0,0,0.5057918429374695,0.5057918429374695,0.5057918429374695,0.4942081570625305,20,2,3,zero_shot_paired
282,11,20,12,60,1,0,0,0.503995954990387,0.503995954990387,0.503995954990387,0.49600404500961304,20,2,3,zero_shot_paired
282,12,20,13,60,0,0,1,0.510201632976532,0.510201632976532,0.510201632976532,0.489798367023468,20,2,3,zero_shot_paired
282,13,20,14,60,0,0,1,0.5015106201171875,0.5015106201171875,0.5015106201171875,0.4984893798828125,20,2,3,zero_shot_paired
282,14,20,17,60,1,0,0,0.5047963857650757,0.5047963857650757,0.5047963857650757,0.4952036440372467,20,2,3,zero_shot_paired
282,0,20,1,60,0,1,0,0.5017719268798828,0.5017719268798828,0.4982280731201172,0.5017719268798828,20,2,3,post_calibration
282,1,20,2,60,1,0,0,0.5020744800567627,0.5020744800567627,0.5020744800567627,0.4979255497455597,20,2,3,post_calibration
282,2,20,3,60,0,0,1,0.5065038800239563,0.5065038800239563,0.5065038800239563,0.4934961497783661,20,2,3,post_calibration
282,3,20,4,60,1,1,1,0.5012779235839844,0.5012779235839844,0.4987220764160156,0.5012779235839844,20,2,3,post_calibration
282,4,20,5,60,1,0,0,0.5024121403694153,0.5024121403694153,0.5024121403694153,0.4975878596305847,20,2,3,post_calibration
282,5,20,6,60,1,0,0,0.5064709782600403,0.5064709782600403,0.5064709782600403,0.4935290515422821,20,2,3,post_calibration
282,6,20,7,60,0,1,0,0.5004493594169617,0.5004493594169617,0.49955064058303833,0.5004493594169617,20,2,3,post_calibration
282,7,20,8,60,0,0,1,0.5011110305786133,0.5011110305786133,0.5011110305786133,0.49888893961906433,20,2,3,post_calibration
282,8,20,9,60,0,0,1,0.5078964233398438,0.5078964233398438,0.5078964233398438,0.49210357666015625,20,2,3,post_calibration
282,9,20,10,60,1,0,0,0.5083865523338318,0.5083865523338318,0.5083865523338318,0.4916134774684906,20,2,3,post_calibration
282,10,20,11,60,1,0,0,0.5059426426887512,0.5059426426887512,0.5059426426887512,0.4940573275089264,20,2,3,post_calibration
282,11,20,12,60,1,0,0,0.5040357708930969,0.5040357708930969,0.5040357708930969,0.4959641993045807,20,2,3,post_calibration
282,12,20,13,60,0,0,1,0.5103350281715393,0.5103350281715393,0.5103350281715393,0.4896649122238159,20,2,3,post_calibration
282,13,20,14,60,0,0,1,0.50157231092453,0.50157231092453,0.50157231092453,0.49842771887779236,20,2,3,post_calibration
282,14,20,17,60,1,0,0,0.5049241185188293,0.5049241185188293,0.5049241185188293,0.49507594108581543,20,2,3,post_calibration
283,0,20,0,60,1,0,0,0.5025042295455933,0.5025042295455933,0.5025042295455933,0.49749577045440674,20,3,3,zero_shot_paired
283,1,20,1,60,0,1,0,0.5018246173858643,0.5018246173858643,0.49817538261413574,0.5018246173858643,20,3,3,zero_shot_paired
283,2,20,2,60,1,0,0,0.5019005537033081,0.5019005537033081,0.5019005537033081,0.49809950590133667,20,3,3,zero_shot_paired
283,3,20,3,60,0,0,1,0.5064321160316467,0.5064321160316467,0.5064321160316467,0.49356788396835327,20,3,3,zero_shot_paired
283,4,20,4,60,1,1,1,0.5013179183006287,0.5013179183006287,0.4986821115016937,0.5013179183006287,20,3,3,zero_shot_paired
283,5,20,6,60,1,0,0,0.5063046216964722,0.5063046216964722,0.5063046216964722,0.4936954081058502,20,3,3,zero_shot_paired
283,6,20,8,60,0,0,1,0.5009417533874512,0.5009417533874512,0.5009417533874512,0.4990583062171936,20,3,3,zero_shot_paired
283,7,20,9,60,0,0,1,0.5077470541000366,0.5077470541000366,0.5077470541000366,0.49225297570228577,20,3,3,zero_shot_paired
283,8,20,11,60,1,0,0,0.5057918429374695,0.5057918429374695,0.5057918429374695,0.4942081570625305,20,3,3,zero_shot_paired
283,9,20,12,60,1,0,0,0.503995954990387,0.503995954990387,0.503995954990387,0.49600404500961304,20,3,3,zero_shot_paired
283,10,20,13,60,0,0,1,0.510201632976532,0.510201632976532,0.510201632976532,0.489798367023468,20,3,3,zero_shot_paired
283,11,20,14,60,0,0,1,0.5015106201171875,0.5015106201171875,0.5015106201171875,0.4984893798828125,20,3,3,zero_shot_paired
283,12,20,15,60,1,0,0,0.5059583783149719,0.5059583783149719,0.5059583783149719,0.49404165148735046,20,3,3,zero_shot_paired
283,13,20,16,60,0,1,0,0.5030676126480103,0.5030676126480103,0.49693238735198975,0.5030676126480103,20,3,3,zero_shot_paired
283,14,20,17,60,1,0,0,0.5047963857650757,0.5047963857650757,0.5047963857650757,0.4952036440372467,20,3,3,zero_shot_paired
283,0,20,0,60,1,0,0,0.5025214552879333,0.5025214552879333,0.5025214552879333,0.4974784851074219,20,3,3,post_calibration
283,1,20,1,60,0,1,0,0.5016849637031555,0.5016849637031555,0.49831506609916687,0.5016849637031555,20,3,3,post_calibration
283,2,20,2,60,1,0,0,0.501944899559021,0.501944899559021,0.501944899559021,0.4980550706386566,20,3,3,post_calibration
283,3,20,3,60,0,0,1,0.5064219236373901,0.5064219236373901,0.5064219236373901,0.49357807636260986,20,3,3,post_calibration
283,4,20,4,60,1,1,1,0.5013834834098816,0.5013834834098816,0.4986165463924408,0.5013834834098816,20,3,3,post_calibration
283,5,20,6,60,1,0,0,0.5064393877983093,0.5064393877983093,0.5064393877983093,0.49356064200401306,20,3,3,post_calibration
283,6,20,8,60,0,0,1,0.5009260177612305,0.5009260177612305,0.5009260177612305,0.4990740418434143,20,3,3,post_calibration
283,7,20,9,60,0,0,1,0.5078557133674622,0.5078557133674622,0.5078557133674622,0.49214431643486023,20,3,3,post_calibration
283,8,20,11,60,1,0,0,0.5057447552680969,0.5057447552680969,0.5057447552680969,0.4942552149295807,20,3,3,post_calibration
283,9,20,12,60,1,0,0,0.504037618637085,0.504037618637085,0.504037618637085,0.4959624111652374,20,3,3,post_calibration
283,10,20,13,60,0,0,1,0.5102109313011169,0.5102109313011169,0.5102109313011169,0.48978903889656067,20,3,3,post_calibration
283,11,20,14,60,0,0,1,0.5015949010848999,0.5015949010848999,0.5015949010848999,0.4984051287174225,20,3,3,post_calibration
283,12,20,15,60,1,0,0,0.5060920119285583,0.5060920119285583,0.5060920119285583,0.4939079284667969,20,3,3,post_calibration
283,13,20,16,60,0,1,0,0.5029484033584595,0.5029484033584595,0.49705156683921814,0.5029484033584595,20,3,3,post_calibration
283,14,20,17,60,1,0,0,0.5050731897354126,0.5050731897354126,0.5050731897354126,0.4949268400669098,20,3,3,post_calibration
284,0,20,0,60,1,0,0,0.5025042295455933,0.5025042295455933,0.5025042295455933,0.49749577045440674,20,4,3,zero_shot_paired
284,1,20,1,60,0,1,0,0.5018246173858643,0.5018246173858643,0.49817538261413574,0.5018246173858643,20,4,3,zero_shot_paired
284,2,20,2,60,1,0,0,0.5019005537033081,0.5019005537033081,0.5019005537033081,0.49809950590133667,20,4,3,zero_shot_paired
284,3,20,3,60,0,0,1,0.5064321160316467,0.5064321160316467,0.5064321160316467,0.49356788396835327,20,4,3,zero_shot_paired
284,4,20,4,60,1,1,1,0.5013179183006287,0.5013179183006287,0.4986821115016937,0.5013179183006287,20,4,3,zero_shot_paired
284,5,20,5,60,1,0,0,0.5023056864738464,0.5023056864738464,0.5023056864738464,0.49769431352615356,20,4,3,zero_shot_paired
284,6,20,6,60,1,0,0,0.5063046216964722,0.5063046216964722,0.5063046216964722,0.4936954081058502,20,4,3,zero_shot_paired
284,7,20,7,60,0,1,0,0.500492513179779,0.500492513179779,0.49950745701789856,0.500492513179779,20,4,3,zero_shot_paired
284,8,20,9,60,0,0,1,0.5077470541000366,0.5077470541000366,0.5077470541000366,0.49225297570228577,20,4,3,zero_shot_paired
284,9,20,10,60,1,0,0,0.5082207918167114,0.5082207918167114,0.5082207918167114,0.49177923798561096,20,4,3,zero_shot_paired
284,10,20,11,60,1,0,0,0.5057918429374695,0.5057918429374695,0.5057918429374695,0.4942081570625305,20,4,3,zero_shot_paired
284,11,20,12,60,1,0,0,0.503995954990387,0.503995954990387,0.503995954990387,0.49600404500961304,20,4,3,zero_shot_paired
284,12,20,14,60,0,0,1,0.5015106201171875,0.5015106201171875,0.5015106201171875,0.4984893798828125,20,4,3,zero_shot_paired
284,13,20,15,60,1,0,0,0.5059583783149719,0.5059583783149719,0.5059583783149719,0.49404165148735046,20,4,3,zero_shot_paired
284,14,20,16,60,0,1,0,0.5030676126480103,0.5030676126480103,0.49693238735198975,0.5030676126480103,20,4,3,zero_shot_paired
284,0,20,0,60,1,0,0,0.5024838447570801,0.5024838447570801,0.5024838447570801,0.4975161552429199,20,4,3,post_calibration
284,1,20,1,60,0,1,0,0.5018662214279175,0.5018662214279175,0.49813371896743774,0.5018662214279175,20,4,3,post_calibration
284,2,20,2,60,1,0,0,0.5018824934959412,0.5018824934959412,0.5018824934959412,0.49811747670173645,20,4,3,post_calibration
284,3,20,3,60,0,0,1,0.5065079927444458,0.5065079927444458,0.5065079927444458,0.4934919774532318,20,4,3,post_calibration
284,4,20,4,60,1,1,1,0.5012696981430054,0.5012696981430054,0.498730331659317,0.5012696981430054,20,4,3,post_calibration
284,5,20,5,60,1,0,0,0.5022802948951721,0.5022802948951721,0.5022802948951721,0.49771973490715027,20,4,3,post_calibration
284,6,20,6,60,1,0,0,0.5063084363937378,0.5063084363937378,0.5063084363937378,0.493691623210907,20,4,3,post_calibration
284,7,20,7,60,0,1,0,0.5004199147224426,0.5004199147224426,0.49958011507987976,0.5004199147224426,20,4,3,post_calibration
284,8,20,9,60,0,0,1,0.5077278017997742,0.5077278017997742,0.5077278017997742,0.49227213859558105,20,4,3,post_calibration
284,9,20,10,60,1,0,0,0.5081466436386108,0.5081466436386108,0.5081466436386108,0.4918533265590668,20,4,3,post_calibration
284,10,20,11,60,1,0,0,0.5058205127716064,0.5058205127716064,0.5058205127716064,0.49417954683303833,20,4,3,post_calibration
284,11,20,12,60,1,0,0,0.5039694309234619,0.5039694309234619,0.5039694309234619,0.4960305690765381,20,4,3,post_calibration
284,12,20,14,60,0,0,1,0.5015299916267395,0.5015299916267395,0.5015299916267395,0.4984700083732605,20,4,3,post_calibration
284,13,20,15,60,1,0,0,0.5059633255004883,0.5059633255004883,0.5059633255004883,0.4940367043018341,20,4,3,post_calibration
284,14,20,16,60,0,1,0,0.5030376315116882,0.5030376315116882,0.49696236848831177,0.5030376315116882,20,4,3,post_calibration
285,0,20,0,60,1,0,0,0.5025042295455933,0.5025042295455933,0.5025042295455933,0.49749577045440674,20,5,3,zero_shot_paired
285,1,20,1,60,0,1,0,0.5018246173858643,0.5018246173858643,0.49817538261413574,0.5018246173858643,20,5,3,zero_shot_paired
285,2,20,2,60,1,0,0,0.5019005537033081,0.5019005537033081,0.5019005537033081,0.49809950590133667,20,5,3,zero_shot_paired
285,3,20,3,60,0,0,1,0.5064321160316467,0.5064321160316467,0.5064321160316467,0.49356788396835327,20,5,3,zero_shot_paired
285,4,20,4,60,1,1,1,0.5013179183006287,0.5013179183006287,0.4986821115016937,0.5013179183006287,20,5,3,zero_shot_paired
285,5,20,5,60,1,0,0,0.5023056864738464,0.5023056864738464,0.5023056864738464,0.49769431352615356,20,5,3,zero_shot_paired
285,6,20,6,60,1,0,0,0.5063046216964722,0.5063046216964722,0.5063046216964722,0.4936954081058502,20,5,3,zero_shot_paired
285,7,20,7,60,0,1,0,0.500492513179779,0.500492513179779,0.49950745701789856,0.500492513179779,20,5,3,zero_shot_paired
285,8,20,8,60,0,0,1,0.5009417533874512,0.5009417533874512,0.5009417533874512,0.4990583062171936,20,5,3,zero_shot_paired
285,9,20,10,60,1,0,0,0.5082207918167114,0.5082207918167114,0.5082207918167114,0.49177923798561096,20,5,3,zero_shot_paired
285,10,20,13,60,0,0,1,0.510201632976532,0.510201632976532,0.510201632976532,0.489798367023468,20,5,3,zero_shot_paired
285,11,20,14,60,0,0,1,0.5015106201171875,0.5015106201171875,0.5015106201171875,0.4984893798828125,20,5,3,zero_shot_paired
285,12,20,15,60,1,0,0,0.5059583783149719,0.5059583783149719,0.5059583783149719,0.49404165148735046,20,5,3,zero_shot_paired
285,13,20,16,60,0,1,0,0.5030676126480103,0.5030676126480103,0.49693238735198975,0.5030676126480103,20,5,3,zero_shot_paired
285,14,20,17,60,1,0,0,0.5047963857650757,0.5047963857650757,0.5047963857650757,0.4952036440372467,20,5,3,zero_shot_paired
285,0,20,0,60,1,0,0,0.502587616443634,0.502587616443634,0.502587616443634,0.49741238355636597,20,5,3,post_calibration
285,1,20,1,60,0,1,0,0.5017498731613159,0.5017498731613159,0.4982500970363617,0.5017498731613159,20,5,3,post_calibration
285,2,20,2,60,1,0,0,0.501918375492096,0.501918375492096,0.501918375492096,0.49808165431022644,20,5,3,post_calibration
285,3,20,3,60,0,0,1,0.5065056085586548,0.5065056085586548,0.5065056085586548,0.4934944212436676,20,5,3,post_calibration
285,4,20,4,60,1,1,1,0.5011439323425293,0.5011439323425293,0.4988560974597931,0.5011439323425293,20,5,3,post_calibration
285,5,20,5,60,1,0,0,0.5023623108863831,0.5023623108863831,0.5023623108863831,0.49763765931129456,20,5,3,post_calibration
285,6,20,6,60,1,0,0,0.5063429474830627,0.5063429474830627,0.5063429474830627,0.49365708231925964,20,5,3,post_calibration
285,7,20,7,60,0,1,0,0.5004281401634216,0.5004281401634216,0.49957188963890076,0.5004281401634216,20,5,3,post_calibration
285,8,20,8,60,0,0,1,0.5009973645210266,0.5009973645210266,0.5009973645210266,0.4990026354789734,20,5,3,post_calibration
285,9,20,10,60,1,0,0,0.5083062052726746,0.5083062052726746,0.5083062052726746,0.49169376492500305,20,5,3,post_calibration
285,10,20,13,60,0,0,1,0.5102347135543823,0.5102347135543823,0.5102347135543823,0.4897652566432953,20,5,3,post_calibration
285,11,20,14,60,0,0,1,0.5015453696250916,0.5015453696250916,0.5015453696250916,0.49845460057258606,20,5,3,post_calibration
285,12,20,15,60,1,0,0,0.5059813857078552,0.5059813857078552,0.5059813857078552,0.4940185844898224,20,5,3,post_calibration
285,13,20,16,60,0,1,0,0.5030242204666138,0.5030242204666138,0.4969758093357086,0.5030242204666138,20,5,3,post_calibration
285,14,20,17,60,1,0,0,0.5048170685768127,0.5048170685768127,0.5048170685768127,0.49518293142318726,20,5,3,post_calibration
286,0,20,0,60,1,0,0,0.5025042295455933,0.5025042295455933,0.5025042295455933,0.49749577045440674,20,6,3,zero_shot_paired
286,1,20,1,60,0,1,0,0.5018246173858643,0.5018246173858643,0.49817538261413574,0.5018246173858643,20,6,3,zero_shot_paired
286,2,20,4,60,1,1,1,0.5013179183006287,0.5013179183006287,0.4986821115016937,0.5013179183006287,20,6,3,zero_shot_paired
286,3,20,5,60,1,0,0,0.5023056864738464,0.5023056864738464,0.5023056864738464,0.49769431352615356,20,6,3,zero_shot_paired
286,4,20,7,60,0,1,0,0.500492513179779,0.500492513179779,0.49950745701789856,0.500492513179779,20,6,3,zero_shot_paired
286,5,20,8,60,0,0,1,0.5009417533874512,0.5009417533874512,0.5009417533874512,0.4990583062171936,20,6,3,zero_shot_paired
286,6,20,9,60,0,0,1,0.5077470541000366,0.5077470541000366,0.5077470541000366,0.49225297570228577,20,6,3,zero_shot_paired
286,7,20,10,60,1,0,0,0.5082207918167114,0.5082207918167114,0.5082207918167114,0.49177923798561096,20,6,3,zero_shot_paired
286,8,20,11,60,1,0,0,0.5057918429374695,0.5057918429374695,0.5057918429374695,0.4942081570625305,20,6,3,zero_shot_paired
286,9,20,12,60,1,0,0,0.503995954990387,0.503995954990387,0.503995954990387,0.49600404500961304,20,6,3,zero_shot_paired
286,10,20,13,60,0,0,1,0.510201632976532,0.510201632976532,0.510201632976532,0.489798367023468,20,6,3,zero_shot_paired
286,11,20,14,60,0,0,1,0.5015106201171875,0.5015106201171875,0.5015106201171875,0.4984893798828125,20,6,3,zero_shot_paired
286,12,20,15,60,1,0,0,0.5059583783149719,0.5059583783149719,0.5059583783149719,0.49404165148735046,20,6,3,zero_shot_paired
286,13,20,16,60,0,1,0,0.5030676126480103,0.5030676126480103,0.49693238735198975,0.5030676126480103,20,6,3,zero_shot_paired
286,14,20,17,60,1,0,0,0.5047963857650757,0.5047963857650757,0.5047963857650757,0.4952036440372467,20,6,3,zero_shot_paired
286,0,20,0,60,1,0,0,0.5025109052658081,0.5025109052658081,0.5025109052658081,0.4974890947341919,20,6,3,post_calibration
286,1,20,1,60,0,1,0,0.5018170475959778,0.5018170475959778,0.49818289279937744,0.5018170475959778,20,6,3,post_calibration
286,2,20,4,60,1,1,1,0.5013512372970581,0.5013512372970581,0.4986487925052643,0.5013512372970581,20,6,3,post_calibration
286,3,20,5,60,1,0,0,0.5022878050804138,0.5022878050804138,0.5022878050804138,0.49771222472190857,20,6,3,post_calibration
286,4,20,7,60,0,1,0,0.5004752278327942,0.5004752278327942,0.4995248317718506,0.5004752278327942,20,6,3,post_calibration
286,5,20,8,60,0,0,1,0.5009557008743286,0.5009557008743286,0.5009557008743286,0.49904435873031616,20,6,3,post_calibration
286,6,20,9,60,0,0,1,0.5076714754104614,0.5076714754104614,0.5076714754104614,0.49232855439186096,20,6,3,post_calibration
286,7,20,10,60,1,0,0,0.508200466632843,0.508200466632843,0.508200466632843,0.491799533367157,20,6,3,post_calibration
286,8,20,11,60,1,0,0,0.5056977272033691,0.5056977272033691,0.5056977272033691,0.49430230259895325,20,6,3,post_calibration
286,9,20,12,60,1,0,0,0.5040954351425171,0.5040954351425171,0.5040954351425171,0.4959045648574829,20,6,3,post_calibration
286,10,20,13,60,0,0,1,0.5102121233940125,0.5102121233940125,0.5102121233940125,0.4897878170013428,20,6,3,post_calibration
286,11,20,14,60,0,0,1,0.5015469789505005,0.5015469789505005,0.5015469789505005,0.4984529912471771,20,6,3,post_calibration
286,12,20,15,60,1,0,0,0.5057858228683472,0.5057858228683472,0.5057858228683472,0.49421414732933044,20,6,3,post_calibration
286,13,20,16,60,0,1,0,0.5031858086585999,0.5031858086585999,0.49681419134140015,0.5031858086585999,20,6,3,post_calibration
286,14,20,17,60,1,0,0,0.5047323703765869,0.5047323703765869,0.5047323703765869,0.4952675700187683,20,6,3,post_calibration
287,0,20,0,60,1,0,0,0.5025042295455933,0.5025042295455933,0.5025042295455933,0.49749577045440674,20,1,6,zero_shot_paired
287,1,20,3,60,0,0,1,0.5064321160316467,0.5064321160316467,0.5064321160316467,0.49356788396835327,20,1,6,zero_shot_paired
287,2,20,4,60,1,1,1,0.5013179183006287,0.5013179183006287,0.4986821115016937,0.5013179183006287,20,1,6,zero_shot_paired
287,3,20,6,60,1,0,0,0.5063046216964722,0.5063046216964722,0.5063046216964722,0.4936954081058502,20,1,6,zero_shot_paired
287,4,20,8,60,0,0,1,0.5009417533874512,0.5009417533874512,0.5009417533874512,0.4990583062171936,20,1,6,zero_shot_paired
287,5,20,9,60,0,0,1,0.5077470541000366,0.5077470541000366,0.5077470541000366,0.49225297570228577,20,1,6,zero_shot_paired
287,6,20,10,60,1,0,0,0.5082207918167114,0.5082207918167114,0.5082207918167114,0.49177923798561096,20,1,6,zero_shot_paired
287,7,20,11,60,1,0,0,0.5057918429374695,0.5057918429374695,0.5057918429374695,0.4942081570625305,20,1,6,zero_shot_paired
287,8,20,13,60,0,0,1,0.510201632976532,0.510201632976532,0.510201632976532,0.489798367023468,20,1,6,zero_shot_paired
287,9,20,14,60,0,0,1,0.5015106201171875,0.5015106201171875,0.5015106201171875,0.4984893798828125,20,1,6,zero_shot_paired
287,10,20,16,60,0,1,0,0.5030676126480103,0.5030676126480103,0.49693238735198975,0.5030676126480103,20,1,6,zero_shot_paired
287,11,20,17,60,1,0,0,0.5047963857650757,0.5047963857650757,0.5047963857650757,0.4952036440372467,20,1,6,zero_shot_paired
287,0,20,0,60,1,0,0,0.5024349093437195,0.5024349093437195,0.5024349093437195,0.49756506085395813,20,1,6,post_calibration
287,1,20,3,60,0,0,1,0.5063363313674927,0.5063363313674927,0.5063363313674927,0.4936636686325073,20,1,6,post_calibration
287,2,20,4,60,1,1,1,0.5013642907142639,0.5013642907142639,0.4986357092857361,0.5013642907142639,20,1,6,post_calibration
287,3,20,6,60,1,0,0,0.5062366724014282,0.5062366724014282,0.5062366724014282,0.49376335740089417,20,1,6,post_calibration
287,4,20,8,60,0,0,1,0.5007995367050171,0.5007995367050171,0.5007995367050171,0.4992004632949829,20,1,6,post_calibration
287,5,20,9,60,0,0,1,0.507590651512146,0.507590651512146,0.507590651512146,0.492409348487854,20,1,6,post_calibration
287,6,20,10,60,1,0,0,0.5082516074180603,0.5082516074180603,0.5082516074180603,0.4917484521865845,20,1,6,post_calibration
287,7,20,11,60,1,0,0,0.5056807398796082,0.5056807398796082,0.5056807398796082,0.4943193197250366,20,1,6,post_calibration
287,8,20,13,60,0,0,1,0.5099002122879028,0.5099002122879028,0.5099002122879028,0.4900997579097748,20,1,6,post_calibration
287,9,20,14,60,0,0,1,0.5015332102775574,0.5015332102775574,0.5015332102775574,0.4984668493270874,20,1,6,post_calibration
287,10,20,16,60,0,1,0,0.5030612945556641,0.5030612945556641,0.49693870544433594,0.5030612945556641,20,1,6,post_calibration
287,11,20,17,60,1,0,0,0.5046892166137695,0.5046892166137695,0.5046892166137695,0.49531081318855286,20,1,6,post_calibration
288,0,20,0,60,1,0,0,0.5025042295455933,0.5025042295455933,0.5025042295455933,0.49749577045440674,20,2,6,zero_shot_paired
288,1,20,1,60,0,1,0,0.5018246173858643,0.5018246173858643,0.49817538261413574,0.5018246173858643,20,2,6,zero_shot_paired
288,2,20,2,60,1,0,0,0.5019005537033081,0.5019005537033081,0.5019005537033081,0.49809950590133667,20,2,6,zero_shot_paired
288,3,20,3,60,0,0,1,0.5064321160316467,0.5064321160316467,0.5064321160316467,0.49356788396835327,20,2,6,zero_shot_paired
288,4,20,5,60,1,0,0,0.5023056864738464,0.5023056864738464,0.5023056864738464,0.49769431352615356,20,2,6,zero_shot_paired
288,5,20,6,60,1,0,0,0.5063046216964722,0.5063046216964722,0.5063046216964722,0.4936954081058502,20,2,6,zero_shot_paired
288,6,20,7,60,0,1,0,0.500492513179779,0.500492513179779,0.49950745701789856,0.500492513179779,20,2,6,zero_shot_paired
288,7,20,9,60,0,0,1,0.5077470541000366,0.5077470541000366,0.5077470541000366,0.49225297570228577,20,2,6,zero_shot_paired
288,8,20,11,60,1,0,0,0.5057918429374695,0.5057918429374695,0.5057918429374695,0.4942081570625305,20,2,6,zero_shot_paired
288,9,20,12,60,1,0,0,0.503995954990387,0.503995954990387,0.503995954990387,0.49600404500961304,20,2,6,zero_shot_paired
288,10,20,15,60,1,0,0,0.5059583783149719,0.5059583783149719,0.5059583783149719,0.49404165148735046,20,2,6,zero_shot_paired
288,11,20,16,60,0,1,0,0.5030676126480103,0.5030676126480103,0.49693238735198975,0.5030676126480103,20,2,6,zero_shot_paired
288,0,20,0,60,1,0,0,0.5024150013923645,0.5024150013923645,0.5024150013923645,0.4975849986076355,20,2,6,post_calibration
288,1,20,1,60,0,1,0,0.5018805265426636,0.5018805265426636,0.4981195032596588,0.5018805265426636,20,2,6,post_calibration
288,2,20,2,60,1,0,0,0.5018451809883118,0.5018451809883118,0.5018451809883118,0.49815481901168823,20,2,6,post_calibration
288,3,20,3,60,0,0,1,0.5063936114311218,0.5063936114311218,0.5063936114311218,0.4936063885688782,20,2,6,post_calibration
288,4,20,5,60,1,0,0,0.5022503137588501,0.5022503137588501,0.5022503137588501,0.4977496564388275,20,2,6,post_calibration
288,5,20,6,60,1,0,0,0.506228506565094,0.506228506565094,0.506228506565094,0.4937715530395508,20,2,6,post_calibration
288,6,20,7,60,0,1,0,0.5004584193229675,0.5004584193229675,0.49954161047935486,0.5004584193229675,20,2,6,post_calibration
288,7,20,9,60,0,0,1,0.5076724290847778,0.5076724290847778,0.5076724290847778,0.49232757091522217,20,2,6,post_calibration
288,8,20,11,60,1,0,0,0.5058660507202148,0.5058660507202148,0.5058660507202148,0.49413397908210754,20,2,6,post_calibration
288,9,20,12,60,1,0,0,0.5039768218994141,0.5039768218994141,0.5039768218994141,0.49602311849594116,20,2,6,post_calibration
288,10,20,15,60,1,0,0,0.5058920383453369,0.5058920383453369,0.5058920383453369,0.4941079616546631,20,2,6,post_calibration
288,11,20,16,60,0,1,0,0.503135085105896,0.503135085105896,0.496864914894104,0.503135085105896,20,2,6,post_calibration
289,0,20,1,60,0,1,0,0.5018246173858643,0.5018246173858643,0.49817538261413574,0.5018246173858643,20,3,6,zero_shot_paired
289,1,20,2,60,1,0,0,0.5019005537033081,0.5019005537033081,0.5019005537033081,0.49809950590133667,20,3,6,zero_shot_paired
289,2,20,4,60,1,1,1,0.5013179183006287,0.5013179183006287,0.4986821115016937,0.5013179183006287,20,3,6,zero_shot_paired
289,3,20,5,60,1,0,0,0.5023056864738464,0.5023056864738464,0.5023056864738464,0.49769431352615356,20,3,6,zero_shot_paired
289,4,20,7,60,0,1,0,0.500492513179779,0.500492513179779,0.49950745701789856,0.500492513179779,20,3,6,zero_shot_paired
289,5,20,8,60,0,0,1,0.5009417533874512,0.5009417533874512,0.5009417533874512,0.4990583062171936,20,3,6,zero_shot_paired
289,6,20,10,60,1,0,0,0.5082207918167114,0.5082207918167114,0.5082207918167114,0.49177923798561096,20,3,6,zero_shot_paired
289,7,20,12,60,1,0,0,0.503995954990387,0.503995954990387,0.503995954990387,0.49600404500961304,20,3,6,zero_shot_paired
289,8,20,13,60,0,0,1,0.510201632976532,0.510201632976532,0.510201632976532,0.489798367023468,20,3,6,zero_shot_paired
289,9,20,14,60,0,0,1,0.5015106201171875,0.5015106201171875,0.5015106201171875,0.4984893798828125,20,3,6,zero_shot_paired
289,10,20,15,60,1,0,0,0.5059583783149719,0.5059583783149719,0.5059583783149719,0.49404165148735046,20,3,6,zero_shot_paired
289,11,20,17,60,1,0,0,0.5047963857650757,0.5047963857650757,0.5047963857650757,0.4952036440372467,20,3,6,zero_shot_paired
289,0,20,1,60,0,1,0,0.5019124150276184,0.5019124150276184,0.4980875551700592,0.5019124150276184,20,3,6,post_calibration
289,1,20,2,60,1,0,0,0.502009928226471,0.502009928226471,0.502009928226471,0.49799007177352905,20,3,6,post_calibration
289,2,20,4,60,1,1,1,0.5013703107833862,0.5013703107833862,0.4986296594142914,0.5013703107833862,20,3,6,post_calibration
289,3,20,5,60,1,0,0,0.5023892521858215,0.5023892521858215,0.5023892521858215,0.49761077761650085,20,3,6,post_calibration
289,4,20,7,60,0,1,0,0.500500500202179,0.500500500202179,0.49949949979782104,0.500500500202179,20,3,6,post_calibration
289,5,20,8,60,0,0,1,0.5010697245597839,0.5010697245597839,0.5010697245597839,0.4989302158355713,20,3,6,post_calibration
289,6,20,10,60,1,0,0,0.5084602236747742,0.5084602236747742,0.5084602236747742,0.49153977632522583,20,3,6,post_calibration
289,7,20,12,60,1,0,0,0.5039873123168945,0.5039873123168945,0.5039873123168945,0.4960126578807831,20,3,6,post_calibration
289,8,20,13,60,0,0,1,0.5101443529129028,0.5101443529129028,0.5101443529129028,0.4898556172847748,20,3,6,post_calibration
289,9,20,14,60,0,0,1,0.501445472240448,0.501445472240448,0.501445472240448,0.4985544979572296,20,3,6,post_calibration
289,10,20,15,60,1,0,0,0.5062359571456909,0.5062359571456909,0.5062359571456909,0.4937640428543091,20,3,6,post_calibration
289,11,20,17,60,1,0,0,0.5047829151153564,0.5047829151153564,0.5047829151153564,0.49521708488464355,20,3,6,post_calibration
290,0,20,1,60,0,1,0,0.501824676990509,0.501824676990509,0.4981752932071686,0.501824676990509,20,1,9,zero_shot_paired
290,1,20,2,60,1,0,0,0.5019005537033081,0.5019005537033081,0.5019005537033081,0.49809950590133667,20,1,9,zero_shot_paired
290,2,20,3,60,0,0,1,0.5064321160316467,0.5064321160316467,0.5064321160316467,0.49356788396835327,20,1,9,zero_shot_paired
290,3,20,4,60,1,1,1,0.5013178586959839,0.5013178586959839,0.4986821413040161,0.5013178586959839,20,1,9,zero_shot_paired
290,4,20,6,60,1,0,0,0.5063046216964722,0.5063046216964722,0.5063046216964722,0.49369537830352783,20,1,9,zero_shot_paired
290,5,20,7,60,0,1,0,0.5004925727844238,0.5004925727844238,0.49950745701789856,0.5004925727844238,20,1,9,zero_shot_paired
290,6,20,12,60,1,0,0,0.5039958953857422,0.5039958953857422,0.5039958953857422,0.4960041344165802,20,1,9,zero_shot_paired
290,7,20,13,60,0,0,1,0.5102015733718872,0.5102015733718872,0.5102015733718872,0.4897983968257904,20,1,9,zero_shot_paired
290,8,20,15,60,1,0,0,0.5059583187103271,0.5059583187103271,0.5059583187103271,0.49404165148735046,20,1,9,zero_shot_paired
290,0,20,1,60,0,1,0,0.5017925500869751,0.5017925500869751,0.4982073903083801,0.5017925500869751,20,1,9,post_calibration
290,1,20,2,60,1,0,0,0.5020052790641785,0.5020052790641785,0.5020052790641785,0.49799466133117676,20,1,9,post_calibration
290,2,20,3,60,0,0,1,0.5063694715499878,0.5063694715499878,0.5063694715499878,0.4936304986476898,20,1,9,post_calibration
290,3,20,4,60,1,1,1,0.5012466907501221,0.5012466907501221,0.4987533390522003,0.5012466907501221,20,1,9,post_calibration
290,4,20,6,60,1,0,0,0.5064013004302979,0.5064013004302979,0.5064013004302979,0.4935987591743469,20,1,9,post_calibration
290,5,20,7,60,0,1,0,0.5003103017807007,0.5003103017807007,0.4996896982192993,0.5003103017807007,20,1,9,post_calibration
290,6,20,12,60,1,0,0,0.5041205286979675,0.5041205286979675,0.5041205286979675,0.49587950110435486,20,1,9,post_calibration
290,7,20,13,60,0,0,1,0.5101872682571411,0.5101872682571411,0.5101872682571411,0.4898127317428589,20,1,9,post_calibration
290,8,20,15,60,1,0,0,0.506091833114624,0.506091833114624,0.506091833114624,0.49390819668769836,20,1,9,post_calibration
291,0,20,0,60,1,0,0,0.5025038123130798,0.5025038123130798,0.5025038123130798,0.49749618768692017,20,2,9,zero_shot_paired
291,1,20,5,60,1,0,0,0.5023056268692017,0.5023056268692017,0.5023056268692017,0.4976944327354431,20,2,9,zero_shot_paired
291,2,20,8,60,0,0,1,0.5009416341781616,0.5009416341781616,0.5009416341781616,0.4990583658218384,20,2,9,zero_shot_paired
291,3,20,9,60,0,0,1,0.5077470541000366,0.5077470541000366,0.5077470541000366,0.49225297570228577,20,2,9,zero_shot_paired
291,4,20,10,60,1,0,0,0.5082206130027771,0.5082206130027771,0.5082206130027771,0.4917793869972229,20,2,9,zero_shot_paired
291,5,20,11,60,1,0,0,0.5057917833328247,0.5057917833328247,0.5057917833328247,0.4942082464694977,20,2,9,zero_shot_paired
291,6,20,14,60,0,0,1,0.5015106797218323,0.5015106797218323,0.5015106797218323,0.49848929047584534,20,2,9,zero_shot_paired
291,7,20,16,60,0,1,0,0.5030676126480103,0.5030676126480103,0.49693235754966736,0.5030676126480103,20,2,9,zero_shot_paired
291,8,20,17,60,1,0,0,0.5047961473464966,0.5047961473464966,0.5047961473464966,0.4952038526535034,20,2,9,zero_shot_paired
291,0,20,0,60,1,0,0,0.5024871826171875,0.5024871826171875,0.5024871826171875,0.4975128471851349,20,2,9,post_calibration
291,1,20,5,60,1,0,0,0.5022280812263489,0.5022280812263489,0.5022280812263489,0.4977719187736511,20,2,9,post_calibration
291,2,20,8,60,0,0,1,0.5007537007331848,0.5007537007331848,0.5007537007331848,0.4992463290691376,20,2,9,post_calibration
291,3,20,9,60,0,0,1,0.5075502991676331,0.5075502991676331,0.5075502991676331,0.49244964122772217,20,2,9,post_calibration
291,4,20,10,60,1,0,0,0.5080779790878296,0.5080779790878296,0.5080779790878296,0.4919220805168152,20,2,9,post_calibration
291,5,20,11,60,1,0,0,0.5057172775268555,0.5057172775268555,0.5057172775268555,0.49428269267082214,20,2,9,post_calibration
291,6,20,14,60,0,0,1,0.5013830065727234,0.5013830065727234,0.5013830065727234,0.4986169636249542,20,2,9,post_calibration
291,7,20,16,60,0,1,0,0.5032179951667786,0.5032179951667786,0.49678194522857666,0.5032179951667786,20,2,9,post_calibration
291,8,20,17,60,1,0,0,0.5046778321266174,0.5046778321266174,0.5046778321266174,0.49532216787338257,20,2,9,post_calibration
292,0,20,0,60,1,0,0,0.5025048851966858,0.5025048851966858,0.5025048851966858,0.4974951148033142,20,1,12,zero_shot_paired
292,1,20,1,60,0,1,0,0.5018249154090881,0.5018249154090881,0.49817508459091187,0.5018249154090881,20,1,12,zero_shot_paired
292,2,20,3,60,0,0,1,0.5064308047294617,0.5064308047294617,0.5064308047294617,0.49356919527053833,20,1,12,zero_shot_paired
292,3,20,10,60,1,0,0,0.5082207322120667,0.5082207322120667,0.5082207322120667,0.49177923798561096,20,1,12,zero_shot_paired
292,4,20,14,60,0,0,1,0.5015085935592651,0.5015085935592651,0.5015085935592651,0.49849143624305725,20,1,12,zero_shot_paired
292,5,20,17,60,1,0,0,0.5047986507415771,0.5047986507415771,0.5047986507415771,0.49520131945610046,20,1,12,zero_shot_paired
292,0,20,0,60,1,0,0,0.5025117993354797,0.5025117993354797,0.5025117993354797,0.49748820066452026,20,1,12,post_calibration
292,1,20,1,60,0,1,0,0.501905083656311,0.501905083656311,0.4980948567390442,0.501905083656311,20,1,12,post_calibration
292,2,20,3,60,0,0,1,0.5064662098884583,0.5064662098884583,0.5064662098884583,0.49353379011154175,20,1,12,post_calibration
292,3,20,10,60,1,0,0,0.5079742074012756,0.5079742074012756,0.5079742074012756,0.49202582240104675,20,1,12,post_calibration
292,4,20,14,60,0,0,1,0.5013341903686523,0.5013341903686523,0.5013341903686523,0.49866583943367004,20,1,12,post_calibration
292,5,20,17,60,1,0,0,0.5044668316841125,0.5044668316841125,0.5044668316841125,0.49553316831588745,20,1,12,post_calibration
293,0,20,2,60,1,0,0,0.5018998980522156,0.5018998980522156,0.5018998980522156,0.4981001615524292,20,2,12,zero_shot_paired
293,1,20,6,60,1,0,0,0.5063037872314453,0.5063037872314453,0.5063037872314453,0.4936962127685547,20,2,12,zero_shot_paired
293,2,20,7,60,0,1,0,0.5004913210868835,0.5004913210868835,0.49950867891311646,0.5004913210868835,20,2,12,zero_shot_paired
293,3,20,11,60,1,0,0,0.5057898163795471,0.5057898163795471,0.5057898163795471,0.4942101538181305,20,2,12,zero_shot_paired
293,4,20,14,60,0,0,1,0.5015085935592651,0.5015085935592651,0.5015085935592651,0.49849143624305725,20,2,12,zero_shot_paired
293,5,20,16,60,0,1,0,0.5030682682991028,0.5030682682991028,0.4969317615032196,0.5030682682991028,20,2,12,zero_shot_paired
293,0,20,2,60,1,0,0,0.5018413066864014,0.5018413066864014,0.5018413066864014,0.49815869331359863,20,2,12,post_calibration
293,1,20,6,60,1,0,0,0.5062364339828491,0.5062364339828491,0.5062364339828491,0.49376359581947327,20,2,12,post_calibration
293,2,20,7,60,0,1,0,0.5004483461380005,0.5004483461380005,0.4995516538619995,0.5004483461380005,20,2,12,post_calibration
293,3,20,11,60,1,0,0,0.5058087706565857,0.5058087706565857,0.5058087706565857,0.4941912591457367,20,2,12,post_calibration
293,4,20,14,60,0,0,1,0.5013939142227173,0.5013939142227173,0.5013939142227173,0.4986061155796051,20,2,12,post_calibration
293,5,20,16,60,0,1,0,0.5031762719154358,0.5031762719154358,0.4968237280845642,0.5031762719154358,20,2,12,post_calibration
294,0,20,1,60,0,1,0,0.5018249154090881,0.5018249154090881,0.49817508459091187,0.5018249154090881,20,3,12,zero_shot_paired
294,1,20,3,60,0,0,1,0.5064308047294617,0.5064308047294617,0.5064308047294617,0.49356919527053833,20,3,12,zero_shot_paired
294,2,20,5,60,1,0,0,0.5023071765899658,0.5023071765899658,0.5023071765899658,0.49769285321235657,20,3,12,zero_shot_paired
294,3,20,6,60,1,0,0,0.5063037872314453,0.5063037872314453,0.5063037872314453,0.4936962127685547,20,3,12,zero_shot_paired
294,4,20,13,60,0,0,1,0.5102024674415588,0.5102024674415588,0.5102024674415588,0.4897975027561188,20,3,12,zero_shot_paired
294,5,20,15,60,1,0,0,0.5059607625007629,0.5059607625007629,0.5059607625007629,0.49403923749923706,20,3,12,zero_shot_paired
294,0,20,1,60,0,1,0,0.5016881227493286,0.5016881227493286,0.4983118772506714,0.5016881227493286,20,3,12,post_calibration
294,1,20,3,60,0,0,1,0.5063855648040771,0.5063855648040771,0.5063855648040771,0.49361443519592285,20,3,12,post_calibration
294,2,20,5,60,1,0,0,0.5022971630096436,0.5022971630096436,0.5022971630096436,0.49770283699035645,20,3,12,post_calibration
294,3,20,6,60,1,0,0,0.5061812400817871,0.5061812400817871,0.5061812400817871,0.4938187599182129,20,3,12,post_calibration
294,4,20,13,60,0,0,1,0.5100942254066467,0.5100942254066467,0.5100942254066467,0.4899057149887085,20,3,12,post_calibration
294,5,20,15,60,1,0,0,0.5060344338417053,0.5060344338417053,0.5060344338417053,0.4939655065536499,20,3,12,post_calibration
22,0,21,0,60,1,1,1,0.5005853176116943,0.5005853176116943,0.4994146227836609,0.5005853176116943,21,,,zero_shot_all_trials
22,1,21,1,60,1,1,1,0.5028634071350098,0.5028634071350098,0.49713659286499023,0.5028634071350098,21,,,zero_shot_all_trials
22,2,21,2,60,1,0,0,0.5025531053543091,0.5025531053543091,0.5025531053543091,0.4974469542503357,21,,,zero_shot_all_trials
22,3,21,3,60,0,0,1,0.5058652758598328,0.5058652758598328,0.5058652758598328,0.4941347539424896,21,,,zero_shot_all_trials
22,4,21,4,60,1,0,0,0.5000584125518799,0.5000584125518799,0.5000584125518799,0.49994155764579773,21,,,zero_shot_all_trials
22,5,21,5,60,1,0,0,0.5011662244796753,0.5011662244796753,0.5011662244796753,0.4988337755203247,21,,,zero_shot_all_trials
22,6,21,6,60,1,0,0,0.5024007558822632,0.5024007558822632,0.5024007558822632,0.4975992441177368,21,,,zero_shot_all_trials
22,7,21,7,60,0,1,0,0.5010945200920105,0.5010945200920105,0.4989054799079895,0.5010945200920105,21,,,zero_shot_all_trials
22,8,21,8,60,0,1,0,0.5027781128883362,0.5027781128883362,0.4972219169139862,0.5027781128883362,21,,,zero_shot_all_trials
22,9,21,9,60,1,0,0,0.5020235776901245,0.5020235776901245,0.5020235776901245,0.4979764223098755,21,,,zero_shot_all_trials
22,10,21,10,60,1,0,0,0.5058652758598328,0.5058652758598328,0.5058652758598328,0.4941347539424896,21,,,zero_shot_all_trials
22,11,21,11,60,1,0,0,0.5025455951690674,0.5025455951690674,0.5025455951690674,0.49745434522628784,21,,,zero_shot_all_trials
22,12,21,12,60,1,0,0,0.505236029624939,0.505236029624939,0.505236029624939,0.49476397037506104,21,,,zero_shot_all_trials
22,13,21,13,60,1,0,0,0.5050080418586731,0.5050080418586731,0.5050080418586731,0.4949919879436493,21,,,zero_shot_all_trials
22,14,21,14,60,1,1,1,0.5006821155548096,0.5006821155548096,0.4993179142475128,0.5006821155548096,21,,,zero_shot_all_trials
22,15,21,15,60,1,0,0,0.5077338814735413,0.5077338814735413,0.5077338814735413,0.49226611852645874,21,,,zero_shot_all_trials
22,16,21,16,60,0,1,0,0.5034691095352173,0.5034691095352173,0.4965309202671051,0.5034691095352173,21,,,zero_shot_all_trials
22,17,21,17,60,1,1,1,0.501189112663269,0.501189112663269,0.49881085753440857,0.501189112663269,21,,,zero_shot_all_trials
295,0,21,1,60,1,1,1,0.502863347530365,0.502863347530365,0.497136652469635,0.502863347530365,21,1,3,zero_shot_paired
295,1,21,2,60,1,0,0,0.5025531053543091,0.5025531053543091,0.5025531053543091,0.4974468946456909,21,1,3,zero_shot_paired
295,2,21,3,60,0,0,1,0.505865216255188,0.505865216255188,0.505865216255188,0.4941348135471344,21,1,3,zero_shot_paired
295,3,21,4,60,1,0,0,0.5000584721565247,0.5000584721565247,0.5000584721565247,0.49994152784347534,21,1,3,zero_shot_paired
295,4,21,6,60,1,0,0,0.5024007558822632,0.5024007558822632,0.5024007558822632,0.49759921431541443,21,1,3,zero_shot_paired
295,5,21,7,60,0,1,0,0.5010944604873657,0.5010944604873657,0.49890556931495667,0.5010944604873657,21,1,3,zero_shot_paired
295,6,21,8,60,0,1,0,0.5027779936790466,0.5027779936790466,0.49722200632095337,0.5027779936790466,21,1,3,zero_shot_paired
295,7,21,10,60,1,0,0,0.505865216255188,0.505865216255188,0.505865216255188,0.4941348135471344,21,1,3,zero_shot_paired
295,8,21,11,60,1,0,0,0.5025455951690674,0.5025455951690674,0.5025455951690674,0.49745434522628784,21,1,3,zero_shot_paired
295,9,21,12,60,1,0,0,0.505236029624939,0.505236029624939,0.505236029624939,0.49476397037506104,21,1,3,zero_shot_paired
295,10,21,13,60,1,0,0,0.5050079226493835,0.5050079226493835,0.5050079226493835,0.49499207735061646,21,1,3,zero_shot_paired
295,11,21,14,60,1,1,1,0.5006821155548096,0.5006821155548096,0.4993179142475128,0.5006821155548096,21,1,3,zero_shot_paired
295,12,21,15,60,1,0,0,0.5077338814735413,0.5077338814735413,0.5077338814735413,0.49226611852645874,21,1,3,zero_shot_paired
295,13,21,16,60,0,1,0,0.5034691095352173,0.5034691095352173,0.4965309202671051,0.5034691095352173,21,1,3,zero_shot_paired
295,14,21,17,60,1,1,1,0.5011892318725586,0.5011892318725586,0.4988107681274414,0.5011892318725586,21,1,3,zero_shot_paired
295,0,21,1,60,1,1,1,0.5029571056365967,0.5029571056365967,0.4970429539680481,0.5029571056365967,21,1,3,post_calibration
295,1,21,2,60,1,0,0,0.5024169087409973,0.5024169087409973,0.5024169087409973,0.4975831210613251,21,1,3,post_calibration
295,2,21,3,60,0,0,1,0.5057620406150818,0.5057620406150818,0.5057620406150818,0.49423789978027344,21,1,3,post_calibration
295,3,21,4,60,1,1,1,0.5000429153442383,0.5000429153442383,0.4999571144580841,0.5000429153442383,21,1,3,post_calibration
295,4,21,6,60,1,0,0,0.5021536946296692,0.5021536946296692,0.5021536946296692,0.4978463351726532,21,1,3,post_calibration
295,5,21,7,60,0,1,0,0.5012036561965942,0.5012036561965942,0.498796284198761,0.5012036561965942,21,1,3,post_calibration
295,6,21,8,60,0,1,0,0.5029690861701965,0.5029690861701965,0.49703091382980347,0.5029690861701965,21,1,3,post_calibration
295,7,21,10,60,1,0,0,0.5057516694068909,0.5057516694068909,0.5057516694068909,0.49424827098846436,21,1,3,post_calibration
295,8,21,11,60,1,0,0,0.5024454593658447,0.5024454593658447,0.5024454593658447,0.4975545406341553,21,1,3,post_calibration
295,9,21,12,60,1,0,0,0.5051668286323547,0.5051668286323547,0.5051668286323547,0.49483320116996765,21,1,3,post_calibration
295,10,21,13,60,1,0,0,0.5049059391021729,0.5049059391021729,0.5049059391021729,0.4950941205024719,21,1,3,post_calibration
295,11,21,14,60,1,1,1,0.5008360147476196,0.5008360147476196,0.499163955450058,0.5008360147476196,21,1,3,post_calibration
295,12,21,15,60,1,0,0,0.5076866149902344,0.5076866149902344,0.5076866149902344,0.4923134446144104,21,1,3,post_calibration
295,13,21,16,60,0,1,0,0.5035244226455688,0.5035244226455688,0.49647557735443115,0.5035244226455688,21,1,3,post_calibration
295,14,21,17,60,1,1,1,0.5014657974243164,0.5014657974243164,0.4985341727733612,0.5014657974243164,21,1,3,post_calibration
296,0,21,0,60,1,1,1,0.5005854368209839,0.5005854368209839,0.4994145631790161,0.5005854368209839,21,2,3,zero_shot_paired
296,1,21,1,60,1,1,1,0.502863347530365,0.502863347530365,0.497136652469635,0.502863347530365,21,2,3,zero_shot_paired
296,2,21,2,60,1,0,0,0.5025531053543091,0.5025531053543091,0.5025531053543091,0.4974468946456909,21,2,3,zero_shot_paired
296,3,21,3,60,0,0,1,0.505865216255188,0.505865216255188,0.505865216255188,0.4941348135471344,21,2,3,zero_shot_paired
296,4,21,4,60,1,0,0,0.5000584721565247,0.5000584721565247,0.5000584721565247,0.49994152784347534,21,2,3,zero_shot_paired
296,5,21,5,60,1,0,0,0.5011662244796753,0.5011662244796753,0.5011662244796753,0.4988338053226471,21,2,3,zero_shot_paired
296,6,21,7,60,0,1,0,0.5010944604873657,0.5010944604873657,0.49890556931495667,0.5010944604873657,21,2,3,zero_shot_paired
296,7,21,8,60,0,1,0,0.5027779936790466,0.5027779936790466,0.49722200632095337,0.5027779936790466,21,2,3,zero_shot_paired
296,8,21,9,60,1,0,0,0.5020235180854797,0.5020235180854797,0.5020235180854797,0.4979764521121979,21,2,3,zero_shot_paired
296,9,21,10,60,1,0,0,0.505865216255188,0.505865216255188,0.505865216255188,0.4941348135471344,21,2,3,zero_shot_paired
296,10,21,12,60,1,0,0,0.505236029624939,0.505236029624939,0.505236029624939,0.49476397037506104,21,2,3,zero_shot_paired
296,11,21,13,60,1,0,0,0.5050079226493835,0.5050079226493835,0.5050079226493835,0.49499207735061646,21,2,3,zero_shot_paired
296,12,21,15,60,1,0,0,0.5077338814735413,0.5077338814735413,0.5077338814735413,0.49226611852645874,21,2,3,zero_shot_paired
296,13,21,16,60,0,1,0,0.5034691095352173,0.5034691095352173,0.4965309202671051,0.5034691095352173,21,2,3,zero_shot_paired
296,14,21,17,60,1,1,1,0.5011892318725586,0.5011892318725586,0.4988107681274414,0.5011892318725586,21,2,3,zero_shot_paired
296,0,21,0,60,1,1,1,0.5006373524665833,0.5006373524665833,0.49936264753341675,0.5006373524665833,21,2,3,post_calibration
296,1,21,1,60,1,1,1,0.5027917623519897,0.5027917623519897,0.49720820784568787,0.5027917623519897,21,2,3,post_calibration
296,2,21,2,60,1,0,0,0.5024983286857605,0.5024983286857605,0.5024983286857605,0.4975016117095947,21,2,3,post_calibration
296,3,21,3,60,0,0,1,0.5059479475021362,0.5059479475021362,0.5059479475021362,0.49405208230018616,21,2,3,post_calibration
296,4,21,4,60,1,0,0,0.5000960230827332,0.5000960230827332,0.5000960230827332,0.49990397691726685,21,2,3,post_calibration
296,5,21,5,60,1,0,0,0.5011439323425293,0.5011439323425293,0.5011439323425293,0.4988560378551483,21,2,3,post_calibration
296,6,21,7,60,0,1,0,0.5011174082756042,0.5011174082756042,0.49888256192207336,0.5011174082756042,21,2,3,post_calibration
296,7,21,8,60,0,1,0,0.5028775930404663,0.5028775930404663,0.4971223771572113,0.5028775930404663,21,2,3,post_calibration
296,8,21,9,60,1,0,0,0.5017789602279663,0.5017789602279663,0.5017789602279663,0.4982210099697113,21,2,3,post_calibration
296,9,21,10,60,1,0,0,0.5056353211402893,0.5056353211402893,0.5056353211402893,0.4943646788597107,21,2,3,post_calibration
296,10,21,12,60,1,0,0,0.50510573387146,0.50510573387146,0.50510573387146,0.49489423632621765,21,2,3,post_calibration
296,11,21,13,60,1,0,0,0.5049235224723816,0.5049235224723816,0.5049235224723816,0.4950764775276184,21,2,3,post_calibration
296,12,21,15,60,1,0,0,0.5076898336410522,0.5076898336410522,0.5076898336410522,0.49231016635894775,21,2,3,post_calibration
296,13,21,16,60,0,1,0,0.5034260153770447,0.5034260153770447,0.4965739846229553,0.5034260153770447,21,2,3,post_calibration
296,14,21,17,60,1,1,1,0.5013120770454407,0.5013120770454407,0.4986879527568817,0.5013120770454407,21,2,3,post_calibration
297,0,21,0,60,1,1,1,0.5005854368209839,0.5005854368209839,0.4994145631790161,0.5005854368209839,21,3,3,zero_shot_paired
297,1,21,1,60,1,1,1,0.502863347530365,0.502863347530365,0.497136652469635,0.502863347530365,21,3,3,zero_shot_paired
297,2,21,2,60,1,0,0,0.5025531053543091,0.5025531053543091,0.5025531053543091,0.4974468946456909,21,3,3,zero_shot_paired
297,3,21,3,60,0,0,1,0.505865216255188,0.505865216255188,0.505865216255188,0.4941348135471344,21,3,3,zero_shot_paired
297,4,21,4,60,1,0,0,0.5000584721565247,0.5000584721565247,0.5000584721565247,0.49994152784347534,21,3,3,zero_shot_paired
297,5,21,5,60,1,0,0,0.5011662244796753,0.5011662244796753,0.5011662244796753,0.4988338053226471,21,3,3,zero_shot_paired
297,6,21,6,60,1,0,0,0.5024007558822632,0.5024007558822632,0.5024007558822632,0.49759921431541443,21,3,3,zero_shot_paired
297,7,21,7,60,0,1,0,0.5010944604873657,0.5010944604873657,0.49890556931495667,0.5010944604873657,21,3,3,zero_shot_paired
297,8,21,8,60,0,1,0,0.5027779936790466,0.5027779936790466,0.49722200632095337,0.5027779936790466,21,3,3,zero_shot_paired
297,9,21,9,60,1,0,0,0.5020235180854797,0.5020235180854797,0.5020235180854797,0.4979764521121979,21,3,3,zero_shot_paired
297,10,21,10,60,1,0,0,0.505865216255188,0.505865216255188,0.505865216255188,0.4941348135471344,21,3,3,zero_shot_paired
297,11,21,11,60,1,0,0,0.5025455951690674,0.5025455951690674,0.5025455951690674,0.49745434522628784,21,3,3,zero_shot_paired
297,12,21,14,60,1,1,1,0.5006821155548096,0.5006821155548096,0.4993179142475128,0.5006821155548096,21,3,3,zero_shot_paired
297,13,21,15,60,1,0,0,0.5077338814735413,0.5077338814735413,0.5077338814735413,0.49226611852645874,21,3,3,zero_shot_paired
297,14,21,17,60,1,1,1,0.5011892318725586,0.5011892318725586,0.4988107681274414,0.5011892318725586,21,3,3,zero_shot_paired
297,0,21,0,60,1,1,1,0.500593364238739,0.500593364238739,0.4994066059589386,0.500593364238739,21,3,3,post_calibration
297,1,21,1,60,1,1,1,0.5028880834579468,0.5028880834579468,0.49711185693740845,0.5028880834579468,21,3,3,post_calibration
297,2,21,2,60,1,0,0,0.5024349093437195,0.5024349093437195,0.5024349093437195,0.4975651204586029,21,3,3,post_calibration
297,3,21,3,60,0,0,1,0.50577712059021,0.50577712059021,0.50577712059021,0.49422284960746765,21,3,3,post_calibration
297,4,21,4,60,1,0,0,0.5000221133232117,0.5000221133232117,0.5000221133232117,0.4999779164791107,21,3,3,post_calibration
297,5,21,5,60,1,0,0,0.501003086566925,0.501003086566925,0.501003086566925,0.49899691343307495,21,3,3,post_calibration
297,6,21,6,60,1,0,0,0.5023291110992432,0.5023291110992432,0.5023291110992432,0.49767088890075684,21,3,3,post_calibration
297,7,21,7,60,0,1,0,0.5010979175567627,0.5010979175567627,0.4989020824432373,0.5010979175567627,21,3,3,post_calibration
297,8,21,8,60,0,1,0,0.5027655959129333,0.5027655959129333,0.49723440408706665,0.5027655959129333,21,3,3,post_calibration
297,9,21,9,60,1,0,0,0.5020468235015869,0.5020468235015869,0.5020468235015869,0.4979531466960907,21,3,3,post_calibration
297,10,21,10,60,1,0,0,0.5058292746543884,0.5058292746543884,0.5058292746543884,0.49417075514793396,21,3,3,post_calibration
297,11,21,11,60,1,0,0,0.5026786923408508,0.5026786923408508,0.5026786923408508,0.49732130765914917,21,3,3,post_calibration
297,12,21,14,60,1,1,1,0.5007357597351074,0.5007357597351074,0.49926427006721497,0.5007357597351074,21,3,3,post_calibration
297,13,21,15,60,1,0,0,0.5077876448631287,0.5077876448631287,0.5077876448631287,0.49221232533454895,21,3,3,post_calibration
297,14,21,17,60,1,1,1,0.5013735890388489,0.5013735890388489,0.4986264407634735,0.5013735890388489,21,3,3,post_calibration
298,0,21,0,60,1,1,1,0.5005854368209839,0.5005854368209839,0.4994145631790161,0.5005854368209839,21,4,3,zero_shot_paired
298,1,21,1,60,1,1,1,0.502863347530365,0.502863347530365,0.497136652469635,0.502863347530365,21,4,3,zero_shot_paired
298,2,21,2,60,1,0,0,0.5025531053543091,0.5025531053543091,0.5025531053543091,0.4974468946456909,21,4,3,zero_shot_paired
298,3,21,3,60,0,0,1,0.505865216255188,0.505865216255188,0.505865216255188,0.4941348135471344,21,4,3,zero_shot_paired
298,4,21,4,60,1,0,0,0.5000584721565247,0.5000584721565247,0.5000584721565247,0.49994152784347534,21,4,3,zero_shot_paired
298,5,21,5,60,1,0,0,0.5011662244796753,0.5011662244796753,0.5011662244796753,0.4988338053226471,21,4,3,zero_shot_paired
298,6,21,6,60,1,0,0,0.5024007558822632,0.5024007558822632,0.5024007558822632,0.49759921431541443,21,4,3,zero_shot_paired
298,7,21,7,60,0,1,0,0.5010944604873657,0.5010944604873657,0.49890556931495667,0.5010944604873657,21,4,3,zero_shot_paired
298,8,21,9,60,1,0,0,0.5020235180854797,0.5020235180854797,0.5020235180854797,0.4979764521121979,21,4,3,zero_shot_paired
298,9,21,10,60,1,0,0,0.505865216255188,0.505865216255188,0.505865216255188,0.4941348135471344,21,4,3,zero_shot_paired
298,10,21,11,60,1,0,0,0.5025455951690674,0.5025455951690674,0.5025455951690674,0.49745434522628784,21,4,3,zero_shot_paired
298,11,21,12,60,1,0,0,0.505236029624939,0.505236029624939,0.505236029624939,0.49476397037506104,21,4,3,zero_shot_paired
298,12,21,13,60,1,0,0,0.5050079226493835,0.5050079226493835,0.5050079226493835,0.49499207735061646,21,4,3,zero_shot_paired
298,13,21,14,60,1,1,1,0.5006821155548096,0.5006821155548096,0.4993179142475128,0.5006821155548096,21,4,3,zero_shot_paired
298,14,21,16,60,0,1,0,0.5034691095352173,0.5034691095352173,0.4965309202671051,0.5034691095352173,21,4,3,zero_shot_paired
298,0,21,0,60,1,1,1,0.5005479454994202,0.5005479454994202,0.49945205450057983,0.5005479454994202,21,4,3,post_calibration
298,1,21,1,60,1,1,1,0.5027527213096619,0.5027527213096619,0.49724724888801575,0.5027527213096619,21,4,3,post_calibration
298,2,21,2,60,1,0,0,0.502392590045929,0.502392590045929,0.502392590045929,0.49760738015174866,21,4,3,post_calibration
298,3,21,3,60,0,0,1,0.5058109760284424,0.5058109760284424,0.5058109760284424,0.49418905377388,21,4,3,post_calibration
298,4,21,4,60,1,0,0,0.5001245141029358,0.5001245141029358,0.5001245141029358,0.4998754858970642,21,4,3,post_calibration
298,5,21,5,60,1,0,0,0.5012291073799133,0.5012291073799133,0.5012291073799133,0.49877095222473145,21,4,3,post_calibration
298,6,21,6,60,1,0,0,0.5023163557052612,0.5023163557052612,0.5023163557052612,0.49768367409706116,21,4,3,post_calibration
298,7,21,7,60,0,1,0,0.5011568069458008,0.5011568069458008,0.49884316325187683,0.5011568069458008,21,4,3,post_calibration
298,8,21,9,60,1,0,0,0.5019080638885498,0.5019080638885498,0.5019080638885498,0.4980919361114502,21,4,3,post_calibration
298,9,21,10,60,1,0,0,0.505799412727356,0.505799412727356,0.505799412727356,0.4942006468772888,21,4,3,post_calibration
298,10,21,11,60,1,0,0,0.5024402141571045,0.5024402141571045,0.5024402141571045,0.4975597858428955,21,4,3,post_calibration
298,11,21,12,60,1,0,0,0.5051158666610718,0.5051158666610718,0.5051158666610718,0.4948841333389282,21,4,3,post_calibration
298,12,21,13,60,1,0,0,0.5048226714134216,0.5048226714134216,0.5048226714134216,0.495177298784256,21,4,3,post_calibration
298,13,21,14,60,1,1,1,0.5007086992263794,0.5007086992263794,0.4992912709712982,0.5007086992263794,21,4,3,post_calibration
298,14,21,16,60,0,1,0,0.5034540891647339,0.5034540891647339,0.4965459108352661,0.5034540891647339,21,4,3,post_calibration
299,0,21,0,60,1,1,1,0.5005854368209839,0.5005854368209839,0.4994145631790161,0.5005854368209839,21,5,3,zero_shot_paired
299,1,21,2,60,1,0,0,0.5025531053543091,0.5025531053543091,0.5025531053543091,0.4974468946456909,21,5,3,zero_shot_paired
299,2,21,3,60,0,0,1,0.505865216255188,0.505865216255188,0.505865216255188,0.4941348135471344,21,5,3,zero_shot_paired
299,3,21,5,60,1,0,0,0.5011662244796753,0.5011662244796753,0.5011662244796753,0.4988338053226471,21,5,3,zero_shot_paired
299,4,21,6,60,1,0,0,0.5024007558822632,0.5024007558822632,0.5024007558822632,0.49759921431541443,21,5,3,zero_shot_paired
299,5,21,8,60,0,1,0,0.5027779936790466,0.5027779936790466,0.49722200632095337,0.5027779936790466,21,5,3,zero_shot_paired
299,6,21,9,60,1,0,0,0.5020235180854797,0.5020235180854797,0.5020235180854797,0.4979764521121979,21,5,3,zero_shot_paired
299,7,21,10,60,1,0,0,0.505865216255188,0.505865216255188,0.505865216255188,0.4941348135471344,21,5,3,zero_shot_paired
299,8,21,11,60,1,0,0,0.5025455951690674,0.5025455951690674,0.5025455951690674,0.49745434522628784,21,5,3,zero_shot_paired
299,9,21,12,60,1,0,0,0.505236029624939,0.505236029624939,0.505236029624939,0.49476397037506104,21,5,3,zero_shot_paired
299,10,21,13,60,1,0,0,0.5050079226493835,0.5050079226493835,0.5050079226493835,0.49499207735061646,21,5,3,zero_shot_paired
299,11,21,14,60,1,1,1,0.5006821155548096,0.5006821155548096,0.4993179142475128,0.5006821155548096,21,5,3,zero_shot_paired
299,12,21,15,60,1,0,0,0.5077338814735413,0.5077338814735413,0.5077338814735413,0.49226611852645874,21,5,3,zero_shot_paired
299,13,21,16,60,0,1,0,0.5034691095352173,0.5034691095352173,0.4965309202671051,0.5034691095352173,21,5,3,zero_shot_paired
299,14,21,17,60,1,1,1,0.5011892318725586,0.5011892318725586,0.4988107681274414,0.5011892318725586,21,5,3,zero_shot_paired
299,0,21,0,60,1,1,1,0.5005412697792053,0.5005412697792053,0.49945876002311707,0.5005412697792053,21,5,3,post_calibration
299,1,21,2,60,1,0,0,0.5024726986885071,0.5024726986885071,0.5024726986885071,0.49752727150917053,21,5,3,post_calibration
299,2,21,3,60,0,0,1,0.5057598948478699,0.5057598948478699,0.5057598948478699,0.4942401349544525,21,5,3,post_calibration
299,3,21,5,60,1,0,0,0.5011728405952454,0.5011728405952454,0.5011728405952454,0.49882712960243225,21,5,3,post_calibration
299,4,21,6,60,1,0,0,0.5024114847183228,0.5024114847183228,0.5024114847183228,0.49758851528167725,21,5,3,post_calibration
299,5,21,8,60,0,1,0,0.5027018785476685,0.5027018785476685,0.49729812145233154,0.5027018785476685,21,5,3,post_calibration
299,6,21,9,60,1,0,0,0.5020948052406311,0.5020948052406311,0.5020948052406311,0.4979051947593689,21,5,3,post_calibration
299,7,21,10,60,1,0,0,0.5059688687324524,0.5059688687324524,0.5059688687324524,0.49403107166290283,21,5,3,post_calibration
299,8,21,11,60,1,0,0,0.5025902390480042,0.5025902390480042,0.5025902390480042,0.49740979075431824,21,5,3,post_calibration
299,9,21,12,60,1,0,0,0.5052070021629333,0.5052070021629333,0.5052070021629333,0.49479299783706665,21,5,3,post_calibration
299,10,21,13,60,1,0,0,0.5050891637802124,0.5050891637802124,0.5050891637802124,0.4949107766151428,21,5,3,post_calibration
299,11,21,14,60,1,1,1,0.5006532073020935,0.5006532073020935,0.4993467330932617,0.5006532073020935,21,5,3,post_calibration
299,12,21,15,60,1,0,0,0.5078548192977905,0.5078548192977905,0.5078548192977905,0.49214521050453186,21,5,3,post_calibration
299,13,21,16,60,0,1,0,0.5034032464027405,0.5034032464027405,0.4965967833995819,0.5034032464027405,21,5,3,post_calibration
299,14,21,17,60,1,1,1,0.5012237429618835,0.5012237429618835,0.49877622723579407,0.5012237429618835,21,5,3,post_calibration
300,0,21,0,60,1,1,1,0.5005854368209839,0.5005854368209839,0.4994145631790161,0.5005854368209839,21,6,3,zero_shot_paired
300,1,21,1,60,1,1,1,0.502863347530365,0.502863347530365,0.497136652469635,0.502863347530365,21,6,3,zero_shot_paired
300,2,21,4,60,1,0,0,0.5000584721565247,0.5000584721565247,0.5000584721565247,0.49994152784347534,21,6,3,zero_shot_paired
300,3,21,5,60,1,0,0,0.5011662244796753,0.5011662244796753,0.5011662244796753,0.4988338053226471,21,6,3,zero_shot_paired
300,4,21,6,60,1,0,0,0.5024007558822632,0.5024007558822632,0.5024007558822632,0.49759921431541443,21,6,3,zero_shot_paired
300,5,21,7,60,0,1,0,0.5010944604873657,0.5010944604873657,0.49890556931495667,0.5010944604873657,21,6,3,zero_shot_paired
300,6,21,8,60,0,1,0,0.5027779936790466,0.5027779936790466,0.49722200632095337,0.5027779936790466,21,6,3,zero_shot_paired
300,7,21,9,60,1,0,0,0.5020235180854797,0.5020235180854797,0.5020235180854797,0.4979764521121979,21,6,3,zero_shot_paired
300,8,21,11,60,1,0,0,0.5025455951690674,0.5025455951690674,0.5025455951690674,0.49745434522628784,21,6,3,zero_shot_paired
300,9,21,12,60,1,0,0,0.505236029624939,0.505236029624939,0.505236029624939,0.49476397037506104,21,6,3,zero_shot_paired
300,10,21,13,60,1,0,0,0.5050079226493835,0.5050079226493835,0.5050079226493835,0.49499207735061646,21,6,3,zero_shot_paired
300,11,21,14,60,1,1,1,0.5006821155548096,0.5006821155548096,0.4993179142475128,0.5006821155548096,21,6,3,zero_shot_paired
300,12,21,15,60,1,0,0,0.5077338814735413,0.5077338814735413,0.5077338814735413,0.49226611852645874,21,6,3,zero_shot_paired
300,13,21,16,60,0,1,0,0.5034691095352173,0.5034691095352173,0.4965309202671051,0.5034691095352173,21,6,3,zero_shot_paired
300,14,21,17,60,1,1,1,0.5011892318725586,0.5011892318725586,0.4988107681274414,0.5011892318725586,21,6,3,zero_shot_paired
300,0,21,0,60,1,1,1,0.5006757974624634,0.5006757974624634,0.4993242025375366,0.5006757974624634,21,6,3,post_calibration
300,1,21,1,60,1,1,1,0.5028584599494934,0.5028584599494934,0.4971415400505066,0.5028584599494934,21,6,3,post_calibration
300,2,21,4,60,1,0,0,0.5000366568565369,0.5000366568565369,0.5000366568565369,0.4999633729457855,21,6,3,post_calibration
300,3,21,5,60,1,0,0,0.5011305809020996,0.5011305809020996,0.5011305809020996,0.498869389295578,21,6,3,post_calibration
300,4,21,6,60,1,0,0,0.5024728775024414,0.5024728775024414,0.5024728775024414,0.497527152299881,21,6,3,post_calibration
300,5,21,7,60,0,1,0,0.5010328888893127,0.5010328888893127,0.49896714091300964,0.5010328888893127,21,6,3,post_calibration
300,6,21,8,60,0,1,0,0.5027322173118591,0.5027322173118591,0.49726781249046326,0.5027322173118591,21,6,3,post_calibration
300,7,21,9,60,1,0,0,0.5020596981048584,0.5020596981048584,0.5020596981048584,0.4979402720928192,21,6,3,post_calibration
300,8,21,11,60,1,0,0,0.5027206540107727,0.5027206540107727,0.5027206540107727,0.4972793757915497,21,6,3,post_calibration
300,9,21,12,60,1,0,0,0.505085289478302,0.505085289478302,0.505085289478302,0.494914710521698,21,6,3,post_calibration
300,10,21,13,60,1,0,0,0.5050090551376343,0.5050090551376343,0.5050090551376343,0.4949909746646881,21,6,3,post_calibration
300,11,21,14,60,1,1,1,0.5006221532821655,0.5006221532821655,0.4993778169155121,0.5006221532821655,21,6,3,post_calibration
300,12,21,15,60,1,0,0,0.5077855587005615,0.5077855587005615,0.5077855587005615,0.49221447110176086,21,6,3,post_calibration
300,13,21,16,60,0,1,0,0.503540575504303,0.503540575504303,0.4964594542980194,0.503540575504303,21,6,3,post_calibration
300,14,21,17,60,1,1,1,0.5011290907859802,0.5011290907859802,0.49887093901634216,0.5011290907859802,21,6,3,post_calibration
301,0,21,0,60,1,1,1,0.5005854368209839,0.5005854368209839,0.4994145631790161,0.5005854368209839,21,1,6,zero_shot_paired
301,1,21,1,60,1,1,1,0.502863347530365,0.502863347530365,0.497136652469635,0.502863347530365,21,1,6,zero_shot_paired
301,2,21,2,60,1,0,0,0.5025531053543091,0.5025531053543091,0.5025531053543091,0.4974468946456909,21,1,6,zero_shot_paired
301,3,21,3,60,0,0,1,0.505865216255188,0.505865216255188,0.505865216255188,0.4941348135471344,21,1,6,zero_shot_paired
301,4,21,5,60,1,0,0,0.5011662244796753,0.5011662244796753,0.5011662244796753,0.4988338053226471,21,1,6,zero_shot_paired
301,5,21,7,60,0,1,0,0.5010944604873657,0.5010944604873657,0.49890556931495667,0.5010944604873657,21,1,6,zero_shot_paired
301,6,21,9,60,1,0,0,0.5020235180854797,0.5020235180854797,0.5020235180854797,0.4979764521121979,21,1,6,zero_shot_paired
301,7,21,13,60,1,0,0,0.5050079226493835,0.5050079226493835,0.5050079226493835,0.49499207735061646,21,1,6,zero_shot_paired
301,8,21,14,60,1,1,1,0.5006821155548096,0.5006821155548096,0.4993179142475128,0.5006821155548096,21,1,6,zero_shot_paired
301,9,21,15,60,1,0,0,0.5077338814735413,0.5077338814735413,0.5077338814735413,0.49226611852645874,21,1,6,zero_shot_paired
301,10,21,16,60,0,1,0,0.5034691095352173,0.5034691095352173,0.4965309202671051,0.5034691095352173,21,1,6,zero_shot_paired
301,11,21,17,60,1,1,1,0.5011892318725586,0.5011892318725586,0.4988107681274414,0.5011892318725586,21,1,6,zero_shot_paired
301,0,21,0,60,1,1,1,0.5005813837051392,0.5005813837051392,0.49941861629486084,0.5005813837051392,21,1,6,post_calibration
301,1,21,1,60,1,1,1,0.5028416514396667,0.5028416514396667,0.4971582889556885,0.5028416514396667,21,1,6,post_calibration
301,2,21,2,60,1,0,0,0.502300500869751,0.502300500869751,0.502300500869751,0.497699499130249,21,1,6,post_calibration
301,3,21,3,60,0,0,1,0.5056357979774475,0.5056357979774475,0.5056357979774475,0.4943642020225525,21,1,6,post_calibration
301,4,21,5,60,1,0,0,0.5009717345237732,0.5009717345237732,0.5009717345237732,0.4990282654762268,21,1,6,post_calibration
301,5,21,7,60,0,1,0,0.5010897517204285,0.5010897517204285,0.49891021847724915,0.5010897517204285,21,1,6,post_calibration
301,6,21,9,60,1,0,0,0.5021146535873413,0.5021146535873413,0.5021146535873413,0.4978852868080139,21,1,6,post_calibration
301,7,21,13,60,1,0,0,0.5048065781593323,0.5048065781593323,0.5048065781593323,0.4951934516429901,21,1,6,post_calibration
301,8,21,14,60,1,1,1,0.5007516145706177,0.5007516145706177,0.4992484152317047,0.5007516145706177,21,1,6,post_calibration
301,9,21,15,60,1,0,0,0.5077505707740784,0.5077505707740784,0.5077505707740784,0.49224939942359924,21,1,6,post_calibration
301,10,21,16,60,0,1,0,0.5034270286560059,0.5034270286560059,0.49657291173934937,0.5034270286560059,21,1,6,post_calibration
301,11,21,17,60,1,1,1,0.5014798045158386,0.5014798045158386,0.4985201954841614,0.5014798045158386,21,1,6,post_calibration
302,0,21,1,60,1,1,1,0.502863347530365,0.502863347530365,0.497136652469635,0.502863347530365,21,2,6,zero_shot_paired
302,1,21,4,60,1,0,0,0.5000584721565247,0.5000584721565247,0.5000584721565247,0.49994152784347534,21,2,6,zero_shot_paired
302,2,21,5,60,1,0,0,0.5011662244796753,0.5011662244796753,0.5011662244796753,0.4988338053226471,21,2,6,zero_shot_paired
302,3,21,6,60,1,0,0,0.5024007558822632,0.5024007558822632,0.5024007558822632,0.49759921431541443,21,2,6,zero_shot_paired
302,4,21,7,60,0,1,0,0.5010944604873657,0.5010944604873657,0.49890556931495667,0.5010944604873657,21,2,6,zero_shot_paired
302,5,21,8,60,0,1,0,0.5027779936790466,0.5027779936790466,0.49722200632095337,0.5027779936790466,21,2,6,zero_shot_paired
302,6,21,10,60,1,0,0,0.505865216255188,0.505865216255188,0.505865216255188,0.4941348135471344,21,2,6,zero_shot_paired
302,7,21,11,60,1,0,0,0.5025455951690674,0.5025455951690674,0.5025455951690674,0.49745434522628784,21,2,6,zero_shot_paired
302,8,21,12,60,1,0,0,0.505236029624939,0.505236029624939,0.505236029624939,0.49476397037506104,21,2,6,zero_shot_paired
302,9,21,13,60,1,0,0,0.5050079226493835,0.5050079226493835,0.5050079226493835,0.49499207735061646,21,2,6,zero_shot_paired
302,10,21,14,60,1,1,1,0.5006821155548096,0.5006821155548096,0.4993179142475128,0.5006821155548096,21,2,6,zero_shot_paired
302,11,21,17,60,1,1,1,0.5011892318725586,0.5011892318725586,0.4988107681274414,0.5011892318725586,21,2,6,zero_shot_paired
302,0,21,1,60,1,1,1,0.502869725227356,0.502869725227356,0.49713024497032166,0.502869725227356,21,2,6,post_calibration
302,1,21,4,60,1,0,0,0.5001189112663269,0.5001189112663269,0.5001189112663269,0.4998810887336731,21,2,6,post_calibration
302,2,21,5,60,1,0,0,0.5011775493621826,0.5011775493621826,0.5011775493621826,0.4988224506378174,21,2,6,post_calibration
302,3,21,6,60,1,0,0,0.502346396446228,0.502346396446228,0.502346396446228,0.4976535737514496,21,2,6,post_calibration
302,4,21,7,60,0,1,0,0.5011164546012878,0.5011164546012878,0.49888354539871216,0.5011164546012878,21,2,6,post_calibration
302,5,21,8,60,0,1,0,0.5028618574142456,0.5028618574142456,0.4971381425857544,0.5028618574142456,21,2,6,post_calibration
302,6,21,10,60,1,0,0,0.5058161020278931,0.5058161020278931,0.5058161020278931,0.4941839277744293,21,2,6,post_calibration
302,7,21,11,60,1,0,0,0.5024607181549072,0.5024607181549072,0.5024607181549072,0.4975392818450928,21,2,6,post_calibration
302,8,21,12,60,1,0,0,0.5052887797355652,0.5052887797355652,0.5052887797355652,0.4947112202644348,21,2,6,post_calibration
302,9,21,13,60,1,0,0,0.5049923658370972,0.5049923658370972,0.5049923658370972,0.4950076639652252,21,2,6,post_calibration
302,10,21,14,60,1,1,1,0.5007154941558838,0.5007154941558838,0.4992845356464386,0.5007154941558838,21,2,6,post_calibration
302,11,21,17,60,1,1,1,0.5012146830558777,0.5012146830558777,0.49878525733947754,0.5012146830558777,21,2,6,post_calibration
303,0,21,0,60,1,1,1,0.5005854368209839,0.5005854368209839,0.4994145631790161,0.5005854368209839,21,3,6,zero_shot_paired
303,1,21,2,60,1,0,0,0.5025531053543091,0.5025531053543091,0.5025531053543091,0.4974468946456909,21,3,6,zero_shot_paired
303,2,21,3,60,0,0,1,0.505865216255188,0.505865216255188,0.505865216255188,0.4941348135471344,21,3,6,zero_shot_paired
303,3,21,4,60,1,0,0,0.5000584721565247,0.5000584721565247,0.5000584721565247,0.49994152784347534,21,3,6,zero_shot_paired
303,4,21,6,60,1,0,0,0.5024007558822632,0.5024007558822632,0.5024007558822632,0.49759921431541443,21,3,6,zero_shot_paired
303,5,21,8,60,0,1,0,0.5027779936790466,0.5027779936790466,0.49722200632095337,0.5027779936790466,21,3,6,zero_shot_paired
303,6,21,9,60,1,0,0,0.5020235180854797,0.5020235180854797,0.5020235180854797,0.4979764521121979,21,3,6,zero_shot_paired
303,7,21,10,60,1,0,0,0.505865216255188,0.505865216255188,0.505865216255188,0.4941348135471344,21,3,6,zero_shot_paired
303,8,21,11,60,1,0,0,0.5025455951690674,0.5025455951690674,0.5025455951690674,0.49745434522628784,21,3,6,zero_shot_paired
303,9,21,12,60,1,0,0,0.505236029624939,0.505236029624939,0.505236029624939,0.49476397037506104,21,3,6,zero_shot_paired
303,10,21,15,60,1,0,0,0.5077338814735413,0.5077338814735413,0.5077338814735413,0.49226611852645874,21,3,6,zero_shot_paired
303,11,21,16,60,0,1,0,0.5034691095352173,0.5034691095352173,0.4965309202671051,0.5034691095352173,21,3,6,zero_shot_paired
303,0,21,0,60,1,1,1,0.5005918145179749,0.5005918145179749,0.49940818548202515,0.5005918145179749,21,3,6,post_calibration
303,1,21,2,60,1,0,0,0.5023471117019653,0.5023471117019653,0.5023471117019653,0.4976528584957123,21,3,6,post_calibration
303,2,21,3,60,0,0,1,0.505662202835083,0.505662202835083,0.505662202835083,0.4943378269672394,21,3,6,post_calibration
303,3,21,4,60,1,0,0,0.5000594854354858,0.5000594854354858,0.5000594854354858,0.49994054436683655,21,3,6,post_calibration
303,4,21,6,60,1,0,0,0.5019683241844177,0.5019683241844177,0.5019683241844177,0.4980316162109375,21,3,6,post_calibration
303,5,21,8,60,0,1,0,0.5027427673339844,0.5027427673339844,0.497257262468338,0.5027427673339844,21,3,6,post_calibration
303,6,21,9,60,1,0,0,0.5020074844360352,0.5020074844360352,0.5020074844360352,0.49799254536628723,21,3,6,post_calibration
303,7,21,10,60,1,0,0,0.5056242942810059,0.5056242942810059,0.5056242942810059,0.49437573552131653,21,3,6,post_calibration
303,8,21,11,60,1,0,0,0.5023479461669922,0.5023479461669922,0.5023479461669922,0.4976520836353302,21,3,6,post_calibration
303,9,21,12,60,1,0,0,0.5050709843635559,0.5050709843635559,0.5050709843635559,0.4949289858341217,21,3,6,post_calibration
303,10,21,15,60,1,0,0,0.5077158808708191,0.5077158808708191,0.5077158808708191,0.4922841191291809,21,3,6,post_calibration
303,11,21,16,60,0,1,0,0.503516674041748,0.503516674041748,0.49648335576057434,0.503516674041748,21,3,6,post_calibration
304,0,21,2,60,1,0,0,0.5025531053543091,0.5025531053543091,0.5025531053543091,0.4974469542503357,21,1,9,zero_shot_paired
304,1,21,3,60,0,0,1,0.5058651566505432,0.5058651566505432,0.5058651566505432,0.4941348135471344,21,1,9,zero_shot_paired
304,2,21,6,60,1,0,0,0.5024008750915527,0.5024008750915527,0.5024008750915527,0.4975990653038025,21,1,9,zero_shot_paired
304,3,21,8,60,0,1,0,0.5027781128883362,0.5027781128883362,0.4972218871116638,0.5027781128883362,21,1,9,zero_shot_paired
304,4,21,9,60,1,0,0,0.5020235180854797,0.5020235180854797,0.5020235180854797,0.4979764521121979,21,1,9,zero_shot_paired
304,5,21,11,60,1,0,0,0.5025455951690674,0.5025455951690674,0.5025455951690674,0.49745434522628784,21,1,9,zero_shot_paired
304,6,21,12,60,1,0,0,0.5052360892295837,0.5052360892295837,0.5052360892295837,0.49476388096809387,21,1,9,zero_shot_paired
304,7,21,15,60,1,0,0,0.5077338814735413,0.5077338814735413,0.5077338814735413,0.49226611852645874,21,1,9,zero_shot_paired
304,8,21,17,60,1,1,1,0.501189112663269,0.501189112663269,0.49881085753440857,0.501189112663269,21,1,9,zero_shot_paired
304,0,21,2,60,1,0,0,0.5024206042289734,0.5024206042289734,0.5024206042289734,0.4975794553756714,21,1,9,post_calibration
304,1,21,3,60,0,0,1,0.5056421160697937,0.5056421160697937,0.5056421160697937,0.4943579137325287,21,1,9,post_calibration
304,2,21,6,60,1,0,0,0.5020554661750793,0.5020554661750793,0.5020554661750793,0.49794456362724304,21,1,9,post_calibration
304,3,21,8,60,0,1,0,0.5029457807540894,0.5029457807540894,0.49705421924591064,0.5029457807540894,21,1,9,post_calibration
304,4,21,9,60,1,0,0,0.501919686794281,0.501919686794281,0.501919686794281,0.4980803430080414,21,1,9,post_calibration
304,5,21,11,60,1,0,0,0.5022867321968079,0.5022867321968079,0.5022867321968079,0.49771326780319214,21,1,9,post_calibration
304,6,21,12,60,1,0,0,0.5050526261329651,0.5050526261329651,0.5050526261329651,0.4949473440647125,21,1,9,post_calibration
304,7,21,15,60,1,0,0,0.5077013373374939,0.5077013373374939,0.5077013373374939,0.4922986626625061,21,1,9,post_calibration
304,8,21,17,60,1,1,1,0.5013840198516846,0.5013840198516846,0.49861595034599304,0.5013840198516846,21,1,9,post_calibration
305,0,21,0,60,1,1,1,0.5005854964256287,0.5005854964256287,0.49941450357437134,0.5005854964256287,21,2,9,zero_shot_paired
305,1,21,1,60,1,1,1,0.502863347530365,0.502863347530365,0.4971366822719574,0.502863347530365,21,2,9,zero_shot_paired
305,2,21,4,60,1,0,0,0.5000584721565247,0.5000584721565247,0.5000584721565247,0.49994149804115295,21,2,9,zero_shot_paired
305,3,21,5,60,1,0,0,0.5011661648750305,0.5011661648750305,0.5011661648750305,0.4988338351249695,21,2,9,zero_shot_paired
305,4,21,7,60,0,1,0,0.5010945796966553,0.5010945796966553,0.4989054203033447,0.5010945796966553,21,2,9,zero_shot_paired
305,5,21,10,60,1,0,0,0.505865216255188,0.505865216255188,0.505865216255188,0.4941348135471344,21,2,9,zero_shot_paired
305,6,21,13,60,1,0,0,0.5050079822540283,0.5050079822540283,0.5050079822540283,0.4949919879436493,21,2,9,zero_shot_paired
305,7,21,14,60,1,1,1,0.5006820559501648,0.5006820559501648,0.4993179440498352,0.5006820559501648,21,2,9,zero_shot_paired
305,8,21,16,60,0,1,0,0.5034691095352173,0.5034691095352173,0.4965309202671051,0.5034691095352173,21,2,9,zero_shot_paired
305,0,21,0,60,1,1,1,0.5006954073905945,0.5006954073905945,0.4993046224117279,0.5006954073905945,21,2,9,post_calibration
305,1,21,1,60,1,1,1,0.5028274655342102,0.5028274655342102,0.49717259407043457,0.5028274655342102,21,2,9,post_calibration
305,2,21,4,60,1,0,0,0.5000465512275696,0.5000465512275696,0.5000465512275696,0.4999534785747528,21,2,9,post_calibration
305,3,21,5,60,1,0,0,0.5011268854141235,0.5011268854141235,0.5011268854141235,0.49887311458587646,21,2,9,post_calibration
305,4,21,7,60,0,1,0,0.5011472105979919,0.5011472105979919,0.49885281920433044,0.5011472105979919,21,2,9,post_calibration
305,5,21,10,60,1,0,0,0.5057284235954285,0.5057284235954285,0.5057284235954285,0.49427157640457153,21,2,9,post_calibration
305,6,21,13,60,1,0,0,0.5050451159477234,0.5050451159477234,0.5050451159477234,0.494954913854599,21,2,9,post_calibration
305,7,21,14,60,1,1,1,0.5008457899093628,0.5008457899093628,0.4991542100906372,0.5008457899093628,21,2,9,post_calibration
305,8,21,16,60,0,1,0,0.5034059882164001,0.5034059882164001,0.49659404158592224,0.5034059882164001,21,2,9,post_calibration
306,0,21,4,60,1,0,0,0.5000607371330261,0.5000607371330261,0.5000607371330261,0.4999392628669739,21,1,12,zero_shot_paired
306,1,21,6,60,1,0,0,0.5023998022079468,0.5023998022079468,0.5023998022079468,0.4976001977920532,21,1,12,zero_shot_paired
306,2,21,7,60,0,1,0,0.5010960698127747,0.5010960698127747,0.49890395998954773,0.5010960698127747,21,1,12,zero_shot_paired
306,3,21,11,60,1,0,0,0.5025455355644226,0.5025455355644226,0.5025455355644226,0.4974544644355774,21,1,12,zero_shot_paired
306,4,21,14,60,1,1,1,0.5006834864616394,0.5006834864616394,0.4993165135383606,0.5006834864616394,21,1,12,zero_shot_paired
306,5,21,15,60,1,0,0,0.5077359080314636,0.5077359080314636,0.5077359080314636,0.492264062166214,21,1,12,zero_shot_paired
306,0,21,4,60,1,1,1,0.5000899434089661,0.5000899434089661,0.49990999698638916,0.5000899434089661,21,1,12,post_calibration
306,1,21,6,60,1,0,0,0.5017977356910706,0.5017977356910706,0.5017977356910706,0.49820226430892944,21,1,12,post_calibration
306,2,21,7,60,0,1,0,0.5013656616210938,0.5013656616210938,0.4986342787742615,0.5013656616210938,21,1,12,post_calibration
306,3,21,11,60,1,0,0,0.5022538304328918,0.5022538304328918,0.5022538304328918,0.49774616956710815,21,1,12,post_calibration
306,4,21,14,60,1,1,1,0.5009186863899231,0.5009186863899231,0.4990812838077545,0.5009186863899231,21,1,12,post_calibration
306,5,21,15,60,1,0,0,0.5078026056289673,0.5078026056289673,0.5078026056289673,0.4921973943710327,21,1,12,post_calibration
307,0,21,0,60,1,1,1,0.5005835890769958,0.5005835890769958,0.49941638112068176,0.5005835890769958,21,2,12,zero_shot_paired
307,1,21,8,60,0,1,0,0.5027804970741272,0.5027804970741272,0.4972195029258728,0.5027804970741272,21,2,12,zero_shot_paired
307,2,21,9,60,1,0,0,0.5020252466201782,0.5020252466201782,0.5020252466201782,0.49797478318214417,21,2,12,zero_shot_paired
307,3,21,14,60,1,1,1,0.5006834864616394,0.5006834864616394,0.4993165135383606,0.5006834864616394,21,2,12,zero_shot_paired
307,4,21,15,60,1,0,0,0.5077359080314636,0.5077359080314636,0.5077359080314636,0.492264062166214,21,2,12,zero_shot_paired
307,5,21,17,60,1,1,1,0.5011901259422302,0.5011901259422302,0.4988098740577698,0.5011901259422302,21,2,12,zero_shot_paired
307,0,21,0,60,1,1,1,0.5007357597351074,0.5007357597351074,0.4992642402648926,0.5007357597351074,21,2,12,post_calibration
307,1,21,8,60,0,1,0,0.5028343796730042,0.5028343796730042,0.49716565012931824,0.5028343796730042,21,2,12,post_calibration
307,2,21,9,60,1,0,0,0.502111554145813,0.502111554145813,0.502111554145813,0.4978884160518646,21,2,12,post_calibration
307,3,21,14,60,1,1,1,0.5008028745651245,0.5008028745651245,0.49919718503952026,0.5008028745651245,21,2,12,post_calibration
307,4,21,15,60,1,0,0,0.5077259540557861,0.5077259540557861,0.5077259540557861,0.49227404594421387,21,2,12,post_calibration
307,5,21,17,60,1,1,1,0.5016201734542847,0.5016201734542847,0.4983798563480377,0.5016201734542847,21,2,12,post_calibration
308,0,21,1,60,1,1,1,0.502860426902771,0.502860426902771,0.4971395432949066,0.502860426902771,21,3,12,zero_shot_paired
308,1,21,5,60,1,0,0,0.5011662244796753,0.5011662244796753,0.5011662244796753,0.4988337755203247,21,3,12,zero_shot_paired
308,2,21,6,60,1,0,0,0.5023998022079468,0.5023998022079468,0.5023998022079468,0.4976001977920532,21,3,12,zero_shot_paired
308,3,21,7,60,0,1,0,0.5010960698127747,0.5010960698127747,0.49890395998954773,0.5010960698127747,21,3,12,zero_shot_paired
308,4,21,10,60,1,0,0,0.5058643221855164,0.5058643221855164,0.5058643221855164,0.49413570761680603,21,3,12,zero_shot_paired
308,5,21,13,60,1,0,0,0.5050075054168701,0.5050075054168701,0.5050075054168701,0.49499252438545227,21,3,12,zero_shot_paired
308,0,21,1,60,1,1,1,0.5031595826148987,0.5031595826148987,0.4968404173851013,0.5031595826148987,21,3,12,post_calibration
308,1,21,5,60,1,0,0,0.5007908344268799,0.5007908344268799,0.5007908344268799,0.49920913577079773,21,3,12,post_calibration
308,2,21,6,60,1,0,0,0.501837968826294,0.501837968826294,0.501837968826294,0.49816206097602844,21,3,12,post_calibration
308,3,21,7,60,0,1,0,0.5013716816902161,0.5013716816902161,0.4986283481121063,0.5013716816902161,21,3,12,post_calibration
308,4,21,10,60,1,0,0,0.5055946707725525,0.5055946707725525,0.5055946707725525,0.4944053292274475,21,3,12,post_calibration
308,5,21,13,60,1,0,0,0.5047277808189392,0.5047277808189392,0.5047277808189392,0.4952722191810608,21,3,12,post_calibration
23,0,22,0,60,1,0,0,0.502578616142273,0.502578616142273,0.502578616142273,0.49742138385772705,22,,,zero_shot_all_trials
23,1,22,1,60,1,1,1,0.5033660531044006,0.5033660531044006,0.49663394689559937,0.5033660531044006,22,,,zero_shot_all_trials
23,2,22,2,60,1,1,1,0.5007627010345459,0.5007627010345459,0.4992372393608093,0.5007627010345459,22,,,zero_shot_all_trials
23,3,22,3,60,0,1,0,0.501876175403595,0.501876175403595,0.4981238543987274,0.501876175403595,22,,,zero_shot_all_trials
23,4,22,4,60,1,1,1,0.5006128549575806,0.5006128549575806,0.4993871748447418,0.5006128549575806,22,,,zero_shot_all_trials
23,5,22,5,60,1,0,0,0.5033583641052246,0.5033583641052246,0.5033583641052246,0.496641606092453,22,,,zero_shot_all_trials
23,6,22,6,60,1,1,1,0.5029393434524536,0.5029393434524536,0.4970606863498688,0.5029393434524536,22,,,zero_shot_all_trials
23,7,22,7,60,0,0,1,0.5023093223571777,0.5023093223571777,0.5023093223571777,0.49769070744514465,22,,,zero_shot_all_trials
23,8,22,8,60,0,1,0,0.5026729702949524,0.5026729702949524,0.4973270297050476,0.5026729702949524,22,,,zero_shot_all_trials
23,9,22,9,60,0,1,0,0.5002464652061462,0.5002464652061462,0.49975356459617615,0.5002464652061462,22,,,zero_shot_all_trials
23,10,22,10,60,1,1,1,0.503581166267395,0.503581166267395,0.4964188039302826,0.503581166267395,22,,,zero_shot_all_trials
23,11,22,11,60,1,1,1,0.5014830827713013,0.5014830827713013,0.4985169768333435,0.5014830827713013,22,,,zero_shot_all_trials
23,12,22,12,60,1,1,1,0.5031464099884033,0.5031464099884033,0.4968535602092743,0.5031464099884033,22,,,zero_shot_all_trials
23,13,22,13,60,0,1,0,0.5037410855293274,0.5037410855293274,0.496258944272995,0.5037410855293274,22,,,zero_shot_all_trials
23,14,22,14,60,0,0,1,0.5006007552146912,0.5006007552146912,0.5006007552146912,0.4993992745876312,22,,,zero_shot_all_trials
23,15,22,15,60,1,1,1,0.501700758934021,0.501700758934021,0.4982992708683014,0.501700758934021,22,,,zero_shot_all_trials
23,16,22,16,60,0,1,0,0.5041351914405823,0.5041351914405823,0.4958648383617401,0.5041351914405823,22,,,zero_shot_all_trials
23,17,22,17,60,0,1,0,0.5015602111816406,0.5015602111816406,0.4984397292137146,0.5015602111816406,22,,,zero_shot_all_trials
309,0,22,0,60,1,0,0,0.502578616142273,0.502578616142273,0.502578616142273,0.49742138385772705,22,1,3,zero_shot_paired
309,1,22,1,60,1,1,1,0.5033661723136902,0.5033661723136902,0.4966338276863098,0.5033661723136902,22,1,3,zero_shot_paired
309,2,22,3,60,0,1,0,0.5018761157989502,0.5018761157989502,0.4981238842010498,0.5018761157989502,22,1,3,zero_shot_paired
309,3,22,4,60,1,1,1,0.5006129741668701,0.5006129741668701,0.4993870258331299,0.5006129741668701,22,1,3,zero_shot_paired
309,4,22,5,60,1,0,0,0.5033582448959351,0.5033582448959351,0.5033582448959351,0.49664178490638733,22,1,3,zero_shot_paired
309,5,22,6,60,1,1,1,0.5029393434524536,0.5029393434524536,0.4970606863498688,0.5029393434524536,22,1,3,zero_shot_paired
309,6,22,7,60,0,0,1,0.5023092031478882,0.5023092031478882,0.5023092031478882,0.4976908266544342,22,1,3,zero_shot_paired
309,7,22,9,60,0,1,0,0.5002463459968567,0.5002463459968567,0.4997536540031433,0.5002463459968567,22,1,3,zero_shot_paired
309,8,22,10,60,1,1,1,0.5035811066627502,0.5035811066627502,0.49641886353492737,0.5035811066627502,22,1,3,zero_shot_paired
309,9,22,11,60,1,1,1,0.5014832615852356,0.5014832615852356,0.4985167384147644,0.5014832615852356,22,1,3,zero_shot_paired
309,10,22,12,60,1,1,1,0.5031463503837585,0.5031463503837585,0.49685364961624146,0.5031463503837585,22,1,3,zero_shot_paired
309,11,22,13,60,0,1,0,0.5037413835525513,0.5037413835525513,0.4962586462497711,0.5037413835525513,22,1,3,zero_shot_paired
309,12,22,14,60,0,0,1,0.5006007552146912,0.5006007552146912,0.5006007552146912,0.4993992745876312,22,1,3,zero_shot_paired
309,13,22,16,60,0,1,0,0.5041351318359375,0.5041351318359375,0.4958648383617401,0.5041351318359375,22,1,3,zero_shot_paired
309,14,22,17,60,0,1,0,0.5015602111816406,0.5015602111816406,0.4984397292137146,0.5015602111816406,22,1,3,zero_shot_paired
309,0,22,0,60,1,0,0,0.5026355385780334,0.5026355385780334,0.5026355385780334,0.49736443161964417,22,1,3,post_calibration
309,1,22,1,60,1,1,1,0.5033189058303833,0.5033189058303833,0.4966810643672943,0.5033189058303833,22,1,3,post_calibration
309,2,22,3,60,0,1,0,0.5018506050109863,0.5018506050109863,0.4981493353843689,0.5018506050109863,22,1,3,post_calibration
309,3,22,4,60,1,1,1,0.5006914734840393,0.5006914734840393,0.4993085265159607,0.5006914734840393,22,1,3,post_calibration
309,4,22,5,60,1,0,0,0.5033326745033264,0.5033326745033264,0.5033326745033264,0.49666735529899597,22,1,3,post_calibration
309,5,22,6,60,1,1,1,0.5029042959213257,0.5029042959213257,0.49709564447402954,0.5029042959213257,22,1,3,post_calibration
309,6,22,7,60,0,0,1,0.5023995637893677,0.5023995637893677,0.5023995637893677,0.4976004362106323,22,1,3,post_calibration
309,7,22,9,60,0,1,0,0.5002227425575256,0.5002227425575256,0.49977725744247437,0.5002227425575256,22,1,3,post_calibration
309,8,22,10,60,1,1,1,0.5035602450370789,0.5035602450370789,0.49643975496292114,0.5035602450370789,22,1,3,post_calibration
309,9,22,11,60,1,1,1,0.501508891582489,0.501508891582489,0.4984910786151886,0.501508891582489,22,1,3,post_calibration
309,10,22,12,60,1,1,1,0.5031384229660034,0.5031384229660034,0.4968615174293518,0.5031384229660034,22,1,3,post_calibration
309,11,22,13,60,0,1,0,0.5037503242492676,0.5037503242492676,0.4962496757507324,0.5037503242492676,22,1,3,post_calibration
309,12,22,14,60,0,0,1,0.5006380081176758,0.5006380081176758,0.5006380081176758,0.4993619918823242,22,1,3,post_calibration
309,13,22,16,60,0,1,0,0.5042630434036255,0.5042630434036255,0.4957369565963745,0.5042630434036255,22,1,3,post_calibration
309,14,22,17,60,0,1,0,0.5015074610710144,0.5015074610710144,0.498492568731308,0.5015074610710144,22,1,3,post_calibration
310,0,22,0,60,1,0,0,0.502578616142273,0.502578616142273,0.502578616142273,0.49742138385772705,22,2,3,zero_shot_paired
310,1,22,2,60,1,1,1,0.5007627010345459,0.5007627010345459,0.4992372989654541,0.5007627010345459,22,2,3,zero_shot_paired
310,2,22,3,60,0,1,0,0.5018761157989502,0.5018761157989502,0.4981238842010498,0.5018761157989502,22,2,3,zero_shot_paired
310,3,22,4,60,1,1,1,0.5006129741668701,0.5006129741668701,0.4993870258331299,0.5006129741668701,22,2,3,zero_shot_paired
310,4,22,5,60,1,0,0,0.5033582448959351,0.5033582448959351,0.5033582448959351,0.49664178490638733,22,2,3,zero_shot_paired
310,5,22,6,60,1,1,1,0.5029393434524536,0.5029393434524536,0.4970606863498688,0.5029393434524536,22,2,3,zero_shot_paired
310,6,22,8,60,0,1,0,0.5026730298995972,0.5026730298995972,0.49732697010040283,0.5026730298995972,22,2,3,zero_shot_paired
310,7,22,9,60,0,1,0,0.5002463459968567,0.5002463459968567,0.4997536540031433,0.5002463459968567,22,2,3,zero_shot_paired
310,8,22,10,60,1,1,1,0.5035811066627502,0.5035811066627502,0.49641886353492737,0.5035811066627502,22,2,3,zero_shot_paired
310,9,22,11,60,1,1,1,0.5014832615852356,0.5014832615852356,0.4985167384147644,0.5014832615852356,22,2,3,zero_shot_paired
310,10,22,13,60,0,1,0,0.5037413835525513,0.5037413835525513,0.4962586462497711,0.5037413835525513,22,2,3,zero_shot_paired
310,11,22,14,60,0,0,1,0.5006007552146912,0.5006007552146912,0.5006007552146912,0.4993992745876312,22,2,3,zero_shot_paired
310,12,22,15,60,1,1,1,0.5017008185386658,0.5017008185386658,0.49829918146133423,0.5017008185386658,22,2,3,zero_shot_paired
310,13,22,16,60,0,1,0,0.5041351318359375,0.5041351318359375,0.4958648383617401,0.5041351318359375,22,2,3,zero_shot_paired
310,14,22,17,60,0,1,0,0.5015602111816406,0.5015602111816406,0.4984397292137146,0.5015602111816406,22,2,3,zero_shot_paired
310,0,22,0,60,1,0,0,0.5025226473808289,0.5025226473808289,0.5025226473808289,0.49747729301452637,22,2,3,post_calibration
310,1,22,2,60,1,1,1,0.5008475184440613,0.5008475184440613,0.49915245175361633,0.5008475184440613,22,2,3,post_calibration
310,2,22,3,60,0,1,0,0.5019018650054932,0.5019018650054932,0.4980981647968292,0.5019018650054932,22,2,3,post_calibration
310,3,22,4,60,1,1,1,0.500599205493927,0.500599205493927,0.4994007647037506,0.500599205493927,22,2,3,post_calibration
310,4,22,5,60,1,0,0,0.5033233761787415,0.5033233761787415,0.5033233761787415,0.49667665362358093,22,2,3,post_calibration
310,5,22,6,60,1,1,1,0.5029952526092529,0.5029952526092529,0.4970047175884247,0.5029952526092529,22,2,3,post_calibration
310,6,22,8,60,0,1,0,0.5026353597640991,0.5026353597640991,0.4973646402359009,0.5026353597640991,22,2,3,post_calibration
310,7,22,9,60,0,1,0,0.5003976225852966,0.5003976225852966,0.49960237741470337,0.5003976225852966,22,2,3,post_calibration
310,8,22,10,60,1,1,1,0.5036294460296631,0.5036294460296631,0.4963705539703369,0.5036294460296631,22,2,3,post_calibration
310,9,22,11,60,1,1,1,0.5014752149581909,0.5014752149581909,0.49852481484413147,0.5014752149581909,22,2,3,post_calibration
310,10,22,13,60,0,1,0,0.5037828683853149,0.5037828683853149,0.49621713161468506,0.5037828683853149,22,2,3,post_calibration
310,11,22,14,60,0,0,1,0.5006248354911804,0.5006248354911804,0.5006248354911804,0.4993751645088196,22,2,3,post_calibration
310,12,22,15,60,1,1,1,0.5017556548118591,0.5017556548118591,0.49824437499046326,0.5017556548118591,22,2,3,post_calibration
310,13,22,16,60,0,1,0,0.5041386485099792,0.5041386485099792,0.49586138129234314,0.5041386485099792,22,2,3,post_calibration
310,14,22,17,60,0,1,0,0.5015592575073242,0.5015592575073242,0.4984407424926758,0.5015592575073242,22,2,3,post_calibration
311,0,22,0,60,1,0,0,0.502578616142273,0.502578616142273,0.502578616142273,0.49742138385772705,22,3,3,zero_shot_paired
311,1,22,1,60,1,1,1,0.5033661723136902,0.5033661723136902,0.4966338276863098,0.5033661723136902,22,3,3,zero_shot_paired
311,2,22,2,60,1,1,1,0.5007627010345459,0.5007627010345459,0.4992372989654541,0.5007627010345459,22,3,3,zero_shot_paired
311,3,22,3,60,0,1,0,0.5018761157989502,0.5018761157989502,0.4981238842010498,0.5018761157989502,22,3,3,zero_shot_paired
311,4,22,5,60,1,0,0,0.5033582448959351,0.5033582448959351,0.5033582448959351,0.49664178490638733,22,3,3,zero_shot_paired
311,5,22,6,60,1,1,1,0.5029393434524536,0.5029393434524536,0.4970606863498688,0.5029393434524536,22,3,3,zero_shot_paired
311,6,22,7,60,0,0,1,0.5023092031478882,0.5023092031478882,0.5023092031478882,0.4976908266544342,22,3,3,zero_shot_paired
311,7,22,8,60,0,1,0,0.5026730298995972,0.5026730298995972,0.49732697010040283,0.5026730298995972,22,3,3,zero_shot_paired
311,8,22,10,60,1,1,1,0.5035811066627502,0.5035811066627502,0.49641886353492737,0.5035811066627502,22,3,3,zero_shot_paired
311,9,22,11,60,1,1,1,0.5014832615852356,0.5014832615852356,0.4985167384147644,0.5014832615852356,22,3,3,zero_shot_paired
311,10,22,12,60,1,1,1,0.5031463503837585,0.5031463503837585,0.49685364961624146,0.5031463503837585,22,3,3,zero_shot_paired
311,11,22,14,60,0,0,1,0.5006007552146912,0.5006007552146912,0.5006007552146912,0.4993992745876312,22,3,3,zero_shot_paired
311,12,22,15,60,1,1,1,0.5017008185386658,0.5017008185386658,0.49829918146133423,0.5017008185386658,22,3,3,zero_shot_paired
311,13,22,16,60,0,1,0,0.5041351318359375,0.5041351318359375,0.4958648383617401,0.5041351318359375,22,3,3,zero_shot_paired
311,14,22,17,60,0,1,0,0.5015602111816406,0.5015602111816406,0.4984397292137146,0.5015602111816406,22,3,3,zero_shot_paired
311,0,22,0,60,1,0,0,0.5024749636650085,0.5024749636650085,0.5024749636650085,0.49752503633499146,22,3,3,post_calibration
311,1,22,1,60,1,1,1,0.5033886432647705,0.5033886432647705,0.49661141633987427,0.5033886432647705,22,3,3,post_calibration
311,2,22,2,60,1,1,1,0.5008613467216492,0.5008613467216492,0.49913865327835083,0.5008613467216492,22,3,3,post_calibration
311,3,22,3,60,0,1,0,0.5019397735595703,0.5019397735595703,0.4980602264404297,0.5019397735595703,22,3,3,post_calibration
311,4,22,5,60,1,0,0,0.5033323168754578,0.5033323168754578,0.5033323168754578,0.4966677129268646,22,3,3,post_calibration
311,5,22,6,60,1,1,1,0.5029283761978149,0.5029283761978149,0.49707165360450745,0.5029283761978149,22,3,3,post_calibration
311,6,22,7,60,0,0,1,0.5022445321083069,0.5022445321083069,0.5022445321083069,0.49775540828704834,22,3,3,post_calibration
311,7,22,8,60,0,1,0,0.5026901960372925,0.5026901960372925,0.4973098635673523,0.5026901960372925,22,3,3,post_calibration
311,8,22,10,60,1,1,1,0.5036118030548096,0.5036118030548096,0.4963882565498352,0.5036118030548096,22,3,3,post_calibration
311,9,22,11,60,1,1,1,0.5014891028404236,0.5014891028404236,0.4985109269618988,0.5014891028404236,22,3,3,post_calibration
311,10,22,12,60,1,1,1,0.5031769275665283,0.5031769275665283,0.4968230724334717,0.5031769275665283,22,3,3,post_calibration
311,11,22,14,60,0,0,1,0.5005612969398499,0.5005612969398499,0.5005612969398499,0.49943870306015015,22,3,3,post_calibration
311,12,22,15,60,1,1,1,0.5018215775489807,0.5018215775489807,0.4981784522533417,0.5018215775489807,22,3,3,post_calibration
311,13,22,16,60,0,1,0,0.5042824149131775,0.5042824149131775,0.4957176148891449,0.5042824149131775,22,3,3,post_calibration
311,14,22,17,60,0,1,0,0.5015822052955627,0.5015822052955627,0.49841782450675964,0.5015822052955627,22,3,3,post_calibration
312,0,22,1,60,1,1,1,0.5033661723136902,0.5033661723136902,0.4966338276863098,0.5033661723136902,22,4,3,zero_shot_paired
312,1,22,2,60,1,1,1,0.5007627010345459,0.5007627010345459,0.4992372989654541,0.5007627010345459,22,4,3,zero_shot_paired
312,2,22,3,60,0,1,0,0.5018761157989502,0.5018761157989502,0.4981238842010498,0.5018761157989502,22,4,3,zero_shot_paired
312,3,22,4,60,1,1,1,0.5006129741668701,0.5006129741668701,0.4993870258331299,0.5006129741668701,22,4,3,zero_shot_paired
312,4,22,5,60,1,0,0,0.5033582448959351,0.5033582448959351,0.5033582448959351,0.49664178490638733,22,4,3,zero_shot_paired
312,5,22,6,60,1,1,1,0.5029393434524536,0.5029393434524536,0.4970606863498688,0.5029393434524536,22,4,3,zero_shot_paired
312,6,22,7,60,0,0,1,0.5023092031478882,0.5023092031478882,0.5023092031478882,0.4976908266544342,22,4,3,zero_shot_paired
312,7,22,8,60,0,1,0,0.5026730298995972,0.5026730298995972,0.49732697010040283,0.5026730298995972,22,4,3,zero_shot_paired
312,8,22,9,60,0,1,0,0.5002463459968567,0.5002463459968567,0.4997536540031433,0.5002463459968567,22,4,3,zero_shot_paired
312,9,22,11,60,1,1,1,0.5014832615852356,0.5014832615852356,0.4985167384147644,0.5014832615852356,22,4,3,zero_shot_paired
312,10,22,12,60,1,1,1,0.5031463503837585,0.5031463503837585,0.49685364961624146,0.5031463503837585,22,4,3,zero_shot_paired
312,11,22,13,60,0,1,0,0.5037413835525513,0.5037413835525513,0.4962586462497711,0.5037413835525513,22,4,3,zero_shot_paired
312,12,22,14,60,0,0,1,0.5006007552146912,0.5006007552146912,0.5006007552146912,0.4993992745876312,22,4,3,zero_shot_paired
312,13,22,15,60,1,1,1,0.5017008185386658,0.5017008185386658,0.49829918146133423,0.5017008185386658,22,4,3,zero_shot_paired
312,14,22,17,60,0,1,0,0.5015602111816406,0.5015602111816406,0.4984397292137146,0.5015602111816406,22,4,3,zero_shot_paired
312,0,22,1,60,1,1,1,0.5034015774726868,0.5034015774726868,0.496598482131958,0.5034015774726868,22,4,3,post_calibration
312,1,22,2,60,1,1,1,0.5008565783500671,0.5008565783500671,0.49914345145225525,0.5008565783500671,22,4,3,post_calibration
312,2,22,3,60,0,1,0,0.501968264579773,0.501968264579773,0.4980316758155823,0.501968264579773,22,4,3,post_calibration
312,3,22,4,60,1,1,1,0.5005983114242554,0.5005983114242554,0.49940165877342224,0.5005983114242554,22,4,3,post_calibration
312,4,22,5,60,1,0,0,0.5032714009284973,0.5032714009284973,0.5032714009284973,0.4967285692691803,22,4,3,post_calibration
312,5,22,6,60,1,1,1,0.5030023455619812,0.5030023455619812,0.4969977140426636,0.5030023455619812,22,4,3,post_calibration
312,6,22,7,60,0,0,1,0.5023536682128906,0.5023536682128906,0.5023536682128906,0.49764636158943176,22,4,3,post_calibration
312,7,22,8,60,0,1,0,0.5026950836181641,0.5026950836181641,0.49730491638183594,0.5026950836181641,22,4,3,post_calibration
312,8,22,9,60,0,1,0,0.500267744064331,0.500267744064331,0.49973222613334656,0.500267744064331,22,4,3,post_calibration
312,9,22,11,60,1,1,1,0.5014577507972717,0.5014577507972717,0.49854227900505066,0.5014577507972717,22,4,3,post_calibration
312,10,22,12,60,1,1,1,0.5031015872955322,0.5031015872955322,0.4968984127044678,0.5031015872955322,22,4,3,post_calibration
312,11,22,13,60,0,1,0,0.5037181973457336,0.5037181973457336,0.49628180265426636,0.5037181973457336,22,4,3,post_calibration
312,12,22,14,60,0,0,1,0.5005877017974854,0.5005877017974854,0.5005877017974854,0.49941229820251465,22,4,3,post_calibration
312,13,22,15,60,1,1,1,0.5017154812812805,0.5017154812812805,0.4982845187187195,0.5017154812812805,22,4,3,post_calibration
312,14,22,17,60,0,1,0,0.5015495419502258,0.5015495419502258,0.4984503984451294,0.5015495419502258,22,4,3,post_calibration
313,0,22,0,60,1,0,0,0.502578616142273,0.502578616142273,0.502578616142273,0.49742138385772705,22,5,3,zero_shot_paired
313,1,22,1,60,1,1,1,0.5033661723136902,0.5033661723136902,0.4966338276863098,0.5033661723136902,22,5,3,zero_shot_paired
313,2,22,2,60,1,1,1,0.5007627010345459,0.5007627010345459,0.4992372989654541,0.5007627010345459,22,5,3,zero_shot_paired
313,3,22,4,60,1,1,1,0.5006129741668701,0.5006129741668701,0.4993870258331299,0.5006129741668701,22,5,3,zero_shot_paired
313,4,22,6,60,1,1,1,0.5029393434524536,0.5029393434524536,0.4970606863498688,0.5029393434524536,22,5,3,zero_shot_paired
313,5,22,7,60,0,0,1,0.5023092031478882,0.5023092031478882,0.5023092031478882,0.4976908266544342,22,5,3,zero_shot_paired
313,6,22,8,60,0,1,0,0.5026730298995972,0.5026730298995972,0.49732697010040283,0.5026730298995972,22,5,3,zero_shot_paired
313,7,22,9,60,0,1,0,0.5002463459968567,0.5002463459968567,0.4997536540031433,0.5002463459968567,22,5,3,zero_shot_paired
313,8,22,10,60,1,1,1,0.5035811066627502,0.5035811066627502,0.49641886353492737,0.5035811066627502,22,5,3,zero_shot_paired
313,9,22,12,60,1,1,1,0.5031463503837585,0.5031463503837585,0.49685364961624146,0.5031463503837585,22,5,3,zero_shot_paired
313,10,22,13,60,0,1,0,0.5037413835525513,0.5037413835525513,0.4962586462497711,0.5037413835525513,22,5,3,zero_shot_paired
313,11,22,14,60,0,0,1,0.5006007552146912,0.5006007552146912,0.5006007552146912,0.4993992745876312,22,5,3,zero_shot_paired
313,12,22,15,60,1,1,1,0.5017008185386658,0.5017008185386658,0.49829918146133423,0.5017008185386658,22,5,3,zero_shot_paired
313,13,22,16,60,0,1,0,0.5041351318359375,0.5041351318359375,0.4958648383617401,0.5041351318359375,22,5,3,zero_shot_paired
313,14,22,17,60,0,1,0,0.5015602111816406,0.5015602111816406,0.4984397292137146,0.5015602111816406,22,5,3,zero_shot_paired
313,0,22,0,60,1,0,0,0.5025926828384399,0.5025926828384399,0.5025926828384399,0.49740731716156006,22,5,3,post_calibration
313,1,22,1,60,1,1,1,0.5034266710281372,0.5034266710281372,0.496573269367218,0.5034266710281372,22,5,3,post_calibration
313,2,22,2,60,1,1,1,0.5007864236831665,0.5007864236831665,0.4992135763168335,0.5007864236831665,22,5,3,post_calibration
313,3,22,4,60,1,1,1,0.5006126165390015,0.5006126165390015,0.49938738346099854,0.5006126165390015,22,5,3,post_calibration
313,4,22,6,60,1,1,1,0.502952516078949,0.502952516078949,0.4970475137233734,0.502952516078949,22,5,3,post_calibration
313,5,22,7,60,0,0,1,0.5022624135017395,0.5022624135017395,0.5022624135017395,0.4977376163005829,22,5,3,post_calibration
313,6,22,8,60,0,1,0,0.5026318430900574,0.5026318430900574,0.49736812710762024,0.5026318430900574,22,5,3,post_calibration
313,7,22,9,60,0,1,0,0.5003455877304077,0.5003455877304077,0.4996544420719147,0.5003455877304077,22,5,3,post_calibration
313,8,22,10,60,1,1,1,0.5036174654960632,0.5036174654960632,0.4963825047016144,0.5036174654960632,22,5,3,post_calibration
313,9,22,12,60,1,1,1,0.5032033324241638,0.5032033324241638,0.49679669737815857,0.5032033324241638,22,5,3,post_calibration
313,10,22,13,60,0,1,0,0.5037648677825928,0.5037648677825928,0.4962351322174072,0.5037648677825928,22,5,3,post_calibration
313,11,22,14,60,0,0,1,0.5005249977111816,0.5005249977111816,0.5005249977111816,0.49947500228881836,22,5,3,post_calibration
313,12,22,15,60,1,1,1,0.5019017457962036,0.5019017457962036,0.4980982840061188,0.5019017457962036,22,5,3,post_calibration
313,13,22,16,60,0,1,0,0.5043368339538574,0.5043368339538574,0.4956631660461426,0.5043368339538574,22,5,3,post_calibration
313,14,22,17,60,0,1,0,0.5015757083892822,0.5015757083892822,0.49842432141304016,0.5015757083892822,22,5,3,post_calibration
314,0,22,0,60,1,0,0,0.502578616142273,0.502578616142273,0.502578616142273,0.49742138385772705,22,6,3,zero_shot_paired
314,1,22,1,60,1,1,1,0.5033661723136902,0.5033661723136902,0.4966338276863098,0.5033661723136902,22,6,3,zero_shot_paired
314,2,22,2,60,1,1,1,0.5007627010345459,0.5007627010345459,0.4992372989654541,0.5007627010345459,22,6,3,zero_shot_paired
314,3,22,3,60,0,1,0,0.5018761157989502,0.5018761157989502,0.4981238842010498,0.5018761157989502,22,6,3,zero_shot_paired
314,4,22,4,60,1,1,1,0.5006129741668701,0.5006129741668701,0.4993870258331299,0.5006129741668701,22,6,3,zero_shot_paired
314,5,22,5,60,1,0,0,0.5033582448959351,0.5033582448959351,0.5033582448959351,0.49664178490638733,22,6,3,zero_shot_paired
314,6,22,7,60,0,0,1,0.5023092031478882,0.5023092031478882,0.5023092031478882,0.4976908266544342,22,6,3,zero_shot_paired
314,7,22,8,60,0,1,0,0.5026730298995972,0.5026730298995972,0.49732697010040283,0.5026730298995972,22,6,3,zero_shot_paired
314,8,22,9,60,0,1,0,0.5002463459968567,0.5002463459968567,0.4997536540031433,0.5002463459968567,22,6,3,zero_shot_paired
314,9,22,10,60,1,1,1,0.5035811066627502,0.5035811066627502,0.49641886353492737,0.5035811066627502,22,6,3,zero_shot_paired
314,10,22,11,60,1,1,1,0.5014832615852356,0.5014832615852356,0.4985167384147644,0.5014832615852356,22,6,3,zero_shot_paired
314,11,22,12,60,1,1,1,0.5031463503837585,0.5031463503837585,0.49685364961624146,0.5031463503837585,22,6,3,zero_shot_paired
314,12,22,13,60,0,1,0,0.5037413835525513,0.5037413835525513,0.4962586462497711,0.5037413835525513,22,6,3,zero_shot_paired
314,13,22,15,60,1,1,1,0.5017008185386658,0.5017008185386658,0.49829918146133423,0.5017008185386658,22,6,3,zero_shot_paired
314,14,22,16,60,0,1,0,0.5041351318359375,0.5041351318359375,0.4958648383617401,0.5041351318359375,22,6,3,zero_shot_paired
314,0,22,0,60,1,0,0,0.5025649666786194,0.5025649666786194,0.5025649666786194,0.497435063123703,22,6,3,post_calibration
314,1,22,1,60,1,1,1,0.5033352971076965,0.5033352971076965,0.49666470289230347,0.5033352971076965,22,6,3,post_calibration
314,2,22,2,60,1,1,1,0.5007875561714172,0.5007875561714172,0.4992124140262604,0.5007875561714172,22,6,3,post_calibration
314,3,22,3,60,0,1,0,0.5018176436424255,0.5018176436424255,0.49818235635757446,0.5018176436424255,22,6,3,post_calibration
314,4,22,4,60,1,1,1,0.500505268573761,0.500505268573761,0.499494731426239,0.500505268573761,22,6,3,post_calibration
314,5,22,5,60,1,0,0,0.5034127235412598,0.5034127235412598,0.5034127235412598,0.49658727645874023,22,6,3,post_calibration
314,6,22,7,60,0,0,1,0.502516508102417,0.502516508102417,0.502516508102417,0.497483491897583,22,6,3,post_calibration
314,7,22,8,60,0,1,0,0.5027147531509399,0.5027147531509399,0.49728524684906006,0.5027147531509399,22,6,3,post_calibration
314,8,22,9,60,0,1,0,0.5000560283660889,0.5000560283660889,0.49994394183158875,0.5000560283660889,22,6,3,post_calibration
314,9,22,10,60,1,1,1,0.5036069750785828,0.5036069750785828,0.49639296531677246,0.5036069750785828,22,6,3,post_calibration
314,10,22,11,60,1,1,1,0.5015414357185364,0.5015414357185364,0.49845853447914124,0.5015414357185364,22,6,3,post_calibration
314,11,22,12,60,1,1,1,0.503042995929718,0.503042995929718,0.4969569742679596,0.503042995929718,22,6,3,post_calibration
314,12,22,13,60,0,1,0,0.5034931302070618,0.5034931302070618,0.49650686979293823,0.5034931302070618,22,6,3,post_calibration
314,13,22,15,60,1,1,1,0.5016399025917053,0.5016399025917053,0.4983600676059723,0.5016399025917053,22,6,3,post_calibration
314,14,22,16,60,0,1,0,0.5040250420570374,0.5040250420570374,0.49597495794296265,0.5040250420570374,22,6,3,post_calibration
315,0,22,0,60,1,0,0,0.502578616142273,0.502578616142273,0.502578616142273,0.49742138385772705,22,1,6,zero_shot_paired
315,1,22,1,60,1,1,1,0.5033661723136902,0.5033661723136902,0.4966338276863098,0.5033661723136902,22,1,6,zero_shot_paired
315,2,22,2,60,1,1,1,0.5007627010345459,0.5007627010345459,0.4992372989654541,0.5007627010345459,22,1,6,zero_shot_paired
315,3,22,3,60,0,1,0,0.5018761157989502,0.5018761157989502,0.4981238842010498,0.5018761157989502,22,1,6,zero_shot_paired
315,4,22,7,60,0,0,1,0.5023092031478882,0.5023092031478882,0.5023092031478882,0.4976908266544342,22,1,6,zero_shot_paired
315,5,22,8,60,0,1,0,0.5026730298995972,0.5026730298995972,0.49732697010040283,0.5026730298995972,22,1,6,zero_shot_paired
315,6,22,10,60,1,1,1,0.5035811066627502,0.5035811066627502,0.49641886353492737,0.5035811066627502,22,1,6,zero_shot_paired
315,7,22,11,60,1,1,1,0.5014832615852356,0.5014832615852356,0.4985167384147644,0.5014832615852356,22,1,6,zero_shot_paired
315,8,22,12,60,1,1,1,0.5031463503837585,0.5031463503837585,0.49685364961624146,0.5031463503837585,22,1,6,zero_shot_paired
315,9,22,13,60,0,1,0,0.5037413835525513,0.5037413835525513,0.4962586462497711,0.5037413835525513,22,1,6,zero_shot_paired
315,10,22,14,60,0,0,1,0.5006007552146912,0.5006007552146912,0.5006007552146912,0.4993992745876312,22,1,6,zero_shot_paired
315,11,22,15,60,1,1,1,0.5017008185386658,0.5017008185386658,0.49829918146133423,0.5017008185386658,22,1,6,zero_shot_paired
315,0,22,0,60,1,0,0,0.5025666356086731,0.5025666356086731,0.5025666356086731,0.4974333345890045,22,1,6,post_calibration
315,1,22,1,60,1,1,1,0.5033642649650574,0.5033642649650574,0.496635764837265,0.5033642649650574,22,1,6,post_calibration
315,2,22,2,60,1,1,1,0.5008392930030823,0.5008392930030823,0.4991607367992401,0.5008392930030823,22,1,6,post_calibration
315,3,22,3,60,0,1,0,0.5019911527633667,0.5019911527633667,0.4980088472366333,0.5019911527633667,22,1,6,post_calibration
315,4,22,7,60,0,0,1,0.502384603023529,0.502384603023529,0.502384603023529,0.49761542677879333,22,1,6,post_calibration
315,5,22,8,60,0,1,0,0.5027444362640381,0.5027444362640381,0.4972555637359619,0.5027444362640381,22,1,6,post_calibration
315,6,22,10,60,1,1,1,0.5036931037902832,0.5036931037902832,0.4963068962097168,0.5036931037902832,22,1,6,post_calibration
315,7,22,11,60,1,1,1,0.501369297504425,0.501369297504425,0.49863073229789734,0.501369297504425,22,1,6,post_calibration
315,8,22,12,60,1,1,1,0.5030816197395325,0.5030816197395325,0.49691838026046753,0.5030816197395325,22,1,6,post_calibration
315,9,22,13,60,0,1,0,0.5036996603012085,0.5036996603012085,0.4963003098964691,0.5036996603012085,22,1,6,post_calibration
315,10,22,14,60,0,0,1,0.5006091594696045,0.5006091594696045,0.5006091594696045,0.49939078092575073,22,1,6,post_calibration
315,11,22,15,60,1,1,1,0.5016886591911316,0.5016886591911316,0.498311311006546,0.5016886591911316,22,1,6,post_calibration
316,0,22,0,60,1,0,0,0.502578616142273,0.502578616142273,0.502578616142273,0.49742138385772705,22,2,6,zero_shot_paired
316,1,22,2,60,1,1,1,0.5007627010345459,0.5007627010345459,0.4992372989654541,0.5007627010345459,22,2,6,zero_shot_paired
316,2,22,4,60,1,1,1,0.5006129741668701,0.5006129741668701,0.4993870258331299,0.5006129741668701,22,2,6,zero_shot_paired
316,3,22,5,60,1,0,0,0.5033582448959351,0.5033582448959351,0.5033582448959351,0.49664178490638733,22,2,6,zero_shot_paired
316,4,22,6,60,1,1,1,0.5029393434524536,0.5029393434524536,0.4970606863498688,0.5029393434524536,22,2,6,zero_shot_paired
316,5,22,7,60,0,0,1,0.5023092031478882,0.5023092031478882,0.5023092031478882,0.4976908266544342,22,2,6,zero_shot_paired
316,6,22,9,60,0,1,0,0.5002463459968567,0.5002463459968567,0.4997536540031433,0.5002463459968567,22,2,6,zero_shot_paired
316,7,22,13,60,0,1,0,0.5037413835525513,0.5037413835525513,0.4962586462497711,0.5037413835525513,22,2,6,zero_shot_paired
316,8,22,14,60,0,0,1,0.5006007552146912,0.5006007552146912,0.5006007552146912,0.4993992745876312,22,2,6,zero_shot_paired
316,9,22,15,60,1,1,1,0.5017008185386658,0.5017008185386658,0.49829918146133423,0.5017008185386658,22,2,6,zero_shot_paired
316,10,22,16,60,0,1,0,0.5041351318359375,0.5041351318359375,0.4958648383617401,0.5041351318359375,22,2,6,zero_shot_paired
316,11,22,17,60,0,1,0,0.5015602111816406,0.5015602111816406,0.4984397292137146,0.5015602111816406,22,2,6,zero_shot_paired
316,0,22,0,60,1,0,0,0.50263512134552,0.50263512134552,0.50263512134552,0.4973648488521576,22,2,6,post_calibration
316,1,22,2,60,1,1,1,0.5007962584495544,0.5007962584495544,0.49920374155044556,0.5007962584495544,22,2,6,post_calibration
316,2,22,4,60,1,1,1,0.5006288886070251,0.5006288886070251,0.49937111139297485,0.5006288886070251,22,2,6,post_calibration
316,3,22,5,60,1,0,0,0.5033419728279114,0.5033419728279114,0.5033419728279114,0.4966580271720886,22,2,6,post_calibration
316,4,22,6,60,1,1,1,0.5029171705245972,0.5029171705245972,0.49708279967308044,0.5029171705245972,22,2,6,post_calibration
316,5,22,7,60,0,0,1,0.5023220777511597,0.5023220777511597,0.5023220777511597,0.4976779520511627,22,2,6,post_calibration
316,6,22,9,60,0,1,0,0.5003001093864441,0.5003001093864441,0.4996999204158783,0.5003001093864441,22,2,6,post_calibration
316,7,22,13,60,0,1,0,0.5037575960159302,0.5037575960159302,0.4962424337863922,0.5037575960159302,22,2,6,post_calibration
316,8,22,14,60,0,0,1,0.5004953742027283,0.5004953742027283,0.5004953742027283,0.4995046555995941,22,2,6,post_calibration
316,9,22,15,60,1,1,1,0.5017862319946289,0.5017862319946289,0.4982137680053711,0.5017862319946289,22,2,6,post_calibration
316,10,22,16,60,0,1,0,0.5043691396713257,0.5043691396713257,0.4956308603286743,0.5043691396713257,22,2,6,post_calibration
316,11,22,17,60,0,1,0,0.5015454888343811,0.5015454888343811,0.4984544813632965,0.5015454888343811,22,2,6,post_calibration
317,0,22,1,60,1,1,1,0.5033661723136902,0.5033661723136902,0.4966338276863098,0.5033661723136902,22,3,6,zero_shot_paired
317,1,22,3,60,0,1,0,0.5018761157989502,0.5018761157989502,0.4981238842010498,0.5018761157989502,22,3,6,zero_shot_paired
317,2,22,4,60,1,1,1,0.5006129741668701,0.5006129741668701,0.4993870258331299,0.5006129741668701,22,3,6,zero_shot_paired
317,3,22,5,60,1,0,0,0.5033582448959351,0.5033582448959351,0.5033582448959351,0.49664178490638733,22,3,6,zero_shot_paired
317,4,22,6,60,1,1,1,0.5029393434524536,0.5029393434524536,0.4970606863498688,0.5029393434524536,22,3,6,zero_shot_paired
317,5,22,8,60,0,1,0,0.5026730298995972,0.5026730298995972,0.49732697010040283,0.5026730298995972,22,3,6,zero_shot_paired
317,6,22,9,60,0,1,0,0.5002463459968567,0.5002463459968567,0.4997536540031433,0.5002463459968567,22,3,6,zero_shot_paired
317,7,22,10,60,1,1,1,0.5035811066627502,0.5035811066627502,0.49641886353492737,0.5035811066627502,22,3,6,zero_shot_paired
317,8,22,11,60,1,1,1,0.5014832615852356,0.5014832615852356,0.4985167384147644,0.5014832615852356,22,3,6,zero_shot_paired
317,9,22,12,60,1,1,1,0.5031463503837585,0.5031463503837585,0.49685364961624146,0.5031463503837585,22,3,6,zero_shot_paired
317,10,22,16,60,0,1,0,0.5041351318359375,0.5041351318359375,0.4958648383617401,0.5041351318359375,22,3,6,zero_shot_paired
317,11,22,17,60,0,1,0,0.5015602111816406,0.5015602111816406,0.4984397292137146,0.5015602111816406,22,3,6,zero_shot_paired
317,0,22,1,60,1,1,1,0.5033959746360779,0.5033959746360779,0.49660396575927734,0.5033959746360779,22,3,6,post_calibration
317,1,22,3,60,0,1,0,0.5019101500511169,0.5019101500511169,0.49808982014656067,0.5019101500511169,22,3,6,post_calibration
317,2,22,4,60,1,1,1,0.5005514621734619,0.5005514621734619,0.4994485676288605,0.5005514621734619,22,3,6,post_calibration
317,3,22,5,60,1,0,0,0.503372311592102,0.503372311592102,0.503372311592102,0.49662771821022034,22,3,6,post_calibration
317,4,22,6,60,1,1,1,0.5029340982437134,0.5029340982437134,0.4970659017562866,0.5029340982437134,22,3,6,post_calibration
317,5,22,8,60,0,1,0,0.5026741623878479,0.5026741623878479,0.4973258376121521,0.5026741623878479,22,3,6,post_calibration
317,6,22,9,60,0,1,0,0.500174343585968,0.500174343585968,0.49982568621635437,0.500174343585968,22,3,6,post_calibration
317,7,22,10,60,1,1,1,0.503627598285675,0.503627598285675,0.49637240171432495,0.503627598285675,22,3,6,post_calibration
317,8,22,11,60,1,1,1,0.5016013979911804,0.5016013979911804,0.4983985722064972,0.5016013979911804,22,3,6,post_calibration
317,9,22,12,60,1,1,1,0.5027733445167542,0.5027733445167542,0.49722665548324585,0.5027733445167542,22,3,6,post_calibration
317,10,22,16,60,0,1,0,0.5037950277328491,0.5037950277328491,0.4962049722671509,0.5037950277328491,22,3,6,post_calibration
317,11,22,17,60,0,1,0,0.5015305876731873,0.5015305876731873,0.49846938252449036,0.5015305876731873,22,3,6,post_calibration
318,0,22,1,60,1,1,1,0.5033661723136902,0.5033661723136902,0.4966338276863098,0.5033661723136902,22,1,9,zero_shot_paired
318,1,22,2,60,1,1,1,0.5007627010345459,0.5007627010345459,0.4992372989654541,0.5007627010345459,22,1,9,zero_shot_paired
318,2,22,4,60,1,1,1,0.5006129741668701,0.5006129741668701,0.4993870258331299,0.5006129741668701,22,1,9,zero_shot_paired
318,3,22,8,60,0,1,0,0.5026730298995972,0.5026730298995972,0.49732694029808044,0.5026730298995972,22,1,9,zero_shot_paired
318,4,22,10,60,1,1,1,0.503581166267395,0.503581166267395,0.4964188039302826,0.503581166267395,22,1,9,zero_shot_paired
318,5,22,14,60,0,0,1,0.5006006956100464,0.5006006956100464,0.5006006956100464,0.499399334192276,22,1,9,zero_shot_paired
318,6,22,15,60,1,1,1,0.5017008185386658,0.5017008185386658,0.4982992112636566,0.5017008185386658,22,1,9,zero_shot_paired
318,7,22,16,60,0,1,0,0.504135251045227,0.504135251045227,0.49586471915245056,0.504135251045227,22,1,9,zero_shot_paired
318,8,22,17,60,0,1,0,0.5015602707862854,0.5015602707862854,0.4984396696090698,0.5015602707862854,22,1,9,zero_shot_paired
318,0,22,1,60,1,1,1,0.5033425688743591,0.5033425688743591,0.49665743112564087,0.5033425688743591,22,1,9,post_calibration
318,1,22,2,60,1,1,1,0.5007996559143066,0.5007996559143066,0.49920031428337097,0.5007996559143066,22,1,9,post_calibration
318,2,22,4,60,1,1,1,0.5006310343742371,0.5006310343742371,0.49936896562576294,0.5006310343742371,22,1,9,post_calibration
318,3,22,8,60,0,1,0,0.5028124451637268,0.5028124451637268,0.4971875250339508,0.5028124451637268,22,1,9,post_calibration
318,4,22,10,60,1,1,1,0.5036740899085999,0.5036740899085999,0.49632591009140015,0.5036740899085999,22,1,9,post_calibration
318,5,22,14,60,0,0,1,0.5006635189056396,0.5006635189056396,0.5006635189056396,0.49933648109436035,22,1,9,post_calibration
318,6,22,15,60,1,1,1,0.5018860101699829,0.5018860101699829,0.4981140196323395,0.5018860101699829,22,1,9,post_calibration
318,7,22,16,60,0,1,0,0.5042604804039001,0.5042604804039001,0.49573954939842224,0.5042604804039001,22,1,9,post_calibration
318,8,22,17,60,0,1,0,0.5015072226524353,0.5015072226524353,0.4984927773475647,0.5015072226524353,22,1,9,post_calibration
319,0,22,0,60,1,0,0,0.502578616142273,0.502578616142273,0.502578616142273,0.49742141366004944,22,2,9,zero_shot_paired
319,1,22,3,60,0,1,0,0.501876175403595,0.501876175403595,0.4981238543987274,0.501876175403595,22,2,9,zero_shot_paired
319,2,22,5,60,1,0,0,0.5033584833145142,0.5033584833145142,0.5033584833145142,0.49664151668548584,22,2,9,zero_shot_paired
319,3,22,6,60,1,1,1,0.5029393434524536,0.5029393434524536,0.4970606863498688,0.5029393434524536,22,2,9,zero_shot_paired
319,4,22,7,60,0,0,1,0.5023092031478882,0.5023092031478882,0.5023092031478882,0.4976908266544342,22,2,9,zero_shot_paired
319,5,22,9,60,0,1,0,0.5002464056015015,0.5002464056015015,0.4997536242008209,0.5002464056015015,22,2,9,zero_shot_paired
319,6,22,11,60,1,1,1,0.5014832019805908,0.5014832019805908,0.49851682782173157,0.5014832019805908,22,2,9,zero_shot_paired
319,7,22,12,60,1,1,1,0.5031464099884033,0.5031464099884033,0.49685361981391907,0.5031464099884033,22,2,9,zero_shot_paired
319,8,22,13,60,0,1,0,0.5037410259246826,0.5037410259246826,0.49625900387763977,0.5037410259246826,22,2,9,zero_shot_paired
319,0,22,0,60,1,0,0,0.5027216672897339,0.5027216672897339,0.5027216672897339,0.4972783625125885,22,2,9,post_calibration
319,1,22,3,60,0,1,0,0.5018061399459839,0.5018061399459839,0.4981938898563385,0.5018061399459839,22,2,9,post_calibration
319,2,22,5,60,1,0,0,0.5034710168838501,0.5034710168838501,0.5034710168838501,0.4965289235115051,22,2,9,post_calibration
319,3,22,6,60,1,1,1,0.5029652714729309,0.5029652714729309,0.4970347285270691,0.5029652714729309,22,2,9,post_calibration
319,4,22,7,60,0,0,1,0.5024206638336182,0.5024206638336182,0.5024206638336182,0.4975793957710266,22,2,9,post_calibration
319,5,22,9,60,0,1,0,0.5003193616867065,0.5003193616867065,0.49968063831329346,0.5003193616867065,22,2,9,post_calibration
319,6,22,11,60,1,1,1,0.5014971494674683,0.5014971494674683,0.49850285053253174,0.5014971494674683,22,2,9,post_calibration
319,7,22,12,60,1,1,1,0.502952516078949,0.502952516078949,0.49704745411872864,0.502952516078949,22,2,9,post_calibration
319,8,22,13,60,0,1,0,0.5035994648933411,0.5035994648933411,0.4964005649089813,0.5035994648933411,22,2,9,post_calibration
320,0,22,1,60,1,1,1,0.5033642053604126,0.5033642053604126,0.4966357946395874,0.5033642053604126,22,1,12,zero_shot_paired
320,1,22,2,60,1,1,1,0.5007626414299011,0.5007626414299011,0.4992372989654541,0.5007626414299011,22,1,12,zero_shot_paired
320,2,22,4,60,1,1,1,0.5006113052368164,0.5006113052368164,0.49938875436782837,0.5006113052368164,22,1,12,zero_shot_paired
320,3,22,7,60,0,0,1,0.502310574054718,0.502310574054718,0.502310574054718,0.497689425945282,22,1,12,zero_shot_paired
320,4,22,16,60,0,1,0,0.5041323900222778,0.5041323900222778,0.4958675801753998,0.5041323900222778,22,1,12,zero_shot_paired
320,5,22,17,60,0,1,0,0.5015612840652466,0.5015612840652466,0.4984387755393982,0.5015612840652466,22,1,12,zero_shot_paired
320,0,22,1,60,1,1,1,0.503404974937439,0.503404974937439,0.49659502506256104,0.503404974937439,22,1,12,post_calibration
320,1,22,2,60,1,1,1,0.5008634924888611,0.5008634924888611,0.4991365075111389,0.5008634924888611,22,1,12,post_calibration
320,2,22,4,60,1,1,1,0.5006092190742493,0.5006092190742493,0.49939075112342834,0.5006092190742493,22,1,12,post_calibration
320,3,22,7,60,0,0,1,0.5023198127746582,0.5023198127746582,0.5023198127746582,0.4976801872253418,22,1,12,post_calibration
320,4,22,16,60,0,1,0,0.5045589208602905,0.5045589208602905,0.49544110894203186,0.5045589208602905,22,1,12,post_calibration
320,5,22,17,60,0,1,0,0.5013771653175354,0.5013771653175354,0.4986228346824646,0.5013771653175354,22,1,12,post_calibration
321,0,22,2,60,1,1,1,0.5007626414299011,0.5007626414299011,0.4992372989654541,0.5007626414299011,22,2,12,zero_shot_paired
321,1,22,3,60,0,1,0,0.5018745064735413,0.5018745064735413,0.49812546372413635,0.5018745064735413,22,2,12,zero_shot_paired
321,2,22,6,60,1,1,1,0.5029399394989014,0.5029399394989014,0.49706003069877625,0.5029399394989014,22,2,12,zero_shot_paired
321,3,22,9,60,0,1,0,0.5002461075782776,0.5002461075782776,0.4997538626194,0.5002461075782776,22,2,12,zero_shot_paired
321,4,22,10,60,1,1,1,0.5035797953605652,0.5035797953605652,0.4964202046394348,0.5035797953605652,22,2,12,zero_shot_paired
321,5,22,17,60,0,1,0,0.5015612840652466,0.5015612840652466,0.4984387755393982,0.5015612840652466,22,2,12,zero_shot_paired
321,0,22,2,60,1,1,1,0.5008887052536011,0.5008887052536011,0.49911123514175415,0.5008887052536011,22,2,12,post_calibration
321,1,22,3,60,0,1,0,0.5020754933357239,0.5020754933357239,0.4979245066642761,0.5020754933357239,22,2,12,post_calibration
321,2,22,6,60,1,1,1,0.5029975771903992,0.5029975771903992,0.4970024824142456,0.5029975771903992,22,2,12,post_calibration
321,3,22,9,60,0,1,0,0.5002936124801636,0.5002936124801636,0.49970635771751404,0.5002936124801636,22,2,12,post_calibration
321,4,22,10,60,1,1,1,0.5037003755569458,0.5037003755569458,0.4962996244430542,0.5037003755569458,22,2,12,post_calibration
321,5,22,17,60,0,1,0,0.5015535950660706,0.5015535950660706,0.49844640493392944,0.5015535950660706,22,2,12,post_calibration
322,0,22,0,60,1,0,0,0.5025814175605774,0.5025814175605774,0.5025814175605774,0.4974185526371002,22,3,12,zero_shot_paired
322,1,22,2,60,1,1,1,0.5007626414299011,0.5007626414299011,0.4992372989654541,0.5007626414299011,22,3,12,zero_shot_paired
322,2,22,6,60,1,1,1,0.5029399394989014,0.5029399394989014,0.49706003069877625,0.5029399394989014,22,3,12,zero_shot_paired
322,3,22,7,60,0,0,1,0.502310574054718,0.502310574054718,0.502310574054718,0.497689425945282,22,3,12,zero_shot_paired
322,4,22,9,60,0,1,0,0.5002461075782776,0.5002461075782776,0.4997538626194,0.5002461075782776,22,3,12,zero_shot_paired
322,5,22,13,60,0,1,0,0.503740668296814,0.503740668296814,0.4962593615055084,0.503740668296814,22,3,12,zero_shot_paired
322,0,22,0,60,1,0,0,0.502394437789917,0.502394437789917,0.502394437789917,0.497605562210083,22,3,12,post_calibration
322,1,22,2,60,1,1,1,0.5008335113525391,0.5008335113525391,0.49916648864746094,0.5008335113525391,22,3,12,post_calibration
322,2,22,6,60,1,1,1,0.5031154155731201,0.5031154155731201,0.4968845844268799,0.5031154155731201,22,3,12,post_calibration
322,3,22,7,60,0,0,1,0.5023148059844971,0.5023148059844971,0.5023148059844971,0.4976852238178253,22,3,12,post_calibration
322,4,22,9,60,0,1,0,0.5004332661628723,0.5004332661628723,0.4995667338371277,0.5004332661628723,22,3,12,post_calibration
322,5,22,13,60,0,1,0,0.5037589073181152,0.5037589073181152,0.49624109268188477,0.5037589073181152,22,3,12,post_calibration
