target_subject,calibration_shots,calibration_fold,calibration_trial_ids,evaluation_trial_ids,n_calibration_samples,n_evaluation_samples,calibration_epochs_ran,zero_shot_loss,zero_shot_accuracy,zero_shot_f1,zero_shot_precision,zero_shot_recall,zero_shot_macro_f1,zero_shot_macro_precision,zero_shot_macro_recall,zero_shot_balanced_accuracy,zero_shot_roc_auc,zero_shot_brier_score,zero_shot_ece,zero_shot_joint_loss,zero_shot_reconstruction_loss,zero_shot_decoder_r2,zero_shot_gcn_gru_reconstruction_loss,zero_shot_gcn_gru_decoder_r2,zero_shot_bilstm_reconstruction_loss,zero_shot_bilstm_decoder_r2,calibrated_loss,calibrated_accuracy,calibrated_f1,calibrated_precision,calibrated_recall,calibrated_macro_f1,calibrated_macro_precision,calibrated_macro_recall,calibrated_balanced_accuracy,calibrated_roc_auc,calibrated_brier_score,calibrated_ece,calibrated_joint_loss,calibrated_reconstruction_loss,calibrated_decoder_r2,calibrated_gcn_gru_reconstruction_loss,calibrated_gcn_gru_decoder_r2,calibrated_bilstm_reconstruction_loss,calibrated_bilstm_decoder_r2,delta_roc_auc,delta_macro_recall,delta_gcn_gru_decoder_r2,delta_macro_precision,delta_reconstruction_loss,delta_joint_loss,delta_accuracy,delta_precision,delta_bilstm_decoder_r2,delta_decoder_r2,delta_recall,delta_loss,delta_gcn_gru_reconstruction_loss,delta_f1,delta_ece,delta_bilstm_reconstruction_loss,delta_macro_f1,delta_brier_score,delta_balanced_accuracy
0,3,1,"[12, 14, 17]","[0, 1, 2, 3, 4, 5, 6, 7, 8, 9, 10, 11, 13, 15, 16]",3,15,2,0.6931292844715702,0.5333333333333333,0.631578947368421,0.75,0.5454545454545454,0.49760765550239233,0.5178571428571428,0.5227272727272727,0.5227272727272727,0.5681818181818181,0.2499910523644426,0.03150719404220581,0.9200108051300049,0.5749392509460449,0.31180721521377563,0.7645570635795593,0.23544281721115112,0.6118283271789551,0.38817161321640015,0.6931215666570362,0.5333333333333333,0.631578947368421,0.75,0.5454545454545454,0.49760765550239233,0.5178571428571428,0.5227272727272727,0.5227272727272727,0.5454545454545454,0.2499871819673149,0.03145037889480595,0.5755597352981567,0.5749392509460449,0.31180721521377563,0.7645570635795593,0.23544281721115112,0.6118283271789551,0.38817161321640015,-0.022727272727272707,0.0,0.0,0.0,0.0,-0.34445106983184814,0.0,0.0,0.0,0.0,0.0,-7.71781453401399e-06,0.0,0.0,-5.6815147399857935e-05,0.0,0.0,-3.870397127708758e-06,0.0
0,3,2,"[4, 15, 16]","[0, 1, 2, 3, 5, 6, 7, 8, 9, 10, 11, 12, 13, 14, 17]",3,15,2,0.6926738477762627,0.5333333333333333,0.631578947368421,0.75,0.5454545454545454,0.49760765550239233,0.5178571428571428,0.5227272727272727,0.5227272727272727,0.6818181818181819,0.24976334647182288,0.03146476348241167,0.562469482421875,0.5831126570701599,0.3041646480560303,0.7792747020721436,0.22072523832321167,0.6123958826065063,0.3876040577888489,0.6926500691712594,0.5333333333333333,0.631578947368421,0.75,0.5454545454545454,0.49760765550239233,0.5178571428571428,0.5227272727272727,0.5227272727272727,0.6818181818181819,0.2497514557920452,0.03144910335540774,0.5619118809700012,0.5831126570701599,0.3041646480560303,0.7792747020721436,0.22072523832321167,0.6123958826065063,0.3876040577888489,0.0,0.0,0.0,0.0,0.0,-0.0005576014518737793,0.0,0.0,0.0,0.0,0.0,-2.3778605003355047e-05,0.0,0.0,-1.566012700393582e-05,0.0,0.0,-1.189067977769298e-05,0.0
0,3,3,"[6, 7, 9]","[0, 1, 2, 3, 4, 5, 8, 10, 11, 12, 13, 14, 15, 16, 17]",3,15,2,0.6929883060641283,0.5333333333333333,0.5882352941176471,0.8333333333333334,0.45454545454545453,0.5248868778280543,0.5833333333333334,0.6022727272727273,0.6022727272727273,0.6590909090909091,0.24992056177956645,0.031228725115458156,0.5619843602180481,0.5895727872848511,0.30128127336502075,0.7792388200759888,0.22076117992401123,0.6181986927986145,0.3818013072013855,0.6930431897572954,0.6,0.625,1.0,0.45454545454545453,0.5982142857142857,0.7,0.7272727272727273,0.7272727272727273,0.6363636363636364,0.24994800147400204,0.09794074296951294,0.56166011095047,0.5895727872848511,0.30128127336502075,0.7792388200759888,0.22076117992401123,0.6181986927986145,0.3818013072013855,-0.022727272727272707,0.125,0.0,0.11666666666666659,0.0,-0.000324249267578125,0.06666666666666665,0.16666666666666663,0.0,0.0,0.0,5.488369316708486e-05,0.0,0.03676470588235292,0.06671201785405478,0.0,0.07332740788623138,2.7439694435582584e-05,0.125
0,3,4,"[2, 5, 13]","[0, 1, 3, 4, 6, 7, 8, 9, 10, 11, 12, 14, 15, 16, 17]",3,15,2,0.6936552471535313,0.4666666666666667,0.5,0.8,0.36363636363636365,0.4642857142857143,0.55,0.5568181818181819,0.5568181818181819,0.5681818181818182,0.25025403079010794,0.035556681950887015,0.5723658204078674,0.5951471924781799,0.2960212230682373,0.7841939926147461,0.2158060073852539,0.6237635612487793,0.3762364387512207,0.6935796015994514,0.4666666666666667,0.5,0.8,0.36363636363636365,0.4642857142857143,0.55,0.5568181818181819,0.5568181818181819,0.5681818181818182,0.2502162089476866,0.035494669278462676,0.5726854801177979,0.5951471924781799,0.2960212230682373,0.7841939926147461,0.2158060073852539,0.6237635612487793,0.3762364387512207,0.0,0.0,0.0,0.0,0.0,0.0003196597099304199,0.0,0.0,0.0,0.0,0.0,-7.564555407990614e-05,0.0,0.0,-6.201267242433861e-05,0.0,0.0,-3.782184242134834e-05,0.0
0,3,5,"[0, 8, 11]","[1, 2, 3, 4, 5, 6, 7, 9, 10, 12, 13, 14, 15, 16, 17]",3,15,2,0.6941129262151882,0.4666666666666667,0.5555555555555556,0.7142857142857143,0.45454545454545453,0.4444444444444444,0.48214285714285715,0.4772727272727273,0.4772727272727273,0.5,0.25048286376331913,0.03518225749333703,0.565713107585907,0.5953933596611023,0.29299455881118774,0.7934653759002686,0.20653462409973145,0.620545506477356,0.37945449352264404,0.6941649005693671,0.5333333333333333,0.5882352941176471,0.8333333333333334,0.45454545454545453,0.5248868778280543,0.5833333333333334,0.6022727272727273,0.6022727272727273,0.5,0.25050884425140946,0.03146513700485232,0.5659967064857483,0.5953933596611023,0.29299455881118774,0.7934653759002686,0.20653462409973145,0.620545506477356,0.37945449352264404,0.0,0.125,0.0,0.10119047619047622,0.0,0.0002835988998413086,0.06666666666666665,0.11904761904761907,0.0,0.0,0.0,5.19743541789186e-05,0.0,0.0326797385620915,-0.0037171204884847153,0.0,0.0804424333836099,2.5980488090326936e-05,0.125
0,3,6,"[1, 3, 10]","[0, 2, 4, 5, 6, 7, 8, 9, 11, 12, 13, 14, 15, 16, 17]",3,15,2,0.6935904050174989,0.4666666666666667,0.5,0.6666666666666666,0.4,0.4642857142857143,0.5,0.5,0.5,0.54,0.25022161120081216,0.035272185007731105,0.5679147839546204,0.5942911505699158,0.2969520092010498,0.7856194972991943,0.21438050270080566,0.6204765439033508,0.37952345609664917,0.6935690888201287,0.5333333333333333,0.5333333333333333,0.8,0.4,0.5333333333333333,0.6000000000000001,0.6000000000000001,0.6000000000000001,0.54,0.25021095566373813,0.03139340877532959,0.5678163170814514,0.5942911505699158,0.2969520092010498,0.7856194972991943,0.21438050270080566,0.6204765439033508,0.37952345609664917,0.0,0.10000000000000009,0.0,0.10000000000000009,0.0,-9.846687316894531e-05,0.06666666666666665,0.13333333333333341,0.0,0.0,0.0,-2.131619737022472e-05,0.0,0.033333333333333326,-0.003878776232401515,0.0,0.06904761904761902,-1.0655537074022448e-05,0.10000000000000009
0,6,1,"[2, 4, 7, 12, 13, 16]","[0, 1, 3, 5, 6, 8, 9, 10, 11, 14, 15, 17]",6,12,2,0.6931056296385321,0.5,0.5714285714285714,0.8,0.4444444444444444,0.4857142857142857,0.5428571428571429,0.5555555555555556,0.5555555555555556,0.7037037037037037,0.24997922576667642,0.0022767186164855957,0.572302520275116,0.5874838829040527,0.30217432975769043,0.7778884768486023,0.22211140394210815,0.6177627444267273,0.38223719596862793,0.6932890337837402,0.5,0.5714285714285714,0.8,0.4444444444444444,0.4857142857142857,0.5428571428571429,0.5555555555555556,0.5555555555555556,0.6296296296296297,0.2500709119665634,0.002319619059562683,0.5728716254234314,0.5874838829040527,0.30217432975769043,0.7778884768486023,0.22211140394210815,0.6177627444267273,0.38223719596862793,-0.07407407407407407,0.0,0.0,0.0,0.0,0.0005691051483154297,0.0,0.0,0.0,0.0,0.0,0.00018340414520812143,0.0,0.0,4.29004430770874e-05,0.0,0.0,9.168619988697557e-05,0.0
0,6,2,"[0, 3, 8, 9, 10, 11]","[1, 2, 4, 5, 6, 7, 12, 13, 14, 15, 16, 17]",6,12,2,0.6950664793038558,0.3333333333333333,0.3333333333333333,0.5,0.25,0.3333333333333333,0.375,0.375,0.375,0.375,0.25095963517552483,0.16862096389134723,0.5781527757644653,0.5872711539268494,0.2996540069580078,0.7925927042961121,0.20740723609924316,0.6080992221832275,0.39190077781677246,0.6949534776198686,0.3333333333333333,0.3333333333333333,0.5,0.25,0.3333333333333333,0.375,0.375,0.375,0.375,0.2509031239037965,0.16859935720761615,0.577344536781311,0.5872711539268494,0.2996540069580078,0.7925927042961121,0.20740723609924316,0.6080992221832275,0.39190077781677246,0.0,0.0,0.0,0.0,0.0,-0.0008082389831542969,0.0,0.0,0.0,0.0,0.0,-0.00011300168398720167,0.0,0.0,-2.16066837310791e-05,0.0,0.0,-5.651127172834336e-05,0.0
0,6,3,"[1, 5, 6, 14, 15, 17]","[0, 2, 3, 4, 7, 8, 9, 10, 11, 12, 13, 16]",6,12,2,0.6919028994067021,0.6666666666666666,0.75,0.8571428571428571,0.6666666666666666,0.625,0.6285714285714286,0.6666666666666666,0.6666666666666666,0.6666666666666667,0.24937787224283428,0.16499246160189307,0.593353271484375,0.591468870639801,0.29976731538772583,0.7726935148239136,0.22730642557144165,0.6277718544006348,0.37222814559936523,0.691969492479774,0.6666666666666666,0.75,0.8571428571428571,0.6666666666666666,0.625,0.6285714285714286,0.6666666666666666,0.6666666666666666,0.6296296296296298,0.24941116200496896,0.1649539520343144,0.5930269360542297,0.591468870639801,0.29976731538772583,0.7726935148239136,0.22730642557144165,0.6277718544006348,0.37222814559936523,-0.03703703703703698,0.0,0.0,0.0,0.0,-0.00032633543014526367,0.0,0.0,0.0,0.0,0.0,6.659307307188556e-05,0.0,0.0,-3.8509567578670634e-05,0.0,0.0,3.32897621346806e-05,0.0
0,9,1,"[2, 6, 7, 8, 12, 13, 14, 15, 17]","[0, 1, 3, 4, 5, 9, 10, 11, 16]",9,9,2,0.6922406022171381,0.5555555555555556,0.6666666666666666,0.8,0.5714285714285714,0.5,0.525,0.5357142857142857,0.5357142857142857,0.5714285714285714,0.24954672151750776,0.053945839405059814,0.6071407794952393,0.5868512988090515,0.2994646430015564,0.777288019657135,0.22271192073822021,0.6237826347351074,0.3762173056602478,0.6920776422277378,0.5555555555555556,0.6666666666666666,0.8,0.5714285714285714,0.5,0.525,0.5357142857142857,0.5357142857142857,0.5714285714285714,0.24946524640547374,0.053967853387196896,0.605542778968811,0.5868512988090515,0.2994646430015564,0.777288019657135,0.22271192073822021,0.6237826347351074,0.3762173056602478,0.0,0.0,0.0,0.0,0.0,-0.0015980005264282227,0.0,0.0,0.0,0.0,0.0,-0.00016295998940030199,0.0,0.0,2.2013982137081278e-05,0.0,0.0,-8.147511203401847e-05,0.0
0,9,2,"[0, 1, 3, 4, 5, 9, 10, 11, 16]","[2, 6, 7, 8, 12, 13, 14, 15, 17]",9,9,2,0.6944760299416141,0.4444444444444444,0.4444444444444444,0.6666666666666666,0.3333333333333333,0.4444444444444444,0.5,0.5,0.5,0.5555555555555556,0.25066440728342787,0.05788265996509134,0.6061349511146545,0.5906313061714172,0.3015991449356079,0.7848284244537354,0.21517151594161987,0.611973226070404,0.38802671432495117,0.6943915129978362,0.4444444444444444,0.4444444444444444,0.6666666666666666,0.3333333333333333,0.4444444444444444,0.5,0.5,0.5,0.5555555555555556,0.2506221533056793,0.057818280325995564,0.6053485870361328,0.5906313061714172,0.3015991449356079,0.7848284244537354,0.21517151594161987,0.611973226070404,0.38802671432495117,0.0,0.0,0.0,0.0,0.0,-0.0007863640785217285,0.0,0.0,0.0,0.0,0.0,-8.451694377786811e-05,0.0,0.0,-6.43796390957796e-05,0.0,0.0,-4.2253977748596405e-05,0.0
0,12,1,"[0, 1, 2, 5, 6, 7, 8, 11, 12, 13, 15, 17]","[3, 4, 9, 10, 14, 16]",12,6,2,0.6908876040308244,0.8333333333333334,0.8571428571428571,1.0,0.75,0.8285714285714285,0.8333333333333333,0.875,0.875,0.875,0.24887023292608998,0.3317048648993175,0.6492025852203369,0.6208776235580444,0.2756112217903137,0.7970700263977051,0.20292991399765015,0.6517074108123779,0.3482925295829773,0.6907671556818687,0.8333333333333334,0.8571428571428571,1.0,0.75,0.8285714285714285,0.8333333333333333,0.875,0.875,0.875,0.2488099945952523,0.33168728152910876,0.6472219228744507,0.6208776235580444,0.2756112217903137,0.7970700263977051,0.20292991399765015,0.6517074108123779,0.3482925295829773,0.0,0.0,0.0,0.0,0.0,-0.0019806623458862305,0.0,0.0,0.0,0.0,0.0,-0.00012044834895563739,0.0,0.0,-1.7583370208740234e-05,0.0,0.0,-6.023833083768082e-05,0.0
0,12,2,"[1, 2, 3, 6, 7, 8, 9, 10, 11, 13, 15, 16]","[0, 4, 5, 12, 14, 17]",12,6,2,0.6947386299548066,0.16666666666666666,0.0,0.0,0.0,0.14285714285714285,0.1,0.25,0.25,0.5,0.25079571747320833,0.3351290126641592,0.6422948837280273,0.5849269032478333,0.30338871479034424,0.7854704260826111,0.21452957391738892,0.6077522039413452,0.3922477960586548,0.694684210808514,0.16666666666666666,0.0,0.0,0.0,0.14285714285714285,0.1,0.25,0.25,0.5,0.2507685089761165,0.33510222037633264,0.6402319669723511,0.5849269032478333,0.30338871479034424,0.7854704260826111,0.21452957391738892,0.6077522039413452,0.3922477960586548,0.0,0.0,0.0,0.0,0.0,-0.0020629167556762695,0.0,0.0,0.0,0.0,0.0,-5.4419146292672416e-05,0.0,0.0,-2.6792287826538086e-05,0.0,0.0,-2.7208497091812944e-05,0.0
0,12,3,"[0, 3, 4, 5, 6, 8, 9, 12, 13, 14, 15, 17]","[1, 2, 7, 10, 11, 16]",12,6,2,0.6918464955166662,0.6666666666666666,0.75,0.75,0.75,0.625,0.625,0.625,0.625,0.625,0.24934967957855111,0.16474811236063636,0.7128391861915588,0.5928083658218384,0.29089170694351196,0.8058291673660278,0.1941707730293274,0.6123872399330139,0.3876127004623413,0.6917909592888215,0.6666666666666666,0.75,0.75,0.75,0.625,0.625,0.625,0.625,0.625,0.2493219004702071,0.16470392545064283,0.710407018661499,0.5928083658218384,0.29089170694351196,0.8058291673660278,0.1941707730293274,0.6123872399330139,0.3876127004623413,0.0,0.0,0.0,0.0,0.0,-0.0024321675300598145,0.0,0.0,0.0,0.0,0.0,-5.553622784471024e-05,0.0,0.0,-4.418690999352659e-05,0.0,0.0,-2.7779108344005987e-05,0.0
1,3,1,"[7, 8, 10]","[0, 1, 2, 3, 4, 5, 6, 9, 11, 12, 13, 14, 15, 16, 17]",3,15,2,0.6924901225693166,0.4666666666666667,0.5555555555555556,0.4166666666666667,0.8333333333333334,0.4444444444444444,0.5416666666666666,0.5277777777777778,0.5277777777777778,0.7592592592592593,0.24967147678804277,0.03612394332885738,1.0144951343536377,0.7930253148078918,0.14530062675476074,0.912915825843811,0.08708423376083374,0.7964830994606018,0.20351701974868774,0.6924942553634419,0.4666666666666667,0.5555555555555556,0.4166666666666667,0.8333333333333334,0.4444444444444444,0.5416666666666666,0.5277777777777778,0.5277777777777778,0.7592592592592593,0.24967355901872476,0.036157413323720244,0.5384963750839233,0.7930253148078918,0.14530062675476074,0.912915825843811,0.08708423376083374,0.7964830994606018,0.20351701974868774,0.0,0.0,0.0,0.0,0.0,-0.47599875926971436,0.0,0.0,0.0,0.0,0.0,4.132794125255579e-06,0.0,0.0,3.346999486286695e-05,0.0,0.0,2.0822306819878733e-06,0.0
1,3,2,"[2, 3, 5]","[0, 1, 4, 6, 7, 8, 9, 10, 11, 12, 13, 14, 15, 16, 17]",3,15,2,0.6929390561182754,0.4666666666666667,0.5555555555555556,0.4166666666666667,0.8333333333333334,0.4444444444444444,0.5416666666666666,0.5277777777777778,0.5277777777777778,0.7222222222222223,0.24989594720904448,0.03616363207499185,0.5387700200080872,0.7891220450401306,0.14834803342819214,0.9136605262756348,0.08633947372436523,0.7896433472633362,0.21035665273666382,0.6928671524232793,0.4666666666666667,0.5555555555555556,0.4166666666666667,0.8333333333333334,0.4444444444444444,0.5416666666666666,0.5277777777777778,0.5277777777777778,0.7222222222222223,0.24985999818327437,0.03615193367004399,0.5384672284126282,0.7891220450401306,0.14834803342819214,0.9136605262756348,0.08633947372436523,0.7896433472633362,0.21035665273666382,0.0,0.0,0.0,0.0,0.0,-0.0003027915954589844,0.0,0.0,0.0,0.0,0.0,-7.19036949961005e-05,0.0,0.0,-1.1698404947857455e-05,0.0,0.0,-3.5949025770115606e-05,0.0
1,3,3,"[1, 11, 12]","[0, 2, 3, 4, 5, 6, 7, 8, 9, 10, 13, 14, 15, 16, 17]",3,15,2,0.69448325403208,0.4,0.4,0.3,0.6,0.4,0.44999999999999996,0.44999999999999996,0.44999999999999996,0.52,0.2506680199703913,0.10264834165573122,0.5385496020317078,0.7944532632827759,0.14425235986709595,0.9134126901626587,0.08658730983734131,0.7980825901031494,0.20191740989685059,0.6944162583380532,0.4,0.4,0.3,0.6,0.4,0.44999999999999996,0.44999999999999996,0.44999999999999996,0.52,0.2506345407098978,0.10262369712193808,0.5383093357086182,0.7944532632827759,0.14425235986709595,0.9134126901626587,0.08658730983734131,0.7980825901031494,0.20191740989685059,0.0,0.0,0.0,0.0,0.0,-0.0002402663230895996,0.0,0.0,0.0,0.0,0.0,-6.699569402679462e-05,0.0,0.0,-2.4644533793138912e-05,0.0,0.0,-3.347926049346306e-05,0.0
1,3,4,"[9, 15, 17]","[0, 1, 2, 3, 4, 5, 6, 7, 8, 10, 11, 12, 13, 14, 16]",3,15,2,0.6929956442563489,0.4666666666666667,0.5,0.4,0.6666666666666666,0.4642857142857143,0.5,0.5,0.5,0.6296296296296297,0.24992423645324777,0.03593457937240596,0.5369788408279419,0.8021643757820129,0.1383211612701416,0.9165324568748474,0.08346754312515259,0.8068253397941589,0.19317466020584106,0.6930159466067513,0.4666666666666667,0.5,0.4,0.6666666666666666,0.4642857142857143,0.5,0.5,0.5,0.6111111111111112,0.24993440477487702,0.03592061201731367,0.5369923114776611,0.8021643757820129,0.1383211612701416,0.9165324568748474,0.08346754312515259,0.8068253397941589,0.19317466020584106,-0.01851851851851849,0.0,0.0,0.0,0.0,1.3470649719238281e-05,0.0,0.0,0.0,0.0,0.0,2.030235040240136e-05,0.0,0.0,-1.3967355092292522e-05,0.0,0.0,1.016832162925585e-05,0.0
1,3,5,"[6, 14, 16]","[0, 1, 2, 3, 4, 5, 7, 8, 9, 10, 11, 12, 13, 15, 17]",3,15,2,0.6932554036503505,0.4666666666666667,0.5,0.4,0.6666666666666666,0.4642857142857143,0.5,0.5,0.5,0.5740740740740741,0.2500541150837724,0.03594990968704226,0.532951295375824,0.7996341586112976,0.1401299238204956,0.9155827164649963,0.08441728353500366,0.8041574954986572,0.19584250450134277,0.6932492490005201,0.4,0.47058823529411764,0.36363636363636365,0.6666666666666666,0.3891402714932127,0.4318181818181818,0.4444444444444444,0.4444444444444444,0.5740740740740741,0.25005104828783614,0.102641495068868,0.5330702662467957,0.7996341586112976,0.1401299238204956,0.9155827164649963,0.08441728353500366,0.8041574954986572,0.19584250450134277,0.0,-0.05555555555555558,0.0,-0.06818181818181818,0.0,0.00011897087097167969,-0.06666666666666665,-0.036363636363636376,0.0,0.0,0.0,-6.154649830447667e-06,0.0,-0.02941176470588236,0.06669158538182574,0.0,-0.07514544279250163,-3.0667959362573605e-06,-0.05555555555555558
1,3,6,"[0, 4, 13]","[1, 2, 3, 5, 6, 7, 8, 9, 10, 11, 12, 14, 15, 16, 17]",3,15,2,0.6938342641714326,0.4,0.47058823529411764,0.36363636363636365,0.6666666666666666,0.3891402714932127,0.4318181818181818,0.4444444444444444,0.4444444444444444,0.5925925925925926,0.25034354141935367,0.10268277327219644,0.537320077419281,0.7764171361923218,0.15875226259231567,0.9072993397712708,0.09270066022872925,0.7751961946487427,0.22480380535125732,0.6938157384019628,0.3333333333333333,0.4444444444444444,0.3333333333333333,0.6666666666666666,0.3055555555555555,0.3333333333333333,0.38888888888888884,0.38888888888888884,0.5925925925925926,0.25033428170463673,0.16933193206787106,0.5372985601425171,0.7764171361923218,0.15875226259231567,0.9072993397712708,0.09270066022872925,0.7751961946487427,0.22480380535125732,0.0,-0.05555555555555558,0.0,-0.09848484848484851,0.0,-2.1517276763916016e-05,-0.06666666666666671,-0.03030303030303033,0.0,0.0,0.0,-1.852576946981266e-05,0.0,-0.02614379084967322,0.06664915879567462,0.0,-0.08358471593765715,-9.259714716935985e-06,-0.05555555555555558
1,6,1,"[2, 3, 5, 8, 13, 17]","[0, 1, 4, 6, 7, 9, 10, 11, 12, 14, 15, 16]",6,12,2,0.693052817864796,0.4166666666666667,0.5333333333333333,0.4,0.8,0.37777777777777777,0.45,0.4714285714285714,0.4714285714285714,0.6857142857142857,0.24995282527992405,0.08638994395732874,0.5543025135993958,0.7973312139511108,0.14153987169265747,0.9155401587486267,0.08445978164672852,0.801379919052124,0.1986200213432312,0.6931112631355326,0.4166666666666667,0.5333333333333333,0.4,0.8,0.37777777777777777,0.45,0.4714285714285714,0.4714285714285714,0.6285714285714286,0.2499820520861166,0.08644085129102069,0.5545881390571594,0.7973312139511108,0.14153987169265747,0.9155401587486267,0.08445978164672852,0.801379919052124,0.1986200213432312,-0.05714285714285716,0.0,0.0,0.0,0.0,0.0002856254577636719,0.0,0.0,0.0,0.0,0.0,5.844527073661787e-05,0.0,0.0,5.0907333691951884e-05,0.0,0.0,2.922680619255047e-05,0.0
1,6,2,"[4, 6, 7, 11, 14, 16]","[0, 1, 2, 3, 5, 8, 9, 10, 12, 13, 15, 17]",6,12,2,0.6937495172735418,0.4166666666666667,0.46153846153846156,0.375,0.6,0.4125874125874126,0.4375,0.44285714285714284,0.44285714285714284,0.5428571428571429,0.2503011729167656,0.08578429619471234,0.5452447533607483,0.7882673144340515,0.14926660060882568,0.9117807745933533,0.08821922540664673,0.7896860241889954,0.21031397581100464,0.6937640366552178,0.4166666666666667,0.46153846153846156,0.375,0.6,0.4125874125874126,0.4375,0.44285714285714284,0.44285714285714284,0.5428571428571429,0.2503084411930332,0.08580141762892407,0.5455208420753479,0.7882673144340515,0.14926660060882568,0.9117807745933533,0.08821922540664673,0.7896860241889954,0.21031397581100464,0.0,0.0,0.0,0.0,0.0,0.0002760887145996094,0.0,0.0,0.0,0.0,0.0,1.4519381675959231e-05,0.0,0.0,1.7121434211730957e-05,0.0,0.0,7.268276267569096e-06,0.0
1,6,3,"[0, 1, 9, 10, 12, 15]","[2, 3, 4, 5, 6, 7, 8, 11, 13, 14, 16, 17]",6,12,2,0.6931965372605644,0.5,0.5,0.375,0.75,0.5,0.5625,0.5625,0.5625,0.6875,0.2500246702652365,0.002577349543571472,0.5454978942871094,0.7918044328689575,0.14674538373947144,0.9123810529708862,0.08761894702911377,0.7941282391548157,0.20587176084518433,0.6931718241508539,0.5,0.5,0.375,0.75,0.5,0.5625,0.5625,0.5625,0.6875,0.2500123311559204,0.0025441298882166175,0.5453674793243408,0.7918044328689575,0.14674538373947144,0.9123810529708862,0.08761894702911377,0.7941282391548157,0.20587176084518433,0.0,0.0,0.0,0.0,0.0,-0.0001304149627685547,0.0,0.0,0.0,0.0,0.0,-2.471310971052798e-05,0.0,0.0,-3.3219655354854716e-05,0.0,0.0,-1.2339109316084063e-05,0.0
1,9,1,"[5, 6, 7, 8, 9, 11, 12, 16, 17]","[0, 1, 2, 3, 4, 10, 13, 14, 15]",9,9,2,0.6945957678841412,0.3333333333333333,0.25,0.2,0.3333333333333333,0.325,0.35,0.3333333333333333,0.3333333333333333,0.38888888888888884,0.2507242751389285,0.16900789075427586,0.57758629322052,0.8154749870300293,0.12779086828231812,0.9206417202949524,0.07935827970504761,0.8237764835357666,0.1762235164642334,0.69463427491223,0.3333333333333333,0.25,0.2,0.3333333333333333,0.325,0.35,0.3333333333333333,0.3333333333333333,0.38888888888888884,0.25074354526074416,0.16908756891886395,0.5785928964614868,0.8154749870300293,0.12779086828231812,0.9206417202949524,0.07935827970504761,0.8237764835357666,0.1762235164642334,0.0,0.0,0.0,0.0,0.0,0.0010066032409667969,0.0,0.0,0.0,0.0,0.0,3.8507028088718975e-05,0.0,0.0,7.967816458809285e-05,0.0,0.0,1.9270121815684327e-05,0.0
1,9,2,"[0, 1, 2, 3, 4, 10, 13, 14, 15]","[5, 6, 7, 8, 9, 11, 12, 16, 17]",9,9,2,0.6920701527909388,0.5555555555555556,0.6666666666666666,0.5,1.0,0.5,0.75,0.6,0.6,0.8,0.24946150666017777,0.05250692367553711,0.5649664402008057,0.7694603800773621,0.1639103889465332,0.9058260321617126,0.09417396783828735,0.7663530111312866,0.23364698886871338,0.692112314710894,0.4444444444444444,0.6153846153846154,0.4444444444444444,1.0,0.3076923076923077,0.2222222222222222,0.5,0.5,0.8,0.2494825965951723,0.05858910746044588,0.5645911693572998,0.7694603800773621,0.1639103889465332,0.9058260321617126,0.09417396783828735,0.7663530111312866,0.23364698886871338,0.0,-0.09999999999999998,0.0,-0.5277777777777778,0.0,-0.0003752708435058594,-0.11111111111111116,-0.05555555555555558,0.0,0.0,0.0,4.216191995520813e-05,0.0,-0.05128205128205121,0.006082183784908768,0.0,-0.1923076923076923,2.108993499452816e-05,-0.09999999999999998
1,12,1,"[0, 2, 4, 5, 6, 8, 9, 11, 12, 13, 15, 16]","[1, 3, 7, 10, 14, 17]",12,6,2,0.694609922501847,0.3333333333333333,0.3333333333333333,0.25,0.5,0.3333333333333333,0.375,0.375,0.375,0.375,0.25073136586530254,0.1689831217130025,0.6670035123825073,0.7821637988090515,0.15443527698516846,0.90944904088974,0.09055089950561523,0.7816802859306335,0.21831965446472168,0.6946799633977051,0.3333333333333333,0.3333333333333333,0.25,0.5,0.3333333333333333,0.375,0.375,0.375,0.375,0.25076638077220964,0.16897283991177875,0.6688792705535889,0.7821637988090515,0.15443527698516846,0.90944904088974,0.09055089950561523,0.7816802859306335,0.21831965446472168,0.0,0.0,0.0,0.0,0.0,0.001875758171081543,0.0,0.0,0.0,0.0,0.0,7.004089585804785e-05,0.0,0.0,-1.0281801223754883e-05,0.0,0.0,3.501490690710485e-05,0.0
1,12,2,"[0, 2, 3, 4, 6, 7, 8, 10, 12, 13, 14, 16]","[1, 5, 9, 11, 15, 17]",12,6,2,0.6934893460220177,0.3333333333333333,0.5,0.3333333333333333,1.0,0.25,0.16666666666666666,0.5,0.5,0.75,0.2501710948618208,0.16893512010574346,0.6484699249267578,0.7669647336006165,0.16608554124832153,0.9025807976722717,0.09741908311843872,0.7652480006217957,0.2347518801689148,0.6934896039857161,0.3333333333333333,0.5,0.3333333333333333,1.0,0.25,0.16666666666666666,0.5,0.5,0.75,0.25017119387030107,0.16900014877319341,0.6506431698799133,0.7669647336006165,0.16608554124832153,0.9025807976722717,0.09741908311843872,0.7652480006217957,0.2347518801689148,0.0,0.0,0.0,0.0,0.0,0.0021732449531555176,0.0,0.0,0.0,0.0,0.0,2.5796369840236366e-07,0.0,0.0,6.502866744995117e-05,0.0,0.0,9.900848024768649e-08,0.0
1,12,3,"[0, 1, 5, 6, 7, 8, 9, 10, 12, 14, 15, 17]","[2, 3, 4, 11, 13, 16]",12,6,2,0.6935065292191099,0.5,0.4,0.3333333333333333,0.5,0.4857142857142857,0.5,0.5,0.5,0.5,0.2501796756660026,0.0027545690536499023,0.6527354121208191,0.7973511815071106,0.14215362071990967,0.9146845936775208,0.08531546592712402,0.8010082244873047,0.1989918351173401,0.6937124318887321,0.5,0.4,0.3333333333333333,0.5,0.4857142857142857,0.5,0.5,0.5,0.375,0.2502826123571416,0.002744436264038086,0.6517758369445801,0.7973511815071106,0.14215362071990967,0.9146845936775208,0.08531546592712402,0.8010082244873047,0.1989918351173401,-0.125,0.0,0.0,0.0,0.0,-0.0009595751762390137,0.0,0.0,0.0,0.0,0.0,0.00020590266962217108,0.0,0.0,-1.0132789611816406e-05,0.0,0.0,0.00010293669113903281,0.0
2,3,1,"[3, 4, 12]","[0, 1, 2, 5, 6, 7, 8, 9, 10, 11, 13, 14, 15, 16, 17]",3,15,2,0.6948256237943523,0.3333333333333333,0.2857142857142857,1.0,0.16666666666666666,0.33035714285714285,0.6153846153846154,0.5833333333333334,0.5833333333333334,0.6111111111111112,0.2508392250500463,0.16880614757537843,0.9900199174880981,0.7087948322296143,0.23609215021133423,0.8255437612533569,0.17445629835128784,0.7022721171379089,0.29772794246673584,0.6947613683233875,0.3333333333333333,0.2857142857142857,1.0,0.16666666666666666,0.33035714285714285,0.6153846153846154,0.5833333333333334,0.5833333333333334,0.638888888888889,0.2508070903228266,0.1687960147857666,0.5648104548454285,0.7087948322296143,0.23609215021133423,0.8255437612533569,0.17445629835128784,0.7022721171379089,0.29772794246673584,0.02777777777777779,0.0,0.0,0.0,0.0,-0.4252094626426697,0.0,0.0,0.0,0.0,0.0,-6.425547096478024e-05,0.0,0.0,-1.0132789611816406e-05,0.0,0.0,-3.213472721969035e-05,0.0
2,3,2,"[6, 8, 13]","[0, 1, 2, 3, 4, 5, 7, 9, 10, 11, 12, 14, 15, 16, 17]",3,15,2,0.695733150886707,0.3333333333333333,0.2857142857142857,1.0,0.16666666666666666,0.33035714285714285,0.6153846153846154,0.5833333333333334,0.5833333333333334,0.36111111111111116,0.25129296617308455,0.16860774358113612,0.5706731677055359,0.7098439931869507,0.23494482040405273,0.8259450197219849,0.17405498027801514,0.7041653990745544,0.29583460092544556,0.695712128908636,0.3333333333333333,0.2857142857142857,1.0,0.16666666666666666,0.33035714285714285,0.6153846153846154,0.5833333333333334,0.5833333333333334,0.38888888888888895,0.2512824533767652,0.1685971061388652,0.5705306529998779,0.7098439931869507,0.23494482040405273,0.8259450197219849,0.17405498027801514,0.7041653990745544,0.29583460092544556,0.02777777777777779,0.0,0.0,0.0,0.0,-0.00014251470565795898,0.0,0.0,0.0,0.0,0.0,-2.1021978070967506e-05,0.0,0.0,-1.0637442270922115e-05,0.0,0.0,-1.0512796319361861e-05,0.0
2,3,3,"[1, 7, 10]","[0, 2, 3, 4, 5, 6, 8, 9, 11, 12, 13, 14, 15, 16, 17]",3,15,2,0.6955524985166613,0.3333333333333333,0.2857142857142857,1.0,0.16666666666666666,0.33035714285714285,0.6153846153846154,0.5833333333333334,0.5833333333333334,0.47222222222222227,0.2512026515287679,0.16912436485290533,0.5662178993225098,0.708879292011261,0.23606669902801514,0.8236061334609985,0.17639386653900146,0.704260528087616,0.29573947191238403,0.6954448315380534,0.3333333333333333,0.2857142857142857,1.0,0.16666666666666666,0.33035714285714285,0.6153846153846154,0.5833333333333334,0.5833333333333334,0.47222222222222227,0.25114881437890474,0.1690809369087219,0.5661063194274902,0.708879292011261,0.23606669902801514,0.8236061334609985,0.17639386653900146,0.704260528087616,0.29573947191238403,0.0,0.0,0.0,0.0,0.0,-0.00011157989501953125,0.0,0.0,0.0,0.0,0.0,-0.00010766697860797869,0.0,0.0,-4.342794418343843e-05,0.0,0.0,-5.3837149863178446e-05,0.0
2,3,4,"[2, 11, 17]","[0, 1, 3, 4, 5, 6, 7, 8, 9, 10, 12, 13, 14, 15, 16]",3,15,2,0.6944479987489018,0.4,0.3076923076923077,1.0,0.18181818181818182,0.3891402714932127,0.6538461538461539,0.5909090909090909,0.5909090909090909,0.5454545454545454,0.2506504110767936,0.10208783547083533,0.5582877397537231,0.7065147161483765,0.23784476518630981,0.8270362019538879,0.17296385765075684,0.697274386882782,0.3027256727218628,0.6942964907728499,0.4,0.3076923076923077,1.0,0.18181818181818182,0.3891402714932127,0.6538461538461539,0.5909090909090909,0.5909090909090909,0.5909090909090909,0.2505746591243148,0.1019906719525655,0.5580022931098938,0.7065147161483765,0.23784476518630981,0.8270362019538879,0.17296385765075684,0.697274386882782,0.3027256727218628,0.045454545454545525,0.0,0.0,0.0,0.0,-0.0002854466438293457,0.0,0.0,0.0,0.0,0.0,-0.00015150797605190114,0.0,0.0,-9.716351826982716e-05,0.0,0.0,-7.575195247877531e-05,0.0
2,3,5,"[9, 15, 16]","[0, 1, 2, 3, 4, 5, 6, 7, 8, 10, 11, 12, 13, 14, 17]",3,15,2,0.6955300838921236,0.26666666666666666,0.15384615384615385,1.0,0.08333333333333333,0.25339366515837103,0.6071428571428571,0.5416666666666666,0.5416666666666666,0.5,0.2511914417317041,0.23571196397145594,0.5674915909767151,0.7078579664230347,0.2367788553237915,0.8253408074378967,0.17465919256210327,0.7011014819145203,0.29889851808547974,0.6954960236952838,0.26666666666666666,0.15384615384615385,1.0,0.08333333333333333,0.25339366515837103,0.6071428571428571,0.5416666666666666,0.5416666666666666,0.5277777777777778,0.2511744142331595,0.2356742223103841,0.5670355558395386,0.7078579664230347,0.2367788553237915,0.8253408074378967,0.17465919256210327,0.7011014819145203,0.29889851808547974,0.02777777777777779,0.0,0.0,0.0,0.0,-0.00045603513717651367,0.0,0.0,0.0,0.0,0.0,-3.406019683971362e-05,0.0,0.0,-3.774166107184396e-05,0.0,0.0,-1.7027498544597286e-05,0.0
2,3,6,"[0, 5, 14]","[1, 2, 3, 4, 6, 7, 8, 9, 10, 11, 12, 13, 15, 16, 17]",3,15,2,0.6952397855371614,0.3333333333333333,0.16666666666666666,1.0,0.09090909090909091,0.3055555555555555,0.6428571428571428,0.5454545454545454,0.5454545454545454,0.4318181818181818,0.2510462964327494,0.16906220118204757,0.5595212578773499,0.7087312340736389,0.23596149682998657,0.824455201625824,0.17554479837417603,0.7036218643188477,0.29637813568115234,0.6951242538496696,0.3333333333333333,0.16666666666666666,1.0,0.09090909090909091,0.3055555555555555,0.6428571428571428,0.5454545454545454,0.5454545454545454,0.5227272727272727,0.2509885270100861,0.16901330153147381,0.5596116781234741,0.7087312340736389,0.23596149682998657,0.824455201625824,0.17554479837417603,0.7036218643188477,0.29637813568115234,0.09090909090909088,0.0,0.0,0.0,0.0,9.042024612426758e-05,0.0,0.0,0.0,0.0,0.0,-0.00011553168749178777,0.0,0.0,-4.889965057375267e-05,0.0,0.0,-5.776942266327856e-05,0.0
2,6,1,"[0, 2, 4, 5, 8, 13]","[1, 3, 6, 7, 9, 10, 11, 12, 14, 15, 16, 17]",6,12,2,0.6956457248997885,0.3333333333333333,0.2,1.0,0.1111111111111111,0.3142857142857143,0.6363636363636364,0.5555555555555556,0.5555555555555556,0.3703703703703704,0.25124925697328737,0.16861914098262792,0.5739012956619263,0.7098715305328369,0.23481225967407227,0.8290604948997498,0.17093950510025024,0.7013149857521057,0.2986850142478943,0.695521682800084,0.3333333333333333,0.2,1.0,0.1111111111111111,0.3142857142857143,0.6363636363636364,0.5555555555555556,0.5555555555555556,0.40740740740740744,0.25118723445711494,0.16857209801673895,0.5734407305717468,0.7098715305328369,0.23481225967407227,0.8290604948997498,0.17093950510025024,0.7013149857521057,0.2986850142478943,0.037037037037037035,0.0,0.0,0.0,0.0,-0.00046056509017944336,0.0,0.0,0.0,0.0,0.0,-0.0001240420997045133,0.0,0.0,-4.704296588897705e-05,0.0,0.0,-6.202251617243304e-05,0.0
2,6,2,"[1, 3, 7, 11, 15, 17]","[0, 2, 4, 5, 6, 8, 9, 10, 12, 13, 14, 16]",6,12,2,0.6948151269877055,0.3333333333333333,0.3333333333333333,1.0,0.2,0.3333333333333333,0.6,0.6,0.6,0.7,0.25083397707626176,0.16890087723732,0.6030174493789673,0.7130223512649536,0.23215246200561523,0.8289629817008972,0.17103707790374756,0.7067322731018066,0.29326778650283813,0.6947128752857914,0.3333333333333333,0.3333333333333333,1.0,0.2,0.3333333333333333,0.6,0.6,0.6,0.65,0.2507828472462658,0.16883442799250287,0.6031656861305237,0.7130223512649536,0.23215246200561523,0.8289629817008972,0.17103707790374756,0.7067322731018066,0.29326778650283813,-0.04999999999999993,0.0,0.0,0.0,0.0,0.00014823675155639648,0.0,0.0,0.0,0.0,0.0,-0.00010225170191413557,0.0,0.0,-6.644924481713499e-05,0.0,0.0,-5.1129829995943954e-05,0.0
2,6,3,"[6, 9, 10, 12, 14, 16]","[0, 1, 2, 3, 4, 5, 7, 8, 11, 13, 15, 17]",6,12,2,0.6952037188004597,0.3333333333333333,0.2,1.0,0.1111111111111111,0.3142857142857143,0.6363636363636364,0.5555555555555556,0.5555555555555556,0.4444444444444445,0.2510282619470238,0.1691801100969315,0.5754590034484863,0.7024084329605103,0.2418866753578186,0.8179401159286499,0.1820598840713501,0.6982864737510681,0.3017135262489319,0.695037544785313,0.3333333333333333,0.2,1.0,0.1111111111111111,0.3142857142857143,0.6363636363636364,0.5555555555555556,0.5555555555555556,0.5185185185185186,0.2509451783471863,0.169117530186971,0.5760088562965393,0.7024084329605103,0.2418866753578186,0.8179401159286499,0.1820598840713501,0.6982864737510681,0.3017135262489319,0.07407407407407413,0.0,0.0,0.0,0.0,0.0005498528480529785,0.0,0.0,0.0,0.0,0.0,-0.00016617401514673613,0.0,0.0,-6.257990996050289e-05,0.0,0.0,-8.30835998374968e-05,0.0
2,9,1,"[0, 2, 4, 5, 7, 8, 10, 11, 14]","[1, 3, 6, 9, 12, 13, 15, 16, 17]",9,9,2,0.6957134430507232,0.3333333333333333,0.25,1.0,0.14285714285714285,0.325,0.625,0.5714285714285714,0.5714285714285714,0.21428571428571427,0.251283117142452,0.16858836677339345,0.6097643375396729,0.7103642225265503,0.23434245586395264,0.8280165791511536,0.17198342084884644,0.7032985091209412,0.29670149087905884,0.695582511853583,0.3333333333333333,0.25,1.0,0.14285714285714285,0.325,0.625,0.5714285714285714,0.5714285714285714,0.2857142857142857,0.25121764980252614,0.16855557097329038,0.608710527420044,0.7103642225265503,0.23434245586395264,0.8280165791511536,0.17198342084884644,0.7032985091209412,0.29670149087905884,0.07142857142857142,0.0,0.0,0.0,0.0,-0.0010538101196289062,0.0,0.0,0.0,0.0,0.0,-0.00013093119714024937,0.0,0.0,-3.279580010306926e-05,0.0,0.0,-6.546733992585096e-05,0.0
2,9,2,"[1, 3, 6, 9, 12, 13, 15, 16, 17]","[0, 2, 4, 5, 7, 8, 10, 11, 14]",9,9,2,0.694729644169286,0.3333333333333333,0.25,1.0,0.14285714285714285,0.325,0.625,0.5714285714285714,0.5714285714285714,0.7142857142857143,0.2507912302678459,0.16921175850762266,0.6029876470565796,0.7065038681030273,0.2382250428199768,0.8226257562637329,0.17737418413162231,0.7009240388870239,0.2990759015083313,0.6945009506406343,0.3333333333333333,0.25,1.0,0.14285714285714285,0.325,0.625,0.5714285714285714,0.5714285714285714,0.7142857142857143,0.25067687881938194,0.16907237635718458,0.6028216481208801,0.7065038681030273,0.2382250428199768,0.8226257562637329,0.17737418413162231,0.7009240388870239,0.2990759015083313,0.0,0.0,0.0,0.0,0.0,-0.0001659989356994629,0.0,0.0,0.0,0.0,0.0,-0.0002286935286516245,0.0,0.0,-0.00013938215043807212,0.0,0.0,-0.00011435144846394518,0.0
2,12,1,"[0, 1, 2, 3, 4, 8, 9, 10, 11, 12, 13, 16]","[5, 6, 7, 14, 15, 17]",12,6,2,0.6961143445910198,0.3333333333333333,0.3333333333333333,1.0,0.2,0.3333333333333333,0.6,0.6,0.6,0.4,0.25148355387532656,0.1688126226266225,0.5913909077644348,0.7055267095565796,0.23928707838058472,0.8182836174964905,0.18171638250350952,0.7031422257423401,0.2968577742576599,0.6960528862119334,0.3333333333333333,0.3333333333333333,1.0,0.2,0.3333333333333333,0.6,0.6,0.6,0.4,0.2514528351561691,0.1688283185164134,0.5904105305671692,0.7055267095565796,0.23928707838058472,0.8182836174964905,0.18171638250350952,0.7031422257423401,0.2968577742576599,0.0,0.0,0.0,0.0,0.0,-0.000980377197265625,0.0,0.0,0.0,0.0,0.0,-6.145837908644314e-05,0.0,0.0,1.5695889790889872e-05,0.0,0.0,-3.0718719157440955e-05,0.0
2,12,2,"[0, 2, 4, 5, 6, 7, 8, 10, 14, 15, 16, 17]","[1, 3, 9, 11, 12, 13]",12,6,2,0.6955854732704713,0.3333333333333333,0.3333333333333333,1.0,0.2,0.3333333333333333,0.6,0.6,0.6,0.2,0.2512191232712631,0.16839082042376202,0.5718915462493896,0.7113339304924011,0.2334120273590088,0.8313916921615601,0.1686081886291504,0.7017840147018433,0.2982158660888672,0.6953555415815877,0.3333333333333333,0.3333333333333333,1.0,0.2,0.3333333333333333,0.6,0.6,0.6,0.4,0.2511041645219227,0.16837713122367864,0.5711070895195007,0.7113339304924011,0.2334120273590088,0.8313916921615601,0.1686081886291504,0.7017840147018433,0.2982158660888672,0.2,0.0,0.0,0.0,0.0,-0.000784456729888916,0.0,0.0,0.0,0.0,0.0,-0.00022993168888352233,0.0,0.0,-1.3689200083377706e-05,0.0,0.0,-0.00011495874934042138,0.0
2,12,3,"[0, 2, 4, 5, 6, 7, 8, 11, 13, 14, 15, 16]","[1, 3, 9, 10, 12, 17]",12,6,2,0.6951555642891257,0.3333333333333333,0.3333333333333333,1.0,0.2,0.3333333333333333,0.6,0.6,0.6,0.4,0.2510041762887809,0.16817702849706012,0.6061716079711914,0.7155566215515137,0.22902435064315796,0.8352864384651184,0.16471344232559204,0.7066646218299866,0.2933352589607239,0.6950627293380535,0.3333333333333333,0.3333333333333333,1.0,0.2,0.3333333333333333,0.6,0.6,0.6,0.4,0.2509577695704321,0.1681345403194428,0.6060857176780701,0.7155566215515137,0.22902435064315796,0.8352864384651184,0.16471344232559204,0.7066646218299866,0.2933352589607239,0.0,0.0,0.0,0.0,0.0,-8.589029312133789e-05,0.0,0.0,0.0,0.0,0.0,-9.283495107226258e-05,0.0,0.0,-4.2488177617316936e-05,0.0,0.0,-4.6406718348823706e-05,0.0
3,3,1,"[1, 5, 9]","[0, 2, 3, 4, 6, 7, 8, 10, 11, 12, 13, 14, 15, 16, 17]",3,15,2,0.6927794705959516,0.4,0.3076923076923077,0.4,0.25,0.3891402714932127,0.4,0.4107142857142857,0.4107142857142857,0.5,0.24981617169258083,0.10260347127914426,0.9260255098342896,0.5807285904884338,0.3218817710876465,0.6587363481521606,0.34126371145248413,0.6975002288818359,0.30249983072280884,0.6927296525826262,0.4,0.3076923076923077,0.4,0.25,0.3891402714932127,0.4,0.4107142857142857,0.4107142857142857,0.5535714285714286,0.2497912598788097,0.10258681376775103,0.5771008729934692,0.5807285904884338,0.3218817710876465,0.6587363481521606,0.34126371145248413,0.6975002288818359,0.30249983072280884,0.0535714285714286,0.0,0.0,0.0,0.0,-0.3489246368408203,0.0,0.0,0.0,0.0,0.0,-4.981801332537561e-05,0.0,0.0,-1.6657511393236568e-05,0.0,0.0,-2.4911813771122393e-05,0.0
3,3,2,"[3, 8, 15]","[0, 1, 2, 4, 5, 6, 7, 9, 10, 11, 12, 13, 14, 16, 17]",3,15,2,0.6940517166749811,0.3333333333333333,0.2857142857142857,0.4,0.2222222222222222,0.33035714285714285,0.35,0.3611111111111111,0.3611111111111111,0.4074074074074074,0.25045228507039646,0.1694448868433635,0.5819747447967529,0.5867607593536377,0.3143904209136963,0.6700137853622437,0.32998621463775635,0.701205313205719,0.298794686794281,0.6941661247541341,0.3333333333333333,0.2857142857142857,0.4,0.2222222222222222,0.33035714285714285,0.35,0.3611111111111111,0.3611111111111111,0.4074074074074074,0.25050948647695653,0.1694931070009868,0.5808895826339722,0.5867607593536377,0.3143904209136963,0.6700137853622437,0.32998621463775635,0.701205313205719,0.298794686794281,0.0,0.0,0.0,0.0,0.0,-0.0010851621627807617,0.0,0.0,0.0,0.0,0.0,0.00011440807915297224,0.0,0.0,4.8220157623291016e-05,0.0,0.0,5.720140656007011e-05,0.0
3,3,3,"[0, 2, 14]","[1, 3, 4, 5, 6, 7, 8, 9, 10, 11, 12, 13, 15, 16, 17]",3,15,2,0.6922532691857758,0.4,0.18181818181818182,0.3333333333333333,0.125,0.354066985645933,0.375,0.41964285714285715,0.41964285714285715,0.6428571428571428,0.24955307889008804,0.10292112827301025,0.5757617950439453,0.5933652520179749,0.3095064163208008,0.6728982925415039,0.3271016478538513,0.708088755607605,0.29191118478775024,0.6922800498637549,0.4,0.18181818181818182,0.3333333333333333,0.125,0.354066985645933,0.375,0.41964285714285715,0.41964285714285715,0.6428571428571428,0.24956647182358563,0.10282676219940179,0.5763821005821228,0.5933652520179749,0.3095064163208008,0.6728982925415039,0.3271016478538513,0.708088755607605,0.29191118478775024,0.0,0.0,0.0,0.0,0.0,0.0006203055381774902,0.0,0.0,0.0,0.0,0.0,2.6780677979121315e-05,0.0,0.0,-9.436607360846505e-05,0.0,0.0,1.3392933497585746e-05,0.0
3,3,4,"[4, 7, 11]","[0, 1, 2, 3, 5, 6, 8, 9, 10, 12, 13, 14, 15, 16, 17]",3,15,2,0.6937145920877984,0.3333333333333333,0.16666666666666666,0.25,0.125,0.3055555555555555,0.3068181818181818,0.3482142857142857,0.3482142857142857,0.4821428571428572,0.25028371524223797,0.16914574305216473,0.5725354552268982,0.5858834981918335,0.31511199474334717,0.66788649559021,0.3321135640144348,0.70188969373703,0.2981104254722595,0.6937108204132849,0.3333333333333333,0.16666666666666666,0.25,0.125,0.3055555555555555,0.3068181818181818,0.3482142857142857,0.3482142857142857,0.4821428571428572,0.2502818290361883,0.16907293796539308,0.5720179677009583,0.5858834981918335,0.31511199474334717,0.66788649559021,0.3321135640144348,0.70188969373703,0.2981104254722595,0.0,0.0,0.0,0.0,0.0,-0.0005174875259399414,0.0,0.0,0.0,0.0,0.0,-3.771674513486367e-06,0.0,0.0,-7.280508677165454e-05,0.0,0.0,-1.886206049683814e-06,0.0
3,3,5,"[6, 16, 17]","[0, 1, 2, 3, 4, 5, 7, 8, 9, 10, 11, 12, 13, 14, 15]",3,15,2,0.6926105408516275,0.4,0.3076923076923077,0.5,0.2222222222222222,0.3891402714932127,0.4318181818181818,0.4444444444444444,0.4444444444444444,0.6481481481481481,0.24973170874122524,0.10294045209884639,0.577705979347229,0.5789492726325989,0.3245363235473633,0.649811863899231,0.35018813610076904,0.7011155486106873,0.29888445138931274,0.6925647473085482,0.4,0.3076923076923077,0.5,0.2222222222222222,0.3891402714932127,0.4318181818181818,0.4444444444444444,0.4444444444444444,0.6481481481481481,0.24970882149976467,0.10288363695144653,0.5773586630821228,0.5789492726325989,0.3245363235473633,0.649811863899231,0.35018813610076904,0.7011155486106873,0.29888445138931274,0.0,0.0,0.0,0.0,0.0,-0.00034731626510620117,0.0,0.0,0.0,0.0,0.0,-4.579354307931993e-05,0.0,0.0,-5.6815147399857935e-05,0.0,0.0,-2.288724146057297e-05,0.0
3,3,6,"[10, 12, 13]","[0, 1, 2, 3, 4, 5, 6, 7, 8, 9, 11, 14, 15, 16, 17]",3,15,2,0.6923929452144328,0.4666666666666667,0.3333333333333333,0.5,0.25,0.4444444444444444,0.4772727272727273,0.48214285714285715,0.48214285714285715,0.5892857142857143,0.24962291264346212,0.03642811775207522,0.5827919244766235,0.5625047087669373,0.33794063329696655,0.6304344534873962,0.36956554651260376,0.6936842799186707,0.30631572008132935,0.6923840962399834,0.4666666666666667,0.3333333333333333,0.5,0.25,0.4444444444444444,0.4772727272727273,0.48214285714285715,0.48214285714285715,0.5892857142857143,0.24961849362225721,0.03644075791041057,0.5832875967025757,0.5625047087669373,0.33794063329696655,0.6304344534873962,0.36956554651260376,0.6936842799186707,0.30631572008132935,0.0,0.0,0.0,0.0,0.0,0.0004956722259521484,0.0,0.0,0.0,0.0,0.0,-8.848974449415792e-06,0.0,0.0,1.2640158335353036e-05,0.0,0.0,-4.41902120490445e-06,0.0
3,6,1,"[2, 9, 10, 12, 14, 17]","[0, 1, 3, 4, 5, 6, 7, 8, 11, 13, 15, 16]",6,12,2,0.6922855433255363,0.5,0.4,0.6666666666666666,0.2857142857142857,0.4857142857142857,0.5555555555555556,0.5428571428571429,0.5428571428571429,0.6571428571428571,0.24956921228701212,0.003053655227025387,0.6084668636322021,0.5603440999984741,0.3377467393875122,0.624381422996521,0.375618577003479,0.7001250386238098,0.29987502098083496,0.6923052907592627,0.5,0.4,0.6666666666666666,0.2857142857142857,0.4857142857142857,0.5555555555555556,0.5428571428571429,0.5428571428571429,0.6571428571428571,0.24957909057477265,0.0029951979716619226,0.6082221269607544,0.5603440999984741,0.3377467393875122,0.624381422996521,0.375618577003479,0.7001250386238098,0.29987502098083496,0.0,0.0,0.0,0.0,0.0,-0.0002447366714477539,0.0,0.0,0.0,0.0,0.0,1.974743372645804e-05,0.0,0.0,-5.8457255363464355e-05,0.0,0.0,9.87828776052857e-06,0.0
3,6,2,"[1, 3, 5, 6, 13, 16]","[0, 2, 4, 7, 8, 9, 10, 11, 12, 14, 15, 17]",6,12,2,0.6918936189108863,0.4166666666666667,0.36363636363636365,0.5,0.2857142857142857,0.4125874125874126,0.4375,0.44285714285714284,0.44285714285714284,0.6,0.2493732580672269,0.08605205019315082,0.5803792476654053,0.5919850468635559,0.3107547163963318,0.678423285484314,0.32157671451568604,0.7000673413276672,0.29993265867233276,0.691996107077062,0.4166666666666667,0.36363636363636365,0.5,0.2857142857142857,0.4125874125874126,0.4375,0.44285714285714284,0.44285714285714284,0.6,0.24942450878632574,0.08605987826983136,0.5810128450393677,0.5919850468635559,0.3107547163963318,0.678423285484314,0.32157671451568604,0.7000673413276672,0.29993265867233276,0.0,0.0,0.0,0.0,0.0,0.0006335973739624023,0.0,0.0,0.0,0.0,0.0,0.00010248816617575152,0.0,0.0,7.82807668053831e-06,0.0,0.0,5.1250719098838715e-05,0.0
3,6,3,"[0, 4, 7, 8, 11, 15]","[1, 2, 3, 5, 6, 9, 10, 12, 13, 14, 16, 17]",6,12,2,0.6947221050688608,0.25,0.0,0.0,0.0,0.2,0.16666666666666666,0.25,0.25,0.3611111111111111,0.2507874657857563,0.252636194229126,0.5879683494567871,0.5917721390724182,0.3131951689720154,0.6720858812332153,0.3279140591621399,0.7015237212181091,0.2984762191772461,0.6947692230901482,0.25,0.0,0.0,0.0,0.2,0.16666666666666666,0.25,0.25,0.3611111111111111,0.25081102791364773,0.2526457955439886,0.587479293346405,0.5917721390724182,0.3131951689720154,0.6720858812332153,0.3279140591621399,0.7015237212181091,0.2984762191772461,0.0,0.0,0.0,0.0,0.0,-0.0004890561103820801,0.0,0.0,0.0,0.0,0.0,4.7118021287428924e-05,0.0,0.0,9.60131486260618e-06,0.0,0.0,2.3562127891452178e-05,0.0
3,9,1,"[1, 2, 4, 6, 7, 8, 12, 14, 16]","[0, 3, 5, 9, 10, 11, 13, 15, 17]",9,9,2,0.6912664871959484,0.4444444444444444,0.4444444444444444,0.5,0.4,0.4444444444444444,0.45,0.45,0.45,0.6,0.2490597138418743,0.05818661053975427,0.5956488847732544,0.609769344329834,0.2921583652496338,0.7101043462753296,0.2898956537246704,0.7055788636207581,0.29442113637924194,0.6912380099386634,0.4444444444444444,0.4444444444444444,0.5,0.4,0.4444444444444444,0.45,0.45,0.45,0.6,0.24904547128899207,0.05813958909776473,0.5954908728599548,0.609769344329834,0.2921583652496338,0.7101043462753296,0.2898956537246704,0.7055788636207581,0.29442113637924194,0.0,0.0,0.0,0.0,0.0,-0.00015801191329956055,0.0,0.0,0.0,0.0,0.0,-2.8477257285053348e-05,0.0,0.0,-4.7021441989536505e-05,0.0,0.0,-1.4242552882237636e-05,0.0
3,9,2,"[0, 3, 5, 9, 10, 11, 13, 15, 17]","[1, 2, 4, 6, 7, 8, 12, 14, 16]",9,9,2,0.6946677121430919,0.3333333333333333,0.0,0.0,0.0,0.25,0.1875,0.375,0.375,0.4,0.25076027060839906,0.16964139540990192,0.6500027179718018,0.5529648065567017,0.34897279739379883,0.606489360332489,0.393510639667511,0.6955651044845581,0.3044348955154419,0.6946828895570161,0.3333333333333333,0.0,0.0,0.0,0.25,0.1875,0.375,0.375,0.4,0.25076785226320286,0.16963195800781256,0.6488563418388367,0.5529648065567017,0.34897279739379883,0.606489360332489,0.393510639667511,0.6955651044845581,0.3044348955154419,0.0,0.0,0.0,0.0,0.0,-0.0011463761329650879,0.0,0.0,0.0,0.0,0.0,1.5177413924205574e-05,0.0,0.0,-9.437402089362834e-06,0.0,0.0,7.581654803801019e-06,0.0
3,12,1,"[0, 1, 3, 4, 6, 7, 9, 10, 11, 14, 15, 16]","[2, 5, 8, 12, 13, 17]",12,6,2,0.6953948534714253,0.16666666666666666,0.0,0.0,0.0,0.14285714285714285,0.125,0.16666666666666666,0.16666666666666666,0.33333333333333337,0.2511238203508941,0.33598020672798157,0.6843181252479553,0.5782647132873535,0.3238494396209717,0.655134916305542,0.3448651432991028,0.697166383266449,0.3028336763381958,0.6954754972348912,0.16666666666666666,0.0,0.0,0.0,0.14285714285714285,0.125,0.16666666666666666,0.16666666666666666,0.33333333333333337,0.25116414497366096,0.33589361111323046,0.6808621883392334,0.5782647132873535,0.3238494396209717,0.655134916305542,0.3448651432991028,0.697166383266449,0.3028336763381958,0.0,0.0,0.0,0.0,0.0,-0.003455936908721924,0.0,0.0,0.0,0.0,0.0,8.064376346594848e-05,0.0,0.0,-8.6595614751106e-05,0.0,0.0,4.0324622766874096e-05,0.0
3,12,2,"[1, 2, 3, 4, 8, 10, 11, 12, 13, 15, 16, 17]","[0, 5, 6, 7, 9, 14]",12,6,2,0.6928410624699769,0.5,0.4,0.5,0.3333333333333333,0.4857142857142857,0.5,0.5,0.5,0.5555555555555556,0.24984696666944592,0.0029609700043996545,0.6488404870033264,0.5635389089584351,0.3245213031768799,0.6626593470573425,0.3373405933380127,0.6882978081703186,0.3117021322250366,0.6927959484469365,0.5,0.4,0.5,0.3333333333333333,0.4857142857142857,0.5,0.5,0.5,0.6666666666666667,0.2498243888957572,0.002915958563486698,0.6481655836105347,0.5635389089584351,0.3245213031768799,0.6626593470573425,0.3373405933380127,0.6882978081703186,0.3117021322250366,0.11111111111111116,0.0,0.0,0.0,0.0,-0.000674903392791748,0.0,0.0,0.0,0.0,0.0,-4.5114023040415674e-05,0.0,0.0,-4.50114409129565e-05,0.0,0.0,-2.257777368872005e-05,0.0
3,12,3,"[0, 1, 2, 3, 5, 6, 7, 10, 12, 14, 16, 17]","[4, 8, 9, 11, 13, 15]",12,6,2,0.6898438477502472,0.5,0.4,0.5,0.3333333333333333,0.4857142857142857,0.5,0.5,0.5,0.7777777777777779,0.24834841398113885,0.0036382675170898438,0.6513803005218506,0.6184889078140259,0.28954577445983887,0.7066889405250549,0.2933109998703003,0.7142194509506226,0.28578048944473267,0.6899458364027774,0.5,0.4,0.5,0.3333333333333333,0.4857142857142857,0.5,0.5,0.5,0.7777777777777779,0.24839941315098266,0.0035362641016641883,0.6506839394569397,0.6184889078140259,0.28954577445983887,0.7066889405250549,0.2933109998703003,0.7142194509506226,0.28578048944473267,0.0,0.0,0.0,0.0,0.0,-0.0006963610649108887,0.0,0.0,0.0,0.0,0.0,0.00010198865253019385,0.0,0.0,-0.0001020034154256555,0.0,0.0,5.0999169843801706e-05,0.0
4,3,1,"[0, 1, 9]","[2, 3, 4, 5, 6, 7, 8, 10, 11, 12, 13, 14, 15, 16, 17]",3,15,2,0.6935008835532047,0.4666666666666667,0.42857142857142855,0.6,0.3333333333333333,0.4642857142857143,0.5,0.5,0.5,0.5185185185185185,0.25017680724950875,0.03598600625991821,0.902401328086853,0.5483802556991577,0.3584176301956177,0.6036331057548523,0.3963668942451477,0.6795316338539124,0.32046836614608765,0.6934844983345467,0.4666666666666667,0.42857142857142855,0.6,0.3333333333333333,0.4642857142857143,0.5,0.5,0.5,0.5185185185185185,0.2501686085643643,0.035994009176889996,0.5731382966041565,0.5483802556991577,0.3584176301956177,0.6036331057548523,0.3963668942451477,0.6795316338539124,0.32046836614608765,0.0,0.0,0.0,0.0,0.0,-0.32926303148269653,0.0,0.0,0.0,0.0,0.0,-1.6385218657988254e-05,0.0,0.0,8.002916971783236e-06,0.0,0.0,-8.198685144455986e-06,0.0
4,3,2,"[3, 8, 10]","[0, 1, 2, 4, 5, 6, 7, 9, 11, 12, 13, 14, 15, 16, 17]",3,15,2,0.69457374323464,0.4,0.4,0.6,0.3,0.4,0.44999999999999996,0.44999999999999996,0.44999999999999996,0.39999999999999997,0.2507132256829279,0.1026076634724935,0.5701160430908203,0.5620695352554321,0.3442727327346802,0.6334894895553589,0.3665105104446411,0.6779650449752808,0.32203495502471924,0.6945986303812348,0.4,0.4,0.6,0.3,0.4,0.44999999999999996,0.44999999999999996,0.44999999999999996,0.42,0.2507256665052705,0.10256517330805459,0.5693786144256592,0.5620695352554321,0.3442727327346802,0.6334894895553589,0.3665105104446411,0.6779650449752808,0.32203495502471924,0.020000000000000018,0.0,0.0,0.0,0.0,-0.0007374286651611328,0.0,0.0,0.0,0.0,0.0,2.488714659476532e-05,0.0,0.0,-4.249016443891307e-05,0.0,0.0,1.2440822342585367e-05,0.0
4,3,3,"[6, 7, 11]","[0, 1, 2, 3, 4, 5, 8, 9, 10, 12, 13, 14, 15, 16, 17]",3,15,2,0.6934944620163588,0.5333333333333333,0.46153846153846156,0.75,0.3333333333333333,0.5248868778280543,0.6022727272727273,0.5833333333333334,0.5833333333333334,0.537037037037037,0.2501735928853447,0.030619585514068626,0.5650137662887573,0.5651185512542725,0.3424520492553711,0.637454092502594,0.362545907497406,0.6776418089866638,0.3223581910133362,0.6934506915087026,0.5333333333333333,0.46153846153846156,0.75,0.3333333333333333,0.5248868778280543,0.6022727272727273,0.5833333333333334,0.5833333333333334,0.537037037037037,0.2501516991456981,0.03070025046666458,0.5671836137771606,0.5651185512542725,0.3424520492553711,0.637454092502594,0.362545907497406,0.6776418089866638,0.3223581910133362,0.0,0.0,0.0,0.0,0.0,0.0021698474884033203,0.0,0.0,0.0,0.0,0.0,-4.377050765613788e-05,0.0,0.0,8.066495259595463e-05,0.0,0.0,-2.1893739646561272e-05,0.0
4,3,4,"[4, 5, 15]","[0, 1, 2, 3, 6, 7, 8, 9, 10, 11, 12, 13, 14, 16, 17]",3,15,2,0.6948141479579971,0.4,0.3076923076923077,0.5,0.2222222222222222,0.3891402714932127,0.4318181818181818,0.4444444444444444,0.4444444444444444,0.31481481481481477,0.25083342406959325,0.10255728165308631,0.5791009664535522,0.5684588551521301,0.34160691499710083,0.636231541633606,0.36376845836639404,0.6805545687675476,0.3194454312324524,0.6948149144934025,0.4,0.3076923076923077,0.5,0.2222222222222222,0.3891402714932127,0.4318181818181818,0.4444444444444444,0.4444444444444444,0.2962962962962963,0.25083380554851487,0.10247650146484377,0.5795198678970337,0.5684588551521301,0.34160691499710083,0.636231541633606,0.36376845836639404,0.6805545687675476,0.3194454312324524,-0.01851851851851849,0.0,0.0,0.0,0.0,0.0004189014434814453,0.0,0.0,0.0,0.0,0.0,7.665354053720819e-07,0.0,0.0,-8.078018824253519e-05,0.0,0.0,3.8147892161832786e-07,0.0
4,3,5,"[2, 14, 16]","[0, 1, 3, 4, 5, 6, 7, 8, 9, 10, 11, 12, 13, 15, 17]",3,15,2,0.6919708769385533,0.5333333333333333,0.46153846153846156,0.75,0.3333333333333333,0.5248868778280543,0.6022727272727273,0.5833333333333334,0.5833333333333334,0.6111111111111112,0.24941188010397847,0.031374677022298125,0.5762552618980408,0.5552529096603394,0.35150671005249023,0.6180433034896851,0.38195663690567017,0.6789432168006897,0.3210567235946655,0.691932935688947,0.5333333333333333,0.46153846153846156,0.75,0.3333333333333333,0.5248868778280543,0.6022727272727273,0.5833333333333334,0.5833333333333334,0.6296296296296297,0.24939290760180707,0.03135229746500645,0.575486421585083,0.5552529096603394,0.35150671005249023,0.6180433034896851,0.38195663690567017,0.6789432168006897,0.3210567235946655,0.01851851851851849,0.0,0.0,0.0,0.0,-0.0007688403129577637,0.0,0.0,0.0,0.0,0.0,-3.794124960632139e-05,0.0,0.0,-2.2379557291674068e-05,0.0,0.0,-1.897250217139379e-05,0.0
4,3,6,"[12, 13, 17]","[0, 1, 2, 3, 4, 5, 6, 7, 8, 9, 10, 11, 14, 15, 16]",3,15,2,0.6950770625053101,0.3333333333333333,0.16666666666666666,0.3333333333333333,0.1111111111111111,0.3055555555555555,0.3333333333333333,0.38888888888888884,0.38888888888888884,0.42592592592592593,0.2509648822358903,0.16914901336034144,0.5800256133079529,0.5497013926506042,0.3585119843482971,0.6033551096916199,0.3966448903083801,0.6796209216117859,0.3203790783882141,0.6951227017706155,0.3333333333333333,0.16666666666666666,0.3333333333333333,0.1111111111111111,0.3055555555555555,0.3333333333333333,0.38888888888888884,0.38888888888888884,0.42592592592592593,0.25098770254618236,0.16923045714696255,0.5803841352462769,0.5497013926506042,0.3585119843482971,0.6033551096916199,0.3966448903083801,0.6796209216117859,0.3203790783882141,0.0,0.0,0.0,0.0,0.0,0.0003585219383239746,0.0,0.0,0.0,0.0,0.0,4.56392653054305e-05,0.0,0.0,8.144378662111595e-05,0.0,0.0,2.2820310292048784e-05,0.0
4,6,1,"[2, 3, 5, 8, 12, 16]","[0, 1, 4, 6, 7, 9, 10, 11, 13, 14, 15, 17]",6,12,2,0.6934428676565227,0.3333333333333333,0.2,0.5,0.125,0.3142857142857143,0.4,0.4375,0.4375,0.375,0.25014786947174056,0.1686129669348399,0.5821146965026855,0.5641958713531494,0.3375917077064514,0.6512721180915833,0.34872788190841675,0.6735445261001587,0.3264554738998413,0.6934355383343521,0.3333333333333333,0.2,0.5,0.125,0.3142857142857143,0.4,0.4375,0.4375,0.40625,0.250144198861211,0.16860706607500714,0.5821017026901245,0.5641958713531494,0.3375917077064514,0.6512721180915833,0.34872788190841675,0.6735445261001587,0.3264554738998413,0.03125,0.0,0.0,0.0,0.0,-1.2993812561035156e-05,0.0,0.0,0.0,0.0,0.0,-7.329322170623875e-06,0.0,0.0,-5.900859832763672e-06,0.0,0.0,-3.6706105295825076e-06,0.0
4,6,2,"[0, 1, 7, 10, 14, 15]","[2, 3, 4, 5, 6, 8, 9, 11, 12, 13, 16, 17]",6,12,2,0.6931527495814208,0.5833333333333334,0.5454545454545454,0.75,0.42857142857142855,0.5804195804195804,0.625,0.6142857142857143,0.6142857142857143,0.5428571428571428,0.2500027275840487,0.0802354713280996,0.5853714346885681,0.5605102777481079,0.35096436738967896,0.6144621968269348,0.3855378031730652,0.6836089491844177,0.3163910508155823,0.6931356103099118,0.5833333333333334,0.5454545454545454,0.75,0.42857142857142855,0.5804195804195804,0.625,0.6142857142857143,0.6142857142857143,0.5428571428571428,0.24999415429153338,0.08021043737729394,0.5849883556365967,0.5605102777481079,0.35096436738967896,0.6144621968269348,0.3855378031730652,0.6836089491844177,0.3163910508155823,0.0,0.0,0.0,0.0,0.0,-0.00038307905197143555,0.0,0.0,0.0,0.0,0.0,-1.7139271509036824e-05,0.0,0.0,-2.5033950805664062e-05,0.0,0.0,-8.573292515301478e-06,0.0
4,6,3,"[4, 6, 9, 11, 13, 17]","[0, 1, 2, 3, 5, 7, 8, 10, 12, 14, 15, 16]",6,12,2,0.695119970865088,0.4166666666666667,0.36363636363636365,0.5,0.2857142857142857,0.4125874125874126,0.4375,0.44285714285714284,0.44285714285714284,0.42857142857142855,0.2509863090578324,0.08577535549799603,0.5985088348388672,0.5497767329216003,0.3598341941833496,0.6003690958023071,0.39963090419769287,0.6799623966217041,0.3200376033782959,0.6950996533887713,0.4166666666666667,0.36363636363636365,0.5,0.2857142857142857,0.4125874125874126,0.4375,0.44285714285714284,0.44285714285714284,0.39999999999999997,0.2509761523409153,0.08568579455216724,0.5990239381790161,0.5497767329216003,0.3598341941833496,0.6003690958023071,0.39963090419769287,0.6799623966217041,0.3200376033782959,-0.02857142857142858,0.0,0.0,0.0,0.0,0.0005151033401489258,0.0,0.0,0.0,0.0,0.0,-2.0317476316700223e-05,0.0,0.0,-8.95609458287927e-05,0.0,0.0,-1.0156716917120168e-05,0.0
4,9,1,"[1, 3, 6, 7, 11, 12, 13, 14, 15]","[0, 2, 4, 5, 8, 9, 10, 16, 17]",9,9,2,0.6950672035984549,0.4444444444444444,0.2857142857142857,0.5,0.2,0.41558441558441556,0.4642857142857143,0.475,0.475,0.5,0.25095989708514654,0.05879923370149398,0.5906229019165039,0.5531256198883057,0.3525044322013855,0.6261287331581116,0.3738712668418884,0.6688623428344727,0.33113765716552734,0.6950501925931176,0.4444444444444444,0.2857142857142857,0.5,0.2,0.41558441558441556,0.4642857142857143,0.475,0.475,0.5,0.2509513974069516,0.05870928366978967,0.5905209183692932,0.5531256198883057,0.3525044322013855,0.6261287331581116,0.3738712668418884,0.6688623428344727,0.33113765716552734,0.0,0.0,0.0,0.0,0.0,-0.00010198354721069336,0.0,0.0,0.0,0.0,0.0,-1.701100533724187e-05,0.0,0.0,-8.995003170431115e-05,0.0,0.0,-8.499678194939797e-06,0.0
4,9,2,"[0, 2, 4, 5, 8, 9, 10, 16, 17]","[1, 3, 6, 7, 11, 12, 13, 14, 15]",9,9,2,0.6927431214909662,0.4444444444444444,0.4444444444444444,0.6666666666666666,0.3333333333333333,0.4444444444444444,0.5,0.5,0.5,0.4444444444444445,0.24979799364064212,0.057302580939398884,0.6329055428504944,0.5631963014602661,0.3464224338531494,0.6179401874542236,0.38205981254577637,0.6892149448394775,0.31078505516052246,0.6927069369192,0.4444444444444444,0.4444444444444444,0.6666666666666666,0.3333333333333333,0.4444444444444444,0.5,0.5,0.5,0.4444444444444445,0.24977989263637282,0.05722169743643868,0.632979691028595,0.5631963014602661,0.3464224338531494,0.6179401874542236,0.38205981254577637,0.6892149448394775,0.31078505516052246,0.0,0.0,0.0,0.0,0.0,7.414817810058594e-05,0.0,0.0,0.0,0.0,0.0,-3.61845717661291e-05,0.0,0.0,-8.088350296020508e-05,0.0,0.0,-1.8101004269299725e-05,0.0
4,12,1,"[0, 1, 4, 6, 7, 8, 9, 10, 11, 12, 14, 17]","[2, 3, 5, 13, 15, 16]",12,6,2,0.6953421984238496,0.5,0.5714285714285714,0.6666666666666666,0.5,0.4857142857142857,0.5,0.5,0.5,0.375,0.2510973475890948,0.003479897975921631,0.6843439936637878,0.5663890838623047,0.3531929850578308,0.6079081296920776,0.39209187030792236,0.6857060194015503,0.3142940402030945,0.69525697110315,0.5,0.5714285714285714,0.6666666666666666,0.5,0.4857142857142857,0.5,0.5,0.5,0.375,0.2510547224875941,0.003419975439707401,0.6828043460845947,0.5663890838623047,0.3531929850578308,0.6079081296920776,0.39209187030792236,0.6857060194015503,0.3142940402030945,0.0,0.0,0.0,0.0,0.0,-0.0015396475791931152,0.0,0.0,0.0,0.0,0.0,-8.522732069959904e-05,0.0,0.0,-5.9922536214229716e-05,0.0,0.0,-4.262510150071508e-05,0.0
4,12,2,"[0, 1, 2, 4, 5, 6, 7, 8, 9, 12, 13, 16]","[3, 10, 11, 14, 15, 17]",12,6,2,0.6944821572959988,0.3333333333333333,0.0,0.0,0.0,0.25,0.16666666666666666,0.5,0.5,0.375,0.2506674794874944,0.16782591740290326,0.6923286318778992,0.5723081827163696,0.33400046825408936,0.6617114543914795,0.3382885456085205,0.6702876091003418,0.3297123908996582,0.6943564569705529,0.3333333333333333,0.0,0.0,0.0,0.25,0.16666666666666666,0.5,0.5,0.125,0.25060464087737566,0.16747571031252545,0.6924490332603455,0.5723081827163696,0.33400046825408936,0.6617114543914795,0.3382885456085205,0.6702876091003418,0.3297123908996582,-0.25,0.0,0.0,0.0,0.0,0.00012040138244628906,0.0,0.0,0.0,0.0,0.0,-0.00012570032544589882,0.0,0.0,-0.0003502070903778076,0.0,0.0,-6.283861011874281e-05,0.0
4,12,3,"[0, 1, 3, 5, 6, 7, 9, 11, 12, 14, 16, 17]","[2, 4, 8, 10, 13, 15]",12,6,2,0.6904174455568484,0.5,0.4,1.0,0.25,0.4857142857142857,0.7,0.625,0.625,0.875,0.24863517826610115,0.003194024165471432,0.7068951725959778,0.5523020029067993,0.34878867864608765,0.6159696578979492,0.3840303421020508,0.6864530444145203,0.31354695558547974,0.6904499029082701,0.5,0.4,1.0,0.25,0.4857142857142857,0.7,0.625,0.625,0.875,0.24865140853793508,0.003107955058415768,0.7049536108970642,0.5523020029067993,0.34878867864608765,0.6159696578979492,0.3840303421020508,0.6864530444145203,0.31354695558547974,0.0,0.0,0.0,0.0,0.0,-0.0019415616989135742,0.0,0.0,0.0,0.0,0.0,3.245735142176631e-05,0.0,0.0,-8.606910705566406e-05,0.0,0.0,1.623027183392245e-05,0.0
5,3,1,"[2, 7, 15]","[0, 1, 3, 4, 5, 6, 8, 9, 10, 11, 12, 13, 14, 16, 17]",3,15,2,0.6956058028589382,0.3333333333333333,0.4444444444444444,0.5,0.4,0.3055555555555555,0.3214285714285714,0.30000000000000004,0.30000000000000004,0.24,0.2512292740287563,0.16977528333663944,0.9396988153457642,0.6603024005889893,0.25131773948669434,0.8383958339691162,0.16160404682159424,0.6589685678482056,0.34103137254714966,0.6956380656084395,0.3333333333333333,0.4444444444444444,0.5,0.4,0.3055555555555555,0.3214285714285714,0.30000000000000004,0.30000000000000004,0.24,0.2512454199203147,0.1697726766268412,0.5435721278190613,0.6603024005889893,0.25131773948669434,0.8383958339691162,0.16160404682159424,0.6589685678482056,0.34103137254714966,0.0,0.0,0.0,0.0,0.0,-0.3961266875267029,0.0,0.0,0.0,0.0,0.0,3.226274950129948e-05,0.0,0.0,-2.6067097982362952e-06,0.0,0.0,1.6145891558405623e-05,0.0
5,3,2,"[0, 13, 17]","[1, 2, 3, 4, 5, 6, 7, 8, 9, 10, 11, 12, 14, 15, 16]",3,15,2,0.6952492282758926,0.3333333333333333,0.4444444444444444,0.5,0.4,0.3055555555555555,0.3214285714285714,0.30000000000000004,0.30000000000000004,0.28,0.2510509881119643,0.16959741115570065,0.5571615099906921,0.6547150611877441,0.2556244730949402,0.8331553339958191,0.1668446660041809,0.6555957794189453,0.3444042205810547,0.6953027962102919,0.3333333333333333,0.4444444444444444,0.5,0.4,0.3055555555555555,0.3214285714285714,0.30000000000000004,0.30000000000000004,0.28,0.2510777685523062,0.16961629390716554,0.5569108724594116,0.6547150611877441,0.2556244730949402,0.8331553339958191,0.1668446660041809,0.6555957794189453,0.3444042205810547,0.0,0.0,0.0,0.0,0.0,-0.0002506375312805176,0.0,0.0,0.0,0.0,0.0,5.356793439925678e-05,0.0,0.0,1.888275146488816e-05,0.0,0.0,2.6780440341878098e-05,0.0
5,3,3,"[11, 14, 16]","[0, 1, 2, 3, 4, 5, 6, 7, 8, 9, 10, 12, 13, 15, 17]",3,15,2,0.6976248858377628,0.26666666666666666,0.35294117647058826,0.42857142857142855,0.3,0.25339366515837103,0.2767857142857143,0.25,0.25,0.13999999999999999,0.25223875213543934,0.23641633590062455,0.5582663416862488,0.6533364057540894,0.2565557360649109,0.8335117101669312,0.1664884090423584,0.6533768773078918,0.34662318229675293,0.6976617368047939,0.2,0.25,0.3333333333333333,0.2,0.19642857142857142,0.2222222222222222,0.2,0.2,0.12,0.25225718114968815,0.30305502017339064,0.5584967732429504,0.6533364057540894,0.2565557360649109,0.8335117101669312,0.1664884090423584,0.6533768773078918,0.34662318229675293,-0.01999999999999999,-0.04999999999999999,0.0,-0.05456349206349209,0.0,0.00023043155670166016,-0.06666666666666665,-0.09523809523809523,0.0,0.0,-0.09999999999999998,3.6850967031099024e-05,0.0,-0.10294117647058826,0.06663868427276609,0.0,-0.056965093729799604,1.8429014248810827e-05,-0.04999999999999999
5,3,4,"[3, 6, 9]","[0, 1, 2, 4, 5, 7, 8, 10, 11, 12, 13, 14, 15, 16, 17]",3,15,2,0.697669342279377,0.13333333333333333,0.23529411764705882,0.2857142857142857,0.2,0.11764705882352941,0.14285714285714285,0.1,0.1,0.12000000000000001,0.2522610132619898,0.3700607736905416,0.5530784726142883,0.655935525894165,0.254957914352417,0.8345150351524353,0.1654849648475647,0.6555690169334412,0.34443098306655884,0.6975844398695703,0.13333333333333333,0.23529411764705882,0.2857142857142857,0.2,0.11764705882352941,0.14285714285714285,0.1,0.1,0.12000000000000001,0.25221857567998374,0.37005683581034343,0.5529311895370483,0.655935525894165,0.254957914352417,0.8345150351524353,0.1654849648475647,0.6555690169334412,0.34443098306655884,0.0,0.0,0.0,0.0,0.0,-0.00014728307723999023,0.0,0.0,0.0,0.0,0.0,-8.490240980674191e-05,0.0,0.0,-3.937880198146004e-06,0.0,0.0,-4.243758200606074e-05,0.0
5,3,5,"[4, 5, 12]","[0, 1, 2, 3, 6, 7, 8, 9, 10, 11, 13, 14, 15, 16, 17]",3,15,2,0.6966895894205619,0.26666666666666666,0.35294117647058826,0.42857142857142855,0.3,0.25339366515837103,0.2767857142857143,0.25,0.25,0.2,0.251771145134914,0.23686614433924352,0.5634975433349609,0.6587338447570801,0.25281089544296265,0.8361485600471497,0.16385149955749512,0.6582297682762146,0.3417702913284302,0.6966132499241087,0.26666666666666666,0.35294117647058826,0.42857142857142855,0.3,0.25339366515837103,0.2767857142857143,0.25,0.25,0.2,0.25173297796363997,0.2368770281473796,0.5632384419441223,0.6587338447570801,0.25281089544296265,0.8361485600471497,0.16385149955749512,0.6582297682762146,0.3417702913284302,0.0,0.0,0.0,0.0,0.0,-0.00025910139083862305,0.0,0.0,0.0,0.0,0.0,-7.633949645324822e-05,0.0,0.0,1.0883808136075146e-05,0.0,0.0,-3.8167171274028355e-05,0.0
5,3,6,"[1, 8, 10]","[0, 2, 3, 4, 5, 6, 7, 9, 11, 12, 13, 14, 15, 16, 17]",3,15,2,0.6949460590947821,0.3333333333333333,0.4444444444444444,0.5,0.4,0.3055555555555555,0.3214285714285714,0.30000000000000004,0.30000000000000004,0.28,0.25089942132133053,0.16944746573766073,0.5508210062980652,0.6594197154045105,0.2517920732498169,0.8363217115402222,0.16367828845977783,0.660094141960144,0.33990585803985596,0.6950055936000293,0.3333333333333333,0.4444444444444444,0.5,0.4,0.3055555555555555,0.3214285714285714,0.30000000000000004,0.30000000000000004,0.28,0.250929189625549,0.1694380919138591,0.5507811903953552,0.6594197154045105,0.2517920732498169,0.8363217115402222,0.16367828845977783,0.660094141960144,0.33990585803985596,0.0,0.0,0.0,0.0,0.0,-3.981590270996094e-05,0.0,0.0,0.0,0.0,0.0,5.953450524720516e-05,0.0,0.0,-9.37382380161722e-06,0.0,0.0,2.976830421846932e-05,0.0
5,6,1,"[3, 9, 10, 12, 14, 16]","[0, 1, 2, 4, 5, 6, 7, 8, 11, 13, 15, 17]",6,12,2,0.6970233207785549,0.25,0.4,0.42857142857142855,0.375,0.2,0.21428571428571427,0.1875,0.1875,0.21875,0.2519380007202645,0.25390326976776123,0.5685851573944092,0.649144172668457,0.25969159603118896,0.8312401175498962,0.16875988245010376,0.649376630783081,0.35062336921691895,0.6970539889759461,0.25,0.4,0.42857142857142855,0.375,0.2,0.21428571428571427,0.1875,0.1875,0.21875,0.2519533340929044,0.2539077500502268,0.5688059329986572,0.649144172668457,0.25969159603118896,0.8312401175498962,0.16875988245010376,0.649376630783081,0.35062336921691895,0.0,0.0,0.0,0.0,0.0,0.00022077560424804688,0.0,0.0,0.0,0.0,0.0,3.066819739117044e-05,0.0,0.0,4.4802824655798545e-06,0.0,0.0,1.533337263986967e-05,0.0
5,6,2,"[0, 1, 2, 5, 6, 8]","[3, 4, 7, 9, 10, 11, 12, 13, 14, 15, 16, 17]",6,12,2,0.6942056561288332,0.3333333333333333,0.42857142857142855,0.5,0.375,0.3142857142857143,0.3333333333333333,0.3125,0.3125,0.28125,0.25052926795528446,0.16900595525900525,0.5702275037765503,0.6648897528648376,0.24831008911132812,0.8381024599075317,0.1618974804878235,0.6652773022651672,0.334722638130188,0.6942588647629484,0.3333333333333333,0.42857142857142855,0.5,0.375,0.3142857142857143,0.3333333333333333,0.3125,0.3125,0.28125,0.2505558850573472,0.16903046766916913,0.5698637366294861,0.6648897528648376,0.24831008911132812,0.8381024599075317,0.1618974804878235,0.6652773022651672,0.334722638130188,0.0,0.0,0.0,0.0,0.0,-0.000363767147064209,0.0,0.0,0.0,0.0,0.0,5.320863411517607e-05,0.0,0.0,2.4512410163879395e-05,0.0,0.0,2.6617102062753695e-05,0.0
5,6,3,"[4, 7, 11, 13, 15, 17]","[0, 1, 2, 3, 5, 6, 8, 9, 10, 12, 14, 16]",6,12,2,0.6976634769762692,0.25,0.3076923076923077,0.4,0.25,0.24475524475524477,0.27142857142857146,0.25,0.25,0.1875,0.2522580283216482,0.2531724820534388,0.5642111897468567,0.6571869850158691,0.2535250186920166,0.8366815447807312,0.16331851482391357,0.6562684774398804,0.3437315821647644,0.6976401411809698,0.25,0.3076923076923077,0.4,0.25,0.24475524475524477,0.27142857142857146,0.25,0.25,0.1875,0.2522463762015972,0.2531449248393377,0.5639930367469788,0.6571869850158691,0.2535250186920166,0.8366815447807312,0.16331851482391357,0.6562684774398804,0.3437315821647644,0.0,0.0,0.0,0.0,0.0,-0.0002181529998779297,0.0,0.0,0.0,0.0,0.0,-2.33357952993396e-05,0.0,0.0,-2.7557214101081584e-05,0.0,0.0,-1.1652120050997805e-05,0.0
5,9,1,"[0, 1, 2, 6, 7, 8, 10, 13, 14]","[3, 4, 5, 9, 11, 12, 15, 16, 17]",9,9,2,0.6927620476380746,0.4444444444444444,0.5454545454545454,0.6,0.5,0.41558441558441556,0.425,0.41666666666666663,0.41666666666666663,0.33333333333333337,0.24980749773883085,0.05777961015701294,0.5828955173492432,0.6656180620193481,0.2470671534538269,0.8386232852935791,0.1613767147064209,0.6672424674034119,0.33275753259658813,0.6927289148854033,0.4444444444444444,0.5454545454545454,0.6,0.5,0.41558441558441556,0.425,0.41666666666666663,0.41666666666666663,0.33333333333333337,0.2497909338443838,0.0577429069413079,0.5835749506950378,0.6656180620193481,0.2470671534538269,0.8386232852935791,0.1613767147064209,0.6672424674034119,0.33275753259658813,0.0,0.0,0.0,0.0,0.0,0.0006794333457946777,0.0,0.0,0.0,0.0,0.0,-3.313275267124993e-05,0.0,0.0,-3.670321570503621e-05,0.0,0.0,-1.6563894447041427e-05,0.0
5,9,2,"[3, 4, 5, 9, 11, 12, 15, 16, 17]","[0, 1, 2, 6, 7, 8, 10, 13, 14]",9,9,2,0.6998329807884448,0.1111111111111111,0.2,0.25,0.16666666666666666,0.1,0.125,0.08333333333333333,0.08333333333333333,0.05555555555555556,0.25334274644776517,0.39294150140550405,0.6107982993125916,0.6485291719436646,0.2606174945831299,0.832059383392334,0.1679406762123108,0.6467057466506958,0.353294312953949,0.6996432493622484,0.1111111111111111,0.2,0.25,0.16666666666666666,0.1,0.125,0.08333333333333333,0.08333333333333333,0.05555555555555556,0.25324787935570153,0.39286470413208013,0.6100224852561951,0.6485291719436646,0.2606174945831299,0.832059383392334,0.1679406762123108,0.6467057466506958,0.353294312953949,0.0,0.0,0.0,0.0,0.0,-0.0007758140563964844,0.0,0.0,0.0,0.0,0.0,-0.00018973142619638228,0.0,0.0,-7.679727342391196e-05,0.0,0.0,-9.486709206363297e-05,0.0
5,12,1,"[0, 1, 2, 5, 6, 7, 8, 9, 10, 12, 15, 16]","[3, 4, 11, 13, 14, 17]",12,6,2,0.6921754209769418,0.5,0.5714285714285714,0.6666666666666666,0.5,0.4857142857142857,0.5,0.5,0.5,0.5,0.24951420612363387,0.0030704041322072717,0.655916154384613,0.6671700477600098,0.24632549285888672,0.8433079123497009,0.1566920280456543,0.6640409827232361,0.33595895767211914,0.692148367474922,0.5,0.5714285714285714,0.6666666666666666,0.5,0.4857142857142857,0.5,0.5,0.5,0.5,0.24950068468073225,0.003049423297246334,0.6568402647972107,0.6671700477600098,0.24632549285888672,0.8433079123497009,0.1566920280456543,0.6640409827232361,0.33595895767211914,0.0,0.0,0.0,0.0,0.0,0.0009241104125976562,0.0,0.0,0.0,0.0,0.0,-2.7053502019813713e-05,0.0,0.0,-2.09808349609375e-05,0.0,0.0,-1.3521442901620606e-05,0.0
5,12,2,"[0, 1, 2, 3, 5, 6, 7, 9, 11, 13, 14, 15]","[4, 8, 10, 12, 16, 17]",12,6,2,0.6983127966183934,0.16666666666666666,0.2857142857142857,0.3333333333333333,0.25,0.14285714285714285,0.16666666666666666,0.125,0.125,0.0,0.2525827053889955,0.3361886441707611,0.6888834238052368,0.6472038626670837,0.26282447576522827,0.827093780040741,0.17290621995925903,0.6472572088241577,0.3527427911758423,0.6983979557955992,0.16666666666666666,0.2857142857142857,0.3333333333333333,0.25,0.14285714285714285,0.16666666666666666,0.125,0.125,0.0,0.25262528740592805,0.33623597025871277,0.6908569931983948,0.6472038626670837,0.26282447576522827,0.827093780040741,0.17290621995925903,0.6472572088241577,0.3527427911758423,0.0,0.0,0.0,0.0,0.0,0.001973569393157959,0.0,0.0,0.0,0.0,0.0,8.515917720575139e-05,0.0,0.0,4.7326087951660156e-05,0.0,0.0,4.258201693252417e-05,0.0
5,12,3,"[0, 2, 3, 5, 8, 9, 10, 11, 12, 14, 16, 17]","[1, 4, 6, 7, 13, 15]",12,6,2,0.6954165982797237,0.3333333333333333,0.5,0.5,0.5,0.25,0.25,0.25,0.25,0.25,0.2511346970124091,0.16917562484741216,0.6759606003761292,0.6387377977371216,0.26840853691101074,0.8241587281227112,0.1758413314819336,0.6390243768692017,0.36097562313079834,0.6952114159441555,0.3333333333333333,0.5,0.5,0.5,0.25,0.25,0.25,0.25,0.25,0.25103210773539875,0.16911859313646954,0.6766679883003235,0.6387377977371216,0.26840853691101074,0.8241587281227112,0.1758413314819336,0.6390243768692017,0.36097562313079834,0.0,0.0,0.0,0.0,0.0,0.0007073879241943359,0.0,0.0,0.0,0.0,0.0,-0.0002051823355682103,0.0,0.0,-5.703171094262327e-05,0.0,0.0,-0.00010258927701034537,0.0
6,3,1,"[5, 11, 12]","[0, 1, 2, 3, 4, 6, 7, 8, 9, 10, 13, 14, 15, 16, 17]",3,15,2,0.6939467738109114,0.6,0.5714285714285714,0.5,0.6666666666666666,0.5982142857142857,0.6071428571428572,0.6111111111111112,0.6111111111111112,0.44444444444444453,0.2503996867129214,0.09508084456125898,0.9635187387466431,0.6970621347427368,0.2176363468170166,0.889531672000885,0.11046832799911499,0.6751956343650818,0.3248043656349182,0.6939289135513959,0.6,0.5714285714285714,0.5,0.6666666666666666,0.5982142857142857,0.6071428571428572,0.6111111111111112,0.6111111111111112,0.44444444444444453,0.25039073897253233,0.09499491055806475,0.5450340509414673,0.6970621347427368,0.2176363468170166,0.889531672000885,0.11046832799911499,0.6751956343650818,0.3248043656349182,0.0,0.0,0.0,0.0,0.0,-0.4184846878051758,0.0,0.0,0.0,0.0,0.0,-1.7860259515556365e-05,0.0,0.0,-8.593400319423239e-05,0.0,0.0,-8.947740389064762e-06,0.0
6,3,2,"[6, 8, 16]","[0, 1, 2, 3, 4, 5, 7, 9, 10, 11, 12, 13, 14, 15, 17]",3,15,2,0.6933949537445336,0.5333333333333333,0.5333333333333333,0.5,0.5714285714285714,0.5333333333333333,0.5357142857142857,0.5357142857142857,0.5357142857142857,0.4821428571428571,0.2501238708778717,0.028281140327453658,0.552636981010437,0.6940767765045166,0.2202093005180359,0.8869538307189941,0.11304616928100586,0.6726275086402893,0.3273724913597107,0.6933926045199817,0.5333333333333333,0.5333333333333333,0.5,0.5714285714285714,0.5333333333333333,0.5357142857142857,0.5357142857142857,0.5357142857142857,0.4642857142857143,0.2501226899890784,0.028310537338256836,0.5528275966644287,0.6940767765045166,0.2202093005180359,0.8869538307189941,0.11304616928100586,0.6726275086402893,0.3273724913597107,-0.017857142857142794,0.0,0.0,0.0,0.0,0.00019061565399169922,0.0,0.0,0.0,0.0,0.0,-2.3492245518896837e-06,0.0,0.0,2.9397010803178247e-05,0.0,0.0,-1.180888793306245e-06,0.0
6,3,3,"[3, 10, 15]","[0, 1, 2, 4, 5, 6, 7, 8, 9, 11, 12, 13, 14, 16, 17]",3,15,2,0.6904245841556593,0.6666666666666666,0.6666666666666666,0.5555555555555556,0.8333333333333334,0.6666666666666666,0.6944444444444444,0.6944444444444444,0.6944444444444444,0.7222222222222222,0.248638766870596,0.16205470164616897,0.5552448034286499,0.6988900899887085,0.21599990129470825,0.8865641355514526,0.11343586444854736,0.6814360618591309,0.31856393814086914,0.6904350813105381,0.6666666666666666,0.6666666666666666,0.5555555555555556,0.8333333333333334,0.6666666666666666,0.6944444444444444,0.6944444444444444,0.6944444444444444,0.7222222222222222,0.24864401576443265,0.16213928461074822,0.5548829436302185,0.6988900899887085,0.21599990129470825,0.8865641355514526,0.11343586444854736,0.6814360618591309,0.31856393814086914,0.0,0.0,0.0,0.0,0.0,-0.0003618597984313965,0.0,0.0,0.0,0.0,0.0,1.0497154878774673e-05,0.0,0.0,8.458296457924952e-05,0.0,0.0,5.248893836656832e-06,0.0
6,3,4,"[0, 7, 17]","[1, 2, 3, 4, 5, 6, 8, 9, 10, 11, 12, 13, 14, 15, 16]",3,15,2,0.6932264242044498,0.5333333333333333,0.5333333333333333,0.5,0.5714285714285714,0.5333333333333333,0.5357142857142857,0.5357142857142857,0.5357142857142857,0.49999999999999994,0.25003965902861813,0.02898960908253989,0.5555257797241211,0.6970451474189758,0.21766483783721924,0.8866801261901855,0.11331987380981445,0.6779902577400208,0.32200974225997925,0.6933081433906085,0.5333333333333333,0.5333333333333333,0.5,0.5714285714285714,0.5333333333333333,0.5357142857142857,0.5357142857142857,0.5357142857142857,0.4642857142857143,0.2500805041088564,0.028992553551991818,0.5555986166000366,0.6970451474189758,0.21766483783721924,0.8866801261901855,0.11331987380981445,0.6779902577400208,0.32200974225997925,-0.03571428571428564,0.0,0.0,0.0,0.0,7.283687591552734e-05,0.0,0.0,0.0,0.0,0.0,8.171918615873519e-05,0.0,0.0,2.9444694519265013e-06,0.0,0.0,4.084508023827205e-05,0.0
6,3,5,"[1, 2, 14]","[0, 3, 4, 5, 6, 7, 8, 9, 10, 11, 12, 13, 15, 16, 17]",3,15,2,0.6928969885187687,0.5333333333333333,0.5333333333333333,0.5,0.5714285714285714,0.5333333333333333,0.5357142857142857,0.5357142857142857,0.5357142857142857,0.5178571428571428,0.24987494289422046,0.028676219781239798,0.5478770136833191,0.6920961737632751,0.22148162126541138,0.8869078755378723,0.11309212446212769,0.6701288819313049,0.32987111806869507,0.6928887901335947,0.5333333333333333,0.5333333333333333,0.5,0.5714285714285714,0.5333333333333333,0.5357142857142857,0.5357142857142857,0.5357142857142857,0.5,0.2498708465455996,0.028669206301371264,0.5477948188781738,0.6920961737632751,0.22148162126541138,0.8869078755378723,0.11309212446212769,0.6701288819313049,0.32987111806869507,-0.017857142857142794,0.0,0.0,0.0,0.0,-8.219480514526367e-05,0.0,0.0,0.0,0.0,0.0,-8.198385173963096e-06,0.0,0.0,-7.013479868533956e-06,0.0,0.0,-4.096348620863388e-06,0.0
6,3,6,"[4, 9, 13]","[0, 1, 2, 3, 5, 6, 7, 8, 10, 11, 12, 14, 15, 16, 17]",3,15,2,0.6934904678788597,0.4666666666666667,0.5,0.4444444444444444,0.5714285714285714,0.4642857142857143,0.4722222222222222,0.4732142857142857,0.4732142857142857,0.48214285714285715,0.2501716441532968,0.03882601658503215,0.550877571105957,0.6974097490310669,0.2172091007232666,0.8850885629653931,0.11491143703460693,0.6804932951927185,0.3195067048072815,0.6935348421246058,0.4666666666666667,0.5,0.4444444444444444,0.5714285714285714,0.4642857142857143,0.4722222222222222,0.4732142857142857,0.4732142857142857,0.4642857142857143,0.2501938241054219,0.03887627522150672,0.5507204532623291,0.6974097490310669,0.2172091007232666,0.8850885629653931,0.11491143703460693,0.6804932951927185,0.3195067048072815,-0.01785714285714285,0.0,0.0,0.0,0.0,-0.0001571178436279297,0.0,0.0,0.0,0.0,0.0,4.4374245746103824e-05,0.0,0.0,5.0258636474564966e-05,0.0,0.0,2.2179952125112035e-05,0.0
6,6,1,"[0, 1, 6, 8, 9, 14]","[2, 3, 4, 5, 7, 10, 11, 12, 13, 15, 16, 17]",6,12,2,0.6946499287643922,0.4166666666666667,0.46153846153846156,0.42857142857142855,0.5,0.4125874125874126,0.41428571428571426,0.41666666666666663,0.41666666666666663,0.4166666666666667,0.25075136801153936,0.08824104567368823,0.5698986053466797,0.6880840063095093,0.224820077419281,0.8853498101234436,0.1146501898765564,0.6650099754333496,0.3349900245666504,0.6947315080972315,0.4166666666666667,0.46153846153846156,0.42857142857142855,0.5,0.4125874125874126,0.41428571428571426,0.41666666666666663,0.41666666666666663,0.4166666666666667,0.2507921465855223,0.08829434712727863,0.5701248049736023,0.6880840063095093,0.224820077419281,0.8853498101234436,0.1146501898765564,0.6650099754333496,0.3349900245666504,0.0,0.0,0.0,0.0,0.0,0.00022619962692260742,0.0,0.0,0.0,0.0,0.0,8.157933283925445e-05,0.0,0.0,5.3301453590393066e-05,0.0,0.0,4.077857398293583e-05,0.0
6,6,2,"[3, 10, 11, 12, 16, 17]","[0, 1, 2, 4, 5, 6, 7, 8, 9, 13, 14, 15]",6,12,2,0.6927873868120115,0.6666666666666666,0.6666666666666666,0.5714285714285714,0.8,0.6666666666666666,0.6857142857142857,0.6857142857142857,0.6857142857142857,0.6000000000000001,0.24981999888320808,0.16217061380545295,0.5589683055877686,0.7024511694908142,0.21322602033615112,0.8866599202156067,0.11334002017974854,0.6868879795074463,0.31311196088790894,0.6927672537885652,0.6666666666666666,0.6666666666666666,0.5714285714285714,0.8,0.6666666666666666,0.6857142857142857,0.6857142857142857,0.6857142857142857,0.5428571428571429,0.24980994492724293,0.1622394621372223,0.558015763759613,0.7024511694908142,0.21322602033615112,0.8866599202156067,0.11334002017974854,0.6868879795074463,0.31311196088790894,-0.05714285714285716,0.0,0.0,0.0,0.0,-0.0009525418281555176,0.0,0.0,0.0,0.0,0.0,-2.013302344627821e-05,0.0,0.0,6.884833176934446e-05,0.0,0.0,-1.005395596515024e-05,0.0
6,6,3,"[2, 4, 5, 7, 13, 15]","[0, 1, 3, 6, 8, 9, 10, 11, 12, 14, 16, 17]",6,12,2,0.6912527805801876,0.5833333333333334,0.5454545454545454,0.5,0.6,0.5804195804195804,0.5833333333333333,0.5857142857142856,0.5857142857142856,0.5714285714285714,0.2490529183740148,0.07819868127504992,0.5529186725616455,0.6977480053901672,0.2170565128326416,0.8888532519340515,0.11114668846130371,0.6770336031913757,0.3229663372039795,0.6912217753240225,0.5833333333333334,0.5454545454545454,0.5,0.6,0.5804195804195804,0.5833333333333333,0.5857142857142856,0.5857142857142856,0.5714285714285714,0.2490374274603575,0.07813052833080292,0.552312970161438,0.6977480053901672,0.2170565128326416,0.8888532519340515,0.11114668846130371,0.6770336031913757,0.3229663372039795,0.0,0.0,0.0,0.0,0.0,-0.0006057024002075195,0.0,0.0,0.0,0.0,0.0,-3.1005256165062e-05,0.0,0.0,-6.815294424700191e-05,0.0,0.0,-1.5490913657295602e-05,0.0
6,9,1,"[0, 1, 5, 6, 7, 11, 12, 13, 17]","[2, 3, 4, 8, 9, 10, 14, 15, 16]",9,9,2,0.6972092091040424,0.4444444444444444,0.4444444444444444,0.4,0.5,0.4444444444444444,0.45,0.45,0.45,0.3,0.25203084796380765,0.06024925576315987,0.5865219235420227,0.6900923848152161,0.22345876693725586,0.8899936676025391,0.11000633239746094,0.6630887389183044,0.33691126108169556,0.697252889036836,0.4444444444444444,0.4444444444444444,0.4,0.5,0.4444444444444444,0.45,0.45,0.45,0.3,0.2520526888748992,0.060438427660200356,0.5861911177635193,0.6900923848152161,0.22345876693725586,0.8899936676025391,0.11000633239746094,0.6630887389183044,0.33691126108169556,0.0,0.0,0.0,0.0,0.0,-0.00033080577850341797,0.0,0.0,0.0,0.0,0.0,4.36799327936388e-05,0.0,0.0,0.00018917189704048543,0.0,0.0,2.1840911091530746e-05,0.0
6,9,2,"[2, 3, 4, 8, 9, 10, 14, 15, 16]","[0, 1, 5, 6, 7, 11, 12, 13, 17]",9,9,2,0.6885843343997078,0.6666666666666666,0.6666666666666666,0.6,0.75,0.6666666666666666,0.675,0.675,0.675,0.8,0.24771873171241865,0.16166812181472778,0.5834859013557434,0.7020964026451111,0.21327632665634155,0.8839149475097656,0.11608505249023438,0.6895323395729065,0.3104676604270935,0.6883864997298635,0.6666666666666666,0.6666666666666666,0.6,0.75,0.6666666666666666,0.675,0.675,0.675,0.75,0.24761982422847625,0.16162288188934326,0.5828496813774109,0.7020964026451111,0.21327632665634155,0.8839149475097656,0.11608505249023438,0.6895323395729065,0.3104676604270935,-0.050000000000000044,0.0,0.0,0.0,0.0,-0.0006362199783325195,0.0,0.0,0.0,0.0,0.0,-0.00019783466984424347,0.0,0.0,-4.5239925384521484e-05,0.0,0.0,-9.890748394239535e-05,0.0
6,12,1,"[0, 1, 3, 4, 7, 9, 10, 11, 13, 14, 15, 17]","[2, 5, 6, 8, 12, 16]",12,6,2,0.6873360938475016,0.6666666666666666,0.75,0.6,1.0,0.625,0.8,0.6666666666666666,0.6666666666666666,0.888888888888889,0.24709481529830413,0.16205891966819763,0.6390541791915894,0.7042604088783264,0.2109661102294922,0.8807527422904968,0.1192471981048584,0.697314977645874,0.3026849627494812,0.6873288962671333,0.6666666666666666,0.75,0.6,1.0,0.625,0.8,0.6666666666666666,0.6666666666666666,0.888888888888889,0.24709121147575427,0.16208913922309875,0.638661801815033,0.7042604088783264,0.2109661102294922,0.8807527422904968,0.1192471981048584,0.697314977645874,0.3026849627494812,0.0,0.0,0.0,0.0,0.0,-0.0003923773765563965,0.0,0.0,0.0,0.0,0.0,-7.197580368267786e-06,0.0,0.0,3.0219554901123047e-05,0.0,0.0,-3.6038225498524756e-06,0.0
6,12,2,"[0, 2, 3, 4, 5, 8, 9, 10, 12, 13, 14, 17]","[1, 6, 7, 11, 15, 16]",12,6,2,0.6979617608845231,0.3333333333333333,0.3333333333333333,0.3333333333333333,0.3333333333333333,0.3333333333333333,0.3333333333333333,0.3333333333333333,0.3333333333333333,0.22222222222222224,0.25240706451052325,0.17118880152702337,0.654587984085083,0.7034915685653687,0.2119573950767517,0.8869985342025757,0.11300146579742432,0.6890866756439209,0.3109133243560791,0.6980865345046774,0.3333333333333333,0.3333333333333333,0.3333333333333333,0.3333333333333333,0.3333333333333333,0.3333333333333333,0.3333333333333333,0.3333333333333333,0.22222222222222224,0.25246944629128115,0.17120358347892767,0.6539390087127686,0.7034915685653687,0.2119573950767517,0.8869985342025757,0.11300146579742432,0.6890866756439209,0.3109133243560791,0.0,0.0,0.0,0.0,0.0,-0.0006489753723144531,0.0,0.0,0.0,0.0,0.0,0.00012477362015428373,0.0,0.0,1.4781951904296875e-05,0.0,0.0,6.238178075790302e-05,0.0
6,12,3,"[3, 4, 5, 6, 7, 8, 9, 11, 12, 13, 15, 17]","[0, 1, 2, 10, 14, 16]",12,6,2,0.6944926066081516,0.5,0.5714285714285714,0.5,0.6666666666666666,0.4857142857142857,0.5,0.5,0.5,0.4444444444444445,0.2506725846561735,0.005829105774561527,0.615362286567688,0.7033029794692993,0.21311914920806885,0.8917090892791748,0.1082909107208252,0.6820526123046875,0.3179473876953125,0.6945550326058977,0.5,0.5714285714285714,0.5,0.6666666666666666,0.4857142857142857,0.5,0.5,0.5,0.4444444444444445,0.25070380196911096,0.005814125140508053,0.6151030659675598,0.7033029794692993,0.21311914920806885,0.8917090892791748,0.1082909107208252,0.6820526123046875,0.3179473876953125,0.0,0.0,0.0,0.0,0.0,-0.00025922060012817383,0.0,0.0,0.0,0.0,0.0,6.242599774608504e-05,0.0,0.0,-1.4980634053474162e-05,0.0,0.0,3.1217312937481534e-05,0.0
7,3,1,"[7, 10, 17]","[0, 1, 2, 3, 4, 5, 6, 8, 9, 11, 12, 13, 14, 15, 16]",3,15,2,0.7001053777263248,0.2,0.0,0.0,0.0,0.16666666666666666,0.1,0.5,0.5,0.3333333333333333,0.25347883931829346,0.30504977703094477,1.0456125736236572,0.7307485342025757,0.20895451307296753,0.8892069458961487,0.11079305410385132,0.6928840279579163,0.30711597204208374,0.6999677605873037,0.2,0.0,0.0,0.0,0.16666666666666666,0.1,0.5,0.5,0.3611111111111111,0.25341003969906223,0.30495428244272865,0.6061740517616272,0.7307485342025757,0.20895451307296753,0.8892069458961487,0.11079305410385132,0.6928840279579163,0.30711597204208374,0.02777777777777779,0.0,0.0,0.0,0.0,-0.43943852186203003,0.0,0.0,0.0,0.0,0.0,-0.00013761713902105122,0.0,0.0,-9.549458821611623e-05,0.0,0.0,-6.879961923123012e-05,0.0
7,3,2,"[11, 14, 16]","[0, 1, 2, 3, 4, 5, 6, 7, 8, 9, 10, 12, 13, 15, 17]",3,15,2,0.6999885100663134,0.2,0.0,0.0,0.0,0.16666666666666666,0.1,0.5,0.5,0.3611111111111111,0.2534204029290135,0.30492414236068727,0.6138837337493896,0.7323740124702454,0.2073614001274109,0.8918904066085815,0.10810959339141846,0.6933867335319519,0.3066132664680481,0.7001110722214618,0.2,0.0,0.0,0.0,0.16666666666666666,0.1,0.5,0.5,0.3611111111111111,0.2534816787061968,0.30490825176239017,0.6137422323226929,0.7323740124702454,0.2073614001274109,0.8918904066085815,0.10810959339141846,0.6933867335319519,0.3066132664680481,0.0,0.0,0.0,0.0,0.0,-0.00014150142669677734,0.0,0.0,0.0,0.0,0.0,0.0001225621551484979,0.0,0.0,-1.5890598297096936e-05,0.0,0.0,6.127577718328947e-05,0.0
7,3,3,"[0, 3, 5]","[1, 2, 4, 6, 7, 8, 9, 10, 11, 12, 13, 14, 15, 16, 17]",3,15,2,0.699797880303871,0.2,0.0,0.0,0.0,0.16666666666666666,0.1,0.5,0.5,0.16666666666666669,0.25332511502422533,0.30426254272460934,0.6080836057662964,0.7323766946792603,0.2072831392288208,0.8907374143600464,0.10926258563995361,0.694696307182312,0.305303692817688,0.6996748512920845,0.2,0.0,0.0,0.0,0.16666666666666666,0.1,0.5,0.5,0.16666666666666669,0.2532636160047704,0.3041575233141581,0.6074149012565613,0.7323766946792603,0.2072831392288208,0.8907374143600464,0.10926258563995361,0.694696307182312,0.305303692817688,0.0,0.0,0.0,0.0,0.0,-0.0006687045097351074,0.0,0.0,0.0,0.0,0.0,-0.00012302901178651293,0.0,0.0,-0.00010501941045126806,0.0,0.0,-6.149901945495806e-05,0.0
7,3,4,"[1, 4, 12]","[0, 2, 3, 5, 6, 7, 8, 9, 10, 11, 13, 14, 15, 16, 17]",3,15,2,0.6986516104446847,0.26666666666666666,0.0,0.0,0.0,0.21052631578947367,0.13333333333333333,0.5,0.5,0.29545454545454547,0.2527520167187763,0.23790194590886432,0.5977230668067932,0.728305459022522,0.21079611778259277,0.8899930715560913,0.11000692844390869,0.6884146928787231,0.31158530712127686,0.6984717795430129,0.26666666666666666,0.0,0.0,0.0,0.21052631578947367,0.13333333333333333,0.5,0.5,0.29545454545454547,0.2526621053370672,0.2377536137898763,0.5965343117713928,0.728305459022522,0.21079611778259277,0.8899930715560913,0.11000692844390869,0.6884146928787231,0.31158530712127686,0.0,0.0,0.0,0.0,0.0,-0.0011887550354003906,0.0,0.0,0.0,0.0,0.0,-0.00017983090167184024,0.0,0.0,-0.0001483321189880149,0.0,0.0,-8.991138170910684e-05,0.0
7,3,5,"[6, 9, 15]","[0, 1, 2, 3, 4, 5, 7, 8, 10, 11, 12, 13, 14, 16, 17]",3,15,2,0.6991081420937184,0.26666666666666666,0.0,0.0,0.0,0.21052631578947367,0.13333333333333333,0.5,0.5,0.29545454545454547,0.2529802336724668,0.23812681436538702,0.6011077165603638,0.7322176694869995,0.20749735832214355,0.892298698425293,0.10770130157470703,0.6927065849304199,0.3072934150695801,0.6989685829914714,0.26666666666666666,0.0,0.0,0.0,0.21052631578947367,0.13333333333333333,0.5,0.5,0.29545454545454547,0.25291046563505415,0.23799306948979698,0.6002460718154907,0.7322176694869995,0.20749735832214355,0.892298698425293,0.10770130157470703,0.6927065849304199,0.3072934150695801,0.0,0.0,0.0,0.0,0.0,-0.0008616447448730469,0.0,0.0,0.0,0.0,0.0,-0.00013955910224705548,0.0,0.0,-0.00013374487559003612,0.0,0.0,-6.976803741265414e-05,0.0
7,3,6,"[2, 8, 13]","[0, 1, 3, 4, 5, 6, 7, 9, 10, 11, 12, 14, 15, 16, 17]",3,15,2,0.6992848119223478,0.2,0.0,0.0,0.0,0.16666666666666666,0.1,0.5,0.5,0.36111111111111116,0.2530686548616829,0.3044741789499919,0.6019209623336792,0.7306313514709473,0.2088465690612793,0.8906582593917847,0.10934174060821533,0.6916486024856567,0.30835139751434326,0.6992646095074714,0.2,0.0,0.0,0.0,0.16666666666666666,0.1,0.5,0.5,0.36111111111111116,0.25305855322218956,0.3044482509295146,0.6016373038291931,0.7306313514709473,0.2088465690612793,0.8906582593917847,0.10934174060821533,0.6916486024856567,0.30835139751434326,0.0,0.0,0.0,0.0,0.0,-0.000283658504486084,0.0,0.0,0.0,0.0,0.0,-2.0202414876435704e-05,0.0,0.0,-2.5928020477294922e-05,0.0,0.0,-1.010163949333176e-05,0.0
7,6,1,"[1, 4, 7, 9, 15, 16]","[0, 2, 3, 5, 6, 8, 10, 11, 12, 13, 14, 17]",6,12,2,0.7000880990415598,0.16666666666666666,0.0,0.0,0.0,0.14285714285714285,0.08333333333333333,0.5,0.5,0.45,0.2534702197270568,0.33839007715384173,0.6396391987800598,0.7360264658927917,0.20412611961364746,0.8930692076683044,0.10693079233169556,0.6986786723136902,0.3013213276863098,0.7001548645386411,0.16666666666666666,0.0,0.0,0.0,0.14285714285714285,0.08333333333333333,0.5,0.5,0.45,0.2535035938365697,0.338427280386289,0.6387752890586853,0.7360264658927917,0.20412611961364746,0.8930692076683044,0.10693079233169556,0.6986786723136902,0.3013213276863098,0.0,0.0,0.0,0.0,0.0,-0.0008639097213745117,0.0,0.0,0.0,0.0,0.0,6.67654970812892e-05,0.0,0.0,3.720323244726931e-05,0.0,0.0,3.337410951287367e-05,0.0
7,6,2,"[0, 2, 3, 5, 12, 17]","[1, 4, 6, 7, 8, 9, 10, 11, 13, 14, 15, 16]",6,12,2,0.698636176833841,0.25,0.0,0.0,0.0,0.2,0.125,0.5,0.5,0.11111111111111112,0.25274435965932196,0.253927951057752,0.6136506795883179,0.726483166217804,0.21251291036605835,0.8885917663574219,0.11140817403793335,0.6863822340965271,0.3136177062988281,0.6983430415877468,0.25,0.0,0.0,0.0,0.2,0.125,0.5,0.5,0.14814814814814814,0.25259780641588875,0.2536927809317907,0.6126385927200317,0.726483166217804,0.21251291036605835,0.8885917663574219,0.11140817403793335,0.6863822340965271,0.3136177062988281,0.03703703703703702,0.0,0.0,0.0,0.0,-0.0010120868682861328,0.0,0.0,0.0,0.0,0.0,-0.0002931352460942005,0.0,0.0,-0.0002351701259613037,0.0,0.0,-0.00014655324343321174,0.0
7,6,3,"[6, 8, 10, 11, 13, 14]","[0, 1, 2, 3, 4, 5, 7, 9, 12, 15, 16, 17]",6,12,2,0.6997438904032287,0.25,0.0,0.0,0.0,0.2,0.125,0.5,0.5,0.33333333333333337,0.25329805187585036,0.2550516724586487,0.6145492792129517,0.7308211326599121,0.20873117446899414,0.8907315731048584,0.1092684268951416,0.6918061375617981,0.3081938624382019,0.6996046081109161,0.25,0.0,0.0,0.0,0.2,0.125,0.5,0.5,0.33333333333333337,0.2532284328880059,0.25480298697948456,0.6129183173179626,0.7308211326599121,0.20873117446899414,0.8907315731048584,0.1092684268951416,0.6918061375617981,0.3081938624382019,0.0,0.0,0.0,0.0,0.0,-0.0016309618949890137,0.0,0.0,0.0,0.0,0.0,-0.0001392822923126369,0.0,0.0,-0.00024868547916412354,0.0,0.0,-6.96189878444664e-05,0.0
7,9,1,"[1, 6, 7, 11, 12, 13, 15, 16, 17]","[0, 2, 3, 4, 5, 8, 9, 10, 14]",9,9,2,0.7011772065526292,0.2222222222222222,0.0,0.0,0.0,0.18181818181818182,0.1111111111111111,0.5,0.5,0.3571428571428571,0.25401462720636186,0.2839056054751078,0.657288670539856,0.7300455570220947,0.20924639701843262,0.8911349773406982,0.10886508226394653,0.6903723478317261,0.3096277117729187,0.7011002505311894,0.2222222222222222,0.0,0.0,0.0,0.18181818181818182,0.1111111111111111,0.5,0.5,0.3571428571428571,0.25397614998103496,0.28386843866772127,0.6583691835403442,0.7300455570220947,0.20924639701843262,0.8911349773406982,0.10886508226394653,0.6903723478317261,0.3096277117729187,0.0,0.0,0.0,0.0,0.0,0.0010805130004882812,0.0,0.0,0.0,0.0,0.0,-7.695602143975577e-05,0.0,0.0,-3.716680738652389e-05,0.0,0.0,-3.847722532690501e-05,0.0
7,9,2,"[0, 2, 3, 4, 5, 8, 9, 10, 14]","[1, 6, 7, 11, 12, 13, 15, 16, 17]",9,9,2,0.6978017449322862,0.2222222222222222,0.0,0.0,0.0,0.18181818181818182,0.1111111111111111,0.5,0.5,0.21428571428571427,0.25232721059105434,0.2810075879096985,0.6692386865615845,0.7321749925613403,0.20766699314117432,0.890460193157196,0.10953974723815918,0.6942057013511658,0.30579423904418945,0.6976633529661718,0.2222222222222222,0.0,0.0,0.0,0.18181818181818182,0.1111111111111111,0.5,0.5,0.21428571428571427,0.2522580141388938,0.2808575696415372,0.6681955456733704,0.7321749925613403,0.20766699314117432,0.890460193157196,0.10953974723815918,0.6942057013511658,0.30579423904418945,0.0,0.0,0.0,0.0,0.0,-0.0010431408882141113,0.0,0.0,0.0,0.0,0.0,-0.00013839196611442617,0.0,0.0,-0.00015001826816130048,0.0,0.0,-6.919645216052484e-05,0.0
7,12,1,"[0, 3, 4, 5, 6, 7, 8, 10, 13, 14, 15, 17]","[1, 2, 9, 11, 12, 16]",12,6,2,0.7005841072385223,0.16666666666666666,0.0,0.0,0.0,0.14285714285714285,0.08333333333333333,0.5,0.5,0.2,0.253718134172279,0.33779317140579224,0.6278518438339233,0.7386505603790283,0.20201778411865234,0.8865798115730286,0.11342018842697144,0.7093846201896667,0.29061537981033325,0.7001852726812733,0.16666666666666666,0.0,0.0,0.0,0.14285714285714285,0.08333333333333333,0.5,0.5,0.2,0.2535187441524833,0.3374745845794678,0.625852644443512,0.7386505603790283,0.20201778411865234,0.8865798115730286,0.11342018842697144,0.7093846201896667,0.29061537981033325,0.0,0.0,0.0,0.0,0.0,-0.001999199390411377,0.0,0.0,0.0,0.0,0.0,-0.00039883455724898376,0.0,0.0,-0.0003185868263244629,0.0,0.0,-0.0001993900197956866,0.0
7,12,2,"[0, 1, 2, 3, 5, 6, 8, 10, 11, 12, 13, 16]","[4, 7, 9, 14, 15, 17]",12,6,2,0.7000877287383563,0.16666666666666666,0.0,0.0,0.0,0.14285714285714285,0.08333333333333333,0.5,0.5,0.2,0.2534700526183407,0.3373832702636719,0.6240665912628174,0.7274150252342224,0.21120423078536987,0.8933070302009583,0.10669291019439697,0.6842843294143677,0.31571561098098755,0.699758974066925,0.16666666666666666,0.0,0.0,0.0,0.14285714285714285,0.08333333333333333,0.5,0.5,0.2,0.2533056978337864,0.337192992369334,0.6232962608337402,0.7274150252342224,0.21120423078536987,0.8933070302009583,0.10669291019439697,0.6842843294143677,0.31571561098098755,0.0,0.0,0.0,0.0,0.0,-0.0007703304290771484,0.0,0.0,0.0,0.0,0.0,-0.00032875467143134163,0.0,0.0,-0.000190277894337898,0.0,0.0,-0.0001643547845542881,0.0
7,12,3,"[1, 5, 6, 7, 8, 9, 10, 12, 14, 15, 16, 17]","[0, 2, 3, 4, 11, 13]",12,6,2,0.7026795920629462,0.16666666666666666,0.0,0.0,0.0,0.14285714285714285,0.08333333333333333,0.5,0.5,0.4,0.2547656975007295,0.34024752179781603,0.6553465127944946,0.7242398262023926,0.21446073055267334,0.8888734579086304,0.11112654209136963,0.6822051405906677,0.3177948594093323,0.7023841529380199,0.16666666666666666,0.0,0.0,0.0,0.14285714285714285,0.08333333333333333,0.5,0.5,0.4,0.2546180114937651,0.3399678170681,0.65137779712677,0.7242398262023926,0.21446073055267334,0.8888734579086304,0.11112654209136963,0.6822051405906677,0.3177948594093323,0.0,0.0,0.0,0.0,0.0,-0.003968715667724609,0.0,0.0,0.0,0.0,0.0,-0.00029543912492624447,0.0,0.0,-0.0002797047297160571,0.0,0.0,-0.00014768600696440926,0.0
8,3,1,"[2, 8, 15]","[0, 1, 3, 4, 5, 6, 7, 9, 10, 11, 12, 13, 14, 16, 17]",3,15,2,0.6901097264040815,0.6666666666666666,0.7058823529411765,1.0,0.5454545454545454,0.660633484162896,0.7222222222222222,0.7727272727272727,0.7727272727272727,0.7727272727272727,0.24848137521720304,0.16292259295781453,1.0120587348937988,0.7207520604133606,0.19448935985565186,0.8883185386657715,0.11168134212493896,0.7227025628089905,0.27729737758636475,0.6901392426601655,0.6666666666666666,0.7058823529411765,1.0,0.5454545454545454,0.660633484162896,0.7222222222222222,0.7727272727272727,0.7727272727272727,0.7727272727272727,0.24849613148729854,0.16291027466456087,0.5799219012260437,0.7207520604133606,0.19448935985565186,0.8883185386657715,0.11168134212493896,0.7227025628089905,0.27729737758636475,0.0,0.0,0.0,0.0,0.0,-0.4321368336677551,0.0,0.0,0.0,0.0,0.0,2.951625608393904e-05,0.0,0.0,-1.2318293253654744e-05,0.0,0.0,1.4756270095506174e-05,0.0
8,3,2,"[1, 3, 17]","[0, 2, 4, 5, 6, 7, 8, 9, 10, 11, 12, 13, 14, 15, 16]",3,15,2,0.6918633171008765,0.5333333333333333,0.5882352941176471,0.8333333333333334,0.45454545454545453,0.5248868778280543,0.5833333333333334,0.6022727272727273,0.6022727272727273,0.6363636363636365,0.24935813510930618,0.02910258769989016,0.5819719433784485,0.7213155627250671,0.19352179765701294,0.8867753744125366,0.11322462558746338,0.7261810898780823,0.2738189101219177,0.6918638292358268,0.5333333333333333,0.5882352941176471,0.8333333333333334,0.45454545454545453,0.5248868778280543,0.5833333333333334,0.6022727272727273,0.6022727272727273,0.6363636363636365,0.24935839481827357,0.029108091195424346,0.5825439095497131,0.7213155627250671,0.19352179765701294,0.8867753744125366,0.11322462558746338,0.7261810898780823,0.2738189101219177,0.0,0.0,0.0,0.0,0.0,0.0005719661712646484,0.0,0.0,0.0,0.0,0.0,5.121349503367512e-07,0.0,0.0,5.503495534187053e-06,0.0,0.0,2.59708967387251e-07,0.0
8,3,3,"[5, 6, 14]","[0, 1, 2, 3, 4, 7, 8, 9, 10, 11, 12, 13, 15, 16, 17]",3,15,2,0.6925816265124128,0.5333333333333333,0.5882352941176471,0.8333333333333334,0.45454545454545453,0.5248868778280543,0.5833333333333334,0.6022727272727273,0.6022727272727273,0.5909090909090909,0.24971728289123446,0.029340175787607836,0.5722400546073914,0.7214891910552979,0.19426435232162476,0.8870591521263123,0.11294084787368774,0.7244120836257935,0.27558791637420654,0.6925474769385052,0.5333333333333333,0.5882352941176471,0.8333333333333334,0.45454545454545453,0.5248868778280543,0.5833333333333334,0.6022727272727273,0.6022727272727273,0.6136363636363636,0.24970022093401406,0.02923959493637085,0.5720514059066772,0.7214891910552979,0.19426435232162476,0.8870591521263123,0.11294084787368774,0.7244120836257935,0.27558791637420654,0.022727272727272707,0.0,0.0,0.0,0.0,-0.00018864870071411133,0.0,0.0,0.0,0.0,0.0,-3.414957390768247e-05,0.0,0.0,-0.00010058085123698657,0.0,0.0,-1.7061957220398938e-05,0.0
8,3,4,"[7, 11, 13]","[0, 1, 2, 3, 4, 5, 6, 8, 9, 10, 12, 14, 15, 16, 17]",3,15,2,0.6914255850007185,0.6,0.625,0.8333333333333334,0.5,0.5982142857142857,0.6388888888888888,0.65,0.65,0.62,0.24913927614599546,0.09606291850407911,0.5854796767234802,0.7176262140274048,0.1967296004295349,0.8825012445449829,0.11749875545501709,0.7240394949913025,0.2759605050086975,0.6914469076536008,0.5333333333333333,0.5882352941176471,0.7142857142857143,0.5,0.5248868778280543,0.5446428571428572,0.55,0.55,0.62,0.24914993681768724,0.0294567624727885,0.5855326056480408,0.7176262140274048,0.1967296004295349,0.8825012445449829,0.11749875545501709,0.7240394949913025,0.2759605050086975,0.0,-0.09999999999999998,0.0,-0.09424603174603163,0.0,5.2928924560546875e-05,-0.06666666666666665,-0.11904761904761907,0.0,0.0,0.0,2.132265288234958e-05,0.0,-0.03676470588235292,-0.06660615603129061,0.0,-0.07332740788623138,1.0660671691781198e-05,-0.09999999999999998
8,3,5,"[4, 12, 16]","[0, 1, 2, 3, 5, 6, 7, 8, 9, 10, 11, 13, 14, 15, 17]",3,15,2,0.693567202792103,0.4666666666666667,0.5,0.8,0.36363636363636365,0.4642857142857143,0.55,0.5568181818181819,0.5568181818181819,0.4545454545454546,0.25021005096249566,0.03713049491246545,0.5866333842277527,0.7187973260879517,0.1956685185432434,0.8832336068153381,0.11676627397537231,0.7254291772842407,0.2745707631111145,0.6935718590192084,0.4666666666666667,0.5,0.8,0.36363636363636365,0.4642857142857143,0.55,0.5568181818181819,0.5568181818181819,0.4545454545454546,0.25021237276682673,0.03711641629536944,0.586659848690033,0.7187973260879517,0.1956685185432434,0.8832336068153381,0.11676627397537231,0.7254291772842407,0.2745707631111145,0.0,0.0,0.0,0.0,0.0,2.6464462280273438e-05,0.0,0.0,0.0,0.0,0.0,4.656227105326316e-06,0.0,0.0,-1.4078617096013879e-05,0.0,0.0,2.3218043310735403e-06,0.0
8,3,6,"[0, 9, 10]","[1, 2, 3, 4, 5, 6, 7, 8, 11, 12, 13, 14, 15, 16, 17]",3,15,2,0.6931007008318122,0.5333333333333333,0.5882352941176471,0.8333333333333334,0.45454545454545453,0.5248868778280543,0.5833333333333334,0.6022727272727273,0.6022727272727273,0.5227272727272727,0.24997675722817772,0.029861287275950055,0.5865524411201477,0.7151356935501099,0.19863128662109375,0.8820543885231018,0.1179456114768982,0.7206831574440002,0.27931684255599976,0.6931144615540574,0.5333333333333333,0.5882352941176471,0.8333333333333334,0.45454545454545453,0.5248868778280543,0.5833333333333334,0.6022727272727273,0.6022727272727273,0.5227272727272727,0.24998364532667458,0.029828464984893777,0.5861653685569763,0.7151356935501099,0.19863128662109375,0.8820543885231018,0.1179456114768982,0.7206831574440002,0.27931684255599976,0.0,0.0,0.0,0.0,0.0,-0.0003870725631713867,0.0,0.0,0.0,0.0,0.0,1.3760722245237389e-05,0.0,0.0,-3.28222910562781e-05,0.0,0.0,6.888098496860007e-06,0.0
8,6,1,"[1, 3, 12, 14, 15, 17]","[0, 2, 4, 5, 6, 7, 8, 9, 10, 11, 13, 16]",6,12,2,0.6909467312435695,0.5833333333333334,0.6153846153846154,0.8,0.5,0.5804195804195804,0.6142857142857143,0.625,0.625,0.625,0.24889986237457018,0.07860072950522112,0.5910452008247375,0.7191115617752075,0.19539505243301392,0.8831851482391357,0.11681485176086426,0.7260246872901917,0.27397531270980835,0.6908357461042277,0.5833333333333334,0.6153846153846154,0.8,0.5,0.5804195804195804,0.6142857142857143,0.625,0.625,0.59375,0.2488443856884935,0.07863760491212213,0.5916507244110107,0.7191115617752075,0.19539505243301392,0.8831851482391357,0.11681485176086426,0.7260246872901917,0.27397531270980835,-0.03125,0.0,0.0,0.0,0.0,0.0006055235862731934,0.0,0.0,0.0,0.0,0.0,-0.00011098513934182375,0.0,0.0,3.687540690100466e-05,0.0,0.0,-5.547668607666645e-05,0.0
8,6,2,"[4, 6, 8, 9, 10, 13]","[0, 1, 2, 3, 5, 7, 11, 12, 14, 15, 16, 17]",6,12,2,0.6940433774881725,0.5,0.5,1.0,0.3333333333333333,0.5,0.6666666666666666,0.6666666666666666,0.6666666666666666,0.5925925925925926,0.2504480876062349,0.0030580610036849976,0.6103019714355469,0.7188550233840942,0.19602841138839722,0.8847895860671997,0.11521041393280029,0.7231535911560059,0.27684640884399414,0.6939056519824707,0.5,0.5,1.0,0.3333333333333333,0.5,0.6666666666666666,0.6666666666666666,0.6666666666666666,0.6296296296296297,0.250379229032558,0.003105143706003788,0.6102573871612549,0.7188550233840942,0.19602841138839722,0.8847895860671997,0.11521041393280029,0.7231535911560059,0.27684640884399414,0.03703703703703709,0.0,0.0,0.0,0.0,-4.458427429199219e-05,0.0,0.0,0.0,0.0,0.0,-0.0001377255057017912,0.0,0.0,4.7082702318790304e-05,0.0,0.0,-6.885857367688875e-05,0.0
8,6,3,"[0, 2, 5, 7, 11, 16]","[1, 3, 4, 6, 8, 9, 10, 12, 13, 14, 15, 17]",6,12,2,0.6913339705892603,0.5833333333333334,0.6666666666666666,0.8333333333333334,0.5555555555555556,0.5555555555555556,0.5833333333333334,0.6111111111111112,0.6111111111111112,0.5555555555555556,0.24909348879640122,0.07953686515490221,0.585511326789856,0.7195926308631897,0.19523566961288452,0.8869964480400085,0.11300355195999146,0.7225322127342224,0.2774677872657776,0.6913475467510463,0.5833333333333334,0.6666666666666666,0.8333333333333334,0.5555555555555556,0.5555555555555556,0.5833333333333334,0.6111111111111112,0.6111111111111112,0.5555555555555556,0.2491002765316707,0.07952273388703668,0.5848188996315002,0.7195926308631897,0.19523566961288452,0.8869964480400085,0.11300355195999146,0.7225322127342224,0.2774677872657776,0.0,0.0,0.0,0.0,0.0,-0.0006924271583557129,0.0,0.0,0.0,0.0,0.0,1.3576161785988639e-05,0.0,0.0,-1.4131267865535868e-05,0.0,0.0,6.787735269464523e-06,0.0
8,9,1,"[0, 2, 4, 5, 7, 8, 9, 10, 17]","[1, 3, 6, 11, 12, 13, 14, 15, 16]",9,9,2,0.6926703491957824,0.5555555555555556,0.6,1.0,0.42857142857142855,0.55,0.6666666666666666,0.7142857142857143,0.7142857142857143,0.7142857142857143,0.2497616060002218,0.0526155763202244,0.6362636089324951,0.7212344408035278,0.193778395652771,0.89167320728302,0.10832679271697998,0.7207698822021484,0.27923011779785156,0.6924977514396404,0.5555555555555556,0.6,1.0,0.42857142857142855,0.55,0.6666666666666666,0.7142857142857143,0.7142857142857143,0.7142857142857143,0.24967531081922978,0.05261993408203125,0.634611189365387,0.7212344408035278,0.193778395652771,0.89167320728302,0.10832679271697998,0.7207698822021484,0.27923011779785156,0.0,0.0,0.0,0.0,0.0,-0.0016524195671081543,0.0,0.0,0.0,0.0,0.0,-0.00017259775614197892,0.0,0.0,4.357761806850213e-06,0.0,0.0,-8.629518099201317e-05,0.0
8,9,2,"[1, 3, 6, 11, 12, 13, 14, 15, 16]","[0, 2, 4, 5, 7, 8, 9, 10, 17]",9,9,2,0.6915457621053303,0.5555555555555556,0.6,0.75,0.5,0.55,0.575,0.5833333333333333,0.5833333333333333,0.5,0.24919938896859506,0.05077081256442606,0.6121760010719299,0.7171383500099182,0.1973276138305664,0.8783076405525208,0.12169235944747925,0.7270370125770569,0.2729629874229431,0.6914034226026706,0.5555555555555556,0.6,0.75,0.5,0.55,0.575,0.5833333333333333,0.5833333333333333,0.5,0.2491282335636791,0.05074855354097152,0.6121883392333984,0.7171383500099182,0.1973276138305664,0.8783076405525208,0.12169235944747925,0.7270370125770569,0.2729629874229431,0.0,0.0,0.0,0.0,0.0,1.233816146850586e-05,0.0,0.0,0.0,0.0,0.0,-0.00014233950265962747,0.0,0.0,-2.225902345454056e-05,0.0,0.0,-7.115540491595129e-05,0.0
8,12,1,"[0, 1, 3, 5, 7, 10, 11, 12, 14, 15, 16, 17]","[2, 4, 6, 8, 9, 13]",12,6,2,0.6926361301556976,0.5,0.5714285714285714,0.6666666666666666,0.5,0.4857142857142857,0.5,0.5,0.5,0.5,0.2497444782042145,0.004595279693603516,0.6837850213050842,0.7143104076385498,0.19831883907318115,0.8766012787818909,0.12339866161346436,0.7267608642578125,0.2732390761375427,0.6925000585242492,0.5,0.5714285714285714,0.6666666666666666,0.5,0.4857142857142857,0.5,0.5,0.5,0.5,0.249676441197614,0.004734237988789913,0.679627537727356,0.7143104076385498,0.19831883907318115,0.8766012787818909,0.12339866161346436,0.7267608642578125,0.2732390761375427,0.0,0.0,0.0,0.0,0.0,-0.0041574835777282715,0.0,0.0,0.0,0.0,0.0,-0.00013607163144835344,0.0,0.0,0.00013895829518639768,0.0,0.0,-6.803700660049095e-05,0.0
8,12,2,"[2, 4, 5, 6, 7, 9, 10, 12, 14, 15, 16, 17]","[0, 1, 3, 8, 11, 13]",12,6,2,0.6980876643830417,0.3333333333333333,0.3333333333333333,0.5,0.25,0.3333333333333333,0.375,0.375,0.375,0.125,0.25247014066725243,0.17008872826894122,0.6965007185935974,0.7148887515068054,0.1994941234588623,0.8797115087509155,0.12028849124908447,0.7213001847267151,0.2786998152732849,0.6980142333691695,0.3333333333333333,0.3333333333333333,0.5,0.25,0.3333333333333333,0.375,0.375,0.375,0.125,0.25243341878545883,0.17010494073232013,0.6936584115028381,0.7148887515068054,0.1994941234588623,0.8797115087509155,0.12028849124908447,0.7213001847267151,0.2786998152732849,0.0,0.0,0.0,0.0,0.0,-0.0028423070907592773,0.0,0.0,0.0,0.0,0.0,-7.343101387224937e-05,0.0,0.0,1.621246337890625e-05,0.0,0.0,-3.672188179359992e-05,0.0
8,12,3,"[0, 1, 3, 4, 7, 8, 9, 10, 12, 13, 14, 15]","[2, 5, 6, 11, 16, 17]",12,6,2,0.6929003759043787,0.5,0.4,1.0,0.25,0.4857142857142857,0.7,0.625,0.625,0.625,0.24987661329033287,0.004039029280344608,0.7203310132026672,0.714870810508728,0.19776982069015503,0.8820019960403442,0.11799800395965576,0.7224584221839905,0.2775415778160095,0.6927262241271871,0.5,0.4,1.0,0.25,0.4857142857142857,0.7,0.625,0.625,0.625,0.24978954890319352,0.004022618134816525,0.7201470136642456,0.714870810508728,0.19776982069015503,0.8820019960403442,0.11799800395965576,0.7224584221839905,0.2775415778160095,0.0,0.0,0.0,0.0,0.0,-0.00018399953842163086,0.0,0.0,0.0,0.0,0.0,-0.00017415177719160013,0.0,0.0,-1.6411145528083537e-05,0.0,0.0,-8.706438713934617e-05,0.0
9,3,1,"[5, 15, 17]","[0, 1, 2, 3, 4, 6, 7, 8, 9, 10, 11, 12, 13, 14, 16]",3,15,2,0.6961686084011863,0.2,0.25,0.4,0.18181818181818182,0.19642857142857142,0.25,0.2159090909090909,0.2159090909090909,0.22727272727272727,0.25151065877869416,0.30311096111933394,1.0080994367599487,0.7647616863250732,0.17675447463989258,0.8971655964851379,0.10283440351486206,0.7493255138397217,0.2506744861602783,0.6961798471811049,0.2,0.25,0.4,0.18181818181818182,0.19642857142857142,0.25,0.2159090909090909,0.2159090909090909,0.22727272727272727,0.2515162759703683,0.30310366153717044,0.549108624458313,0.7647616863250732,0.17675447463989258,0.8971655964851379,0.10283440351486206,0.7493255138397217,0.2506744861602783,0.0,0.0,0.0,0.0,0.0,-0.45899081230163574,0.0,0.0,0.0,0.0,0.0,1.1238779918598674e-05,0.0,0.0,-7.29958216350024e-06,0.0,0.0,5.617191674134325e-06,0.0
9,3,2,"[0, 6, 7]","[1, 2, 3, 4, 5, 8, 9, 10, 11, 12, 13, 14, 15, 16, 17]",3,15,2,0.6966631197198012,0.2,0.3333333333333333,0.5,0.25,0.16666666666666666,0.25,0.125,0.125,0.02777777777777778,0.2517578957586599,0.30277584393819174,0.5556135773658752,0.7610942721366882,0.17961299419403076,0.8959277868270874,0.1040722131729126,0.7448461651802063,0.2551538348197937,0.6966734629935588,0.2,0.3333333333333333,0.5,0.25,0.16666666666666666,0.25,0.125,0.125,0.02777777777777778,0.25176306455920894,0.30278593301773066,0.5557078719139099,0.7610942721366882,0.17961299419403076,0.8959277868270874,0.1040722131729126,0.7448461651802063,0.2551538348197937,0.0,0.0,0.0,0.0,0.0,9.429454803466797e-05,0.0,0.0,0.0,0.0,0.0,1.0343273757595917e-05,0.0,0.0,1.0089079538921908e-05,0.0,0.0,5.168800549015806e-06,0.0
9,3,3,"[1, 2, 16]","[0, 3, 4, 5, 6, 7, 8, 9, 10, 11, 12, 13, 14, 15, 17]",3,15,2,0.694857913527206,0.3333333333333333,0.4444444444444444,0.6666666666666666,0.3333333333333333,0.3055555555555555,0.38888888888888884,0.3333333333333333,0.3333333333333333,0.25,0.25085532483521683,0.16950351397196456,0.5528906583786011,0.7623205184936523,0.17846792936325073,0.8974430561065674,0.10255694389343262,0.7456210851669312,0.25437891483306885,0.6948307402420064,0.3333333333333333,0.4444444444444444,0.6666666666666666,0.3333333333333333,0.3055555555555555,0.38888888888888884,0.3333333333333333,0.3333333333333333,0.25,0.25084173290269746,0.16949512958526608,0.5529710054397583,0.7623205184936523,0.17846792936325073,0.8974430561065674,0.10255694389343262,0.7456210851669312,0.25437891483306885,0.0,0.0,0.0,0.0,0.0,8.034706115722656e-05,0.0,0.0,0.0,0.0,0.0,-2.7173285199633135e-05,0.0,0.0,-8.384386698478963e-06,0.0,0.0,-1.3591932519374517e-05,0.0
9,3,4,"[9, 13, 14]","[0, 1, 2, 3, 4, 5, 6, 7, 8, 10, 11, 12, 15, 16, 17]",3,15,2,0.6954220165593562,0.26666666666666666,0.35294117647058826,0.6,0.25,0.25339366515837103,0.35,0.29166666666666663,0.29166666666666663,0.25,0.2511373708200221,0.23580281734466552,0.5586205124855042,0.7729030847549438,0.17017269134521484,0.9009753465652466,0.09902465343475342,0.7586792707443237,0.24132072925567627,0.6953332607841339,0.26666666666666666,0.35294117647058826,0.6,0.25,0.25339366515837103,0.35,0.29166666666666663,0.29166666666666663,0.25,0.2510930000397494,0.23577628135681156,0.5583808422088623,0.7729030847549438,0.17017269134521484,0.9009753465652466,0.09902465343475342,0.7586792707443237,0.24132072925567627,0.0,0.0,0.0,0.0,0.0,-0.0002396702766418457,0.0,0.0,0.0,0.0,0.0,-8.875577522227118e-05,0.0,0.0,-2.6535987853959497e-05,0.0,0.0,-4.437078027269559e-05,0.0
9,3,5,"[3, 4, 10]","[0, 1, 2, 5, 6, 7, 8, 9, 11, 12, 13, 14, 15, 16, 17]",3,15,2,0.695835746780288,0.3333333333333333,0.4444444444444444,0.5714285714285714,0.36363636363636365,0.3055555555555555,0.3482142857142857,0.3068181818181818,0.3068181818181818,0.20454545454545456,0.2513442292012175,0.16999023358027138,0.5512287616729736,0.763350248336792,0.17778760194778442,0.8960915803909302,0.10390841960906982,0.748333215713501,0.251666784286499,0.6957393003576636,0.3333333333333333,0.4444444444444444,0.5714285714285714,0.36363636363636365,0.3055555555555555,0.3482142857142857,0.3068181818181818,0.3068181818181818,0.20454545454545456,0.2512960002922025,0.16999344031016034,0.5509541630744934,0.763350248336792,0.17778760194778442,0.8960915803909302,0.10390841960906982,0.748333215713501,0.251666784286499,0.0,0.0,0.0,0.0,0.0,-0.0002745985984802246,0.0,0.0,0.0,0.0,0.0,-9.644642262440772e-05,0.0,0.0,3.2067298889604245e-06,0.0,0.0,-4.822890901501342e-05,0.0
9,3,6,"[8, 11, 12]","[0, 1, 2, 3, 4, 5, 6, 7, 9, 10, 13, 14, 15, 16, 17]",3,15,2,0.6942256148899214,0.3333333333333333,0.4444444444444444,0.6666666666666666,0.3333333333333333,0.3055555555555555,0.38888888888888884,0.3333333333333333,0.3333333333333333,0.3055555555555556,0.25053921909891474,0.16919111013412474,0.5508300065994263,0.7552934885025024,0.1846473217010498,0.8927209377288818,0.10727906227111816,0.7379845380783081,0.2620154619216919,0.6942140852662907,0.3333333333333333,0.4444444444444444,0.6666666666666666,0.3333333333333333,0.3055555555555555,0.38888888888888884,0.3333333333333333,0.3333333333333333,0.3055555555555556,0.2505334503102838,0.1691584388415019,0.5509065389633179,0.7552934885025024,0.1846473217010498,0.8927209377288818,0.10727906227111816,0.7379845380783081,0.2620154619216919,0.0,0.0,0.0,0.0,0.0,7.653236389160156e-05,0.0,0.0,0.0,0.0,0.0,-1.1529623630712749e-05,0.0,0.0,-3.267129262285451e-05,0.0,0.0,-5.768788630955424e-06,0.0
9,6,1,"[0, 3, 6, 8, 9, 17]","[1, 2, 4, 5, 7, 10, 11, 12, 13, 14, 15, 16]",6,12,2,0.6953491678018353,0.25,0.3076923076923077,0.5,0.2222222222222222,0.24475524475524477,0.3125,0.2777777777777778,0.2777777777777778,0.2592592592592593,0.2511009599471354,0.252514178554217,0.5590869188308716,0.7605869174003601,0.1803351640701294,0.8950471878051758,0.10495281219482422,0.7442824840545654,0.25571751594543457,0.6952380529115191,0.3333333333333333,0.42857142857142855,0.6,0.3333333333333333,0.3142857142857143,0.37142857142857144,0.3333333333333333,0.3333333333333333,0.2592592592592593,0.2510454046698773,0.16918125748634344,0.5590726733207703,0.7605869174003601,0.1803351640701294,0.8950471878051758,0.10495281219482422,0.7442824840545654,0.25571751594543457,0.0,0.055555555555555525,0.0,0.05892857142857144,0.0,-1.424551010131836e-05,0.08333333333333331,0.09999999999999998,0.0,0.0,0.1111111111111111,-0.0001111148903162329,0.0,0.12087912087912084,-0.08333292106787354,0.0,0.06953046953046951,-5.5555277258090285e-05,0.055555555555555525
9,6,2,"[1, 2, 5, 11, 13, 14]","[0, 3, 4, 6, 7, 8, 9, 10, 12, 15, 16, 17]",6,12,2,0.6947587466744785,0.3333333333333333,0.42857142857142855,0.6,0.3333333333333333,0.3142857142857143,0.37142857142857144,0.3333333333333333,0.3333333333333333,0.29629629629629634,0.2508057416410183,0.16914015014966327,0.5671290755271912,0.7542107701301575,0.18528831005096436,0.8940494060516357,0.10595047473907471,0.7353737354278564,0.2646262049674988,0.694670918625154,0.4166666666666667,0.5333333333333333,0.6666666666666666,0.4444444444444444,0.37777777777777777,0.41666666666666663,0.38888888888888884,0.38888888888888884,0.29629629629629634,0.25076183493373994,0.08578839401404065,0.5668070316314697,0.7542107701301575,0.18528831005096436,0.8940494060516357,0.10595047473907471,0.7353737354278564,0.2646262049674988,0.0,0.055555555555555525,0.0,0.04523809523809519,0.0,-0.00032204389572143555,0.08333333333333337,0.06666666666666665,0.0,0.0,0.1111111111111111,-8.782804932450095e-05,0.0,0.10476190476190478,-0.08335175613562262,0.0,0.06349206349206349,-4.390670727838497e-05,0.055555555555555525
9,6,3,"[4, 7, 10, 12, 15, 16]","[0, 1, 2, 3, 5, 6, 8, 9, 11, 13, 14, 17]",6,12,2,0.6964785954625657,0.25,0.4,0.6,0.3,0.2,0.3,0.15,0.15,0.05,0.2516656476582089,0.2535329113403956,0.5897353887557983,0.7750661969184875,0.16809123754501343,0.9010657072067261,0.09893429279327393,0.7627518177032471,0.23724818229675293,0.696448564870468,0.25,0.4,0.6,0.3,0.2,0.3,0.15,0.15,0.05,0.251650632714077,0.25352168579896295,0.5893860459327698,0.7750661969184875,0.16809123754501343,0.9010657072067261,0.09893429279327393,0.7627518177032471,0.23724818229675293,0.0,0.0,0.0,0.0,0.0,-0.00034934282302856445,0.0,0.0,0.0,0.0,0.0,-3.003059209771841e-05,0.0,0.0,-1.1225541432624553e-05,0.0,0.0,-1.5014944131919172e-05,0.0
9,9,1,"[0, 1, 6, 9, 11, 12, 13, 16, 17]","[2, 3, 4, 5, 7, 8, 10, 14, 15]",9,9,2,0.6944588533807775,0.3333333333333333,0.4,0.6666666666666666,0.2857142857142857,0.325,0.41666666666666663,0.39285714285714285,0.39285714285714285,0.35714285714285715,0.25065577147761225,0.16920859946144956,0.6169551014900208,0.7627367973327637,0.17902684211730957,0.8954906463623047,0.10450935363769531,0.7464556097984314,0.2535443902015686,0.6944176379599529,0.3333333333333333,0.4,0.6666666666666666,0.2857142857142857,0.325,0.41666666666666663,0.39285714285714285,0.39285714285714285,0.35714285714285715,0.25063517014683473,0.169199287891388,0.6183815002441406,0.7627367973327637,0.17902684211730957,0.8954906463623047,0.10450935363769531,0.7464556097984314,0.2535443902015686,0.0,0.0,0.0,0.0,0.0,0.001426398754119873,0.0,0.0,0.0,0.0,0.0,-4.121542082458074e-05,0.0,0.0,-9.311570061565355e-06,0.0,0.0,-2.0601330777525462e-05,0.0
9,9,2,"[2, 3, 4, 5, 7, 8, 10, 14, 15]","[0, 1, 6, 9, 11, 12, 13, 16, 17]",9,9,2,0.6965988330809239,0.2222222222222222,0.36363636363636365,0.5,0.2857142857142857,0.18181818181818182,0.25,0.14285714285714285,0.14285714285714285,0.14285714285714285,0.2517257878546484,0.28091616763008964,0.6121554970741272,0.763839066028595,0.17678308486938477,0.8979507088661194,0.10204923152923584,0.7484829425811768,0.2515169382095337,0.6965234970971295,0.2222222222222222,0.36363636363636365,0.5,0.2857142857142857,0.18181818181818182,0.25,0.14285714285714285,0.14285714285714285,0.14285714285714285,0.2516881257705241,0.2808878752920363,0.6123521327972412,0.763839066028595,0.17678308486938477,0.8979507088661194,0.10204923152923584,0.7484829425811768,0.2515169382095337,0.0,0.0,0.0,0.0,0.0,0.00019663572311401367,0.0,0.0,0.0,0.0,0.0,-7.5335983794389e-05,0.0,0.0,-2.829233805334841e-05,0.0,0.0,-3.766208412431249e-05,0.0
9,12,1,"[2, 3, 4, 6, 8, 9, 12, 13, 14, 15, 16, 17]","[0, 1, 5, 7, 10, 11]",12,6,2,0.69617829587954,0.16666666666666666,0.0,0.0,0.0,0.14285714285714285,0.08333333333333333,0.5,0.5,0.4,0.25151552458304655,0.3351935148239136,0.5778523683547974,0.7949473857879639,0.15146982669830322,0.9121496081352234,0.08785045146942139,0.7849108576774597,0.21508914232254028,0.6959375954204945,0.16666666666666666,0.0,0.0,0.0,0.14285714285714285,0.08333333333333333,0.5,0.5,0.4,0.25139517615296575,0.33506796757380175,0.5777228474617004,0.7949473857879639,0.15146982669830322,0.9121496081352234,0.08785045146942139,0.7849108576774597,0.21508914232254028,0.0,0.0,0.0,0.0,0.0,-0.00012952089309692383,0.0,0.0,0.0,0.0,0.0,-0.00024070045904556192,0.0,0.0,-0.00012554725011182377,0.0,0.0,-0.00012034843008079665,0.0
9,12,2,"[0, 1, 2, 4, 8, 10, 12, 13, 14, 15, 16, 17]","[3, 5, 6, 7, 9, 11]",12,6,2,0.6945980717693822,0.3333333333333333,0.3333333333333333,1.0,0.2,0.3333333333333333,0.6,0.6,0.6,0.4,0.25072545505965466,0.16978948314984638,0.5708255767822266,0.7943494915962219,0.15139788389205933,0.9126982688903809,0.08730173110961914,0.7845059633255005,0.2154940366744995,0.69460402507864,0.3333333333333333,0.3333333333333333,1.0,0.2,0.3333333333333333,0.6,0.6,0.6,0.4,0.25072843813806395,0.16983069976170856,0.5705865621566772,0.7943494915962219,0.15139788389205933,0.9126982688903809,0.08730173110961914,0.7845059633255005,0.2154940366744995,0.0,0.0,0.0,0.0,0.0,-0.0002390146255493164,0.0,0.0,0.0,0.0,0.0,5.953309257900052e-06,0.0,0.0,4.121661186218262e-05,0.0,0.0,2.983078409291018e-06,0.0
9,12,3,"[1, 3, 5, 7, 9, 10, 12, 13, 14, 15, 16, 17]","[0, 2, 4, 6, 8, 11]",12,6,2,0.697528428998459,0.16666666666666666,0.2857142857142857,0.5,0.2,0.14285714285714285,0.25,0.1,0.1,0.0,0.25219052783379753,0.3375601669152578,0.5572744607925415,0.8045204281806946,0.14429092407226562,0.9126572012901306,0.08734273910522461,0.7987608909606934,0.20123904943466187,0.6974088867568246,0.16666666666666666,0.2857142857142857,0.5,0.2,0.14285714285714285,0.25,0.1,0.1,0.0,0.25213075483373065,0.3376258611679077,0.5561369061470032,0.8045204281806946,0.14429092407226562,0.9126572012901306,0.08734273910522461,0.7987608909606934,0.20123904943466187,0.0,0.0,0.0,0.0,0.0,-0.00113755464553833,0.0,0.0,0.0,0.0,0.0,-0.0001195422416344627,0.0,0.0,6.569425264990603e-05,0.0,0.0,-5.9773000066876136e-05,0.0
10,3,1,"[12, 14, 16]","[0, 1, 2, 3, 4, 5, 6, 7, 8, 9, 10, 11, 13, 15, 17]",3,15,2,0.6919858931123337,0.5333333333333333,0.631578947368421,0.5,0.8571428571428571,0.49760765550239233,0.5833333333333333,0.5535714285714286,0.5535714285714286,0.5892857142857142,0.2494194046186942,0.03123032649358115,0.955856442451477,0.6797100305557251,0.23019182682037354,0.867403507232666,0.13259661197662354,0.6722130179405212,0.32778704166412354,0.691981248385154,0.5333333333333333,0.631578947368421,0.5,0.8571428571428571,0.49760765550239233,0.5833333333333333,0.5535714285714286,0.5535714285714286,0.5892857142857142,0.24941708650520855,0.031239112218221066,0.5478545427322388,0.6797100305557251,0.23019182682037354,0.867403507232666,0.13259661197662354,0.6722130179405212,0.32778704166412354,0.0,0.0,0.0,0.0,0.0,-0.4080018997192383,0.0,0.0,0.0,0.0,0.0,-4.644727179758945e-06,0.0,0.0,8.785724639914783e-06,0.0,0.0,-2.3181134856387065e-06,0.0
10,3,2,"[2, 7, 15]","[0, 1, 3, 4, 5, 6, 8, 9, 10, 11, 12, 13, 14, 16, 17]",3,15,2,0.6914395716627553,0.6,0.6666666666666666,0.5454545454545454,0.8571428571428571,0.5833333333333333,0.6477272727272727,0.6160714285714286,0.6160714285714286,0.6607142857142857,0.24914623828644705,0.09789371490478516,0.5442465543746948,0.6693581342697144,0.23840129375457764,0.8649635910987854,0.1350364089012146,0.6582338809967041,0.3417661190032959,0.6914307725833484,0.6,0.6666666666666666,0.5454545454545454,0.8571428571428571,0.5833333333333333,0.6477272727272727,0.6160714285714286,0.6160714285714286,0.6607142857142857,0.24914183200227757,0.09788119792938232,0.5442962050437927,0.6693581342697144,0.23840129375457764,0.8649635910987854,0.1350364089012146,0.6582338809967041,0.3417661190032959,0.0,0.0,0.0,0.0,0.0,4.965066909790039e-05,0.0,0.0,0.0,0.0,0.0,-8.799079406873744e-06,0.0,0.0,-1.2516975402832031e-05,0.0,0.0,-4.406284169478081e-06,0.0
10,3,3,"[0, 1, 6]","[2, 3, 4, 5, 7, 8, 9, 10, 11, 12, 13, 14, 15, 16, 17]",3,15,2,0.6914267265239589,0.6,0.6666666666666666,0.6,0.75,0.5833333333333333,0.6,0.5892857142857143,0.5892857142857143,0.625,0.24913981996609771,0.09746273756027224,0.5414882302284241,0.6612690687179565,0.24516195058822632,0.8615639805793762,0.13843590021133423,0.6481119990348816,0.35188794136047363,0.6914498111463113,0.6,0.6666666666666666,0.6,0.75,0.5833333333333333,0.6,0.5892857142857143,0.5892857142857143,0.625,0.24915137332441403,0.09748260180155432,0.5413351655006409,0.6612690687179565,0.24516195058822632,0.8615639805793762,0.13843590021133423,0.6481119990348816,0.35188794136047363,0.0,0.0,0.0,0.0,0.0,-0.00015306472778320312,0.0,0.0,0.0,0.0,0.0,2.30846223524539e-05,0.0,0.0,1.986424128208597e-05,0.0,0.0,1.155335831631854e-05,0.0
10,3,4,"[5, 8, 17]","[0, 1, 2, 3, 4, 6, 7, 9, 10, 11, 12, 13, 14, 15, 16]",3,15,2,0.6910983067241576,0.6,0.6666666666666666,0.6,0.75,0.5833333333333333,0.6,0.5892857142857143,0.5892857142857143,0.6785714285714286,0.24897562061939305,0.0975861191749573,0.5437939167022705,0.6730808019638062,0.23528045415878296,0.865562915802002,0.13443708419799805,0.6638761758804321,0.33612382411956787,0.6911008587092035,0.6,0.6666666666666666,0.6,0.75,0.5833333333333333,0.6,0.5892857142857143,0.5892857142857143,0.6607142857142857,0.24897688606750404,0.09754900534947708,0.543877124786377,0.6730808019638062,0.23528045415878296,0.865562915802002,0.13443708419799805,0.6638761758804321,0.33612382411956787,-0.017857142857142905,0.0,0.0,0.0,0.0,8.320808410644531e-05,0.0,0.0,0.0,0.0,0.0,2.5519850458399773e-06,0.0,0.0,-3.7113825480217244e-05,0.0,0.0,1.2654481109930504e-06,0.0
10,3,5,"[3, 11, 13]","[0, 1, 2, 4, 5, 6, 7, 8, 9, 10, 12, 14, 15, 16, 17]",3,15,2,0.6920712750887308,0.4666666666666667,0.6,0.5,0.75,0.4,0.41666666666666663,0.4464285714285714,0.4464285714285714,0.5714285714285714,0.24946208906156772,0.03564044237136843,0.5425916314125061,0.6742576360702515,0.23431271314620972,0.8663650155067444,0.13363498449325562,0.6650095582008362,0.3349904417991638,0.6920473025861799,0.5333333333333333,0.631578947368421,0.5454545454545454,0.75,0.49760765550239233,0.5227272727272727,0.5178571428571428,0.5178571428571428,0.5714285714285714,0.2494500951662913,0.03103990952173863,0.5424758791923523,0.6742576360702515,0.23431271314620972,0.8663650155067444,0.13363498449325562,0.6650095582008362,0.3349904417991638,0.0,0.0714285714285714,0.0,0.10606060606060608,0.0,-0.0001157522201538086,0.06666666666666665,0.045454545454545414,0.0,0.0,0.0,-2.397250255092853e-05,0.0,0.03157894736842104,-0.0046005328496298015,0.0,0.09760765550239231,-1.1993895276424249e-05,0.0714285714285714
10,3,6,"[4, 9, 10]","[0, 1, 2, 3, 5, 6, 7, 8, 11, 12, 13, 14, 15, 16, 17]",3,15,2,0.6921943996089184,0.5333333333333333,0.5882352941176471,0.5,0.7142857142857143,0.5248868778280543,0.55,0.5446428571428572,0.5446428571428572,0.5892857142857143,0.24952362704900174,0.03161533673604333,0.5446388125419617,0.668597936630249,0.23910075426101685,0.8643329739570618,0.13566702604293823,0.6574655175209045,0.34253448247909546,0.6922481061810972,0.5333333333333333,0.5882352941176471,0.5,0.7142857142857143,0.5248868778280543,0.55,0.5446428571428572,0.5446428571428572,0.5892857142857143,0.24955049599840518,0.03160904645919804,0.5447589159011841,0.668597936630249,0.23910075426101685,0.8643329739570618,0.13566702604293823,0.6574655175209045,0.34253448247909546,0.0,0.0,0.0,0.0,0.0,0.00012010335922241211,0.0,0.0,0.0,0.0,0.0,5.370657217884656e-05,0.0,0.0,-6.2902768452888225e-06,0.0,0.0,2.686894940343021e-05,0.0
10,6,1,"[2, 5, 10, 13, 16, 17]","[0, 1, 3, 4, 6, 7, 8, 9, 11, 12, 14, 15]",6,12,2,0.6925205318725056,0.4166666666666667,0.5333333333333333,0.4444444444444444,0.6666666666666666,0.37777777777777777,0.38888888888888884,0.41666666666666663,0.41666666666666663,0.5,0.24968673217588266,0.0856682658195495,0.5542683005332947,0.6766732335090637,0.23246008157730103,0.8664451241493225,0.1335548758506775,0.6686345934867859,0.3313654065132141,0.6925420012809678,0.5,0.5714285714285714,0.5,0.6666666666666666,0.4857142857142857,0.5,0.5,0.5,0.5,0.24969745344768826,0.0023318926493326453,0.5554984211921692,0.6766732335090637,0.23246008157730103,0.8664451241493225,0.1335548758506775,0.6686345934867859,0.3313654065132141,0.0,0.08333333333333337,0.0,0.11111111111111116,0.0,0.0012301206588745117,0.08333333333333331,0.05555555555555558,0.0,0.0,0.0,2.1469408462149175e-05,0.0,0.03809523809523807,-0.08333637317021686,0.0,0.10793650793650794,1.0721271805597121e-05,0.08333333333333337
10,6,2,"[0, 1, 6, 9, 12, 14]","[2, 3, 4, 5, 7, 8, 10, 11, 13, 15, 16, 17]",6,12,2,0.6905349495568123,0.6666666666666666,0.7142857142857143,0.625,0.8333333333333334,0.6571428571428571,0.6875,0.6666666666666667,0.6666666666666667,0.6944444444444445,0.2486939476126623,0.16422938307126356,0.55446857213974,0.6612064838409424,0.24550896883010864,0.8600673675537109,0.13993263244628906,0.6489146947860718,0.3510853052139282,0.6905692817135383,0.6666666666666666,0.7142857142857143,0.625,0.8333333333333334,0.6571428571428571,0.6875,0.6666666666666667,0.6666666666666667,0.6944444444444445,0.24871112187280184,0.16423097252845764,0.554619312286377,0.6612064838409424,0.24550896883010864,0.8600673675537109,0.13993263244628906,0.6489146947860718,0.3510853052139282,0.0,0.0,0.0,0.0,0.0,0.0001507401466369629,0.0,0.0,0.0,0.0,0.0,3.4332156725991325e-05,0.0,0.0,1.5894571940844315e-06,0.0,0.0,1.7174260139529718e-05,0.0
10,6,3,"[3, 4, 7, 8, 11, 15]","[0, 1, 2, 5, 6, 9, 10, 12, 13, 14, 16, 17]",6,12,2,0.6920526049311095,0.5833333333333334,0.6666666666666666,0.5555555555555556,0.8333333333333334,0.5555555555555556,0.6111111111111112,0.5833333333333334,0.5833333333333334,0.6666666666666666,0.24945272001205576,0.08151277899742126,0.5558248162269592,0.6752768754959106,0.2332567572593689,0.8685835003852844,0.13141649961471558,0.6649029850959778,0.3350970149040222,0.6920447146234633,0.5833333333333334,0.6666666666666666,0.5555555555555556,0.8333333333333334,0.5555555555555556,0.6111111111111112,0.5833333333333334,0.5833333333333334,0.6666666666666666,0.24944877994686823,0.08159744242827105,0.5554764270782471,0.6752768754959106,0.2332567572593689,0.8685835003852844,0.13141649961471558,0.6649029850959778,0.3350970149040222,0.0,0.0,0.0,0.0,0.0,-0.0003483891487121582,0.0,0.0,0.0,0.0,0.0,-7.890307646252204e-06,0.0,0.0,8.466343084978512e-05,0.0,0.0,-3.940065187529873e-06,0.0
10,9,1,"[0, 3, 4, 5, 7, 11, 14, 15, 17]","[1, 2, 6, 8, 9, 10, 12, 13, 16]",9,9,2,0.692463148852911,0.5555555555555556,0.6,0.5,0.75,0.55,0.5833333333333333,0.575,0.575,0.65,0.2496579766956794,0.05352363983790087,0.5852646827697754,0.6715744733810425,0.23647665977478027,0.8656600713729858,0.13433992862701416,0.6613866090774536,0.3386133909225464,0.6924342347160936,0.5555555555555556,0.6,0.5,0.75,0.55,0.5833333333333333,0.575,0.575,0.65,0.24964352924442026,0.05345120032628381,0.5849361419677734,0.6715744733810425,0.23647665977478027,0.8656600713729858,0.13433992862701416,0.6613866090774536,0.3386133909225464,0.0,0.0,0.0,0.0,0.0,-0.0003285408020019531,0.0,0.0,0.0,0.0,0.0,-2.8914136817492775e-05,0.0,0.0,-7.243951161706175e-05,0.0,0.0,-1.444745125914193e-05,0.0
10,9,2,"[1, 2, 6, 8, 9, 10, 12, 13, 16]","[0, 3, 4, 5, 7, 11, 14, 15, 17]",9,9,2,0.6909422745860887,0.5555555555555556,0.6666666666666666,0.5714285714285714,0.8,0.5,0.5357142857142857,0.525,0.525,0.55,0.24889762951266922,0.053192390335930706,0.5881721377372742,0.6705299615859985,0.23767387866973877,0.8644039630889893,0.13559603691101074,0.6602482795715332,0.3397517204284668,0.6909375760208593,0.5555555555555556,0.6666666666666666,0.5714285714285714,0.8,0.5,0.5357142857142857,0.525,0.525,0.55,0.2488952676933073,0.0532356831762526,0.5879061818122864,0.6705299615859985,0.23767387866973877,0.8644039630889893,0.13559603691101074,0.6602482795715332,0.3397517204284668,0.0,0.0,0.0,0.0,0.0,-0.00026595592498779297,0.0,0.0,0.0,0.0,0.0,-4.698565229444007e-06,0.0,0.0,4.329284032189573e-05,0.0,0.0,-2.3618193619179273e-06,0.0
10,12,1,"[1, 2, 5, 6, 7, 8, 9, 10, 11, 12, 13, 14]","[0, 3, 4, 15, 16, 17]",12,6,2,0.6886319958607761,0.6666666666666666,0.6666666666666666,0.6666666666666666,0.6666666666666666,0.6666666666666666,0.6666666666666666,0.6666666666666666,0.6666666666666666,0.7777777777777779,0.2477425214373795,0.16377060612042738,0.6228803396224976,0.6602615118026733,0.2453349232673645,0.8605237603187561,0.1394762396812439,0.6488064527511597,0.35119354724884033,0.6885546598732657,0.6666666666666666,0.6666666666666666,0.6666666666666666,0.6666666666666666,0.6666666666666666,0.6666666666666666,0.6666666666666666,0.6666666666666666,0.7777777777777779,0.247703855951691,0.16377144058545423,0.6227453351020813,0.6602615118026733,0.2453349232673645,0.8605237603187561,0.1394762396812439,0.6488064527511597,0.35119354724884033,0.0,0.0,0.0,0.0,0.0,-0.00013500452041625977,0.0,0.0,0.0,0.0,0.0,-7.733598751036297e-05,0.0,0.0,8.344650268554688e-07,0.0,0.0,-3.8665485688482715e-05,0.0
10,12,2,"[0, 1, 2, 5, 6, 7, 9, 11, 13, 14, 15, 17]","[3, 4, 8, 10, 12, 16]",12,6,2,0.688596807217171,0.6666666666666666,0.6666666666666666,0.6666666666666666,0.6666666666666666,0.6666666666666666,0.6666666666666666,0.6666666666666666,0.6666666666666666,0.888888888888889,0.2477249277550427,0.16318438450495398,0.6153907179832458,0.6516104936599731,0.25345027446746826,0.8538340926170349,0.14616596698760986,0.6392654776573181,0.3607345223426819,0.6885072741768304,0.6666666666666666,0.6666666666666666,0.6666666666666666,0.6666666666666666,0.6666666666666666,0.6666666666666666,0.6666666666666666,0.6666666666666666,0.888888888888889,0.2476801569860836,0.16314903895060218,0.6141302585601807,0.6516104936599731,0.25345027446746826,0.8538340926170349,0.14616596698760986,0.6392654776573181,0.3607345223426819,0.0,0.0,0.0,0.0,0.0,-0.0012604594230651855,0.0,0.0,0.0,0.0,0.0,-8.953304034053922e-05,0.0,0.0,-3.534555435180664e-05,0.0,0.0,-4.4770768959118135e-05,0.0
10,12,3,"[1, 4, 5, 7, 9, 10, 11, 13, 14, 15, 16, 17]","[0, 2, 3, 6, 8, 12]",12,6,2,0.6914852691092466,0.5,0.5714285714285714,0.5,0.6666666666666666,0.4857142857142857,0.5,0.5,0.5,0.6666666666666667,0.24916907492675433,0.002236833175023434,0.6674305200576782,0.6863611936569214,0.2247588038444519,0.8666448593139648,0.13335508108139038,0.6838374137878418,0.3161625266075134,0.6915304436713078,0.5,0.5714285714285714,0.5,0.6666666666666666,0.4857142857142857,0.5,0.5,0.5,0.6666666666666667,0.24919165069026405,0.0021987557411193848,0.6683536171913147,0.6863611936569214,0.2247588038444519,0.8666448593139648,0.13335508108139038,0.6838374137878418,0.3161625266075134,0.0,0.0,0.0,0.0,0.0,0.0009230971336364746,0.0,0.0,0.0,0.0,0.0,4.5174562061212065e-05,0.0,0.0,-3.807743390404905e-05,0.0,0.0,2.2575763509724567e-05,0.0
11,3,1,"[1, 13, 14]","[0, 2, 3, 4, 5, 6, 7, 8, 9, 10, 11, 12, 15, 16, 17]",3,15,2,0.6957608328503831,0.4666666666666667,0.5555555555555556,0.7142857142857143,0.45454545454545453,0.4444444444444444,0.48214285714285715,0.4772727272727273,0.4772727272727273,0.4318181818181818,0.2513066891556464,0.03802082935969031,1.015493392944336,0.7444218397140503,0.20382410287857056,0.8775566220283508,0.12244337797164917,0.7147952318191528,0.28520476818084717,0.6957643572425808,0.4666666666666667,0.5555555555555556,0.7142857142857143,0.45454545454545453,0.4444444444444444,0.48214285714285715,0.4772727272727273,0.4772727272727273,0.4090909090909091,0.2513084457233646,0.038053596019744895,0.568718671798706,0.7444218397140503,0.20382410287857056,0.8775566220283508,0.12244337797164917,0.7147952318191528,0.28520476818084717,-0.022727272727272707,0.0,0.0,0.0,0.0,-0.4467747211456299,0.0,0.0,0.0,0.0,0.0,3.524392197640225e-06,0.0,0.0,3.276666005458395e-05,0.0,0.0,1.756567718169677e-06,0.0
11,3,2,"[6, 7, 12]","[0, 1, 2, 3, 4, 5, 8, 9, 10, 11, 13, 14, 15, 16, 17]",3,15,2,0.6946175855012187,0.5333333333333333,0.631578947368421,0.75,0.5454545454545454,0.49760765550239233,0.5178571428571428,0.5227272727272727,0.5227272727272727,0.40909090909090906,0.2507350947761944,0.028302903970082616,0.557929515838623,0.7430501580238342,0.20484250783920288,0.8771722912788391,0.12282770872116089,0.7131426930427551,0.2868573069572449,0.6945976201068331,0.5333333333333333,0.631578947368421,0.75,0.5454545454545454,0.49760765550239233,0.5178571428571428,0.5227272727272727,0.5227272727272727,0.40909090909090906,0.2507251138757445,0.028341170152028416,0.5580186247825623,0.7430501580238342,0.20484250783920288,0.8771722912788391,0.12282770872116089,0.7131426930427551,0.2868573069572449,0.0,0.0,0.0,0.0,0.0,8.910894393920898e-05,0.0,0.0,0.0,0.0,0.0,-1.9965394385534907e-05,0.0,0.0,3.826618194580078e-05,0.0,0.0,-9.980900449901853e-06,0.0
11,3,3,"[3, 5, 16]","[0, 1, 2, 4, 6, 7, 8, 9, 10, 11, 12, 13, 14, 15, 17]",3,15,2,0.6945068737990577,0.5333333333333333,0.631578947368421,0.75,0.5454545454545454,0.49760765550239233,0.5178571428571428,0.5227272727272727,0.5227272727272727,0.4545454545454546,0.2506797588849597,0.02835689783096318,0.560707151889801,0.7405192255973816,0.2069949507713318,0.8764634132385254,0.12353658676147461,0.7095467448234558,0.2904532551765442,0.6944733704954722,0.5333333333333333,0.631578947368421,0.75,0.5454545454545454,0.49760765550239233,0.5178571428571428,0.5227272727272727,0.5227272727272727,0.4545454545454546,0.2506630098152939,0.02837373415629063,0.560463011264801,0.7405192255973816,0.2069949507713318,0.8764634132385254,0.12353658676147461,0.7095467448234558,0.2904532551765442,0.0,0.0,0.0,0.0,0.0,-0.000244140625,0.0,0.0,0.0,0.0,0.0,-3.350330358553588e-05,0.0,0.0,1.6836325327451718e-05,0.0,0.0,-1.6749069665811245e-05,0.0
11,3,4,"[2, 4, 11]","[0, 1, 3, 5, 6, 7, 8, 9, 10, 12, 13, 14, 15, 16, 17]",3,15,2,0.6968033272648863,0.4,0.47058823529411764,0.5714285714285714,0.4,0.3891402714932127,0.4107142857142857,0.4,0.4,0.34,0.2518279269402727,0.10504171053568523,0.5588306784629822,0.740937352180481,0.20681214332580566,0.8768914341926575,0.12310856580734253,0.709484338760376,0.290515661239624,0.6967303067712524,0.4,0.47058823529411764,0.5714285714285714,0.4,0.3891402714932127,0.4107142857142857,0.4,0.4,0.34,0.25179142135770644,0.10502874056498213,0.5589281320571899,0.740937352180481,0.20681214332580566,0.8768914341926575,0.12310856580734253,0.709484338760376,0.290515661239624,0.0,0.0,0.0,0.0,0.0,9.745359420776367e-05,0.0,0.0,0.0,0.0,0.0,-7.302049363389074e-05,0.0,0.0,-1.2969970703102796e-05,0.0,0.0,-3.650558256623748e-05,0.0
11,3,5,"[9, 10, 17]","[0, 1, 2, 3, 4, 5, 6, 7, 8, 11, 12, 13, 14, 15, 16]",3,15,2,0.6973978038241387,0.4,0.5263157894736842,0.625,0.45454545454545453,0.354066985645933,0.3839285714285714,0.3522727272727273,0.3522727272727273,0.25,0.25212511017866973,0.10518095493316648,0.5676786303520203,0.7382802963256836,0.2093900442123413,0.8737483620643616,0.12625163793563843,0.7074716091156006,0.2925283908843994,0.697436641345444,0.4,0.5263157894736842,0.625,0.45454545454545453,0.354066985645933,0.3839285714285714,0.3522727272727273,0.3522727272727273,0.25,0.2521445285881972,0.10516606171925857,0.5676106810569763,0.7382802963256836,0.2093900442123413,0.8737483620643616,0.12625163793563843,0.7074716091156006,0.2925283908843994,0.0,0.0,0.0,0.0,0.0,-6.794929504394531e-05,0.0,0.0,0.0,0.0,0.0,3.88375213052905e-05,0.0,0.0,-1.489321390790721e-05,0.0,0.0,1.9418409527460767e-05,0.0
11,3,6,"[0, 8, 15]","[1, 2, 3, 4, 5, 6, 7, 9, 10, 11, 12, 13, 14, 16, 17]",3,15,2,0.6978429065381968,0.3333333333333333,0.4444444444444444,0.5714285714285714,0.36363636363636365,0.3055555555555555,0.3482142857142857,0.3068181818181818,0.3068181818181818,0.2727272727272727,0.2523476781912965,0.1722145477930705,0.5664000511169434,0.7516728043556213,0.197465181350708,0.881608784198761,0.11839121580123901,0.7234607934951782,0.2765392065048218,0.697761118820722,0.3333333333333333,0.4444444444444444,0.5714285714285714,0.36363636363636365,0.3055555555555555,0.3482142857142857,0.3068181818181818,0.3068181818181818,0.2727272727272727,0.25230678425703823,0.1722301999727885,0.5658029317855835,0.7516728043556213,0.197465181350708,0.881608784198761,0.11839121580123901,0.7234607934951782,0.2765392065048218,0.0,0.0,0.0,0.0,0.0,-0.0005971193313598633,0.0,0.0,0.0,0.0,0.0,-8.178771747480162e-05,0.0,0.0,1.5652179717995374e-05,0.0,0.0,-4.089393425826815e-05,0.0
11,6,1,"[0, 1, 3, 12, 14, 16]","[2, 4, 5, 6, 7, 8, 9, 10, 11, 13, 15, 17]",6,12,2,0.692165850801176,0.5833333333333334,0.6666666666666666,0.8333333333333334,0.5555555555555556,0.5555555555555556,0.5833333333333334,0.6111111111111112,0.6111111111111112,0.6296296296296298,0.2495093221573744,0.07883601387341821,0.5839583277702332,0.7524353265762329,0.1970236897468567,0.8829094171524048,0.11709058284759521,0.7230432629585266,0.2769567370414734,0.6921957080419192,0.5833333333333334,0.6666666666666666,0.8333333333333334,0.5555555555555556,0.5555555555555556,0.5833333333333334,0.6111111111111112,0.6111111111111112,0.6296296296296298,0.24952424335724635,0.07883073389530182,0.5836085081100464,0.7524353265762329,0.1970236897468567,0.8829094171524048,0.11709058284759521,0.7230432629585266,0.2769567370414734,0.0,0.0,0.0,0.0,0.0,-0.0003498196601867676,0.0,0.0,0.0,0.0,0.0,2.9857240743225155e-05,0.0,0.0,-5.27997811639036e-06,0.0,0.0,1.4921199871953394e-05,0.0
11,6,2,"[2, 4, 5, 6, 7, 10]","[0, 1, 3, 8, 9, 11, 12, 13, 14, 15, 16, 17]",6,12,2,0.694488148678035,0.5833333333333334,0.6666666666666666,0.7142857142857143,0.625,0.5555555555555556,0.5571428571428572,0.5625,0.5625,0.40625,0.2506703781137833,0.0781271060307821,0.5652729868888855,0.7466747164726257,0.2016327977180481,0.8784220814704895,0.1215779185295105,0.7183123826980591,0.2816876173019409,0.6944884732109577,0.5833333333333334,0.6666666666666666,0.7142857142857143,0.625,0.5555555555555556,0.5571428571428572,0.5625,0.5625,0.40625,0.25067053714605597,0.07820381720860803,0.56489098072052,0.7466747164726257,0.2016327977180481,0.8784220814704895,0.1215779185295105,0.7183123826980591,0.2816876173019409,0.0,0.0,0.0,0.0,0.0,-0.0003820061683654785,0.0,0.0,0.0,0.0,0.0,3.2453292275747003e-07,0.0,0.0,7.671117782592773e-05,0.0,0.0,1.5903227268410092e-07,0.0
11,6,3,"[8, 9, 11, 13, 15, 17]","[0, 1, 2, 3, 4, 5, 6, 7, 10, 12, 14, 16]",6,12,2,0.7018106654097296,0.16666666666666666,0.2857142857142857,0.4,0.2222222222222222,0.14285714285714285,0.2,0.1111111111111111,0.1111111111111111,0.07407407407407408,0.254331428792362,0.33886224031448364,0.60947585105896,0.7303314208984375,0.21601039171218872,0.8703889846801758,0.12961101531982422,0.6975902318954468,0.3024097681045532,0.7018938586465531,0.16666666666666666,0.2857142857142857,0.4,0.2222222222222222,0.14285714285714285,0.2,0.1111111111111111,0.1111111111111111,0.03703703703703704,0.25437301264222323,0.3389586607615154,0.6093708872795105,0.7303314208984375,0.21601039171218872,0.8703889846801758,0.12961101531982422,0.6975902318954468,0.3024097681045532,-0.03703703703703704,0.0,0.0,0.0,0.0,-0.00010496377944946289,0.0,0.0,0.0,0.0,0.0,8.319323682348667e-05,0.0,0.0,9.642044703173092e-05,0.0,0.0,4.1583849861248634e-05,0.0
11,9,1,"[0, 2, 3, 5, 6, 7, 11, 16, 17]","[1, 4, 8, 9, 10, 12, 13, 14, 15]",9,9,2,0.692961471562435,0.5555555555555556,0.6,0.75,0.5,0.55,0.575,0.5833333333333333,0.5833333333333333,0.5555555555555556,0.2499071384472299,0.05009959803687203,0.5851088166236877,0.749542772769928,0.19908475875854492,0.8825700879096985,0.11742991209030151,0.7192603945732117,0.28073960542678833,0.6930266553808944,0.5555555555555556,0.6,0.75,0.5,0.55,0.575,0.5833333333333333,0.5833333333333333,0.44444444444444453,0.2499397314678965,0.05024881495369804,0.585253119468689,0.749542772769928,0.19908475875854492,0.8825700879096985,0.11742991209030151,0.7192603945732117,0.28073960542678833,-0.11111111111111105,0.0,0.0,0.0,0.0,0.0001443028450012207,0.0,0.0,0.0,0.0,0.0,6.518381845932453e-05,0.0,0.0,0.00014921691682601157,0.0,0.0,3.2593020666604744e-05,0.0
11,9,2,"[1, 4, 8, 9, 10, 12, 13, 14, 15]","[0, 2, 3, 5, 6, 7, 11, 16, 17]",9,9,2,0.6993484800074097,0.3333333333333333,0.5,0.6,0.42857142857142855,0.25,0.3,0.21428571428571427,0.21428571428571427,0.14285714285714285,0.2531003685234563,0.17136577765146893,0.6486846804618835,0.7367516756057739,0.2106931209564209,0.8719102144241333,0.1280897855758667,0.7067034840583801,0.2932965159416199,0.6993629014382101,0.3333333333333333,0.5,0.6,0.42857142857142855,0.25,0.3,0.21428571428571427,0.21428571428571427,0.14285714285714285,0.2531075737936479,0.17132671011818784,0.6495164036750793,0.7367516756057739,0.2106931209564209,0.8719102144241333,0.1280897855758667,0.7067034840583801,0.2932965159416199,0.0,0.0,0.0,0.0,0.0,0.0008317232131958008,0.0,0.0,0.0,0.0,0.0,1.4421430800437562e-05,0.0,0.0,-3.9067533281089695e-05,0.0,0.0,7.205270191601443e-06,0.0
11,12,1,"[1, 2, 3, 6, 7, 10, 11, 12, 13, 14, 15, 16]","[0, 4, 5, 8, 9, 17]",12,6,2,0.6865205167042362,0.8333333333333334,0.8571428571428571,1.0,0.75,0.8285714285714285,0.8333333333333333,0.875,0.875,1.0,0.24668681495674974,0.3295770386854808,0.733471691608429,0.7380979657173157,0.20892643928527832,0.8725719451904297,0.12742799520492554,0.7095749378204346,0.29042500257492065,0.6864327437092453,0.8333333333333334,0.8571428571428571,1.0,0.75,0.8285714285714285,0.8333333333333333,0.875,0.875,1.0,0.24664291799046514,0.32955108086268114,0.7328194975852966,0.7380979657173157,0.20892643928527832,0.8725719451904297,0.12742799520492554,0.7095749378204346,0.29042500257492065,0.0,0.0,0.0,0.0,0.0,-0.0006521940231323242,0.0,0.0,0.0,0.0,0.0,-8.777299499085345e-05,0.0,0.0,-2.5957822799682617e-05,0.0,0.0,-4.3896966284595607e-05,0.0
11,12,2,"[1, 2, 4, 5, 7, 8, 9, 11, 12, 13, 15, 17]","[0, 3, 6, 10, 14, 16]",12,6,2,0.7040754535237533,0.16666666666666666,0.2857142857142857,0.3333333333333333,0.25,0.14285714285714285,0.16666666666666666,0.125,0.125,0.0,0.25546371715758404,0.3395418624083202,0.7036264538764954,0.7255723476409912,0.21997714042663574,0.8676261305809021,0.1323738694190979,0.6924194693565369,0.30758053064346313,0.7039947123249681,0.16666666666666666,0.2857142857142857,0.3333333333333333,0.25,0.14285714285714285,0.16666666666666666,0.125,0.125,0.0,0.25542335208941075,0.33952929576238,0.7021797299385071,0.7255723476409912,0.21997714042663574,0.8676261305809021,0.1323738694190979,0.6924194693565369,0.30758053064346313,0.0,0.0,0.0,0.0,0.0,-0.0014467239379882812,0.0,0.0,0.0,0.0,0.0,-8.07411987852058e-05,0.0,0.0,-1.2566645940181864e-05,0.0,0.0,-4.0365068173287e-05,0.0
11,12,3,"[1, 2, 3, 4, 6, 7, 8, 10, 11, 12, 16, 17]","[0, 5, 9, 13, 14, 15]",12,6,2,0.6899294791889211,0.6666666666666666,0.75,0.75,0.75,0.625,0.625,0.625,0.625,0.625,0.2483912423917681,0.1623464127381642,0.6362444758415222,0.7393118143081665,0.20787644386291504,0.8727553486824036,0.12724465131759644,0.7114917635917664,0.28850823640823364,0.6899406084346974,0.6666666666666666,0.75,0.75,0.75,0.625,0.625,0.625,0.625,0.625,0.24839679968099956,0.16240053375562025,0.6336891055107117,0.7393118143081665,0.20787644386291504,0.8727553486824036,0.12724465131759644,0.7114917635917664,0.28850823640823364,0.0,0.0,0.0,0.0,0.0,-0.002555370330810547,0.0,0.0,0.0,0.0,0.0,1.1129245776286822e-05,0.0,0.0,5.412101745605469e-05,0.0,0.0,5.557289231461482e-06,0.0
12,3,1,"[0, 5, 15]","[1, 2, 3, 4, 6, 7, 8, 9, 10, 11, 12, 13, 14, 16, 17]",3,15,2,0.6886936371524371,0.6666666666666666,0.8,0.7142857142857143,0.9090909090909091,0.4,0.35714285714285715,0.45454545454545453,0.45454545454545453,0.5681818181818181,0.24777337702289018,0.16240419944127393,1.0015084743499756,0.6917186975479126,0.2495279312133789,0.7192369103431702,0.28076308965682983,0.781707227230072,0.21829277276992798,0.6886954357796016,0.6666666666666666,0.8,0.7142857142857143,0.9090909090909091,0.4,0.35714285714285715,0.45454545454545453,0.45454545454545453,0.5909090909090909,0.24777428645105934,0.1624579707781474,0.5864923000335693,0.6917186975479126,0.2495279312133789,0.7192369103431702,0.28076308965682983,0.781707227230072,0.21829277276992798,0.022727272727272818,0.0,0.0,0.0,0.0,-0.41501617431640625,0.0,0.0,0.0,0.0,0.0,1.798627164428801e-06,0.0,0.0,5.377133687345381e-05,0.0,0.0,9.094281691601758e-07,0.0
12,3,2,"[4, 8, 14]","[0, 1, 2, 3, 5, 6, 7, 9, 10, 11, 12, 13, 15, 16, 17]",3,15,2,0.6870907576435958,0.8,0.88,0.7857142857142857,1.0,0.64,0.8928571428571428,0.625,0.625,0.6818181818181819,0.24697195867395796,0.2954020182291667,0.5777058601379395,0.691214382648468,0.24967646598815918,0.7196637988090515,0.28033632040023804,0.7809834480285645,0.2190166711807251,0.6870003525116234,0.8,0.88,0.7857142857142857,1.0,0.64,0.8928571428571428,0.625,0.625,0.6818181818181819,0.24692676611483416,0.2953755696614584,0.5776851773262024,0.691214382648468,0.24967646598815918,0.7196637988090515,0.28033632040023804,0.7809834480285645,0.2190166711807251,0.0,0.0,0.0,0.0,0.0,-2.0682811737060547e-05,0.0,0.0,0.0,0.0,0.0,-9.04051319724486e-05,0.0,0.0,-2.6448567708281523e-05,0.0,0.0,-4.519255912380227e-05,0.0
12,3,3,"[6, 10, 16]","[0, 1, 2, 3, 4, 5, 7, 8, 9, 11, 12, 13, 14, 15, 17]",3,15,2,0.6873146354434733,0.7333333333333333,0.8333333333333334,0.7692307692307693,0.9090909090909091,0.5833333333333334,0.6346153846153846,0.5795454545454546,0.5795454545454546,0.7045454545454546,0.24708389986181115,0.2288627584775288,0.570100724697113,0.7059473395347595,0.23452144861221313,0.7433136701583862,0.25668632984161377,0.7876434326171875,0.2123565673828125,0.6871816079395076,0.7333333333333333,0.8333333333333334,0.7692307692307693,0.9090909090909091,0.5833333333333334,0.6346153846153846,0.5795454545454546,0.5795454545454546,0.7272727272727273,0.24701740728860813,0.22876439491907752,0.570128321647644,0.7059473395347595,0.23452144861221313,0.7433136701583862,0.25668632984161377,0.7876434326171875,0.2123565673828125,0.022727272727272707,0.0,0.0,0.0,0.0,2.759695053100586e-05,0.0,0.0,0.0,0.0,0.0,-0.00013302750396571028,0.0,0.0,-9.836355845127542e-05,0.0,0.0,-6.649257320301416e-05,0.0
12,3,4,"[3, 13, 17]","[0, 1, 2, 4, 5, 6, 7, 8, 9, 10, 11, 12, 14, 15, 16]",3,15,2,0.6898299121139019,0.6666666666666666,0.782608695652174,0.6923076923076923,0.9,0.5341614906832298,0.5961538461538461,0.55,0.55,0.54,0.2483414549938147,0.16297788222630816,0.5659645199775696,0.7060559391975403,0.23464757204055786,0.7427220940589905,0.2572780251502991,0.7879829406738281,0.21201711893081665,0.6898272501160119,0.6666666666666666,0.782608695652174,0.6923076923076923,0.9,0.5341614906832298,0.5961538461538461,0.55,0.55,0.54,0.2483401264513769,0.16287646293640134,0.5653455853462219,0.7060559391975403,0.23464757204055786,0.7427220940589905,0.2572780251502991,0.7879829406738281,0.21201711893081665,0.0,0.0,0.0,0.0,0.0,-0.0006189346313476562,0.0,0.0,0.0,0.0,0.0,-2.6619978900077612e-06,0.0,0.0,-0.00010141928990681226,0.0,0.0,-1.3285424377840194e-06,0.0
12,3,5,"[1, 7, 12]","[0, 2, 3, 4, 5, 6, 8, 9, 10, 11, 13, 14, 15, 16, 17]",3,15,2,0.6875759329658437,0.7333333333333333,0.8333333333333334,0.7692307692307693,0.9090909090909091,0.5833333333333334,0.6346153846153846,0.5795454545454546,0.5795454545454546,0.7045454545454546,0.24721454830444672,0.22932090361913038,0.5788244605064392,0.692563533782959,0.2486310601234436,0.7191869020462036,0.28081297874450684,0.7835506796836853,0.21644920110702515,0.6874559245702466,0.7333333333333333,0.8333333333333334,0.7692307692307693,0.9090909090909091,0.5833333333333334,0.6346153846153846,0.5795454545454546,0.5795454545454546,0.7272727272727273,0.2471545540868216,0.229245646794637,0.5793155431747437,0.692563533782959,0.2486310601234436,0.7191869020462036,0.28081297874450684,0.7835506796836853,0.21644920110702515,0.022727272727272707,0.0,0.0,0.0,0.0,0.0004910826683044434,0.0,0.0,0.0,0.0,0.0,-0.0001200083955971154,0.0,0.0,-7.5256824493386e-05,0.0,0.0,-5.999421762512003e-05,0.0
12,3,6,"[2, 9, 11]","[0, 1, 3, 4, 5, 6, 7, 8, 10, 12, 13, 14, 15, 16, 17]",3,15,2,0.6889403777333611,0.7333333333333333,0.8333333333333334,0.7692307692307693,0.9090909090909091,0.5833333333333334,0.6346153846153846,0.5795454545454546,0.5795454545454546,0.5454545454545454,0.24789669452589944,0.22945271730422967,0.5737369060516357,0.6992851495742798,0.24226003885269165,0.7339191436767578,0.2660807967185974,0.7815607190132141,0.2184392213821411,0.6889888879423306,0.7333333333333333,0.8333333333333334,0.7692307692307693,0.9090909090909091,0.5833333333333334,0.6346153846153846,0.5795454545454546,0.5795454545454546,0.5454545454545454,0.2479209563606028,0.22945115963617957,0.5735006332397461,0.6992851495742798,0.24226003885269165,0.7339191436767578,0.2660807967185974,0.7815607190132141,0.2184392213821411,0.0,0.0,0.0,0.0,0.0,-0.00023627281188964844,0.0,0.0,0.0,0.0,0.0,4.851020896945446e-05,0.0,0.0,-1.5576680501006024e-06,0.0,0.0,2.426183470335963e-05,0.0
12,6,1,"[0, 1, 4, 7, 8, 14]","[2, 3, 5, 6, 9, 10, 11, 12, 13, 15, 16, 17]",6,12,2,0.6852195259432176,0.8333333333333334,0.9,0.8181818181818182,1.0,0.7,0.9090909090909092,0.6666666666666666,0.6666666666666666,0.888888888888889,0.2460364104515059,0.3284195611874263,0.6275221705436707,0.664201021194458,0.27699095010757446,0.674803614616394,0.32519644498825073,0.7712146043777466,0.2287854552268982,0.6851492953614285,0.8333333333333334,0.9,0.8181818181818182,1.0,0.7,0.9090909090909092,0.6666666666666666,0.6666666666666666,0.888888888888889,0.24600130008236998,0.3283722599347433,0.6276699900627136,0.664201021194458,0.27699095010757446,0.674803614616394,0.32519644498825073,0.7712146043777466,0.2287854552268982,0.0,0.0,0.0,0.0,0.0,0.00014781951904296875,0.0,0.0,0.0,0.0,0.0,-7.023058178901032e-05,0.0,0.0,-4.730125268304075e-05,0.0,0.0,-3.511036913592114e-05,0.0
12,6,2,"[6, 10, 13, 15, 16, 17]","[0, 1, 2, 3, 4, 5, 7, 8, 9, 11, 12, 14]",6,12,2,0.689005224241695,0.6666666666666666,0.7777777777777778,0.7,0.875,0.5555555555555556,0.6,0.5625,0.5625,0.625,0.24792913968830135,0.16266330083211256,0.5669773817062378,0.7386239767074585,0.2014140486717224,0.7926510572433472,0.20734894275665283,0.8045207262039185,0.19547927379608154,0.6887331069277473,0.6666666666666666,0.7777777777777778,0.7,0.875,0.5555555555555556,0.6,0.5625,0.5625,0.71875,0.24779311130128212,0.1624605655670166,0.5656023621559143,0.7386239767074585,0.2014140486717224,0.7926510572433472,0.20734894275665283,0.8045207262039185,0.19547927379608154,0.09375,0.0,0.0,0.0,0.0,-0.0013750195503234863,0.0,0.0,0.0,0.0,0.0,-0.0002721173139477173,0.0,0.0,-0.00020273526509595463,0.0,0.0,-0.00013602838701923248,0.0
12,6,3,"[2, 3, 5, 9, 11, 12]","[0, 1, 4, 6, 7, 8, 10, 13, 14, 15, 16, 17]",6,12,2,0.6904978763413937,0.6666666666666666,0.8,0.7272727272727273,0.8888888888888888,0.4,0.36363636363636365,0.4444444444444444,0.4444444444444444,0.33333333333333337,0.24867541655160283,0.1631273776292801,0.5889434218406677,0.6905618906021118,0.2512355446815491,0.7215666770935059,0.27843332290649414,0.7759622931480408,0.22403770685195923,0.6904274525198004,0.6666666666666666,0.8,0.7272727272727273,0.8888888888888888,0.4,0.36363636363636365,0.4444444444444444,0.4444444444444444,0.33333333333333337,0.2486402120638862,0.1630839308102925,0.588445782661438,0.6905618906021118,0.2512355446815491,0.7215666770935059,0.27843332290649414,0.7759622931480408,0.22403770685195923,0.0,0.0,0.0,0.0,0.0,-0.0004976391792297363,0.0,0.0,0.0,0.0,0.0,-7.042382159327953e-05,0.0,0.0,-4.34468189876025e-05,0.0,0.0,-3.5204487716627986e-05,0.0
12,9,1,"[2, 3, 4, 5, 6, 8, 9, 10, 12]","[0, 1, 7, 11, 13, 14, 15, 16, 17]",9,9,2,0.6884676681998501,0.7777777777777778,0.875,0.7777777777777778,1.0,0.4375,0.3888888888888889,0.5,0.5,0.42857142857142855,0.24766036276924946,0.273263586892022,0.657345712184906,0.6480992436408997,0.2928062677383423,0.6628893613815308,0.33711063861846924,0.7514981031417847,0.24850189685821533,0.688368125606822,0.7777777777777778,0.875,0.7777777777777778,1.0,0.4375,0.3888888888888889,0.5,0.5,0.42857142857142855,0.24761059615962347,0.27317969666586983,0.6569507718086243,0.6480992436408997,0.2928062677383423,0.6628893613815308,0.33711063861846924,0.7514981031417847,0.24850189685821533,0.0,0.0,0.0,0.0,0.0,-0.0003949403762817383,0.0,0.0,0.0,0.0,0.0,-9.95425930280236e-05,0.0,0.0,-8.389022615218344e-05,0.0,0.0,-4.976660962599522e-05,0.0
12,9,2,"[0, 1, 7, 11, 13, 14, 15, 16, 17]","[2, 3, 4, 5, 6, 8, 9, 10, 12]",9,9,2,0.6880141889583453,0.6666666666666666,0.7692307692307693,0.7142857142857143,0.8333333333333334,0.5846153846153846,0.6071428571428572,0.5833333333333334,0.5833333333333334,0.7222222222222222,0.24743367474744588,0.1628765265146891,0.5945475697517395,0.7474921345710754,0.1936206817626953,0.7964581847190857,0.2035418152809143,0.8163003921508789,0.1836996078491211,0.6879036198258829,0.6666666666666666,0.7692307692307693,0.7142857142857143,0.8333333333333334,0.5846153846153846,0.6071428571428572,0.5833333333333334,0.5833333333333334,0.7777777777777778,0.24737838408356883,0.16285324096679688,0.5947093367576599,0.7474921345710754,0.1936206817626953,0.7964581847190857,0.2035418152809143,0.8163003921508789,0.1836996078491211,0.05555555555555558,0.0,0.0,0.0,0.0,0.00016176700592041016,0.0,0.0,0.0,0.0,0.0,-0.00011056913246243472,0.0,0.0,-2.3285547892215597e-05,0.0,0.0,-5.529066387705006e-05,0.0
12,12,1,"[0, 2, 3, 6, 8, 9, 10, 11, 13, 14, 15, 16]","[1, 4, 5, 7, 12, 17]",12,6,2,0.6883768783937704,0.6666666666666666,0.75,0.75,0.75,0.625,0.625,0.625,0.625,0.625,0.24761499389635663,0.16188934445381165,0.66669100522995,0.726158857345581,0.21456772089004517,0.7798397541046143,0.22016024589538574,0.7910248637199402,0.20897513628005981,0.6879152081084062,0.6666666666666666,0.75,0.75,0.75,0.625,0.625,0.625,0.625,0.75,0.24738419122317046,0.16165817777315772,0.66497403383255,0.726158857345581,0.21456772089004517,0.7798397541046143,0.22016024589538574,0.7910248637199402,0.20897513628005981,0.125,0.0,0.0,0.0,0.0,-0.0017169713973999023,0.0,0.0,0.0,0.0,0.0,-0.00046167028536414634,0.0,0.0,-0.00023116668065392698,0.0,0.0,-0.00023080267318617564,0.0
12,12,2,"[1, 3, 4, 6, 7, 8, 10, 11, 13, 14, 15, 16]","[0, 2, 5, 9, 12, 17]",12,6,2,0.6841244772611602,0.8333333333333334,0.8888888888888888,0.8,1.0,0.7777777777777777,0.9,0.75,0.75,0.875,0.24548899779779276,0.32815287510554003,0.6620516180992126,0.7093552350997925,0.22975105047225952,0.7445786595344543,0.25542140007019043,0.7959193587303162,0.2040807008743286,0.6839199462042891,0.8333333333333334,0.8888888888888888,0.8,1.0,0.7777777777777777,0.9,0.75,0.75,0.875,0.24538676312988286,0.3279629349708557,0.6613927483558655,0.7093552350997925,0.22975105047225952,0.7445786595344543,0.25542140007019043,0.7959193587303162,0.2040807008743286,0.0,0.0,0.0,0.0,0.0,-0.000658869743347168,0.0,0.0,0.0,0.0,0.0,-0.00020453105687112672,0.0,0.0,-0.0001899401346843188,0.0,0.0,-0.00010223466790990066,0.0
12,12,3,"[0, 1, 2, 3, 4, 5, 6, 7, 8, 10, 11, 17]","[9, 12, 13, 14, 15, 16]",12,6,2,0.688709281940964,0.6666666666666666,0.8,0.6666666666666666,1.0,0.4,0.3333333333333333,0.5,0.5,0.875,0.24778117052773455,0.16258522868156433,0.8029209971427917,0.5812822580337524,0.35608768463134766,0.5668098330497742,0.4331902265548706,0.7210149765014648,0.2789851427078247,0.6882574790774026,0.6666666666666666,0.8,0.6666666666666666,1.0,0.4,0.3333333333333333,0.5,0.5,0.875,0.24755529399798584,0.16207333405812574,0.8011654019355774,0.5812822580337524,0.35608768463134766,0.5668098330497742,0.4331902265548706,0.7210149765014648,0.2789851427078247,0.0,0.0,0.0,0.0,0.0,-0.0017555952072143555,0.0,0.0,0.0,0.0,0.0,-0.0004518028635613902,0.0,0.0,-0.0005118946234385913,0.0,0.0,-0.0002258765297487031,0.0
13,3,1,"[3, 6, 10]","[0, 1, 2, 4, 5, 7, 8, 9, 11, 12, 13, 14, 15, 16, 17]",3,15,2,0.6960947082706305,0.2,0.25,0.4,0.18181818181818182,0.19642857142857142,0.25,0.2159090909090909,0.2159090909090909,0.29545454545454547,0.25147370790322976,0.30273234049479164,1.0636746883392334,0.8292962908744812,0.12414062023162842,0.9045078754425049,0.09549212455749512,0.8472108840942383,0.15278911590576172,0.6960819207331487,0.2,0.25,0.4,0.18181818181818182,0.19642857142857142,0.25,0.2159090909090909,0.2159090909090909,0.29545454545454547,0.251467313873241,0.3027342120806376,0.5657060742378235,0.8292962908744812,0.12414062023162842,0.9045078754425049,0.09549212455749512,0.8472108840942383,0.15278911590576172,0.0,0.0,0.0,0.0,0.0,-0.4979686141014099,0.0,0.0,0.0,0.0,0.0,-1.2787537481795397e-05,0.0,0.0,1.87158584596947e-06,0.0,0.0,-6.3940299887543794e-06,0.0
13,3,2,"[2, 4, 11]","[0, 1, 3, 5, 6, 7, 8, 9, 10, 12, 13, 14, 15, 16, 17]",3,15,2,0.6944748138217461,0.3333333333333333,0.375,0.5,0.3,0.33035714285714285,0.3611111111111111,0.35,0.35,0.4600000000000001,0.2506638113624309,0.16917603015899657,0.5615972280502319,0.8294369578361511,0.12367022037506104,0.9047772288322449,0.09522277116775513,0.8478823304176331,0.15211766958236694,0.6944734068984127,0.3333333333333333,0.375,0.5,0.3,0.33035714285714285,0.3611111111111111,0.35,0.35,0.4600000000000001,0.25066310772263395,0.1691438674926758,0.5612929463386536,0.8294369578361511,0.12367022037506104,0.9047772288322449,0.09522277116775513,0.8478823304176331,0.15211766958236694,0.0,0.0,0.0,0.0,0.0,-0.00030428171157836914,0.0,0.0,0.0,0.0,0.0,-1.406923333391319e-06,0.0,0.0,-3.216266632077858e-05,0.0,0.0,-7.036397969284458e-07,0.0
13,3,3,"[14, 16, 17]","[0, 1, 2, 3, 4, 5, 6, 7, 8, 9, 10, 11, 12, 13, 15]",3,15,2,0.6951109964521615,0.26666666666666666,0.35294117647058826,0.5,0.2727272727272727,0.25339366515837103,0.3055555555555556,0.26136363636363635,0.26136363636363635,0.38636363636363635,0.25098186431882097,0.23569350242614745,0.5688223838806152,0.8288844227790833,0.12440204620361328,0.9037899971008301,0.09621000289916992,0.8474057912826538,0.1525942087173462,0.6951155449884475,0.26666666666666666,0.35294117647058826,0.5,0.2727272727272727,0.25339366515837103,0.3055555555555556,0.26136363636363635,0.26136363636363635,0.38636363636363635,0.2509841488277938,0.23570111195246374,0.5682969689369202,0.8288844227790833,0.12440204620361328,0.9037899971008301,0.09621000289916992,0.8474057912826538,0.1525942087173462,0.0,0.0,0.0,0.0,0.0,-0.0005254149436950684,0.0,0.0,0.0,0.0,0.0,4.54853628606422e-06,0.0,0.0,7.609526316287862e-06,0.0,0.0,2.2845089728273926e-06,0.0
13,3,4,"[1, 7, 15]","[0, 2, 3, 4, 5, 6, 8, 9, 10, 11, 12, 13, 14, 16, 17]",3,15,2,0.6948249402509927,0.3333333333333333,0.375,0.6,0.2727272727272727,0.33035714285714285,0.4,0.38636363636363635,0.38636363636363635,0.5,0.25083883494350545,0.16934813261032106,0.5793130993843079,0.8351932764053345,0.11871117353439331,0.9080085158348083,0.09199148416519165,0.854569137096405,0.14543086290359497,0.6948580833673097,0.3333333333333333,0.375,0.6,0.2727272727272727,0.33035714285714285,0.4,0.38636363636363635,0.38636363636363635,0.5,0.25085540377753723,0.16936047474543253,0.5791460275650024,0.8351932764053345,0.11871117353439331,0.9080085158348083,0.09199148416519165,0.854569137096405,0.14543086290359497,0.0,0.0,0.0,0.0,0.0,-0.00016707181930541992,0.0,0.0,0.0,0.0,0.0,3.314311631696931e-05,0.0,0.0,1.2342135111476082e-05,0.0,0.0,1.6568834031782664e-05,0.0
13,3,5,"[8, 9, 12]","[0, 1, 2, 3, 4, 5, 6, 7, 10, 11, 13, 14, 15, 16, 17]",3,15,2,0.6961669850955658,0.26666666666666666,0.26666666666666666,0.5,0.18181818181818182,0.26666666666666666,0.34090909090909094,0.34090909090909094,0.34090909090909094,0.4090909090909091,0.25150983665758664,0.2359620054562887,0.5753191709518433,0.8278272747993469,0.12506014108657837,0.9038933515548706,0.0961066484451294,0.8459864854812622,0.1540135145187378,0.6961579158472103,0.26666666666666666,0.26666666666666666,0.5,0.18181818181818182,0.26666666666666666,0.34090909090909094,0.34090909090909094,0.34090909090909094,0.4090909090909091,0.2515053107328188,0.2359456817309062,0.5751621127128601,0.8278272747993469,0.12506014108657837,0.9038933515548706,0.0961066484451294,0.8459864854812622,0.1540135145187378,0.0,0.0,0.0,0.0,0.0,-0.0001570582389831543,0.0,0.0,0.0,0.0,0.0,-9.069248355531023e-06,0.0,0.0,-1.6323725382516585e-05,0.0,0.0,-4.525924767850853e-06,0.0
13,3,6,"[0, 5, 13]","[1, 2, 3, 4, 6, 7, 8, 9, 10, 11, 12, 14, 15, 16, 17]",3,15,2,0.6956072264839853,0.26666666666666666,0.26666666666666666,0.5,0.18181818181818182,0.26666666666666666,0.34090909090909094,0.34090909090909094,0.34090909090909094,0.4318181818181818,0.251229972340738,0.23632443745930992,0.563969612121582,0.8302009701728821,0.12306743860244751,0.9049621820449829,0.09503781795501709,0.8489030003547668,0.15109699964523315,0.6956768720404821,0.26666666666666666,0.26666666666666666,0.5,0.18181818181818182,0.26666666666666666,0.34090909090909094,0.34090909090909094,0.34090909090909094,0.4318181818181818,0.2512647847054991,0.2363465348879496,0.5639633536338806,0.8302009701728821,0.12306743860244751,0.9049621820449829,0.09503781795501709,0.8489030003547668,0.15109699964523315,0.0,0.0,0.0,0.0,0.0,-6.258487701416016e-06,0.0,0.0,0.0,0.0,0.0,6.964555649680015e-05,0.0,0.0,2.2097428639678007e-05,0.0,0.0,3.4812364761105385e-05,0.0
13,6,1,"[1, 7, 9, 12, 14, 15]","[0, 2, 3, 4, 5, 6, 8, 10, 11, 13, 16, 17]",6,12,2,0.6949432953796076,0.3333333333333333,0.3333333333333333,0.5,0.25,0.3333333333333333,0.375,0.375,0.375,0.5,0.25089799591312606,0.16896690428256994,0.5969696044921875,0.8294122815132141,0.12357509136199951,0.9050727486610413,0.09492725133895874,0.8477770090103149,0.15222299098968506,0.6949391813484066,0.3333333333333333,0.3333333333333333,0.5,0.25,0.3333333333333333,0.375,0.375,0.375,0.5,0.2508959394832995,0.16893018285433453,0.595956563949585,0.8294122815132141,0.12357509136199951,0.9050727486610413,0.09492725133895874,0.8477770090103149,0.15222299098968506,0.0,0.0,0.0,0.0,0.0,-0.001013040542602539,0.0,0.0,0.0,0.0,0.0,-4.114031201041257e-06,0.0,0.0,-3.6721428235408915e-05,0.0,0.0,-2.056429826535755e-06,0.0
13,6,2,"[2, 5, 10, 13, 16, 17]","[0, 1, 3, 4, 6, 7, 8, 9, 11, 12, 14, 15]",6,12,2,0.6957448676261402,0.25,0.3076923076923077,0.5,0.2222222222222222,0.24475524475524477,0.3125,0.2777777777777778,0.2777777777777778,0.3703703703703704,0.2512987831731648,0.25292048354943597,0.5825702548027039,0.825488269329071,0.12723112106323242,0.901986837387085,0.09801316261291504,0.8435509204864502,0.1564490795135498,0.6956422736926692,0.25,0.3076923076923077,0.5,0.2222222222222222,0.24475524475524477,0.3125,0.2777777777777778,0.2777777777777778,0.3703703703703704,0.25124749469893765,0.25290970504283905,0.5822746157646179,0.825488269329071,0.12723112106323242,0.901986837387085,0.09801316261291504,0.8435509204864502,0.1564490795135498,0.0,0.0,0.0,0.0,0.0,-0.0002956390380859375,0.0,0.0,0.0,0.0,0.0,-0.00010259393347100687,0.0,0.0,-1.0778506596920145e-05,0.0,0.0,-5.1288474227140224e-05,0.0
13,6,3,"[0, 3, 4, 6, 8, 11]","[1, 2, 5, 7, 9, 10, 12, 13, 14, 15, 16, 17]",6,12,2,0.6954516721817928,0.25,0.3076923076923077,0.5,0.2222222222222222,0.24475524475524477,0.3125,0.2777777777777778,0.2777777777777778,0.3703703703703704,0.25115223467686504,0.25273083647092187,0.5779718160629272,0.8355226516723633,0.11871880292892456,0.9079100489616394,0.0920899510383606,0.8546523451805115,0.14534765481948853,0.6953763139793186,0.25,0.3076923076923077,0.5,0.2222222222222222,0.24475524475524477,0.3125,0.2777777777777778,0.2777777777777778,0.3703703703703704,0.2511145587322912,0.2526717483997345,0.5777415037155151,0.8355226516723633,0.11871880292892456,0.9079100489616394,0.0920899510383606,0.8546523451805115,0.14534765481948853,0.0,0.0,0.0,0.0,0.0,-0.00023031234741210938,0.0,0.0,0.0,0.0,0.0,-7.535820247417391e-05,0.0,0.0,-5.908807118737425e-05,0.0,0.0,-3.767594457382284e-05,0.0
13,9,1,"[1, 2, 3, 4, 5, 6, 7, 9, 14]","[0, 8, 10, 11, 12, 13, 15, 16, 17]",9,9,2,0.6954857576298183,0.1111111111111111,0.0,0.0,0.0,0.1,0.07142857142857142,0.16666666666666666,0.16666666666666666,0.27777777777777785,0.2511692728515884,0.39082938432693487,0.6126806139945984,0.8320239186286926,0.12181824445724487,0.9056116938591003,0.09438830614089966,0.8507518172264099,0.1492481827735901,0.695406113680391,0.1111111111111111,0.0,0.0,0.0,0.1,0.07142857142857142,0.16666666666666666,0.16666666666666666,0.27777777777777785,0.25112945767914585,0.39076926310857135,0.6128221154212952,0.8320239186286926,0.12181824445724487,0.9056116938591003,0.09438830614089966,0.8507518172264099,0.1492481827735901,0.0,0.0,0.0,0.0,0.0,0.00014150142669677734,0.0,0.0,0.0,0.0,0.0,-7.964394942738817e-05,0.0,0.0,-6.0121218363518025e-05,0.0,0.0,-3.981517244255883e-05,0.0
13,9,2,"[0, 8, 10, 11, 12, 13, 15, 16, 17]","[1, 2, 3, 4, 5, 6, 7, 9, 14]",9,9,2,0.6952740729480658,0.4444444444444444,0.5454545454545454,0.75,0.42857142857142855,0.41558441558441556,0.475,0.4642857142857143,0.4642857142857143,0.4285714285714286,0.25106336995442763,0.05891611840989852,0.6272760033607483,0.8282583355903625,0.12453186511993408,0.9043679237365723,0.09563213586807251,0.8465685248374939,0.15343153476715088,0.6951627542409046,0.4444444444444444,0.5454545454545454,0.75,0.42857142857142855,0.41558441558441556,0.475,0.4642857142857143,0.4642857142857143,0.4285714285714286,0.2510077107402493,0.058883726596832275,0.6257101893424988,0.8282583355903625,0.12453186511993408,0.9043679237365723,0.09563213586807251,0.8465685248374939,0.15343153476715088,0.0,0.0,0.0,0.0,0.0,-0.0015658140182495117,0.0,0.0,0.0,0.0,0.0,-0.00011131870716118986,0.0,0.0,-3.2391813066245945e-05,0.0,0.0,-5.565921417832742e-05,0.0
13,12,1,"[0, 1, 2, 5, 6, 8, 12, 13, 14, 15, 16, 17]","[3, 4, 7, 9, 10, 11]",12,6,2,0.695294089521845,0.3333333333333333,0.3333333333333333,0.5,0.25,0.3333333333333333,0.375,0.375,0.375,0.5,0.25107335353823235,0.1707027753194173,0.6724934577941895,0.8393300175666809,0.11524695158004761,0.9088760614395142,0.09112399816513062,0.8606301546096802,0.1393699049949646,0.6952150670579051,0.3333333333333333,0.3333333333333333,0.5,0.25,0.3333333333333333,0.375,0.375,0.375,0.5,0.25103385421097907,0.1706057786941529,0.6715524792671204,0.8393300175666809,0.11524695158004761,0.9088760614395142,0.09112399816513062,0.8606301546096802,0.1393699049949646,0.0,0.0,0.0,0.0,0.0,-0.0009409785270690918,0.0,0.0,0.0,0.0,0.0,-7.902246393987067e-05,0.0,0.0,-9.699662526441166e-05,0.0,0.0,-3.949932725327843e-05,0.0
13,12,2,"[0, 1, 4, 7, 8, 9, 10, 11, 12, 14, 15, 16]","[2, 3, 5, 6, 13, 17]",12,6,2,0.6935703137429813,0.5,0.5714285714285714,0.6666666666666666,0.5,0.4857142857142857,0.5,0.5,0.5,0.625,0.2502115625238622,0.0018654465675354004,0.6863341331481934,0.8272774815559387,0.12517434358596802,0.904824435710907,0.09517550468444824,0.844826877117157,0.15517306327819824,0.6933045511485095,0.5,0.5714285714285714,0.6666666666666666,0.5,0.4857142857142857,0.5,0.5,0.5,0.625,0.2500786737618328,0.0018829206625620154,0.6865612864494324,0.8272774815559387,0.12517434358596802,0.904824435710907,0.09517550468444824,0.844826877117157,0.15517306327819824,0.0,0.0,0.0,0.0,0.0,0.00022715330123901367,0.0,0.0,0.0,0.0,0.0,-0.0002657625944717523,0.0,0.0,1.747409502661501e-05,0.0,0.0,-0.0001328887620293817,0.0
13,12,3,"[0, 1, 4, 5, 7, 8, 9, 10, 11, 12, 15, 16]","[2, 3, 6, 13, 14, 17]",12,6,2,0.6952756341560392,0.3333333333333333,0.3333333333333333,0.5,0.25,0.3333333333333333,0.375,0.375,0.375,0.375,0.25106420235386767,0.16918133695920307,0.6917555928230286,0.832403838634491,0.12072950601577759,0.9075914025306702,0.09240859746932983,0.8509497046470642,0.1490502953529358,0.6952048668278219,0.3333333333333333,0.3333333333333333,0.5,0.25,0.3333333333333333,0.375,0.375,0.375,0.375,0.25102882464434595,0.1691817243893941,0.6927320957183838,0.832403838634491,0.12072950601577759,0.9075914025306702,0.09240859746932983,0.8509497046470642,0.1490502953529358,0.0,0.0,0.0,0.0,0.0,0.0009765028953552246,0.0,0.0,0.0,0.0,0.0,-7.07673282173138e-05,0.0,0.0,3.8743019104003906e-07,0.0,0.0,-3.5377709521722256e-05,0.0
14,3,1,"[2, 3, 10]","[0, 1, 4, 5, 6, 7, 8, 9, 11, 12, 13, 14, 15, 16, 17]",3,15,2,0.6961875301696053,0.4,0.18181818181818182,0.25,0.14285714285714285,0.354066985645933,0.3522727272727273,0.3839285714285714,0.3839285714285714,0.21428571428571427,0.25152010629943256,0.10290224949518834,0.9860777854919434,0.7177199125289917,0.21110254526138306,0.843993067741394,0.15600693225860596,0.7338019013404846,0.2661980986595154,0.6962053422027028,0.4,0.18181818181818182,0.25,0.14285714285714285,0.354066985645933,0.3522727272727273,0.3839285714285714,0.3839285714285714,0.21428571428571427,0.2515290115393134,0.10293018817901611,0.5553571581840515,0.7177199125289917,0.21110254526138306,0.843993067741394,0.15600693225860596,0.7338019013404846,0.2661980986595154,0.0,0.0,0.0,0.0,0.0,-0.43072062730789185,0.0,0.0,0.0,0.0,0.0,1.7812033097475144e-05,0.0,0.0,2.793868382777731e-05,0.0,0.0,8.90523988084091e-06,0.0
14,3,2,"[9, 15, 16]","[0, 1, 2, 3, 4, 5, 6, 7, 8, 10, 11, 12, 13, 14, 17]",3,15,2,0.6968847524470624,0.3333333333333333,0.2857142857142857,0.3333333333333333,0.25,0.33035714285714285,0.3333333333333333,0.3392857142857143,0.3392857142857143,0.23214285714285715,0.25186870746423473,0.1696136196454366,0.5551797747612,0.7201363444328308,0.20987927913665771,0.8339617252349854,0.16603827476501465,0.7462797164916992,0.2537202835083008,0.6968910658901043,0.3333333333333333,0.2857142857142857,0.3333333333333333,0.25,0.33035714285714285,0.3333333333333333,0.3392857142857143,0.3392857142857143,0.23214285714285715,0.25187186568775066,0.16960386832555135,0.5552558898925781,0.7201363444328308,0.20987927913665771,0.8339617252349854,0.16603827476501465,0.7462797164916992,0.2537202835083008,0.0,0.0,0.0,0.0,0.0,7.611513137817383e-05,0.0,0.0,0.0,0.0,0.0,6.3134430419165e-06,0.0,0.0,-9.751319885231702e-06,0.0,0.0,3.158223515931091e-06,0.0
14,3,3,"[5, 11, 13]","[0, 1, 2, 3, 4, 6, 7, 8, 9, 10, 12, 14, 15, 16, 17]",3,15,2,0.6950432108911728,0.4666666666666667,0.3333333333333333,0.4,0.2857142857142857,0.4444444444444444,0.45,0.45535714285714285,0.45535714285714285,0.3392857142857143,0.25094798343663016,0.03570235570271807,0.552822470664978,0.7136534452438354,0.21518373489379883,0.8301571011543274,0.1698428988456726,0.739475429058075,0.26052457094192505,0.6949691286945308,0.4666666666666667,0.3333333333333333,0.4,0.2857142857142857,0.4444444444444444,0.45,0.45535714285714285,0.45535714285714285,0.3571428571428571,0.25091095795933815,0.03571840524673464,0.5527647733688354,0.7136534452438354,0.21518373489379883,0.8301571011543274,0.1698428988456726,0.739475429058075,0.26052457094192505,0.017857142857142794,0.0,0.0,0.0,0.0,-5.7697296142578125e-05,0.0,0.0,0.0,0.0,0.0,-7.408219664206683e-05,0.0,0.0,1.6049544016571993e-05,0.0,0.0,-3.702547729200756e-05,0.0
14,3,4,"[6, 12, 17]","[0, 1, 2, 3, 4, 5, 7, 8, 9, 10, 11, 13, 14, 15, 16]",3,15,2,0.6961491314926239,0.4,0.18181818181818182,0.25,0.14285714285714285,0.354066985645933,0.3522727272727273,0.3839285714285714,0.3839285714285714,0.26785714285714285,0.2515009029590209,0.10276609659194946,0.5504782199859619,0.7151526808738708,0.21408838033676147,0.8298278450965881,0.1701720952987671,0.7419953346252441,0.2580046057701111,0.696180108668477,0.4,0.18181818181818182,0.25,0.14285714285714285,0.354066985645933,0.3522727272727273,0.3839285714285714,0.3839285714285714,0.26785714285714285,0.2515163868269304,0.10279136101404829,0.5506910085678101,0.7151526808738708,0.21408838033676147,0.8298278450965881,0.1701720952987671,0.7419953346252441,0.2580046057701111,0.0,0.0,0.0,0.0,0.0,0.00021278858184814453,0.0,0.0,0.0,0.0,0.0,3.097717585309745e-05,0.0,0.0,2.526442209882518e-05,0.0,0.0,1.5483867909504845e-05,0.0
14,3,5,"[4, 7, 8]","[0, 1, 2, 3, 5, 6, 9, 10, 11, 12, 13, 14, 15, 16, 17]",3,15,2,0.6969136927243549,0.3333333333333333,0.2857142857142857,0.3333333333333333,0.25,0.33035714285714285,0.3333333333333333,0.3392857142857143,0.3392857142857143,0.19642857142857142,0.251883183815096,0.16930283308029176,0.545872151851654,0.7095514535903931,0.21835201978683472,0.8369991183280945,0.16300088167190552,0.7262968420982361,0.2737031579017639,0.6969172843961916,0.3333333333333333,0.2857142857142857,0.3333333333333333,0.25,0.33035714285714285,0.3333333333333333,0.3392857142857143,0.3392857142857143,0.19642857142857142,0.2518849733768996,0.16930776039759315,0.5457557439804077,0.7095514535903931,0.21835201978683472,0.8369991183280945,0.16300088167190552,0.7262968420982361,0.2737031579017639,0.0,0.0,0.0,0.0,0.0,-0.00011640787124633789,0.0,0.0,0.0,0.0,0.0,3.5916718367223766e-06,0.0,0.0,4.927317301395284e-06,0.0,0.0,1.7895618035779215e-06,0.0
14,3,6,"[0, 1, 14]","[2, 3, 4, 5, 6, 7, 8, 9, 10, 11, 12, 13, 15, 16, 17]",3,15,2,0.6965376098581904,0.4,0.3076923076923077,0.4,0.25,0.3891402714932127,0.4,0.4107142857142857,0.4107142857142857,0.2678571428571429,0.25169514023672673,0.10287366708119705,0.5485448837280273,0.7290160059928894,0.20201390981674194,0.8590508103370667,0.14094918966293335,0.7369213700294495,0.26307862997055054,0.6965115783189606,0.4,0.3076923076923077,0.4,0.25,0.3891402714932127,0.4,0.4107142857142857,0.4107142857142857,0.25,0.2516821215081545,0.10289479891459141,0.5478639602661133,0.7290160059928894,0.20201390981674194,0.8590508103370667,0.14094918966293335,0.7369213700294495,0.26307862997055054,-0.017857142857142905,0.0,0.0,0.0,0.0,-0.0006809234619140625,0.0,0.0,0.0,0.0,0.0,-2.6031539229753875e-05,0.0,0.0,2.1131833394361088e-05,0.0,0.0,-1.301872857223385e-05,0.0
14,6,1,"[0, 5, 9, 11, 13, 14]","[1, 2, 3, 4, 6, 7, 8, 10, 12, 15, 16, 17]",6,12,2,0.6948364397669766,0.5,0.4,0.5,0.3333333333333333,0.4857142857142857,0.5,0.5,0.5,0.38888888888888884,0.25084459949266197,0.002535368005434635,0.5656275749206543,0.7228928804397583,0.20813190937042236,0.8383866548538208,0.1616133451461792,0.7453495860099792,0.25465041399002075,0.694868287280766,0.5,0.4,0.5,0.3333333333333333,0.4857142857142857,0.5,0.5,0.5,0.38888888888888884,0.2508605303307721,0.0025202035903930664,0.5653647184371948,0.7228928804397583,0.20813190937042236,0.8383866548538208,0.1616133451461792,0.7453495860099792,0.25465041399002075,0.0,0.0,0.0,0.0,0.0,-0.00026285648345947266,0.0,0.0,0.0,0.0,0.0,3.184751378937367e-05,0.0,0.0,-1.5164415041568624e-05,0.0,0.0,1.5930838110134182e-05,0.0
14,6,2,"[3, 6, 8, 10, 12, 16]","[0, 1, 2, 4, 5, 7, 9, 11, 13, 14, 15, 17]",6,12,2,0.6974926083586853,0.3333333333333333,0.2,0.25,0.16666666666666666,0.3142857142857143,0.3125,0.3333333333333333,0.3333333333333333,0.1111111111111111,0.25217262288225967,0.16942945122718817,0.5718430876731873,0.710219144821167,0.21828573942184448,0.8269841074943542,0.17301589250564575,0.736444354057312,0.263555645942688,0.6974717507890192,0.3333333333333333,0.2,0.25,0.16666666666666666,0.3142857142857143,0.3125,0.3333333333333333,0.3333333333333333,0.1111111111111111,0.2521622028925312,0.16943649947643286,0.572256863117218,0.710219144821167,0.21828573942184448,0.8269841074943542,0.17301589250564575,0.736444354057312,0.263555645942688,0.0,0.0,0.0,0.0,0.0,0.0004137754440307617,0.0,0.0,0.0,0.0,0.0,-2.0857569666077325e-05,0.0,0.0,7.048249244689941e-06,0.0,0.0,-1.0419989728449597e-05,0.0
14,6,3,"[1, 2, 4, 7, 15, 17]","[0, 3, 5, 6, 8, 9, 10, 11, 12, 13, 14, 16]",6,12,2,0.6965289156658424,0.3333333333333333,0.2,0.25,0.16666666666666666,0.3142857142857143,0.3125,0.3333333333333333,0.3333333333333333,0.2777777777777778,0.2516907897306489,0.16961559156576794,0.5536932349205017,0.7194927334785461,0.2089015245437622,0.8516240119934082,0.14837604761123657,0.7305731177330017,0.26942694187164307,0.6965074212394641,0.3333333333333333,0.2,0.25,0.16666666666666666,0.3142857142857143,0.3125,0.3333333333333333,0.3333333333333333,0.2777777777777778,0.2516800483582591,0.16958891848723096,0.5535823106765747,0.7194927334785461,0.2089015245437622,0.8516240119934082,0.14837604761123657,0.7305731177330017,0.26942694187164307,0.0,0.0,0.0,0.0,0.0,-0.00011092424392700195,0.0,0.0,0.0,0.0,0.0,-2.149442637833232e-05,0.0,0.0,-2.6673078536987305e-05,0.0,0.0,-1.074137238982198e-05,0.0
14,9,1,"[0, 1, 5, 7, 8, 10, 12, 16, 17]","[2, 3, 4, 6, 9, 11, 13, 14, 15]",9,9,2,0.6976700155116716,0.4444444444444444,0.4444444444444444,0.4,0.5,0.4444444444444444,0.45,0.45,0.45,0.2,0.25226130853660045,0.05846227539910209,0.5862695574760437,0.73014235496521,0.20142245292663574,0.8569643497467041,0.1430356502532959,0.7401906847953796,0.25980931520462036,0.697700620826117,0.4444444444444444,0.4444444444444444,0.4,0.5,0.4444444444444444,0.45,0.45,0.45,0.2,0.25227661697091386,0.058449043167961956,0.5865814685821533,0.73014235496521,0.20142245292663574,0.8569643497467041,0.1430356502532959,0.7401906847953796,0.25980931520462036,0.0,0.0,0.0,0.0,0.0,0.00031191110610961914,0.0,0.0,0.0,0.0,0.0,3.060531444532e-05,0.0,0.0,-1.3232231140136719e-05,0.0,0.0,1.5308434313410224e-05,0.0
14,9,2,"[2, 3, 4, 6, 9, 11, 13, 14, 15]","[0, 1, 5, 7, 8, 10, 12, 16, 17]",9,9,2,0.6949019070862126,0.3333333333333333,0.0,0.0,0.0,0.25,0.1875,0.375,0.375,0.44999999999999996,0.25087733641746407,0.16925800508923,0.5963231921195984,0.7049274444580078,0.22212350368499756,0.8210322856903076,0.17896771430969238,0.7347205877304077,0.2652794122695923,0.6949253925874878,0.3333333333333333,0.0,0.0,0.0,0.25,0.1875,0.375,0.375,0.44999999999999996,0.2508890900812848,0.16934037208557134,0.5959832668304443,0.7049274444580078,0.22212350368499756,0.8210322856903076,0.17896771430969238,0.7347205877304077,0.2652794122695923,0.0,0.0,0.0,0.0,0.0,-0.00033992528915405273,0.0,0.0,0.0,0.0,0.0,2.348550127517779e-05,0.0,0.0,8.236699634134315e-05,0.0,0.0,1.1753663820723848e-05,0.0
14,12,1,"[0, 1, 2, 6, 8, 9, 11, 12, 13, 15, 16, 17]","[3, 4, 5, 7, 10, 14]",12,6,2,0.6981211217002207,0.16666666666666666,0.0,0.0,0.0,0.14285714285714285,0.125,0.16666666666666666,0.16666666666666666,0.11111111111111112,0.2524869057813806,0.3361566563447317,0.6642289757728577,0.7521605491638184,0.1801343560218811,0.8895768523216248,0.11042314767837524,0.7501543760299683,0.24984562397003174,0.6983025131514822,0.16666666666666666,0.0,0.0,0.0,0.14285714285714285,0.125,0.16666666666666666,0.16666666666666666,0.11111111111111112,0.25257761131376616,0.33630328377087915,0.6641408801078796,0.7521605491638184,0.1801343560218811,0.8895768523216248,0.11042314767837524,0.7501543760299683,0.24984562397003174,0.0,0.0,0.0,0.0,0.0,-8.809566497802734e-05,0.0,0.0,0.0,0.0,0.0,0.00018139145126150336,0.0,0.0,0.00014662742614746094,0.0,0.0,9.070553238554879e-05,0.0
14,12,2,"[0, 3, 4, 6, 9, 10, 11, 12, 13, 15, 16, 17]","[1, 2, 5, 7, 8, 14]",12,6,2,0.6945713345982387,0.5,0.4,0.5,0.3333333333333333,0.4857142857142857,0.5,0.5,0.5,0.33333333333333337,0.2507120445593219,0.002702683210372925,0.661212146282196,0.7229596376419067,0.21170932054519653,0.7933753728866577,0.20662462711334229,0.7832059264183044,0.21679407358169556,0.6946772142779283,0.5,0.4,0.5,0.3333333333333333,0.4857142857142857,0.5,0.5,0.5,0.33333333333333337,0.2507649707644955,0.0027966698010762903,0.6612937450408936,0.7229596376419067,0.21170932054519653,0.7933753728866577,0.20662462711334229,0.7832059264183044,0.21679407358169556,0.0,0.0,0.0,0.0,0.0,8.159875869750977e-05,0.0,0.0,0.0,0.0,0.0,0.0001058796796895578,0.0,0.0,9.398659070336546e-05,0.0,0.0,5.292620517360902e-05,0.0
14,12,3,"[0, 1, 3, 5, 6, 7, 8, 9, 12, 14, 15, 16]","[2, 4, 10, 11, 13, 17]",12,6,2,0.6981083155558386,0.3333333333333333,0.3333333333333333,0.3333333333333333,0.3333333333333333,0.3333333333333333,0.3333333333333333,0.3333333333333333,0.3333333333333333,0.22222222222222224,0.2524804463251633,0.16956689953804022,0.6385221481323242,0.7134594917297363,0.21644681692123413,0.8471153974533081,0.1528846025466919,0.7199910283088684,0.2800089716911316,0.6981664141511829,0.3333333333333333,0.3333333333333333,0.3333333333333333,0.3333333333333333,0.3333333333333333,0.3333333333333333,0.3333333333333333,0.3333333333333333,0.22222222222222224,0.25250948050388083,0.16958844661712652,0.6382420063018799,0.7134594917297363,0.21644681692123413,0.8471153974533081,0.1528846025466919,0.7199910283088684,0.2800089716911316,0.0,0.0,0.0,0.0,0.0,-0.00028014183044433594,0.0,0.0,0.0,0.0,0.0,5.809859534422479e-05,0.0,0.0,2.154707908630371e-05,0.0,0.0,2.9034178717524117e-05,0.0
15,3,1,"[4, 6, 14]","[0, 1, 2, 3, 5, 7, 8, 9, 10, 11, 12, 13, 15, 16, 17]",3,15,2,0.6917448803259643,0.6,0.4,0.5,0.3333333333333333,0.55,0.5681818181818181,0.5555555555555556,0.5555555555555556,0.6666666666666667,0.24929885237392427,0.09768482049306226,1.0738524198532104,0.7826812267303467,0.16880863904953003,0.8881778120994568,0.11182212829589844,0.7742047309875488,0.22579514980316162,0.6917916953851224,0.6,0.4,0.5,0.3333333333333333,0.55,0.5681818181818181,0.5555555555555556,0.5555555555555556,0.6666666666666667,0.2493222540715178,0.09772191445032752,0.6041355133056641,0.7826812267303467,0.16880863904953003,0.8881778120994568,0.11182212829589844,0.7742047309875488,0.22579514980316162,0.0,0.0,0.0,0.0,0.0,-0.4697169065475464,0.0,0.0,0.0,0.0,0.0,4.68150591581562e-05,0.0,0.0,3.7093957265255106e-05,0.0,0.0,2.3401697593544712e-05,0.0
15,3,2,"[0, 11, 16]","[1, 2, 3, 4, 5, 6, 7, 8, 9, 10, 12, 13, 14, 15, 17]",3,15,2,0.6911171967821346,0.6,0.4,0.5,0.3333333333333333,0.55,0.5681818181818181,0.5555555555555556,0.5555555555555556,0.6851851851851852,0.24898503130688543,0.09741243124008181,0.6044637560844421,0.7829001545906067,0.16899555921554565,0.887247622013092,0.11275225877761841,0.7747610807418823,0.2252388596534729,0.6911126413705545,0.6666666666666666,0.5454545454545454,0.6,0.5,0.6411483253588517,0.6499999999999999,0.6388888888888888,0.6388888888888888,0.6851851851851852,0.24898275496983657,0.16401764154434195,0.6047096252441406,0.7829001545906067,0.16899555921554565,0.887247622013092,0.11275225877761841,0.7747610807418823,0.2252388596534729,0.0,0.08333333333333326,0.0,0.08181818181818179,0.0,0.00024586915969848633,0.06666666666666665,0.09999999999999998,0.0,0.0,0.16666666666666669,-4.555411580065005e-06,0.0,0.1454545454545454,0.06660521030426014,0.0,0.09114832535885165,-2.276337048856547e-06,0.08333333333333326
15,3,3,"[1, 5, 12]","[0, 2, 3, 4, 6, 7, 8, 9, 10, 11, 13, 14, 15, 16, 17]",3,15,2,0.6896960148240684,0.6666666666666666,0.5454545454545454,0.6,0.5,0.6411483253588517,0.6499999999999999,0.6388888888888888,0.6388888888888888,0.7592592592592593,0.24827447660898266,0.16412899096806843,0.5946444869041443,0.7798923850059509,0.17163991928100586,0.8857738375663757,0.11422610282897949,0.770946204662323,0.22905367612838745,0.6897261037093524,0.6666666666666666,0.5454545454545454,0.6,0.5,0.6411483253588517,0.6499999999999999,0.6388888888888888,0.6388888888888888,0.7777777777777778,0.24828951116574238,0.16413127978642783,0.594703733921051,0.7798923850059509,0.17163991928100586,0.8857738375663757,0.11422610282897949,0.770946204662323,0.22905367612838745,0.01851851851851849,0.0,0.0,0.0,0.0,5.924701690673828e-05,0.0,0.0,0.0,0.0,0.0,3.0088885283996447e-05,0.0,0.0,2.2888183593972045e-06,0.0,0.0,1.5034556759718765e-05,0.0
15,3,4,"[7, 15, 17]","[0, 1, 2, 3, 4, 5, 6, 8, 9, 10, 11, 12, 13, 14, 16]",3,15,2,0.6914203252028341,0.5333333333333333,0.36363636363636365,0.4,0.3333333333333333,0.49760765550239233,0.5,0.5,0.5,0.6481481481481481,0.24913659976026956,0.03070277770360308,0.6049091219902039,0.7856146097183228,0.16671037673950195,0.8879779577255249,0.1120220422744751,0.7786012887954712,0.2213987112045288,0.6913327538054633,0.5333333333333333,0.36363636363636365,0.4,0.3333333333333333,0.49760765550239233,0.5,0.5,0.5,0.6481481481481481,0.24909281916694795,0.03065258264541626,0.604716956615448,0.7856146097183228,0.16671037673950195,0.8879779577255249,0.1120220422744751,0.7786012887954712,0.2213987112045288,0.0,0.0,0.0,0.0,0.0,-0.00019216537475585938,0.0,0.0,0.0,0.0,0.0,-8.757139737081143e-05,0.0,0.0,-5.019505818681935e-05,0.0,0.0,-4.378059332160733e-05,0.0
15,3,5,"[3, 8, 10]","[0, 1, 2, 4, 5, 6, 7, 9, 11, 12, 13, 14, 15, 16, 17]",3,15,2,0.6917309868261248,0.6,0.5,0.5,0.5,0.5833333333333333,0.5833333333333333,0.5833333333333333,0.5833333333333333,0.6296296296296297,0.24929191039576287,0.09753000736236572,0.6042341589927673,0.7823251485824585,0.1694914698600769,0.8871147632598877,0.11288517713546753,0.773902177810669,0.22609776258468628,0.6918163649109029,0.6,0.5,0.5,0.5,0.5833333333333333,0.5833333333333333,0.5833333333333333,0.5833333333333333,0.6481481481481483,0.24933459787044382,0.09753415981928504,0.6040216088294983,0.7823251485824585,0.1694914698600769,0.8871147632598877,0.11288517713546753,0.773902177810669,0.22609776258468628,0.0185185185185186,0.0,0.0,0.0,0.0,-0.00021255016326904297,0.0,0.0,0.0,0.0,0.0,8.537808477815378e-05,0.0,0.0,4.152456919315206e-06,0.0,0.0,4.268747468094691e-05,0.0
15,3,6,"[2, 9, 13]","[0, 1, 3, 4, 5, 6, 7, 8, 10, 11, 12, 14, 15, 16, 17]",3,15,2,0.6904617448967619,0.6666666666666666,0.5454545454545454,0.5,0.6,0.6411483253588517,0.6388888888888888,0.6499999999999999,0.6499999999999999,0.7799999999999999,0.24865731593813092,0.16401119629542027,0.6025599241256714,0.7847145795822144,0.16703593730926514,0.8907933235168457,0.10920655727386475,0.7751346826553345,0.22486519813537598,0.690670290002957,0.6666666666666666,0.6153846153846154,0.5,0.8,0.660633484162896,0.6785714285714286,0.7,0.7,0.76,0.2487615659073797,0.16405761241912842,0.6029345989227295,0.7847145795822144,0.16703593730926514,0.8907933235168457,0.10920655727386475,0.7751346826553345,0.22486519813537598,-0.019999999999999907,0.050000000000000044,0.0,0.039682539682539764,0.0,0.00037467479705810547,0.0,0.0,0.0,0.0,0.20000000000000007,0.00020854510619505717,0.0,0.06993006993007,4.6416123708148405e-05,0.0,0.019485158804044334,0.00010424996924876528,0.050000000000000044
15,6,1,"[4, 7, 8, 10, 11, 16]","[0, 1, 2, 3, 5, 6, 9, 12, 13, 14, 15, 17]",6,12,2,0.6921496960739261,0.5833333333333334,0.4444444444444444,0.5,0.4,0.5555555555555556,0.5625,0.5571428571428572,0.5571428571428572,0.6000000000000001,0.24950124872083404,0.08082252740859985,0.6258459091186523,0.7833598852157593,0.1685342788696289,0.8865047097206116,0.11349517107009888,0.7764264941215515,0.2235734462738037,0.6921568926804582,0.5833333333333334,0.4444444444444444,0.5,0.4,0.5555555555555556,0.5625,0.5571428571428572,0.5571428571428572,0.6000000000000001,0.24950485596750815,0.08080079654852557,0.6263167262077332,0.7833598852157593,0.1685342788696289,0.8865047097206116,0.11349517107009888,0.7764264941215515,0.2235734462738037,0.0,0.0,0.0,0.0,0.0,0.00047081708908081055,0.0,0.0,0.0,0.0,0.0,7.1966065321449335e-06,0.0,0.0,-2.173086007428715e-05,0.0,0.0,3.607246674114384e-06,0.0
15,6,2,"[0, 2, 9, 13, 14, 15]","[1, 3, 4, 5, 6, 7, 8, 10, 11, 12, 16, 17]",6,12,2,0.6902992408568012,0.6666666666666666,0.5,0.5,0.5,0.625,0.625,0.625,0.625,0.8125,0.24857606742879682,0.163845603664716,0.6285392642021179,0.7869187593460083,0.16515594720840454,0.8925662040710449,0.1074337363243103,0.7771217823028564,0.22287815809249878,0.6903990599678025,0.75,0.6666666666666666,0.6,0.75,0.7333333333333334,0.7285714285714285,0.75,0.75,0.78125,0.24862595491242404,0.2471999774376551,0.6288108229637146,0.7869187593460083,0.16515594720840454,0.8925662040710449,0.1074337363243103,0.7771217823028564,0.22287815809249878,-0.03125,0.125,0.0,0.10357142857142854,0.0,0.0002715587615966797,0.08333333333333337,0.09999999999999998,0.0,0.0,0.25,9.981911100132024e-05,0.0,0.16666666666666663,0.08335437377293908,0.0,0.10833333333333339,4.9887483627220064e-05,0.125
15,6,3,"[1, 3, 5, 6, 12, 17]","[0, 2, 4, 7, 8, 9, 10, 11, 13, 14, 15, 16]",6,12,2,0.6906366374982168,0.5833333333333334,0.4444444444444444,0.5,0.4,0.5555555555555556,0.5625,0.5571428571428572,0.5571428571428572,0.6857142857142857,0.248744777042347,0.08106698095798492,0.5987798571586609,0.7787855267524719,0.17265039682388306,0.884471595287323,0.11552834510803223,0.7702274918556213,0.2297724485397339,0.6906466038554896,0.5833333333333334,0.4444444444444444,0.5,0.4,0.5555555555555556,0.5625,0.5571428571428572,0.5571428571428572,0.6857142857142857,0.2487497516467514,0.08106419444084167,0.5986112952232361,0.7787855267524719,0.17265039682388306,0.884471595287323,0.11552834510803223,0.7702274918556213,0.2297724485397339,0.0,0.0,0.0,0.0,0.0,-0.0001685619354248047,0.0,0.0,0.0,0.0,0.0,9.966357272794824e-06,0.0,0.0,-2.7865171432495117e-06,0.0,0.0,4.974604404406335e-06,0.0
15,9,1,"[2, 3, 5, 8, 12, 13, 14, 16, 17]","[0, 1, 4, 6, 7, 9, 10, 11, 15]",9,9,2,0.6915669314444909,0.5555555555555556,0.6,0.5,0.75,0.55,0.5833333333333333,0.575,0.575,0.6,0.2492098854834349,0.052651266256968254,0.6369895339012146,0.780905544757843,0.17105025053024292,0.883981466293335,0.11601847410202026,0.7739177942276001,0.22608214616775513,0.6915214694836184,0.5555555555555556,0.6,0.5,0.75,0.55,0.5833333333333333,0.575,0.575,0.6,0.24918715687086468,0.052658120791117424,0.6359103322029114,0.780905544757843,0.17105025053024292,0.883981466293335,0.11601847410202026,0.7739177942276001,0.22608214616775513,0.0,0.0,0.0,0.0,0.0,-0.0010792016983032227,0.0,0.0,0.0,0.0,0.0,-4.546196087251708e-05,0.0,0.0,6.854534149169922e-06,0.0,0.0,-2.272861257021641e-05,0.0
15,9,2,"[0, 1, 4, 6, 7, 9, 10, 11, 15]","[2, 3, 5, 8, 12, 13, 14, 16, 17]",9,9,2,0.6904900249229237,0.6666666666666666,0.0,0.0,0.0,0.4,0.3333333333333333,0.5,0.5,0.7222222222222222,0.24867145013019837,0.16450545522901738,0.6696575284004211,0.7851372957229614,0.16651010513305664,0.8917135000228882,0.10828638076782227,0.7752661108970642,0.22473382949829102,0.6904601229838193,0.6666666666666666,0.0,0.0,0.0,0.4,0.3333333333333333,0.5,0.5,0.7222222222222222,0.24865652160412033,0.16443799601660836,0.6680945754051208,0.7851372957229614,0.16651010513305664,0.8917135000228882,0.10828638076782227,0.7752661108970642,0.22473382949829102,0.0,0.0,0.0,0.0,0.0,-0.001562952995300293,0.0,0.0,0.0,0.0,0.0,-2.9901939104348685e-05,0.0,0.0,-6.745921240902675e-05,0.0,0.0,-1.4928526078039628e-05,0.0
15,12,1,"[1, 3, 4, 5, 6, 8, 11, 12, 13, 15, 16, 17]","[0, 2, 7, 9, 10, 14]",12,6,2,0.6908793847805437,0.5,0.0,0.0,0.0,0.3333333333333333,0.3,0.375,0.375,0.75,0.2488661197905538,0.0017985900243123742,0.7385035753250122,0.7827003598213196,0.17029666900634766,0.8810054659843445,0.11899447441101074,0.7784009575843811,0.22159898281097412,0.6908427514437562,0.5,0.0,0.0,0.0,0.3333333333333333,0.3,0.375,0.375,0.75,0.24884780024521502,0.001888046662012699,0.7346448302268982,0.7827003598213196,0.17029666900634766,0.8810054659843445,0.11899447441101074,0.7784009575843811,0.22159898281097412,0.0,0.0,0.0,0.0,0.0,-0.0038587450981140137,0.0,0.0,0.0,0.0,0.0,-3.663333678749492e-05,0.0,0.0,8.945663770032475e-05,0.0,0.0,-1.8319545338790766e-05,0.0
15,12,2,"[0, 1, 2, 5, 6, 7, 9, 11, 12, 15, 16, 17]","[3, 4, 8, 10, 13, 14]",12,6,2,0.6904841267652669,0.5,0.0,0.0,0.0,0.3333333333333333,0.3,0.375,0.375,0.625,0.24866853132854091,0.0026986201604207727,0.7260408401489258,0.7846612930297852,0.1673244833946228,0.8896629214286804,0.1103370189666748,0.7756880521774292,0.22431188821792603,0.6903887631596376,0.5,0.0,0.0,0.0,0.3333333333333333,0.3,0.375,0.375,0.625,0.24862086355429933,0.0028397242228189734,0.7224791049957275,0.7846612930297852,0.1673244833946228,0.8896629214286804,0.1103370189666748,0.7756880521774292,0.22431188821792603,0.0,0.0,0.0,0.0,0.0,-0.003561735153198242,0.0,0.0,0.0,0.0,0.0,-9.536360562933943e-05,0.0,0.0,0.00014110406239820072,0.0,0.0,-4.7667774241588745e-05,0.0
15,12,3,"[1, 2, 5, 6, 7, 9, 11, 12, 13, 14, 16, 17]","[0, 3, 4, 8, 10, 15]",12,6,2,0.6908881774594889,0.5,0.4,0.3333333333333333,0.5,0.4857142857142857,0.5,0.5,0.5,0.5,0.2488705463620522,0.002007534106572506,0.7383970022201538,0.7861138582229614,0.1652698516845703,0.8926196098327637,0.10738033056259155,0.7768405675888062,0.22315937280654907,0.6910035899383749,0.5,0.4,0.3333333333333333,0.5,0.4857142857142857,0.5,0.5,0.5,0.5,0.2489282684981234,0.002037753661473629,0.7347434163093567,0.7861138582229614,0.1652698516845703,0.8926196098327637,0.10738033056259155,0.7768405675888062,0.22315937280654907,0.0,0.0,0.0,0.0,0.0,-0.003653585910797119,0.0,0.0,0.0,0.0,0.0,0.00011541247888591233,0.0,0.0,3.0219554901123047e-05,0.0,0.0,5.77221360712199e-05,0.0
16,3,1,"[2, 3, 16]","[0, 1, 4, 5, 6, 7, 8, 9, 10, 11, 12, 13, 14, 15, 17]",3,15,2,0.6935321592060864,0.5333333333333333,0.6666666666666666,0.5,1.0,0.4444444444444444,0.75,0.5625,0.5625,0.5892857142857142,0.250192432390745,0.028998720645904585,1.0142381191253662,0.7488526701927185,0.17389392852783203,0.8807193636894226,0.11928063631057739,0.7714927196502686,0.22850728034973145,0.6935854501652134,0.5333333333333333,0.6666666666666666,0.5,1.0,0.4444444444444444,0.75,0.5625,0.5625,0.5535714285714286,0.2502190709393614,0.028990507125854492,0.5646100640296936,0.7488526701927185,0.17389392852783203,0.8807193636894226,0.11928063631057739,0.7714927196502686,0.22850728034973145,-0.03571428571428559,0.0,0.0,0.0,0.0,-0.4496280550956726,0.0,0.0,0.0,0.0,0.0,5.3290959127094695e-05,0.0,0.0,-8.213520050093237e-06,0.0,0.0,2.6638548616397806e-05,0.0
16,3,2,"[1, 5, 17]","[0, 2, 3, 4, 6, 7, 8, 9, 10, 11, 12, 13, 14, 15, 16]",3,15,2,0.6934840279004303,0.5333333333333333,0.6666666666666666,0.5,1.0,0.4444444444444444,0.75,0.5625,0.5625,0.5357142857142857,0.2501683978119791,0.028224066893259625,0.5622157454490662,0.746057391166687,0.1760793924331665,0.8773494362831116,0.12265068292617798,0.770491898059845,0.2295081615447998,0.6934471499998296,0.5333333333333333,0.6666666666666666,0.5,1.0,0.4444444444444444,0.75,0.5625,0.5625,0.5535714285714286,0.25014996007656215,0.02820717891057334,0.5621219873428345,0.746057391166687,0.1760793924331665,0.8773494362831116,0.12265068292617798,0.770491898059845,0.2295081615447998,0.017857142857142905,0.0,0.0,0.0,0.0,-9.375810623168945e-05,0.0,0.0,0.0,0.0,0.0,-3.6877900600695845e-05,0.0,0.0,-1.6887982686286662e-05,0.0,0.0,-1.8437735416931833e-05,0.0
16,3,3,"[0, 7, 12]","[1, 2, 3, 4, 5, 6, 8, 9, 10, 11, 13, 14, 15, 16, 17]",3,15,2,0.6930856684727662,0.5333333333333333,0.6666666666666666,0.5,1.0,0.4444444444444444,0.75,0.5625,0.5625,0.5714285714285714,0.24996925385831925,0.028876082102457623,0.5606303215026855,0.7577082514762878,0.16614973545074463,0.8879544734954834,0.1120455265045166,0.7797461152076721,0.22025388479232788,0.6931034810785804,0.5333333333333333,0.6666666666666666,0.5,1.0,0.4444444444444444,0.75,0.5625,0.5625,0.5714285714285714,0.24997815214488478,0.028851421674092603,0.560897171497345,0.7577082514762878,0.16614973545074463,0.8879544734954834,0.1120455265045166,0.7797461152076721,0.22025388479232788,0.0,0.0,0.0,0.0,0.0,0.00026684999465942383,0.0,0.0,0.0,0.0,0.0,1.7812605814238047e-05,0.0,0.0,-2.4660428365019804e-05,0.0,0.0,8.89828656552849e-06,0.0
16,3,4,"[6, 11, 13]","[0, 1, 2, 3, 4, 5, 7, 8, 9, 10, 12, 14, 15, 16, 17]",3,15,2,0.6950153840717511,0.4666666666666667,0.6,0.42857142857142855,1.0,0.4,0.7142857142857143,0.5555555555555556,0.5555555555555556,0.5185185185185185,0.2509340202181813,0.038039012749989776,0.5641035437583923,0.7561162114143372,0.1678755283355713,0.882560133934021,0.117439866065979,0.7816888093948364,0.21831119060516357,0.695028173516712,0.4666666666666667,0.6,0.42857142857142855,1.0,0.4,0.7142857142857143,0.5555555555555556,0.5555555555555556,0.4444444444444444,0.2509404072141964,0.037997289498647,0.5638609528541565,0.7561162114143372,0.1678755283355713,0.882560133934021,0.117439866065979,0.7816888093948364,0.21831119060516357,-0.07407407407407407,0.0,0.0,0.0,0.0,-0.00024259090423583984,0.0,0.0,0.0,0.0,0.0,1.2789444960858987e-05,0.0,0.0,-4.172325134277344e-05,0.0,0.0,6.386996015128599e-06,0.0
16,3,5,"[8, 9, 14]","[0, 1, 2, 3, 4, 5, 6, 7, 10, 11, 12, 13, 15, 16, 17]",3,15,2,0.6931535733992426,0.4666666666666667,0.6363636363636364,0.4666666666666667,1.0,0.3181818181818182,0.23333333333333334,0.5,0.5,0.6428571428571428,0.2500032087669633,0.038291549682617165,0.5622531175613403,0.7530194520950317,0.17040598392486572,0.8815757036209106,0.11842429637908936,0.7776123285293579,0.2223876714706421,0.6930889870391554,0.4666666666666667,0.6363636363636364,0.4666666666666667,1.0,0.3181818181818182,0.23333333333333334,0.5,0.5,0.625,0.24997091725288836,0.03806869586308792,0.5620648860931396,0.7530194520950317,0.17040598392486572,0.8815757036209106,0.11842429637908936,0.7776123285293579,0.2223876714706421,-0.017857142857142794,0.0,0.0,0.0,0.0,-0.0001882314682006836,0.0,0.0,0.0,0.0,0.0,-6.458636008710439e-05,0.0,0.0,-0.0002228538195292451,0.0,0.0,-3.229151407493913e-05,0.0
16,3,6,"[4, 10, 15]","[0, 1, 2, 3, 5, 6, 7, 8, 9, 11, 12, 13, 14, 16, 17]",3,15,2,0.6935600631356643,0.4666666666666667,0.6,0.42857142857142855,1.0,0.4,0.7142857142857143,0.5555555555555556,0.5555555555555556,0.6666666666666667,0.2502064703960246,0.03782689571380615,0.5591208338737488,0.7411693334579468,0.18054568767547607,0.8738101720809937,0.1261899471282959,0.7650986909866333,0.23490136861801147,0.6935647655815096,0.4666666666666667,0.6,0.42857142857142855,1.0,0.4,0.7142857142857143,0.5555555555555556,0.5555555555555556,0.6666666666666667,0.2502088243957428,0.03781467278798423,0.5591721534729004,0.7411693334579468,0.18054568767547607,0.8738101720809937,0.1261899471282959,0.7650986909866333,0.23490136861801147,0.0,0.0,0.0,0.0,0.0,5.131959915161133e-05,0.0,0.0,0.0,0.0,0.0,4.702445845272685e-06,0.0,0.0,-1.2222925821925301e-05,0.0,0.0,2.3539997182076e-06,0.0
16,6,1,"[4, 8, 9, 11, 12, 14]","[0, 1, 2, 3, 5, 6, 7, 10, 13, 15, 16, 17]",6,12,2,0.693173482901499,0.4166666666666667,0.5882352941176471,0.4166666666666667,1.0,0.29411764705882354,0.20833333333333334,0.5,0.5,0.7428571428571429,0.25001321591368403,0.08801247179508204,0.5681595802307129,0.7598258256912231,0.16453677415847778,0.8829789161682129,0.11702102422714233,0.787947416305542,0.21205252408981323,0.6930286779999794,0.4166666666666667,0.5882352941176471,0.4166666666666667,1.0,0.29411764705882354,0.20833333333333334,0.5,0.5,0.7428571428571429,0.24994082561407036,0.08790430923302966,0.5676202178001404,0.7598258256912231,0.16453677415847778,0.8829789161682129,0.11702102422714233,0.787947416305542,0.21205252408981323,0.0,0.0,0.0,0.0,0.0,-0.0005393624305725098,0.0,0.0,0.0,0.0,0.0,-0.0001448049015196906,0.0,0.0,-0.00010816256205237185,0.0,0.0,-7.239029961367272e-05,0.0
16,6,2,"[0, 2, 3, 15, 16, 17]","[1, 4, 5, 6, 7, 8, 9, 10, 11, 12, 13, 14]",6,12,2,0.6924573271335316,0.5833333333333334,0.7058823529411765,0.5454545454545454,1.0,0.4957983193277311,0.7727272727272727,0.5833333333333334,0.5833333333333334,0.5833333333333334,0.24965506489779354,0.07900533080101013,0.5757616758346558,0.7281710505485535,0.19176286458969116,0.8710141181945801,0.12898582220077515,0.7454601526260376,0.2545397877693176,0.6924687749319332,0.5833333333333334,0.7058823529411765,0.5454545454545454,1.0,0.4957983193277311,0.7727272727272727,0.5833333333333334,0.5833333333333334,0.5555555555555556,0.24966078579960635,0.0790509432554245,0.5756256580352783,0.7281710505485535,0.19176286458969116,0.8710141181945801,0.12898582220077515,0.7454601526260376,0.2545397877693176,-0.02777777777777779,0.0,0.0,0.0,0.0,-0.0001360177993774414,0.0,0.0,0.0,0.0,0.0,1.1447798401564846e-05,0.0,0.0,4.5612454414367676e-05,0.0,0.0,5.720901812805712e-06,0.0
16,6,3,"[1, 5, 6, 7, 10, 13]","[0, 2, 3, 4, 8, 9, 11, 12, 14, 15, 16, 17]",6,12,2,0.6952846280579398,0.5,0.625,0.45454545454545453,1.0,0.4375,0.7272727272727273,0.5714285714285714,0.5714285714285714,0.4571428571428572,0.25106861090962873,0.005022153258323669,0.5719847679138184,0.7634595632553101,0.16117817163467407,0.887991726398468,0.11200827360153198,0.7896519899368286,0.2103480100631714,0.6952739144070276,0.5,0.625,0.45454545454545453,1.0,0.4375,0.7272727272727273,0.5714285714285714,0.5714285714285714,0.4571428571428572,0.251063267741307,0.005026717980702755,0.5715084671974182,0.7634595632553101,0.16117817163467407,0.887991726398468,0.11200827360153198,0.7896519899368286,0.2103480100631714,0.0,0.0,0.0,0.0,0.0,-0.0004763007164001465,0.0,0.0,0.0,0.0,0.0,-1.071365091220855e-05,0.0,0.0,4.564722379085673e-06,0.0,0.0,-5.3431683217364245e-06,0.0
16,9,1,"[0, 2, 3, 4, 5, 10, 11, 14, 16]","[1, 6, 7, 8, 9, 12, 13, 15, 17]",9,9,2,0.6913907460027392,0.5555555555555556,0.6666666666666666,0.5,1.0,0.5,0.75,0.6,0.6,0.8500000000000001,0.24912187765711863,0.05163215266333687,0.5918317437171936,0.7603363990783691,0.1639002561569214,0.8832605481147766,0.11673933267593384,0.7889387607574463,0.21106117963790894,0.691310527161443,0.5555555555555556,0.6666666666666666,0.5,1.0,0.5,0.75,0.6,0.6,0.8500000000000001,0.24908176317469552,0.051735301812489864,0.591120719909668,0.7603363990783691,0.1639002561569214,0.8832605481147766,0.11673933267593384,0.7889387607574463,0.21106117963790894,0.0,0.0,0.0,0.0,0.0,-0.0007110238075256348,0.0,0.0,0.0,0.0,0.0,-8.021884129616463e-05,0.0,0.0,0.00010314914915299234,0.0,0.0,-4.011448242310922e-05,0.0
16,9,2,"[1, 6, 7, 8, 9, 12, 13, 15, 17]","[0, 2, 3, 4, 5, 10, 11, 14, 16]",9,9,2,0.6958861993122736,0.4444444444444444,0.6153846153846154,0.4444444444444444,1.0,0.3076923076923077,0.2222222222222222,0.5,0.5,0.35,0.2513694001101763,0.06098501549826729,0.6076957583427429,0.740634560585022,0.1810849905014038,0.8780624866485596,0.12193751335144043,0.7597675323486328,0.2402324676513672,0.6958856409333161,0.4444444444444444,0.6153846153846154,0.4444444444444444,1.0,0.3076923076923077,0.2222222222222222,0.5,0.5,0.35,0.2513691221120939,0.060946073797014,0.6070219278335571,0.740634560585022,0.1810849905014038,0.8780624866485596,0.12193751335144043,0.7597675323486328,0.2402324676513672,0.0,0.0,0.0,0.0,0.0,-0.000673830509185791,0.0,0.0,0.0,0.0,0.0,-5.583789575158704e-07,0.0,0.0,-3.8941701253292216e-05,0.0,0.0,-2.7799808238748724e-07,0.0
16,12,1,"[0, 1, 2, 3, 5, 6, 8, 9, 12, 13, 15, 17]","[4, 7, 10, 11, 14, 16]",12,6,2,0.6954914343972947,0.5,0.6666666666666666,0.5,1.0,0.3333333333333333,0.25,0.5,0.5,0.33333333333333337,0.2511719610775997,0.004334499438603756,0.6570966243743896,0.7435668706893921,0.1777949333190918,0.881497859954834,0.11850208044052124,0.7629122734069824,0.2370876669883728,0.6955898414294029,0.5,0.6666666666666666,0.5,1.0,0.3333333333333333,0.25,0.5,0.5,0.22222222222222224,0.2512211690416759,0.0042742987473806116,0.6566794514656067,0.7435668706893921,0.1777949333190918,0.881497859954834,0.11850208044052124,0.7629122734069824,0.2370876669883728,-0.11111111111111113,0.0,0.0,0.0,0.0,-0.000417172908782959,0.0,0.0,0.0,0.0,0.0,9.840703210828305e-05,0.0,0.0,-6.020069122314453e-05,0.0,0.0,4.9207964076203314e-05,0.0
16,12,2,"[0, 1, 2, 3, 4, 6, 9, 10, 11, 13, 16, 17]","[5, 7, 8, 12, 14, 15]",12,6,2,0.6937068292278715,0.5,0.6666666666666666,0.5,1.0,0.3333333333333333,0.25,0.5,0.5,0.4444444444444445,0.2502797869725324,0.004005461931228638,0.6584289073944092,0.7651968002319336,0.15984398126602173,0.8879416584968567,0.11205828189849854,0.7923702597618103,0.20762968063354492,0.6936991525024191,0.5,0.6666666666666666,0.5,1.0,0.3333333333333333,0.25,0.5,0.5,0.4444444444444445,0.2502759630077301,0.003849854071935055,0.6577921509742737,0.7651968002319336,0.15984398126602173,0.8879416584968567,0.11205828189849854,0.7923702597618103,0.20762968063354492,0.0,0.0,0.0,0.0,0.0,-0.000636756420135498,0.0,0.0,0.0,0.0,0.0,-7.676725452432365e-06,0.0,0.0,-0.00015560785929358278,0.0,0.0,-3.823964802307511e-06,0.0
16,12,3,"[0, 5, 6, 7, 8, 9, 11, 12, 14, 15, 16, 17]","[1, 2, 3, 4, 10, 13]",12,6,2,0.6932765978698856,0.5,0.6666666666666666,0.5,1.0,0.3333333333333333,0.25,0.5,0.5,0.4444444444444445,0.25006468965783313,0.005502104759216309,0.6466869711875916,0.7320767641067505,0.18910306692123413,0.8736450672149658,0.1263548731803894,0.7481486797332764,0.25185126066207886,0.6932784311633812,0.5,0.6666666666666666,0.5,1.0,0.3333333333333333,0.25,0.5,0.5,0.4444444444444445,0.2500655975586413,0.005251516898473141,0.6458430886268616,0.7320767641067505,0.18910306692123413,0.8736450672149658,0.1263548731803894,0.7481486797332764,0.25185126066207886,0.0,0.0,0.0,0.0,0.0,-0.0008438825607299805,0.0,0.0,0.0,0.0,0.0,1.8332934955678226e-06,0.0,0.0,-0.00025058786074316775,0.0,0.0,9.079008081447348e-07,0.0
17,3,1,"[3, 11, 16]","[0, 1, 2, 4, 5, 6, 7, 8, 9, 10, 12, 13, 14, 15, 17]",3,15,2,0.6916522038734694,0.6666666666666666,0.6666666666666666,0.625,0.7142857142857143,0.6666666666666666,0.6696428571428572,0.6696428571428572,0.6696428571428572,0.6428571428571428,0.24925251782849156,0.16410367886225374,1.0009715557098389,0.7635501623153687,0.1682385802268982,0.8478958010673523,0.1521041989326477,0.8156270384788513,0.18437296152114868,0.6916556071754614,0.6666666666666666,0.6666666666666666,0.625,0.7142857142857143,0.6666666666666666,0.6696428571428572,0.6696428571428572,0.6696428571428572,0.625,0.24925420796622,0.16412747303644815,0.5429661870002747,0.7635501623153687,0.1682385802268982,0.8478958010673523,0.1521041989326477,0.8156270384788513,0.18437296152114868,-0.017857142857142794,0.0,0.0,0.0,0.0,-0.4580053687095642,0.0,0.0,0.0,0.0,0.0,3.4033019919998964e-06,0.0,0.0,2.379417419440255e-05,0.0,0.0,1.6901377284384012e-06,0.0
17,3,2,"[4, 15, 17]","[0, 1, 2, 3, 5, 6, 7, 8, 9, 10, 11, 12, 13, 14, 16]",3,15,2,0.6930012509187621,0.6,0.625,0.5555555555555556,0.7142857142857143,0.5982142857142857,0.6111111111111112,0.6071428571428572,0.6071428571428572,0.5178571428571428,0.24992702147300327,0.09753099679946897,0.5454359650611877,0.7628270387649536,0.16929686069488525,0.8442574739456177,0.15574252605438232,0.8171488642692566,0.1828511357307434,0.6930212007316217,0.6,0.625,0.5555555555555556,0.7142857142857143,0.5982142857142857,0.6111111111111112,0.6071428571428572,0.6071428571428572,0.5535714285714286,0.24993699070284106,0.09753717978795362,0.5455917716026306,0.7628270387649536,0.16929686069488525,0.8442574739456177,0.15574252605438232,0.8171488642692566,0.1828511357307434,0.03571428571428581,0.0,0.0,0.0,0.0,0.0001558065414428711,0.0,0.0,0.0,0.0,0.0,1.9949812859576532e-05,0.0,0.0,6.1829884846487104e-06,0.0,0.0,9.969229837786253e-06,0.0
17,3,3,"[0, 2, 7]","[1, 3, 4, 5, 6, 8, 9, 10, 11, 12, 13, 14, 15, 16, 17]",3,15,2,0.6937242646342178,0.5333333333333333,0.5333333333333333,0.4444444444444444,0.6666666666666666,0.5333333333333333,0.5555555555555556,0.5555555555555556,0.5555555555555556,0.46296296296296297,0.2502885247498913,0.030513457457224558,0.5561923980712891,0.7670368552207947,0.16521048545837402,0.8495669364929199,0.15043306350708008,0.820012092590332,0.17998790740966797,0.6937219334510881,0.5333333333333333,0.5333333333333333,0.4444444444444444,0.6666666666666666,0.5333333333333333,0.5555555555555556,0.5555555555555556,0.5555555555555556,0.4814814814814815,0.2502873382394045,0.030523836612701416,0.5562890768051147,0.7670368552207947,0.16521048545837402,0.8495669364929199,0.15043306350708008,0.820012092590332,0.17998790740966797,0.018518518518518545,0.0,0.0,0.0,0.0,9.66787338256836e-05,0.0,0.0,0.0,0.0,0.0,-2.331183129644643e-06,0.0,0.0,1.0379155476858415e-05,0.0,0.0,-1.1865104867503362e-06,0.0
17,3,4,"[8, 9, 10]","[0, 1, 2, 3, 4, 5, 6, 7, 11, 12, 13, 14, 15, 16, 17]",3,15,2,0.694236220240669,0.5333333333333333,0.5882352941176471,0.5,0.7142857142857143,0.5248868778280543,0.55,0.5446428571428572,0.5446428571428572,0.39285714285714285,0.2505444972686269,0.03077089389165244,0.545960009098053,0.7625197172164917,0.1693723201751709,0.843009889125824,0.15699011087417603,0.8182454705238342,0.18175452947616577,0.6942875846248708,0.5333333333333333,0.5882352941176471,0.5,0.7142857142857143,0.5248868778280543,0.55,0.5446428571428572,0.5446428571428572,0.39285714285714285,0.250570163716861,0.030746603012084983,0.5461034178733826,0.7625197172164917,0.1693723201751709,0.843009889125824,0.15699011087417603,0.8182454705238342,0.18175452947616577,0.0,0.0,0.0,0.0,0.0,0.00014340877532958984,0.0,0.0,0.0,0.0,0.0,5.13643842018352e-05,0.0,0.0,-2.429087956745679e-05,0.0,0.0,2.5666448234151762e-05,0.0
17,3,5,"[5, 6, 14]","[0, 1, 2, 3, 4, 7, 8, 9, 10, 11, 12, 13, 15, 16, 17]",3,15,2,0.6927251223000371,0.6666666666666666,0.7058823529411765,0.6,0.8571428571428571,0.660633484162896,0.7,0.6785714285714286,0.6785714285714286,0.5,0.24978894998921686,0.1635343511899312,0.5416666269302368,0.7677854299545288,0.16484278440475464,0.8509273529052734,0.14907264709472656,0.8193870782852173,0.18061292171478271,0.6926910797045117,0.6666666666666666,0.7058823529411765,0.6,0.8571428571428571,0.660633484162896,0.7,0.6785714285714286,0.6785714285714286,0.5,0.2497719269107055,0.163533624013265,0.5415138006210327,0.7677854299545288,0.16484278440475464,0.8509273529052734,0.14907264709472656,0.8193870782852173,0.18061292171478271,0.0,0.0,0.0,0.0,0.0,-0.00015282630920410156,0.0,0.0,0.0,0.0,0.0,-3.404259552541866e-05,0.0,0.0,-7.271766662153567e-07,0.0,0.0,-1.7023078511368972e-05,0.0
17,3,6,"[1, 12, 13]","[0, 2, 3, 4, 5, 6, 7, 8, 9, 10, 11, 14, 15, 16, 17]",3,15,2,0.6919517452275468,0.6666666666666666,0.6666666666666666,0.5555555555555556,0.8333333333333334,0.6666666666666666,0.6944444444444444,0.6944444444444444,0.6944444444444444,0.6111111111111112,0.24940228552000462,0.16386927763621006,0.5444778203964233,0.7659248113632202,0.16690164804458618,0.8459854125976562,0.15401458740234375,0.8202113509178162,0.17978864908218384,0.6919689520380128,0.6666666666666666,0.6666666666666666,0.5555555555555556,0.8333333333333334,0.6666666666666666,0.6944444444444444,0.6944444444444444,0.6944444444444444,0.6111111111111112,0.249410874906089,0.1638565142949422,0.5444040298461914,0.7659248113632202,0.16690164804458618,0.8459854125976562,0.15401458740234375,0.8202113509178162,0.17978864908218384,0.0,0.0,0.0,0.0,0.0,-7.37905502319336e-05,0.0,0.0,0.0,0.0,0.0,1.7206810466019462e-05,0.0,0.0,-1.276334126787404e-05,0.0,0.0,8.589386084362216e-06,0.0
17,6,1,"[0, 4, 8, 11, 12, 14]","[1, 2, 3, 5, 6, 7, 9, 10, 13, 15, 16, 17]",6,12,2,0.6948135675779548,0.5,0.5714285714285714,0.4444444444444444,0.8,0.4857142857142857,0.5555555555555556,0.5428571428571429,0.5428571428571429,0.34285714285714286,0.25083314621616787,0.0028935174147287634,0.5517550110816956,0.7650793790817261,0.1665031909942627,0.850020170211792,0.149979829788208,0.8169734477996826,0.18302655220031738,0.6947988800382022,0.5,0.5714285714285714,0.4444444444444444,0.8,0.4857142857142857,0.5555555555555556,0.5428571428571429,0.5428571428571429,0.37142857142857144,0.2508257855832526,0.002926697333653805,0.5512303709983826,0.7650793790817261,0.1665031909942627,0.850020170211792,0.149979829788208,0.8169734477996826,0.18302655220031738,0.02857142857142858,0.0,0.0,0.0,0.0,-0.0005246400833129883,0.0,0.0,0.0,0.0,0.0,-1.4687539752533674e-05,0.0,0.0,3.317991892504146e-05,0.0,0.0,-7.360632915287546e-06,0.0
17,6,2,"[2, 3, 9, 10, 13, 17]","[0, 1, 4, 5, 6, 7, 8, 11, 12, 14, 15, 16]",6,12,2,0.6914190495535748,0.6666666666666666,0.6666666666666666,0.6666666666666666,0.6666666666666666,0.6666666666666666,0.6666666666666666,0.6666666666666666,0.6666666666666666,0.6666666666666667,0.24913596771506308,0.1647759278615315,0.5631639957427979,0.7638107538223267,0.16836673021316528,0.8492429852485657,0.15075701475143433,0.8140235543251038,0.18597644567489624,0.691316715400855,0.6666666666666666,0.6666666666666666,0.6666666666666666,0.6666666666666666,0.6666666666666666,0.6666666666666666,0.6666666666666666,0.6666666666666666,0.6944444444444444,0.24908477964205114,0.16476581494013465,0.5623025298118591,0.7638107538223267,0.16836673021316528,0.8492429852485657,0.15075701475143433,0.8140235543251038,0.18597644567489624,0.02777777777777768,0.0,0.0,0.0,0.0,-0.0008614659309387207,0.0,0.0,0.0,0.0,0.0,-0.00010233415271976298,0.0,0.0,-1.0112921396854269e-05,0.0,0.0,-5.1188073011937396e-05,0.0
17,6,3,"[1, 5, 6, 7, 15, 16]","[0, 2, 3, 4, 8, 9, 10, 11, 12, 13, 14, 17]",6,12,2,0.6924127864658215,0.6666666666666666,0.6666666666666666,0.5714285714285714,0.8,0.6666666666666666,0.6857142857142857,0.6857142857142857,0.6857142857142857,0.5428571428571429,0.24963278448338633,0.16327891747156775,0.5639814138412476,0.7659232020378113,0.16706645488739014,0.8415582180023193,0.15844178199768066,0.8243088722229004,0.1756911277770996,0.6923495162474587,0.6666666666666666,0.6666666666666666,0.5714285714285714,0.8,0.6666666666666666,0.6857142857142857,0.6857142857142857,0.6857142857142857,0.5428571428571429,0.24960114686260929,0.1632600873708725,0.5641601085662842,0.7659232020378113,0.16706645488739014,0.8415582180023193,0.15844178199768066,0.8243088722229004,0.1756911277770996,0.0,0.0,0.0,0.0,0.0,0.0001786947250366211,0.0,0.0,0.0,0.0,0.0,-6.327021836283198e-05,0.0,0.0,-1.8830100695255148e-05,0.0,0.0,-3.163762077704191e-05,0.0
17,9,1,"[1, 4, 8, 10, 11, 13, 15, 16, 17]","[0, 2, 3, 5, 6, 7, 9, 12, 14]",9,9,2,0.6928134961742418,0.5555555555555556,0.5,0.5,0.5,0.55,0.55,0.55,0.55,0.55,0.24983314610158758,0.05354854133394027,0.5803007483482361,0.7593953013420105,0.17397171258926392,0.8276841044425964,0.1723158359527588,0.8243722915649414,0.17562764883041382,0.6927571689678289,0.5555555555555556,0.5,0.5,0.5,0.55,0.55,0.55,0.55,0.5,0.24980496959758478,0.05350975857840645,0.580332338809967,0.7593953013420105,0.17397171258926392,0.8276841044425964,0.1723158359527588,0.8243722915649414,0.17562764883041382,-0.050000000000000044,0.0,0.0,0.0,0.0,3.159046173095703e-05,0.0,0.0,0.0,0.0,0.0,-5.632720641290945e-05,0.0,0.0,-3.878275553381716e-05,0.0,0.0,-2.8176504002802583e-05,0.0
17,9,2,"[0, 2, 3, 5, 6, 7, 9, 12, 14]","[1, 4, 8, 10, 11, 13, 15, 16, 17]",9,9,2,0.6929499996502501,0.6666666666666666,0.7272727272727273,0.5714285714285714,1.0,0.6493506493506493,0.7857142857142857,0.7,0.7,0.4,0.24990138628702102,0.1632257501284281,0.5750004649162292,0.7704801559448242,0.16065245866775513,0.8661968111991882,0.13380318880081177,0.8124983906745911,0.18750160932540894,0.6930105144875985,0.6666666666666666,0.7272727272727273,0.5714285714285714,1.0,0.6493506493506493,0.7857142857142857,0.7,0.7,0.4,0.24993165839131937,0.16319748428132796,0.5751346945762634,0.7704801559448242,0.16065245866775513,0.8661968111991882,0.13380318880081177,0.8124983906745911,0.18750160932540894,0.0,0.0,0.0,0.0,0.0,0.0001342296600341797,0.0,0.0,0.0,0.0,0.0,6.0514837348479844e-05,0.0,0.0,-2.8265847100139574e-05,0.0,0.0,3.0272104298345592e-05,0.0
17,12,1,"[0, 2, 3, 5, 6, 8, 9, 11, 12, 14, 16, 17]","[1, 4, 7, 10, 13, 15]",12,6,2,0.6912307629276605,0.8333333333333334,0.8571428571428571,0.75,1.0,0.8285714285714285,0.875,0.8333333333333333,0.8333333333333333,0.6666666666666667,0.24904176325498284,0.33040516575177514,0.6107282638549805,0.762273907661438,0.16674983501434326,0.8639976382255554,0.13600236177444458,0.8025025725364685,0.1974974274635315,0.6913264566807271,0.8333333333333334,0.8571428571428571,0.75,1.0,0.8285714285714285,0.875,0.8333333333333333,0.8333333333333333,0.6666666666666667,0.2490896430620828,0.3305062452952068,0.6092302203178406,0.762273907661438,0.16674983501434326,0.8639976382255554,0.13600236177444458,0.8025025725364685,0.1974974274635315,0.0,0.0,0.0,0.0,0.0,-0.0014980435371398926,0.0,0.0,0.0,0.0,0.0,9.569375306661687e-05,0.0,0.0,0.00010107954343163694,0.0,0.0,4.787980709997086e-05,0.0
17,12,2,"[3, 4, 5, 6, 7, 10, 11, 12, 13, 14, 15, 16]","[0, 1, 2, 8, 9, 17]",12,6,2,0.6906709095881493,0.8333333333333334,0.8571428571428571,0.75,1.0,0.8285714285714285,0.875,0.8333333333333333,0.8333333333333333,0.6666666666666667,0.24876185843106566,0.33030821879704797,0.6434221267700195,0.7651883363723755,0.1674107313156128,0.8519657850265503,0.1480342149734497,0.8132128119468689,0.1867871880531311,0.6906770614946388,0.8333333333333334,0.8571428571428571,0.75,1.0,0.8285714285714285,0.875,0.8333333333333333,0.8333333333333333,0.6666666666666667,0.2487649269400456,0.33027215798695886,0.6398433446884155,0.7651883363723755,0.1674107313156128,0.8519657850265503,0.1480342149734497,0.8132128119468689,0.1867871880531311,0.0,0.0,0.0,0.0,0.0,-0.003578782081604004,0.0,0.0,0.0,0.0,0.0,6.151906489559877e-06,0.0,0.0,-3.606081008911133e-05,0.0,0.0,3.0685089799364906e-06,0.0
17,12,3,"[1, 3, 4, 6, 8, 9, 11, 12, 13, 14, 15, 17]","[0, 2, 5, 7, 10, 16]",12,6,2,0.6910564090957138,0.6666666666666666,0.75,0.6,1.0,0.625,0.8,0.6666666666666666,0.6666666666666666,0.6666666666666667,0.24895462939058888,0.1642314394315083,0.6349233984947205,0.7601537704467773,0.1721731424331665,0.8385255336761475,0.16147446632385254,0.8171281814575195,0.18287181854248047,0.6911852779502715,0.6666666666666666,0.75,0.6,1.0,0.625,0.8,0.6666666666666666,0.6666666666666666,0.6666666666666667,0.2490190599055313,0.16436606645584106,0.6347989439964294,0.7601537704467773,0.1721731424331665,0.8385255336761475,0.16147446632385254,0.8171281814575195,0.18287181854248047,0.0,0.0,0.0,0.0,0.0,-0.00012445449829101562,0.0,0.0,0.0,0.0,0.0,0.0001288688545577621,0.0,0.0,0.0001346270243327563,0.0,0.0,6.443051494242624e-05,0.0
18,3,1,"[5, 8, 16]","[0, 1, 2, 3, 4, 6, 7, 9, 10, 11, 12, 13, 14, 15, 17]",3,15,2,0.695697485005735,0.3333333333333333,0.375,0.6,0.2727272727272727,0.33035714285714285,0.4,0.38636363636363635,0.38636363636363635,0.43181818181818177,0.2512751063890776,0.17036682367324835,0.98748779296875,0.7264623641967773,0.20162296295166016,0.8761176466941833,0.12388235330581665,0.7206365466117859,0.2793634533882141,0.6956652958492617,0.3333333333333333,0.375,0.6,0.2727272727272727,0.33035714285714285,0.4,0.38636363636363635,0.38636363636363635,0.43181818181818177,0.2512590146872815,0.1703578313191732,0.551702618598938,0.7264623641967773,0.20162296295166016,0.8761176466941833,0.12388235330581665,0.7206365466117859,0.2793634533882141,0.0,0.0,0.0,0.0,0.0,-0.435785174369812,0.0,0.0,0.0,0.0,0.0,-3.218915647329457e-05,0.0,0.0,-8.992354075143538e-06,0.0,0.0,-1.6091701796061564e-05,0.0
18,3,2,"[9, 12, 14]","[0, 1, 2, 3, 4, 5, 6, 7, 8, 10, 11, 13, 15, 16, 17]",3,15,2,0.6971287547968752,0.26666666666666666,0.26666666666666666,0.5,0.18181818181818182,0.26666666666666666,0.34090909090909094,0.34090909090909094,0.34090909090909094,0.2954545454545454,0.2519907033414213,0.23721618254979454,0.5629525184631348,0.7153034210205078,0.21087324619293213,0.8709046244621277,0.12909537553787231,0.7073489427566528,0.29265105724334717,0.6971871296253701,0.26666666666666666,0.26666666666666666,0.5,0.18181818181818182,0.26666666666666666,0.34090909090909094,0.34090909090909094,0.34090909090909094,0.2954545454545454,0.2520198813669108,0.23721899191538492,0.5626723766326904,0.7153034210205078,0.21087324619293213,0.8709046244621277,0.12909537553787231,0.7073489427566528,0.29265105724334717,0.0,0.0,0.0,0.0,0.0,-0.00028014183044433594,0.0,0.0,0.0,0.0,0.0,5.837482849491149e-05,0.0,0.0,2.8093655903838055e-06,0.0,0.0,2.9178025489462467e-05,0.0
18,3,3,"[6, 13, 15]","[0, 1, 2, 3, 4, 5, 7, 8, 9, 10, 11, 12, 14, 16, 17]",3,15,2,0.6961092915384861,0.3333333333333333,0.2857142857142857,0.6666666666666666,0.18181818181818182,0.33035714285714285,0.4583333333333333,0.46590909090909094,0.46590909090909094,0.45454545454545453,0.2514809644779098,0.17112289667129515,0.5666738152503967,0.7238481640815735,0.20394694805145264,0.8731720447540283,0.12682795524597168,0.7189339995384216,0.28106600046157837,0.6961861330161556,0.3333333333333333,0.2857142857142857,0.6666666666666666,0.18181818181818182,0.33035714285714285,0.4583333333333333,0.46590909090909094,0.46590909090909094,0.45454545454545453,0.2515193766005581,0.17112617095311483,0.5671824216842651,0.7238481640815735,0.20394694805145264,0.8731720447540283,0.12682795524597168,0.7189339995384216,0.28106600046157837,0.0,0.0,0.0,0.0,0.0,0.0005086064338684082,0.0,0.0,0.0,0.0,0.0,7.684147766950922e-05,0.0,0.0,3.2742818196762613e-06,0.0,0.0,3.841212264832361e-05,0.0
18,3,4,"[3, 4, 11]","[0, 1, 2, 5, 6, 7, 8, 9, 10, 12, 13, 14, 15, 16, 17]",3,15,2,0.6955195160586566,0.4,0.4,0.6,0.3,0.4,0.44999999999999996,0.44999999999999996,0.44999999999999996,0.42,0.25118608370599854,0.10424362023671463,0.5482935309410095,0.7284168004989624,0.1999976634979248,0.8761000633239746,0.12389987707138062,0.7239044904708862,0.276095449924469,0.6953193650917152,0.4,0.4,0.6,0.3,0.4,0.44999999999999996,0.44999999999999996,0.44999999999999996,0.42,0.2510860236558445,0.10420871973037715,0.5476758480072021,0.7284168004989624,0.1999976634979248,0.8761000633239746,0.12389987707138062,0.7239044904708862,0.276095449924469,0.0,0.0,0.0,0.0,0.0,-0.000617682933807373,0.0,0.0,0.0,0.0,0.0,-0.00020015096694137036,0.0,0.0,-3.490050633747632e-05,0.0,0.0,-0.0001000600501540605,0.0
18,3,5,"[0, 1, 7]","[2, 3, 4, 5, 6, 8, 9, 10, 11, 12, 13, 14, 15, 16, 17]",3,15,2,0.697692907003857,0.26666666666666666,0.26666666666666666,0.5,0.18181818181818182,0.26666666666666666,0.34090909090909094,0.34090909090909094,0.34090909090909094,0.36363636363636365,0.25227274336344585,0.23747159242630006,0.5514487624168396,0.7293262481689453,0.19933271408081055,0.8776566386222839,0.12234336137771606,0.7236778736114502,0.2763221263885498,0.6976932349281862,0.26666666666666666,0.26666666666666666,0.5,0.18181818181818182,0.26666666666666666,0.34090909090909094,0.34090909090909094,0.34090909090909094,0.36363636363636365,0.25227290839707817,0.23748536507288615,0.5516128540039062,0.7293262481689453,0.19933271408081055,0.8776566386222839,0.12234336137771606,0.7236778736114502,0.2763221263885498,0.0,0.0,0.0,0.0,0.0,0.0001640915870666504,0.0,0.0,0.0,0.0,0.0,3.279243292464429e-07,0.0,0.0,1.3772646586085457e-05,0.0,0.0,1.650336323155699e-07,0.0
18,3,6,"[2, 10, 17]","[0, 1, 3, 4, 5, 6, 7, 8, 9, 11, 12, 13, 14, 15, 16]",3,15,2,0.6959617245071211,0.4,0.4,0.75,0.2727272727272727,0.4,0.5113636363636364,0.5113636363636364,0.5113636363636364,0.4772727272727273,0.2514071787441131,0.10446358521779375,0.5538155436515808,0.7258082032203674,0.20197713375091553,0.8761545419692993,0.12384539842605591,0.7198910713195801,0.28010886907577515,0.6959950417801584,0.4,0.4,0.75,0.2727272727272727,0.4,0.5113636363636364,0.5113636363636364,0.5113636363636364,0.4772727272727273,0.2514238417986665,0.10445756117502847,0.5542752742767334,0.7258082032203674,0.20197713375091553,0.8761545419692993,0.12384539842605591,0.7198910713195801,0.28010886907577515,0.0,0.0,0.0,0.0,0.0,0.0004597306251525879,0.0,0.0,0.0,0.0,0.0,3.331727303723664e-05,0.0,0.0,-6.024042765284676e-06,0.0,0.0,1.6663054553389678e-05,0.0
18,6,1,"[1, 6, 8, 11, 12, 16]","[0, 2, 3, 4, 5, 7, 9, 10, 13, 14, 15, 17]",6,12,2,0.6974513567588888,0.25,0.18181818181818182,0.3333333333333333,0.125,0.24475524475524477,0.2777777777777778,0.3125,0.3125,0.28125,0.25215198849714543,0.2536853949228922,0.5633288621902466,0.7220895886421204,0.2050442099571228,0.8750162720680237,0.1249837875366211,0.7148953676223755,0.2851046919822693,0.6973464153375571,0.25,0.18181818181818182,0.3333333333333333,0.125,0.24475524475524477,0.2777777777777778,0.3125,0.3125,0.28125,0.2520995201730223,0.25367031494776404,0.5631648898124695,0.7220895886421204,0.2050442099571228,0.8750162720680237,0.1249837875366211,0.7148953676223755,0.2851046919822693,0.0,0.0,0.0,0.0,0.0,-0.0001639723777770996,0.0,0.0,0.0,0.0,0.0,-0.00010494142133166129,0.0,0.0,-1.5079975128173828e-05,0.0,0.0,-5.246832412314495e-05,0.0
18,6,2,"[0, 2, 5, 7, 14, 17]","[1, 3, 4, 6, 8, 9, 10, 11, 12, 13, 15, 16]",6,12,2,0.6949419201099388,0.4166666666666667,0.46153846153846156,0.75,0.3333333333333333,0.4125874125874126,0.5,0.5,0.5,0.5925925925925927,0.2508973293389381,0.08759667476018268,0.5680645108222961,0.729218602180481,0.19960975646972656,0.8781951665878296,0.12180477380752563,0.7225852012634277,0.2774147391319275,0.6948441268479725,0.4166666666666667,0.46153846153846156,0.75,0.3333333333333333,0.4125874125874126,0.5,0.5,0.5,0.5925925925925927,0.2508484371865858,0.08757181465625757,0.5676659941673279,0.729218602180481,0.19960975646972656,0.8781951665878296,0.12180477380752563,0.7225852012634277,0.2774147391319275,0.0,0.0,0.0,0.0,0.0,-0.0003985166549682617,0.0,0.0,0.0,0.0,0.0,-9.779326196635019e-05,0.0,0.0,-2.486010392510618e-05,0.0,0.0,-4.889215235232003e-05,0.0
18,6,3,"[3, 4, 9, 10, 13, 15]","[0, 1, 2, 5, 6, 7, 8, 11, 12, 14, 16, 17]",6,12,2,0.6966615625865379,0.3333333333333333,0.3333333333333333,0.6666666666666666,0.2222222222222222,0.3333333333333333,0.4444444444444444,0.4444444444444444,0.4444444444444444,0.40740740740740744,0.25175707217489957,0.17116028070449835,0.5815345644950867,0.7232738137245178,0.2042173147201538,0.8718414306640625,0.12815862894058228,0.7197241187095642,0.28027594089508057,0.6965837119958794,0.3333333333333333,0.3333333333333333,0.6666666666666666,0.2222222222222222,0.3333333333333333,0.4444444444444444,0.4444444444444444,0.4444444444444444,0.40740740740740744,0.2517181514626334,0.1711052606503169,0.5810312032699585,0.7232738137245178,0.2042173147201538,0.8718414306640625,0.12815862894058228,0.7197241187095642,0.28027594089508057,0.0,0.0,0.0,0.0,0.0,-0.0005033612251281738,0.0,0.0,0.0,0.0,0.0,-7.785059065845701e-05,0.0,0.0,-5.502005418145384e-05,0.0,0.0,-3.892071226618832e-05,0.0
18,9,1,"[3, 5, 8, 9, 11, 12, 13, 14, 15]","[0, 1, 2, 4, 6, 7, 10, 16, 17]",9,9,2,0.6940296905917547,0.3333333333333333,0.25,0.5,0.16666666666666666,0.325,0.39285714285714285,0.41666666666666663,0.41666666666666663,0.5,0.25044126531039335,0.17014371024237745,0.6092984676361084,0.7096489667892456,0.21635085344314575,0.8650187253952026,0.13498127460479736,0.7022795081138611,0.2977204918861389,0.6940269541846559,0.3333333333333333,0.25,0.5,0.16666666666666666,0.325,0.39285714285714285,0.41666666666666663,0.41666666666666663,0.5,0.25043990476926375,0.1701172987620036,0.6090226769447327,0.7096489667892456,0.21635085344314575,0.8650187253952026,0.13498127460479736,0.7022795081138611,0.2977204918861389,0.0,0.0,0.0,0.0,0.0,-0.0002757906913757324,0.0,0.0,0.0,0.0,0.0,-2.736407098802296e-06,0.0,0.0,-2.6411480373855767e-05,0.0,0.0,-1.360541129591386e-06,0.0
18,9,2,"[0, 1, 2, 4, 6, 7, 10, 16, 17]","[3, 5, 8, 9, 11, 12, 13, 14, 15]",9,9,2,0.6986735560473513,0.3333333333333333,0.4,0.6666666666666666,0.2857142857142857,0.325,0.41666666666666663,0.39285714285714285,0.39285714285714285,0.3571428571428571,0.25276301137817936,0.17148458957672125,0.5825572609901428,0.7400723099708557,0.1895633339881897,0.8850163817405701,0.11498361825942993,0.7358570098876953,0.2641429901123047,0.6984504871492968,0.3333333333333333,0.4,0.6666666666666666,0.2857142857142857,0.325,0.41666666666666663,0.39285714285714285,0.39285714285714285,0.3571428571428571,0.25265147786392395,0.17145494620005292,0.5830058455467224,0.7400723099708557,0.1895633339881897,0.8850163817405701,0.11498361825942993,0.7358570098876953,0.2641429901123047,0.0,0.0,0.0,0.0,0.0,0.00044858455657958984,0.0,0.0,0.0,0.0,0.0,-0.00022306889805445707,0.0,0.0,-2.9643376668331278e-05,0.0,0.0,-0.00011153351425541302,0.0
18,12,1,"[1, 3, 4, 5, 7, 8, 9, 10, 11, 13, 14, 15]","[0, 2, 6, 12, 16, 17]",12,6,2,0.6942937717693712,0.3333333333333333,0.3333333333333333,0.5,0.25,0.3333333333333333,0.375,0.375,0.375,0.625,0.2505732936911344,0.16976904869079595,0.6491714119911194,0.7183635830879211,0.2092692255973816,0.8666077256202698,0.13339227437973022,0.714853823184967,0.28514617681503296,0.6939869600410967,0.3333333333333333,0.3333333333333333,0.5,0.25,0.3333333333333333,0.375,0.375,0.375,0.625,0.2504198840059734,0.1696832577387492,0.6512446403503418,0.7183635830879211,0.2092692255973816,0.8666077256202698,0.13339227437973022,0.714853823184967,0.28514617681503296,0.0,0.0,0.0,0.0,0.0,0.002073228359222412,0.0,0.0,0.0,0.0,0.0,-0.0003068117282745142,0.0,0.0,-8.579095204674925e-05,0.0,0.0,-0.00015340968516097675,0.0
18,12,2,"[0, 3, 4, 5, 6, 8, 12, 13, 14, 15, 16, 17]","[1, 2, 7, 9, 10, 11]",12,6,2,0.6914920249853359,0.5,0.4,1.0,0.25,0.4857142857142857,0.7,0.625,0.625,0.75,0.24917246809140803,0.004110554854075077,0.7085970044136047,0.7273203134536743,0.20133942365646362,0.8726292252540588,0.12737077474594116,0.7246919274330139,0.2753080725669861,0.6913951754952093,0.5,0.4,1.0,0.25,0.4857142857142857,0.7,0.625,0.625,0.75,0.24912405589506395,0.003972172737121582,0.7060608863830566,0.7273203134536743,0.20133942365646362,0.8726292252540588,0.12737077474594116,0.7246919274330139,0.2753080725669861,0.0,0.0,0.0,0.0,0.0,-0.0025361180305480957,0.0,0.0,0.0,0.0,0.0,-9.684949012656041e-05,0.0,0.0,-0.0001383821169534949,0.0,0.0,-4.841219634407756e-05,0.0
18,12,3,"[1, 2, 3, 4, 5, 6, 7, 8, 9, 11, 15, 16]","[0, 10, 12, 13, 14, 17]",12,6,2,0.6992686941535159,0.16666666666666666,0.2857142857142857,0.3333333333333333,0.25,0.14285714285714285,0.16666666666666666,0.125,0.125,0.25,0.25306061630938076,0.33732097347577417,0.6647288203239441,0.7523848414421082,0.179540753364563,0.8896351456642151,0.11036485433578491,0.7512833476066589,0.24871665239334106,0.6993134437881716,0.16666666666666666,0.2857142857142857,0.3333333333333333,0.25,0.14285714285714285,0.16666666666666666,0.125,0.125,0.25,0.25308298590033296,0.3373317817846935,0.6671053767204285,0.7523848414421082,0.179540753364563,0.8896351456642151,0.11036485433578491,0.7512833476066589,0.24871665239334106,0.0,0.0,0.0,0.0,0.0,0.002376556396484375,0.0,0.0,0.0,0.0,0.0,4.4749634655727455e-05,0.0,0.0,1.080830891930784e-05,0.0,0.0,2.236959095219815e-05,0.0
19,3,1,"[2, 7, 12]","[0, 1, 3, 4, 5, 6, 8, 9, 10, 11, 13, 14, 15, 16, 17]",3,15,2,0.692141569710913,0.7333333333333333,0.7777777777777778,0.7777777777777778,0.7777777777777778,0.7222222222222222,0.7222222222222222,0.7222222222222222,0.7222222222222222,0.611111111111111,0.24949719741074972,0.23146087328592935,1.0011004209518433,0.6522077918052673,0.2489144206047058,0.7387398481369019,0.26126015186309814,0.7634313106536865,0.23656868934631348,0.6920484601429595,0.7333333333333333,0.7777777777777778,0.7777777777777778,0.7777777777777778,0.7222222222222222,0.7222222222222222,0.7222222222222222,0.7222222222222222,0.611111111111111,0.2494506475234862,0.23141401608784984,0.6098588705062866,0.6522077918052673,0.2489144206047058,0.7387398481369019,0.26126015186309814,0.7634313106536865,0.23656868934631348,0.0,0.0,0.0,0.0,0.0,-0.39124155044555664,0.0,0.0,0.0,0.0,0.0,-9.310956795349767e-05,0.0,0.0,-4.68571980795085e-05,0.0,0.0,-4.6549887263519496e-05,0.0
19,3,2,"[10, 16, 17]","[0, 1, 2, 3, 4, 5, 6, 7, 8, 9, 11, 12, 13, 14, 15]",3,15,2,0.692694190533937,0.6,0.625,0.625,0.625,0.5982142857142857,0.5982142857142857,0.5982142857142857,0.5982142857142857,0.5535714285714286,0.24977349987372932,0.09802595774332679,0.5973029136657715,0.6916349530220032,0.21790868043899536,0.7846651673316956,0.21533483266830444,0.7795173525810242,0.22048264741897583,0.6926528431805775,0.6,0.625,0.625,0.625,0.5982142857142857,0.5982142857142857,0.5982142857142857,0.5982142857142857,0.5535714285714286,0.2497528360491817,0.09798054695129388,0.5980883240699768,0.6916349530220032,0.21790868043899536,0.7846651673316956,0.21533483266830444,0.7795173525810242,0.22048264741897583,0.0,0.0,0.0,0.0,0.0,0.0007854104042053223,0.0,0.0,0.0,0.0,0.0,-4.13473533594777e-05,0.0,0.0,-4.541079203290721e-05,0.0,0.0,-2.0663824547628717e-05,0.0
19,3,3,"[0, 1, 3]","[2, 4, 5, 6, 7, 8, 9, 10, 11, 12, 13, 14, 15, 16, 17]",3,15,2,0.6933887133722012,0.6,0.625,0.625,0.625,0.5982142857142857,0.5982142857142857,0.5982142857142857,0.5982142857142857,0.48214285714285715,0.250120752862846,0.0983747879664103,0.6196974515914917,0.6309975385665894,0.2650946378707886,0.7146944403648376,0.28530555963516235,0.7551162838935852,0.2448837161064148,0.6933655297440939,0.6,0.625,0.625,0.625,0.5982142857142857,0.5982142857142857,0.5982142857142857,0.5982142857142857,0.48214285714285715,0.2501091694872099,0.09836066961288448,0.6192244291305542,0.6309975385665894,0.2650946378707886,0.7146944403648376,0.28530555963516235,0.7551162838935852,0.2448837161064148,0.0,0.0,0.0,0.0,0.0,-0.0004730224609375,0.0,0.0,0.0,0.0,0.0,-2.3183628107270593e-05,0.0,0.0,-1.4118353525827132e-05,0.0,0.0,-1.1583375636115001e-05,0.0
19,3,4,"[4, 8, 11]","[0, 1, 2, 3, 5, 6, 7, 9, 10, 12, 13, 14, 15, 16, 17]",3,15,2,0.6924451829228803,0.6666666666666666,0.6666666666666666,0.7142857142857143,0.625,0.6666666666666666,0.6696428571428572,0.6696428571428572,0.6696428571428572,0.5892857142857143,0.24964900005892268,0.16478928327560416,0.6073741316795349,0.656304657459259,0.2454661726951599,0.7378590106964111,0.26214098930358887,0.7712087035179138,0.22879129648208618,0.6925519032808347,0.6666666666666666,0.6666666666666666,0.7142857142857143,0.625,0.6666666666666666,0.6696428571428572,0.6696428571428572,0.6696428571428572,0.5892857142857143,0.2497023658128524,0.16482431888580318,0.607082724571228,0.656304657459259,0.2454661726951599,0.7378590106964111,0.26214098930358887,0.7712087035179138,0.22879129648208618,0.0,0.0,0.0,0.0,0.0,-0.00029140710830688477,0.0,0.0,0.0,0.0,0.0,0.00010672035795444845,0.0,0.0,3.503561019901902e-05,0.0,0.0,5.336575392972387e-05,0.0
19,3,5,"[9, 14, 15]","[0, 1, 2, 3, 4, 5, 6, 7, 8, 10, 11, 12, 13, 16, 17]",3,15,2,0.6923354693503821,0.6666666666666666,0.7368421052631579,0.7,0.7777777777777778,0.6411483253588517,0.6499999999999999,0.6388888888888888,0.6388888888888888,0.611111111111111,0.24959414285115997,0.1648868242899576,0.5943942070007324,0.6885282397270203,0.22088807821273804,0.7774537205696106,0.2225462794303894,0.7807701826095581,0.2192298173904419,0.6924012496913104,0.6666666666666666,0.7368421052631579,0.7,0.7777777777777778,0.6411483253588517,0.6499999999999999,0.6388888888888888,0.6388888888888888,0.611111111111111,0.24962703285541424,0.16497647762298584,0.5944841504096985,0.6885282397270203,0.22088807821273804,0.7774537205696106,0.2225462794303894,0.7807701826095581,0.2192298173904419,0.0,0.0,0.0,0.0,0.0,8.994340896606445e-05,0.0,0.0,0.0,0.0,0.0,6.578034092830087e-05,0.0,0.0,8.965333302823897e-05,0.0,0.0,3.2890004254271243e-05,0.0
19,3,6,"[5, 6, 13]","[0, 1, 2, 3, 4, 7, 8, 9, 10, 11, 12, 14, 15, 16, 17]",3,15,2,0.6916074918110898,0.7333333333333333,0.75,0.75,0.75,0.7321428571428572,0.7321428571428572,0.7321428571428572,0.7321428571428572,0.7142857142857142,0.24923016100919954,0.2315879623095194,0.6065545678138733,0.6552896499633789,0.24653375148773193,0.7389538884162903,0.2610461115837097,0.7679785490036011,0.23202145099639893,0.6915339939854999,0.8,0.8,0.8571428571428571,0.75,0.8,0.8035714285714286,0.8035714285714286,0.8035714285714286,0.7142857142857142,0.2491934148067365,0.29823750257492065,0.6062851548194885,0.6552896499633789,0.24653375148773193,0.7389538884162903,0.2610461115837097,0.7679785490036011,0.23202145099639893,0.0,0.0714285714285714,0.0,0.0714285714285714,0.0,-0.0002694129943847656,0.06666666666666676,0.1071428571428571,0.0,0.0,0.0,-7.34978255899632e-05,0.0,0.050000000000000044,0.06664954026540126,0.0,0.06785714285714284,-3.674620246302274e-05,0.0714285714285714
19,6,1,"[1, 7, 10, 11, 13, 17]","[0, 2, 3, 4, 5, 6, 8, 9, 12, 14, 15, 16]",6,12,2,0.6938121760175059,0.5,0.5,0.5,0.5,0.5,0.5,0.5,0.5,0.38888888888888884,0.2503324845749702,0.001849989096323612,0.6074853539466858,0.6847761273384094,0.22379916906356812,0.7780966758728027,0.22190332412719727,0.7743049263954163,0.22569507360458374,0.6938026943414907,0.5,0.5,0.5,0.5,0.5,0.5,0.5,0.5,0.41666666666666663,0.2503277388821293,0.0018352617820104333,0.6075280904769897,0.6847761273384094,0.22379916906356812,0.7780966758728027,0.22190332412719727,0.7743049263954163,0.22569507360458374,0.02777777777777779,0.0,0.0,0.0,0.0,4.273653030395508e-05,0.0,0.0,0.0,0.0,0.0,-9.481676015221652e-06,0.0,0.0,-1.4727314313178752e-05,0.0,0.0,-4.745692840923965e-06,0.0
19,6,2,"[0, 2, 3, 4, 8, 15]","[1, 5, 6, 7, 9, 10, 11, 12, 13, 14, 16, 17]",6,12,2,0.6921221440387958,0.75,0.7692307692307693,0.8333333333333334,0.7142857142857143,0.7482517482517483,0.75,0.7571428571428571,0.7571428571428571,0.6285714285714287,0.2494874804703434,0.24805444478988647,0.6235381960868835,0.6162062287330627,0.27630746364593506,0.6950074434280396,0.3049924969673157,0.752377450466156,0.24762248992919922,0.6920729775017755,0.75,0.7692307692307693,0.8333333333333334,0.7142857142857143,0.7482517482517483,0.75,0.7571428571428571,0.7571428571428571,0.6571428571428573,0.24946290285884407,0.2480292171239853,0.6226160526275635,0.6162062287330627,0.27630746364593506,0.6950074434280396,0.3049924969673157,0.752377450466156,0.24762248992919922,0.02857142857142858,0.0,0.0,0.0,0.0,-0.0009221434593200684,0.0,0.0,0.0,0.0,0.0,-4.916653702025098e-05,0.0,0.0,-2.5227665901184082e-05,0.0,0.0,-2.457761149932125e-05,0.0
19,6,3,"[5, 6, 9, 12, 14, 16]","[0, 1, 2, 3, 4, 7, 8, 10, 11, 13, 15, 17]",6,12,2,0.6913719887943999,0.75,0.8,0.75,0.8571428571428571,0.7333333333333334,0.75,0.7285714285714285,0.7285714285714285,0.7714285714285715,0.24911241198799003,0.24835838874181115,0.6175049543380737,0.6864944696426392,0.2222922444343567,0.7730790376663208,0.22692090272903442,0.7823363542556763,0.21766358613967896,0.6913148267250953,0.75,0.8,0.75,0.8571428571428571,0.7333333333333334,0.75,0.7285714285714285,0.7285714285714285,0.7714285714285715,0.2490838269105229,0.24836007754007972,0.6169846057891846,0.6864944696426392,0.2222922444343567,0.7730790376663208,0.22692090272903442,0.7823363542556763,0.21766358613967896,0.0,0.0,0.0,0.0,0.0,-0.0005203485488891602,0.0,0.0,0.0,0.0,0.0,-5.716206930461709e-05,0.0,0.0,1.6887982685620528e-06,0.0,0.0,-2.858507746714145e-05,0.0
19,9,1,"[0, 3, 5, 7, 10, 11, 13, 14, 15]","[1, 2, 4, 6, 8, 9, 12, 16, 17]",9,9,2,0.6932160083902001,0.5555555555555556,0.6,0.6,0.6,0.55,0.55,0.55,0.55,0.49999999999999994,0.2500344051304896,0.05360096030765116,0.6182987689971924,0.6749275922775269,0.23150277137756348,0.7707804441452026,0.2292194962501526,0.7662138938903809,0.23378604650497437,0.6932133971286016,0.5555555555555556,0.6,0.6,0.6,0.55,0.55,0.55,0.55,0.49999999999999994,0.2500330990355233,0.05364258421791923,0.6165607571601868,0.6749275922775269,0.23150277137756348,0.7707804441452026,0.2292194962501526,0.7662138938903809,0.23378604650497437,0.0,0.0,0.0,0.0,0.0,-0.0017380118370056152,0.0,0.0,0.0,0.0,0.0,-2.6112615985063314e-06,0.0,0.0,4.162391026807377e-05,0.0,0.0,-1.3060949662913046e-06,0.0
19,9,2,"[1, 2, 4, 6, 8, 9, 12, 16, 17]","[0, 3, 5, 7, 10, 11, 13, 14, 15]",9,9,2,0.6916548573281095,0.7777777777777778,0.8,0.8,0.8,0.775,0.775,0.775,0.775,0.7,0.24925383954681882,0.2761076357629564,0.679956316947937,0.6500569581985474,0.25009655952453613,0.7266749739646912,0.27332502603530884,0.7731319665908813,0.22686803340911865,0.6916243221102482,0.7777777777777778,0.8,0.8,0.8,0.775,0.775,0.775,0.775,0.7,0.24923856480361847,0.2760130763053894,0.6791787147521973,0.6500569581985474,0.25009655952453613,0.7266749739646912,0.27332502603530884,0.7731319665908813,0.22686803340911865,0.0,0.0,0.0,0.0,0.0,-0.0007776021957397461,0.0,0.0,0.0,0.0,0.0,-3.053521786133828e-05,0.0,0.0,-9.455945756697837e-05,0.0,0.0,-1.5274743200344165e-05,0.0
19,12,1,"[0, 1, 2, 5, 7, 8, 9, 10, 12, 13, 14, 16]","[3, 4, 6, 11, 15, 17]",12,6,2,0.6938523040950955,0.5,0.4,0.5,0.3333333333333333,0.4857142857142857,0.5,0.5,0.5,0.4444444444444444,0.2503525558937265,0.0026189287503560754,0.7128826379776001,0.6621314883232117,0.24190711975097656,0.7435947060585022,0.256405234336853,0.7725908756256104,0.22740906476974487,0.6938632962404233,0.5,0.4,0.5,0.3333333333333333,0.4857142857142857,0.5,0.5,0.5,0.4444444444444444,0.25035803925938627,0.0026754140853881836,0.710171103477478,0.6621314883232117,0.24190711975097656,0.7435947060585022,0.256405234336853,0.7725908756256104,0.22740906476974487,0.0,0.0,0.0,0.0,0.0,-0.0027115345001220703,0.0,0.0,0.0,0.0,0.0,1.0992145327848313e-05,0.0,0.0,5.6485335032108175e-05,0.0,0.0,5.483365659753048e-06,0.0
19,12,2,"[0, 1, 2, 3, 5, 7, 8, 11, 12, 14, 15, 16]","[4, 6, 9, 10, 13, 17]",12,6,2,0.6940150440375498,0.6666666666666666,0.6666666666666666,0.6666666666666666,0.6666666666666666,0.6666666666666666,0.6666666666666666,0.6666666666666666,0.6666666666666666,0.4444444444444445,0.2504339223028662,0.16506552696228027,0.7143895626068115,0.6148310303688049,0.2768999934196472,0.7022137641906738,0.2977863550186157,0.7439865469932556,0.25601357221603394,0.6940027464384121,0.6666666666666666,0.6666666666666666,0.6666666666666666,0.6666666666666666,0.6666666666666666,0.6666666666666666,0.6666666666666666,0.6666666666666666,0.4444444444444445,0.2504277647364854,0.16502634684244788,0.707402229309082,0.6148310303688049,0.2768999934196472,0.7022137641906738,0.2977863550186157,0.7439865469932556,0.25601357221603394,0.0,0.0,0.0,0.0,0.0,-0.006987333297729492,0.0,0.0,0.0,0.0,0.0,-1.2297599137678361e-05,0.0,0.0,-3.918011983239378e-05,0.0,0.0,-6.157566380782242e-06,0.0
19,12,3,"[1, 2, 3, 4, 9, 10, 11, 12, 13, 14, 15, 16]","[0, 5, 6, 7, 8, 17]",12,6,2,0.6934317362624379,0.6666666666666666,0.6666666666666666,0.6666666666666666,0.6666666666666666,0.6666666666666666,0.6666666666666666,0.6666666666666666,0.6666666666666666,0.4444444444444445,0.25014226988600896,0.16487811009089148,0.6841939687728882,0.7437962293624878,0.17937183380126953,0.8555988073348999,0.14440125226974487,0.785657525062561,0.21434253454208374,0.6934672010458752,0.6666666666666666,0.6666666666666666,0.6666666666666666,0.6666666666666666,0.6666666666666666,0.6666666666666666,0.6666666666666666,0.6666666666666666,0.4444444444444445,0.25015999760708035,0.16490047176678968,0.6823040843009949,0.7437962293624878,0.17937183380126953,0.8555988073348999,0.14440125226974487,0.785657525062561,0.21434253454208374,0.0,0.0,0.0,0.0,0.0,-0.0018898844718933105,0.0,0.0,0.0,0.0,0.0,3.5464783437300085e-05,0.0,0.0,2.2361675898197042e-05,0.0,0.0,1.77277210713922e-05,0.0
20,3,1,"[1, 4, 14]","[0, 2, 3, 5, 6, 7, 8, 9, 10, 11, 12, 13, 15, 16, 17]",3,15,2,0.6958754483534193,0.26666666666666666,0.0,0.0,0.0,0.21052631578947367,0.15384615384615385,0.3333333333333333,0.3333333333333333,0.46296296296296297,0.2513641649786188,0.23804407517115272,1.0159467458724976,0.7515954375267029,0.19666606187820435,0.8757238984107971,0.12427610158920288,0.730944037437439,0.26905596256256104,0.6959958183749282,0.26666666666666666,0.0,0.0,0.0,0.21052631578947367,0.15384615384615385,0.3333333333333333,0.3333333333333333,0.46296296296296297,0.25142433625591354,0.2381281773249308,0.5654072165489197,0.7515954375267029,0.19666606187820435,0.8757238984107971,0.12427610158920288,0.730944037437439,0.26905596256256104,0.0,0.0,0.0,0.0,0.0,-0.4505395293235779,0.0,0.0,0.0,0.0,0.0,0.00012037002150888654,0.0,0.0,8.410215377807617e-05,0.0,0.0,6.017127729474048e-05,0.0
20,3,2,"[0, 15, 16]","[1, 2, 3, 4, 5, 6, 7, 8, 9, 10, 11, 12, 13, 14, 17]",3,15,2,0.6941983429210973,0.4,0.18181818181818182,0.3333333333333333,0.125,0.354066985645933,0.375,0.41964285714285715,0.41964285714285715,0.44642857142857145,0.25052563518143295,0.10425227085749311,0.5480987429618835,0.7711933851242065,0.17906570434570312,0.8848501443862915,0.1151498556137085,0.7570184469223022,0.24298155307769775,0.6942390297241465,0.4,0.18181818181818182,0.3333333333333333,0.125,0.354066985645933,0.375,0.41964285714285715,0.41964285714285715,0.44642857142857145,0.250545972036925,0.10434430440266929,0.5478532314300537,0.7711933851242065,0.17906570434570312,0.8848501443862915,0.1151498556137085,0.7570184469223022,0.24298155307769775,0.0,0.0,0.0,0.0,0.0,-0.000245511531829834,0.0,0.0,0.0,0.0,0.0,4.068680304925021e-05,0.0,0.0,9.203354517617335e-05,0.0,0.0,2.0336855492075756e-05,0.0
20,3,3,"[5, 7, 10]","[0, 1, 2, 3, 4, 6, 8, 9, 11, 12, 13, 14, 15, 16, 17]",3,15,2,0.6942635189947116,0.4,0.18181818181818182,0.3333333333333333,0.125,0.354066985645933,0.375,0.41964285714285715,0.41964285714285715,0.4642857142857143,0.2505582533601507,0.10428635279337561,0.5555187463760376,0.7449215054512024,0.2025383710861206,0.8729158639907837,0.12708407640457153,0.7220073342323303,0.2779926061630249,0.6942779121481253,0.4,0.18181818181818182,0.3333333333333333,0.125,0.354066985645933,0.375,0.41964285714285715,0.41964285714285715,0.44642857142857145,0.2505654478954519,0.10432531038920079,0.5564448237419128,0.7449215054512024,0.2025383710861206,0.8729158639907837,0.12708407640457153,0.7220073342323303,0.2779926061630249,-0.01785714285714285,0.0,0.0,0.0,0.0,0.0009260773658752441,0.0,0.0,0.0,0.0,0.0,1.4393153413672088e-05,0.0,0.0,3.895759582517311e-05,0.0,0.0,7.194535301180416e-06,0.0
20,3,4,"[8, 13, 17]","[0, 1, 2, 3, 4, 5, 6, 7, 9, 10, 11, 12, 14, 15, 16]",3,15,2,0.6965719470144668,0.26666666666666666,0.15384615384615385,0.25,0.1111111111111111,0.25339366515837103,0.26136363636363635,0.3055555555555556,0.3055555555555556,0.33333333333333337,0.2517123271614144,0.23729163408279424,0.5544161796569824,0.7708855867385864,0.17926925420761108,0.8854124546051025,0.11458754539489746,0.7560489773750305,0.24395102262496948,0.6965430705121416,0.26666666666666666,0.15384615384615385,0.25,0.1111111111111111,0.25339366515837103,0.26136363636363635,0.3055555555555556,0.3055555555555556,0.33333333333333337,0.25169788283180267,0.23728094895680746,0.5550422072410583,0.7708855867385864,0.17926925420761108,0.8854124546051025,0.11458754539489746,0.7560489773750305,0.24395102262496948,0.0,0.0,0.0,0.0,0.0,0.0006260275840759277,0.0,0.0,0.0,0.0,0.0,-2.8876502325192455e-05,0.0,0.0,-1.0685125986786836e-05,0.0,0.0,-1.4444329611729145e-05,0.0
20,3,5,"[9, 11, 12]","[0, 1, 2, 3, 4, 5, 6, 7, 8, 10, 13, 14, 15, 16, 17]",3,15,2,0.695455904313657,0.3333333333333333,0.16666666666666666,0.25,0.125,0.3055555555555555,0.3068181818181818,0.3482142857142857,0.3482142857142857,0.3214285714285714,0.2511543732427474,0.17051862875620521,0.5580716133117676,0.772036612033844,0.17849409580230713,0.8866832852363586,0.11331677436828613,0.7563287019729614,0.24367135763168335,0.6954724264743374,0.3333333333333333,0.16666666666666666,0.25,0.125,0.3055555555555555,0.3068181818181818,0.3482142857142857,0.3482142857142857,0.3214285714285714,0.25116263163429264,0.17052967548370362,0.5580239295959473,0.772036612033844,0.17849409580230713,0.8866832852363586,0.11331677436828613,0.7563287019729614,0.24367135763168335,0.0,0.0,0.0,0.0,0.0,-4.76837158203125e-05,0.0,0.0,0.0,0.0,0.0,1.6522160680376707e-05,0.0,0.0,1.1046727498409403e-05,0.0,0.0,8.258391545223898e-06,0.0
20,3,6,"[2, 3, 6]","[0, 1, 4, 5, 7, 8, 9, 10, 11, 12, 13, 14, 15, 16, 17]",3,15,2,0.6954948791084287,0.3333333333333333,0.16666666666666666,0.25,0.125,0.3055555555555555,0.3068181818181818,0.3482142857142857,0.3482142857142857,0.3214285714285714,0.2511738799948759,0.17071179946263632,0.556108832359314,0.7259057760238647,0.2192678451538086,0.864432156085968,0.13556784391403198,0.6970322132110596,0.30296778678894043,0.6954693868613243,0.3333333333333333,0.16666666666666666,0.25,0.125,0.3055555555555555,0.3068181818181818,0.3482142857142857,0.3482142857142857,0.3214285714285714,0.2511611316029774,0.17070174217224127,0.5560920834541321,0.7259057760238647,0.2192678451538086,0.864432156085968,0.13556784391403198,0.6970322132110596,0.30296778678894043,0.0,0.0,0.0,0.0,0.0,-1.6748905181884766e-05,0.0,0.0,0.0,0.0,0.0,-2.5492247104352828e-05,0.0,0.0,-1.0057290395049101e-05,0.0,0.0,-1.2748391898464995e-05,0.0
20,6,1,"[1, 2, 5, 7, 12, 15]","[0, 3, 4, 6, 8, 9, 10, 11, 13, 14, 16, 17]",6,12,2,0.6936344169050753,0.5,0.25,0.5,0.16666666666666666,0.4375,0.5,0.5,0.5,0.5,0.2502436931397896,0.004903048276901245,0.561518669128418,0.7455914616584778,0.20189720392227173,0.874506413936615,0.125493586063385,0.7216992378234863,0.27830076217651367,0.6936816080751563,0.5,0.25,0.5,0.16666666666666666,0.4375,0.5,0.5,0.5,0.5,0.25026727199360427,0.004823222756385803,0.5615500211715698,0.7455914616584778,0.20189720392227173,0.874506413936615,0.125493586063385,0.7216992378234863,0.27830076217651367,0.0,0.0,0.0,0.0,0.0,3.135204315185547e-05,0.0,0.0,0.0,0.0,0.0,4.719117008100682e-05,0.0,0.0,-7.98255205154419e-05,0.0,0.0,2.3578853814654188e-05,0.0
20,6,2,"[4, 8, 10, 13, 14, 17]","[0, 1, 2, 3, 5, 6, 7, 9, 11, 12, 15, 16]",6,12,2,0.6965173776637165,0.16666666666666666,0.0,0.0,0.0,0.14285714285714285,0.1111111111111111,0.2,0.2,0.4,0.2516850903345633,0.3373604317506155,0.5726305246353149,0.7669600248336792,0.18292903900146484,0.8824489116668701,0.11755108833312988,0.7516930103302002,0.2483069896697998,0.6965027320704857,0.16666666666666666,0.0,0.0,0.0,0.14285714285714285,0.1111111111111111,0.2,0.2,0.4,0.25167777168945316,0.3373344987630844,0.5724459886550903,0.7669600248336792,0.18292903900146484,0.8824489116668701,0.11755108833312988,0.7516930103302002,0.2483069896697998,0.0,0.0,0.0,0.0,0.0,-0.00018453598022460938,0.0,0.0,0.0,0.0,0.0,-1.464559323072212e-05,0.0,0.0,-2.5932987531063212e-05,0.0,0.0,-7.318645110165889e-06,0.0
20,6,3,"[0, 3, 6, 9, 11, 16]","[1, 2, 4, 5, 7, 8, 10, 12, 13, 14, 15, 17]",6,12,2,0.6957782257840982,0.3333333333333333,0.2,0.3333333333333333,0.14285714285714285,0.3142857142857143,0.3333333333333333,0.37142857142857144,0.37142857142857144,0.2857142857142857,0.2513155334852671,0.17028890053431195,0.5681211352348328,0.7557152509689331,0.1928246021270752,0.8780534267425537,0.12194657325744629,0.7362974286079407,0.2637025713920593,0.6959004507331826,0.3333333333333333,0.2,0.3333333333333333,0.14285714285714285,0.3142857142857143,0.3333333333333333,0.37142857142857144,0.37142857142857144,0.2857142857142857,0.25137661984189297,0.17035903036594396,0.5681062340736389,0.7557152509689331,0.1928246021270752,0.8780534267425537,0.12194657325744629,0.7362974286079407,0.2637025713920593,0.0,0.0,0.0,0.0,0.0,-1.4901161193847656e-05,0.0,0.0,0.0,0.0,0.0,0.00012222494908442627,0.0,0.0,7.012983163201536e-05,0.0,0.0,6.108635662588346e-05,0.0
20,9,1,"[0, 5, 8, 9, 10, 11, 14, 16, 17]","[1, 2, 3, 4, 6, 7, 12, 13, 15]",9,9,2,0.6937626449771882,0.3333333333333333,0.25,0.3333333333333333,0.2,0.325,0.3333333333333333,0.35,0.35,0.55,0.25030784271168777,0.17093646526336675,0.5959382057189941,0.7935385704040527,0.15934079885482788,0.894332766532898,0.10566723346710205,0.7869856357574463,0.2130143642425537,0.6938506695440496,0.3333333333333333,0.25,0.3333333333333333,0.2,0.325,0.3333333333333333,0.35,0.35,0.5,0.2503518415332679,0.17094724708133274,0.595349907875061,0.7935385704040527,0.15934079885482788,0.894332766532898,0.10566723346710205,0.7869856357574463,0.2130143642425537,-0.050000000000000044,0.0,0.0,0.0,0.0,-0.0005882978439331055,0.0,0.0,0.0,0.0,0.0,8.802456686141102e-05,0.0,0.0,1.0781817965987983e-05,0.0,0.0,4.39988215801268e-05,0.0
20,9,2,"[1, 2, 3, 4, 6, 7, 12, 13, 15]","[0, 5, 8, 9, 10, 11, 14, 16, 17]",9,9,2,0.6968572009267631,0.3333333333333333,0.0,0.0,0.0,0.25,0.1875,0.375,0.375,0.2,0.2518549382543768,0.17076499594582456,0.604164719581604,0.7186392545700073,0.2257596254348755,0.8623397946357727,0.1376602053642273,0.6861408948898315,0.31385910511016846,0.696907350874338,0.3333333333333333,0.0,0.0,0.0,0.25,0.1875,0.375,0.375,0.2,0.25188000434039004,0.17067703935835093,0.6038084030151367,0.7186392545700073,0.2257596254348755,0.8623397946357727,0.1376602053642273,0.6861408948898315,0.31385910511016846,0.0,0.0,0.0,0.0,0.0,-0.00035631656646728516,0.0,0.0,0.0,0.0,0.0,5.014994757490676e-05,0.0,0.0,-8.795658747362545e-05,0.0,0.0,2.5066086013214584e-05,0.0
20,12,1,"[2, 4, 5, 6, 7, 8, 9, 11, 12, 13, 15, 16]","[0, 1, 3, 10, 14, 17]",12,6,2,0.696331934161741,0.3333333333333333,0.0,0.0,0.0,0.25,0.2,0.3333333333333333,0.3333333333333333,0.22222222222222224,0.2515922864534823,0.1708814303080241,0.6538503170013428,0.7332636713981628,0.21231794357299805,0.8722845911979675,0.1277153491973877,0.703079342842102,0.2969205975532532,0.6962122127370794,0.3333333333333333,0.0,0.0,0.0,0.25,0.2,0.3333333333333333,0.3333333333333333,0.22222222222222224,0.2515324320413533,0.1707763870557149,0.6546127796173096,0.7332636713981628,0.21231794357299805,0.8722845911979675,0.1277153491973877,0.703079342842102,0.2969205975532532,0.0,0.0,0.0,0.0,0.0,0.0007624626159667969,0.0,0.0,0.0,0.0,0.0,-0.00011972142466154523,0.0,0.0,-0.00010504325230920042,0.0,0.0,-5.9854412129023427e-05,0.0
20,12,2,"[0, 1, 3, 4, 5, 8, 9, 10, 12, 13, 15, 17]","[2, 6, 7, 11, 14, 16]",12,6,2,0.698525140678269,0.16666666666666666,0.0,0.0,0.0,0.14285714285714285,0.125,0.16666666666666666,0.16666666666666666,0.0,0.2526888830599499,0.33651028076807665,0.6800069212913513,0.7973796129226685,0.15603184700012207,0.8986305594444275,0.10136944055557251,0.7893058657646179,0.21069413423538208,0.6985491974801131,0.16666666666666666,0.0,0.0,0.0,0.14285714285714285,0.125,0.16666666666666666,0.16666666666666666,0.0,0.25270090710054643,0.33648417393366503,0.6796414256095886,0.7973796129226685,0.15603184700012207,0.8986305594444275,0.10136944055557251,0.7893058657646179,0.21069413423538208,0.0,0.0,0.0,0.0,0.0,-0.0003654956817626953,0.0,0.0,0.0,0.0,0.0,2.4056801844141162e-05,0.0,0.0,-2.6106834411621094e-05,0.0,0.0,1.202404059652551e-05,0.0
20,12,3,"[0, 2, 4, 7, 8, 9, 10, 11, 12, 14, 16, 17]","[1, 3, 5, 6, 13, 15]",12,6,2,0.6931443831716996,0.3333333333333333,0.0,0.0,0.0,0.25,0.2,0.3333333333333333,0.3333333333333333,0.6666666666666667,0.24999877963677944,0.17217165231704717,0.6420841813087463,0.7895911931991577,0.16304552555084229,0.8925755023956299,0.10742437839508057,0.781333327293396,0.21866655349731445,0.6931290434948814,0.3333333333333333,0.0,0.0,0.0,0.25,0.2,0.3333333333333333,0.3333333333333333,0.6666666666666667,0.2499910981759849,0.17211345831553143,0.6422527432441711,0.7895911931991577,0.16304552555084229,0.8925755023956299,0.10742437839508057,0.781333327293396,0.21866655349731445,0.0,0.0,0.0,0.0,0.0,0.0001685619354248047,0.0,0.0,0.0,0.0,0.0,-1.5339676818215686e-05,0.0,0.0,-5.819400151574339e-05,0.0,0.0,-7.681460794550787e-06,0.0
21,3,1,"[0, 5, 9]","[1, 2, 3, 4, 6, 7, 8, 10, 11, 12, 13, 14, 15, 16, 17]",3,15,2,0.6969304659003323,0.26666666666666666,0.35294117647058826,0.5,0.2727272727272727,0.25339366515837103,0.3055555555555556,0.26136363636363635,0.26136363636363635,0.28409090909090906,0.25189157490174163,0.23662283023198444,0.9928528070449829,0.7233793139457703,0.20661693811416626,0.8669324517250061,0.1330675482749939,0.7198335528373718,0.2801664471626282,0.6967989478363545,0.3333333333333333,0.4444444444444444,0.5714285714285714,0.36363636363636365,0.3055555555555555,0.3482142857142857,0.3068181818181818,0.3068181818181818,0.2727272727272727,0.25182580451607345,0.16995254357655848,0.5582159757614136,0.7233793139457703,0.20661693811416626,0.8669324517250061,0.1330675482749939,0.7198335528373718,0.2801664471626282,-0.011363636363636354,0.04545454545454547,0.0,0.04265873015873012,0.0,-0.43463683128356934,0.06666666666666665,0.0714285714285714,0.0,0.0,0.09090909090909094,-0.00013151806397770915,0.0,0.09150326797385616,-0.06667028665542596,0.0,0.052161890397184496,-6.57703856681846e-05,0.04545454545454547
21,3,2,"[6, 11, 14]","[0, 1, 2, 3, 4, 5, 7, 8, 9, 10, 12, 13, 15, 16, 17]",3,15,2,0.6967082047909786,0.26666666666666666,0.35294117647058826,0.5,0.2727272727272727,0.25339366515837103,0.3055555555555556,0.26136363636363635,0.26136363636363635,0.28409090909090906,0.25178044616315987,0.236499277750651,0.5481717586517334,0.7305462956428528,0.20028185844421387,0.8662461638450623,0.13375383615493774,0.73319011926651,0.26680988073349,0.696590278423715,0.26666666666666666,0.35294117647058826,0.5,0.2727272727272727,0.25339366515837103,0.3055555555555556,0.26136363636363635,0.26136363636363635,0.2727272727272727,0.2517214801771426,0.23646545410156256,0.5478895902633667,0.7305462956428528,0.20028185844421387,0.8662461638450623,0.13375383615493774,0.73319011926651,0.26680988073349,-0.011363636363636354,0.0,0.0,0.0,0.0,-0.0002821683883666992,0.0,0.0,0.0,0.0,0.0,-0.00011792636726359884,0.0,0.0,-3.3823649088438046e-05,0.0,0.0,-5.896598601728975e-05,0.0
21,3,3,"[12, 13, 16]","[0, 1, 2, 3, 4, 5, 6, 7, 8, 9, 10, 11, 14, 15, 17]",3,15,2,0.6954414174670572,0.3333333333333333,0.4444444444444444,0.6666666666666666,0.3333333333333333,0.3055555555555555,0.38888888888888884,0.3333333333333333,0.3333333333333333,0.375,0.25114707566244293,0.16929363807042447,0.563931405544281,0.7266119122505188,0.2039453387260437,0.864922285079956,0.13507771492004395,0.7271870970726013,0.2728129029273987,0.6953871329566269,0.3333333333333333,0.4444444444444444,0.6666666666666666,0.3333333333333333,0.3055555555555555,0.38888888888888884,0.3333333333333333,0.3333333333333333,0.36111111111111116,0.25111992640964154,0.16929087241490687,0.5639053583145142,0.7266119122505188,0.2039453387260437,0.864922285079956,0.13507771492004395,0.7271870970726013,0.2728129029273987,-0.01388888888888884,0.0,0.0,0.0,0.0,-2.6047229766845703e-05,0.0,0.0,0.0,0.0,0.0,-5.428451043032467e-05,0.0,0.0,-2.7656555176003295e-06,0.0,0.0,-2.714925280139502e-05,0.0
21,3,4,"[8, 15, 17]","[0, 1, 2, 3, 4, 5, 6, 7, 9, 10, 11, 12, 13, 14, 16]",3,15,2,0.6960261829607544,0.26666666666666666,0.35294117647058826,0.6,0.25,0.25339366515837103,0.35,0.29166666666666663,0.29166666666666663,0.34722222222222227,0.25143947593590954,0.2360944350560506,0.5597726106643677,0.7314050197601318,0.20025259256362915,0.8676313161849976,0.13236868381500244,0.7318634986877441,0.26813650131225586,0.6959605685601679,0.26666666666666666,0.35294117647058826,0.6,0.25,0.25339366515837103,0.35,0.29166666666666663,0.29166666666666663,0.36111111111111116,0.2514066653982148,0.23603866895039877,0.5597347617149353,0.7314050197601318,0.20025259256362915,0.8676313161849976,0.13236868381500244,0.7318634986877441,0.26813650131225586,0.013888888888888895,0.0,0.0,0.0,0.0,-3.784894943237305e-05,0.0,0.0,0.0,0.0,0.0,-6.561440058650003e-05,0.0,0.0,-5.5766105651833264e-05,0.0,0.0,-3.281053769471631e-05,0.0
21,3,5,"[1, 4, 7]","[0, 2, 3, 5, 6, 8, 9, 10, 11, 12, 13, 14, 15, 16, 17]",3,15,2,0.6975052912760328,0.26666666666666666,0.35294117647058826,0.6,0.25,0.25339366515837103,0.35,0.29166666666666663,0.29166666666666663,0.2916666666666667,0.25217898277515266,0.23660675684611004,0.5676606297492981,0.7210918664932251,0.20852988958358765,0.8680642247200012,0.13193577527999878,0.7148759365081787,0.2851240634918213,0.6975497466957575,0.26666666666666666,0.35294117647058826,0.6,0.25,0.25339366515837103,0.35,0.29166666666666663,0.29166666666666663,0.27777777777777785,0.25220120655774003,0.23660967747370404,0.567835807800293,0.7210918664932251,0.20852988958358765,0.8680642247200012,0.13193577527999878,0.7148759365081787,0.2851240634918213,-0.01388888888888884,0.0,0.0,0.0,0.0,0.00017517805099487305,0.0,0.0,0.0,0.0,0.0,4.445541972475375e-05,0.0,0.0,2.9206275939941406e-06,0.0,0.0,2.2223782587371677e-05,0.0
21,3,6,"[2, 3, 10]","[0, 1, 4, 5, 6, 7, 8, 9, 11, 12, 13, 14, 15, 16, 17]",3,15,2,0.696928025112567,0.26666666666666666,0.42105263157894735,0.5714285714285714,0.3333333333333333,0.21052631578947367,0.2857142857142857,0.16666666666666666,0.16666666666666666,0.08333333333333334,0.25189035348247557,0.23592227300008134,0.563487708568573,0.7207907438278198,0.20851653814315796,0.8634486794471741,0.13655132055282593,0.7195183038711548,0.2804816961288452,0.6969449712384477,0.26666666666666666,0.42105263157894735,0.5714285714285714,0.3333333333333333,0.21052631578947367,0.2857142857142857,0.16666666666666666,0.16666666666666666,0.08333333333333334,0.2518988281540477,0.23592610359191896,0.5638644099235535,0.7207907438278198,0.20851653814315796,0.8634486794471741,0.13655132055282593,0.7195183038711548,0.2804816961288452,0.0,0.0,0.0,0.0,0.0,0.00037670135498046875,0.0,0.0,0.0,0.0,0.0,1.6946125880656915e-05,0.0,0.0,3.8305918376169146e-06,0.0,0.0,8.474671572111792e-06,0.0
21,6,1,"[4, 6, 8, 10, 11, 12]","[0, 1, 2, 3, 5, 7, 9, 13, 14, 15, 16, 17]",6,12,2,0.6951502337276733,0.4166666666666667,0.5333333333333333,0.6666666666666666,0.4444444444444444,0.37777777777777777,0.41666666666666663,0.38888888888888884,0.38888888888888884,0.3703703703703704,0.25100148526455074,0.08618613084157306,0.5609835386276245,0.723320484161377,0.20615828037261963,0.8643200993537903,0.13567990064620972,0.7233633399009705,0.27663666009902954,0.6950340225100651,0.4166666666666667,0.5333333333333333,0.6666666666666666,0.4444444444444444,0.37777777777777777,0.41666666666666663,0.38888888888888884,0.38888888888888884,0.3703703703703704,0.2509433642521682,0.08614592254161829,0.5605195760726929,0.723320484161377,0.20615828037261963,0.8643200993537903,0.13567990064620972,0.7233633399009705,0.27663666009902954,0.0,0.0,0.0,0.0,0.0,-0.0004639625549316406,0.0,0.0,0.0,0.0,0.0,-0.00011621121760818642,0.0,0.0,-4.0208299954769267e-05,0.0,0.0,-5.812101238256151e-05,0.0
21,6,2,"[0, 2, 3, 9, 15, 16]","[1, 4, 5, 6, 7, 8, 10, 11, 12, 13, 14, 17]",6,12,2,0.6967368712981984,0.25,0.4,0.6,0.3,0.2,0.3,0.15,0.15,0.15000000000000002,0.25179479182505077,0.2525739471117655,0.6099714636802673,0.7203627228736877,0.2095063328742981,0.8624289631843567,0.1375710368156433,0.7185584306716919,0.2814415693283081,0.6967303828836283,0.25,0.4,0.6,0.3,0.2,0.3,0.15,0.15,0.15000000000000002,0.25179154541095,0.2525815864404043,0.6090738773345947,0.7203627228736877,0.2095063328742981,0.8624289631843567,0.1375710368156433,0.7185584306716919,0.2814415693283081,0.0,0.0,0.0,0.0,0.0,-0.0008975863456726074,0.0,0.0,0.0,0.0,0.0,-6.4884145700716545e-06,0.0,0.0,7.63932863878658e-06,0.0,0.0,-3.246414100765982e-06,0.0
21,6,3,"[1, 5, 7, 13, 14, 17]","[0, 2, 3, 4, 6, 8, 9, 10, 11, 12, 15, 16]",6,12,2,0.6978826887279896,0.16666666666666666,0.16666666666666666,0.3333333333333333,0.1111111111111111,0.16666666666666666,0.2222222222222222,0.2222222222222222,0.2222222222222222,0.2777777777777778,0.2523676773708396,0.3367595275243124,0.5650864243507385,0.7332366704940796,0.19840210676193237,0.8718734383583069,0.12812656164169312,0.7313222885131836,0.2686777114868164,0.6977031678082771,0.16666666666666666,0.16666666666666666,0.3333333333333333,0.1111111111111111,0.16666666666666666,0.2222222222222222,0.2222222222222222,0.2222222222222222,0.29629629629629634,0.2522779231303034,0.3366379141807556,0.5652310252189636,0.7332366704940796,0.19840210676193237,0.8718734383583069,0.12812656164169312,0.7313222885131836,0.2686777114868164,0.018518518518518545,0.0,0.0,0.0,0.0,0.00014460086822509766,0.0,0.0,0.0,0.0,0.0,-0.00017952091971251694,0.0,0.0,-0.00012161334355675901,0.0,0.0,-8.975424053619951e-05,0.0
21,9,1,"[0, 1, 4, 5, 7, 10, 13, 14, 16]","[2, 3, 6, 8, 9, 11, 12, 15, 17]",9,9,2,0.6972296910837459,0.2222222222222222,0.2222222222222222,0.5,0.14285714285714285,0.2222222222222222,0.3214285714285714,0.3214285714285714,0.3214285714285714,0.42857142857142855,0.2520411796885286,0.28136949406729805,0.6226539015769958,0.718056321144104,0.2108951210975647,0.8661923408508301,0.13380759954452515,0.7120171785354614,0.2879827618598938,0.6970367164827803,0.2222222222222222,0.2222222222222222,0.5,0.14285714285714285,0.2222222222222222,0.3214285714285714,0.3214285714285714,0.3214285714285714,0.42857142857142855,0.251944700264119,0.28126759661568534,0.6231055855751038,0.718056321144104,0.2108951210975647,0.8661923408508301,0.13380759954452515,0.7120171785354614,0.2879827618598938,0.0,0.0,0.0,0.0,0.0,0.00045168399810791016,0.0,0.0,0.0,0.0,0.0,-0.0001929746009655675,0.0,0.0,-0.00010189745161270913,0.0,0.0,-9.647942440960122e-05,0.0
21,9,2,"[2, 3, 6, 8, 9, 11, 12, 15, 17]","[0, 1, 4, 5, 7, 10, 13, 14, 16]",9,9,2,0.695950330854579,0.3333333333333333,0.5,0.6,0.42857142857142855,0.25,0.3,0.21428571428571427,0.21428571428571427,0.07142857142857142,0.25140152646886993,0.16897693607542247,0.6031123399734497,0.733223557472229,0.19848257303237915,0.866222620010376,0.13377726078033447,0.736812174320221,0.2631877660751343,0.6958612902839892,0.3333333333333333,0.5,0.6,0.42857142857142855,0.25,0.3,0.21428571428571427,0.21428571428571427,0.07142857142857142,0.2513570114097501,0.1689854264259339,0.6028227806091309,0.733223557472229,0.19848257303237915,0.866222620010376,0.13377726078033447,0.736812174320221,0.2631877660751343,0.0,0.0,0.0,0.0,0.0,-0.00028955936431884766,0.0,0.0,0.0,0.0,0.0,-8.904057058978232e-05,0.0,0.0,8.490350511425326e-06,0.0,0.0,-4.451505911984288e-05,0.0
21,12,1,"[0, 1, 2, 3, 5, 8, 9, 10, 12, 13, 16, 17]","[4, 6, 7, 11, 14, 15]",12,6,2,0.6975568433603071,0.16666666666666666,0.2857142857142857,0.5,0.2,0.14285714285714285,0.25,0.1,0.1,0.0,0.25220472530636817,0.33575358986854553,0.6164861917495728,0.7092760801315308,0.21916097402572632,0.8570078611373901,0.14299219846725464,0.7046703100204468,0.295329749584198,0.6972417935733685,0.3333333333333333,0.5,0.6666666666666666,0.4,0.25,0.3333333333333333,0.2,0.2,0.0,0.25204718549018895,0.16903807719548541,0.6163898706436157,0.7092760801315308,0.21916097402572632,0.8570078611373901,0.14299219846725464,0.7046703100204468,0.295329749584198,0.0,0.1,0.0,0.08333333333333331,0.0,-9.632110595703125e-05,0.16666666666666666,0.16666666666666663,0.0,0.0,0.2,-0.00031504978693863706,0.0,0.2142857142857143,-0.16671551267306012,0.0,0.10714285714285715,-0.00015753981617921964,0.1
21,12,2,"[1, 2, 3, 4, 5, 6, 7, 10, 11, 12, 13, 16]","[0, 8, 9, 14, 15, 17]",12,6,2,0.6965335183130921,0.5,0.6666666666666666,0.75,0.6,0.3333333333333333,0.375,0.3,0.3,0.0,0.25169305862932045,0.0024998088677724573,0.5738561153411865,0.7165624499320984,0.21093428134918213,0.8682111501693726,0.13178884983062744,0.7099204063415527,0.29007959365844727,0.6963437579040375,0.5,0.6666666666666666,0.75,0.6,0.3333333333333333,0.375,0.3,0.3,0.0,0.2515981839492265,0.002638449271520016,0.5732154846191406,0.7165624499320984,0.21093428134918213,0.8682111501693726,0.13178884983062744,0.7099204063415527,0.29007959365844727,0.0,0.0,0.0,0.0,0.0,-0.0006406307220458984,0.0,0.0,0.0,0.0,0.0,-0.00018976040905460678,0.0,0.0,0.0001386404037475586,0.0,0.0,-9.487468009394817e-05,0.0
21,12,3,"[0, 2, 3, 4, 8, 9, 11, 12, 14, 15, 16, 17]","[1, 5, 6, 7, 10, 13]",12,6,2,0.6973971159841242,0.16666666666666666,0.2857142857142857,0.5,0.2,0.14285714285714285,0.25,0.1,0.1,0.2,0.2521249008123047,0.3363990585009258,0.6058655977249146,0.7153308987617493,0.2142573595046997,0.852891206741333,0.14710873365402222,0.7185940146446228,0.2814059257507324,0.6968915779498812,0.16666666666666666,0.2857142857142857,0.5,0.2,0.14285714285714285,0.25,0.1,0.1,0.2,0.2518721456885921,0.3362470865249634,0.6048259139060974,0.7153308987617493,0.2142573595046997,0.852891206741333,0.14710873365402222,0.7185940146446228,0.2814059257507324,0.0,0.0,0.0,0.0,0.0,-0.0010396838188171387,0.0,0.0,0.0,0.0,0.0,-0.0005055380342430249,0.0,0.0,-0.00015197197596239498,0.0,0.0,-0.0002527551237125891,0.0
22,3,1,"[2, 8, 15]","[0, 1, 3, 4, 5, 6, 7, 9, 10, 11, 12, 13, 14, 16, 17]",3,15,2,0.6930889085700043,0.5333333333333333,0.631578947368421,0.5454545454545454,0.75,0.49760765550239233,0.5227272727272727,0.5178571428571428,0.5178571428571428,0.4642857142857143,0.2499708609884919,0.030964318911234523,1.068537950515747,0.8289495706558228,0.12523508071899414,0.9181001782417297,0.08189988136291504,0.8314297199249268,0.1685703992843628,0.6930817941337403,0.5333333333333333,0.631578947368421,0.5454545454545454,0.75,0.49760765550239233,0.5227272727272727,0.5178571428571428,0.5178571428571428,0.4821428571428571,0.24996730104094322,0.030951853593190526,0.5707961320877075,0.8289495706558228,0.12523508071899414,0.9181001782417297,0.08189988136291504,0.8314297199249268,0.1685703992843628,0.017857142857142794,0.0,0.0,0.0,0.0,-0.49774181842803955,0.0,0.0,0.0,0.0,0.0,-7.114436263999657e-06,0.0,0.0,-1.2465318043997087e-05,0.0,0.0,-3.5599475486647325e-06,0.0
22,3,2,"[1, 7, 12]","[0, 2, 3, 4, 5, 6, 8, 9, 10, 11, 13, 14, 15, 16, 17]",3,15,2,0.6942909644943147,0.4666666666666667,0.6,0.5,0.75,0.4,0.41666666666666663,0.4464285714285714,0.4464285714285714,0.3392857142857143,0.25057187852425794,0.03545666933059688,0.5661005973815918,0.8331985473632812,0.12138116359710693,0.9205563068389893,0.07944369316101074,0.8366813659667969,0.16331863403320312,0.6942705835084264,0.4666666666666667,0.6,0.5,0.75,0.4,0.41666666666666663,0.4464285714285714,0.4464285714285714,0.3392857142857143,0.25056169445471477,0.03547925154368081,0.5663608312606812,0.8331985473632812,0.12138116359710693,0.9205563068389893,0.07944369316101074,0.8366813659667969,0.16331863403320312,0.0,0.0,0.0,0.0,0.0,0.00026023387908935547,0.0,0.0,0.0,0.0,0.0,-2.038098588830195e-05,0.0,0.0,2.25822130839326e-05,0.0,0.0,-1.0184069543173191e-05,0.0
22,3,3,"[4, 9, 13]","[0, 1, 2, 3, 5, 6, 7, 8, 10, 11, 12, 14, 15, 16, 17]",3,15,2,0.6926663643938682,0.6,0.7,0.6363636363636364,0.7777777777777778,0.55,0.5681818181818181,0.5555555555555556,0.5555555555555556,0.5,0.2497595903321382,0.09759526252746575,0.5721315741539001,0.8157205581665039,0.13638067245483398,0.9116722345352173,0.08832776546478271,0.8155664205551147,0.18443357944488525,0.6926567820167983,0.6,0.7,0.6363636363636364,0.7777777777777778,0.55,0.5681818181818181,0.5555555555555556,0.5555555555555556,0.5,0.24975480490815613,0.09757430156071978,0.5725814700126648,0.8157205581665039,0.13638067245483398,0.9116722345352173,0.08832776546478271,0.8155664205551147,0.18443357944488525,0.0,0.0,0.0,0.0,0.0,0.00044989585876464844,0.0,0.0,0.0,0.0,0.0,-9.582377069938808e-06,0.0,0.0,-2.0960966745975362e-05,0.0,0.0,-4.785423982078818e-06,0.0
22,3,4,"[0, 10, 16]","[1, 2, 3, 4, 5, 6, 7, 8, 9, 11, 12, 13, 14, 15, 17]",3,15,2,0.6926956881924586,0.6,0.7,0.5833333333333334,0.875,0.55,0.625,0.5803571428571428,0.5803571428571428,0.5535714285714285,0.24977425536815184,0.0979748725891113,0.5671543478965759,0.8284096717834473,0.12510883808135986,0.9148432612419128,0.08515667915344238,0.8349390029907227,0.1650608777999878,0.6926772867561497,0.6,0.7,0.5833333333333334,0.875,0.55,0.625,0.5803571428571428,0.5803571428571428,0.5535714285714285,0.24976504511548622,0.09796365102132154,0.567205548286438,0.8284096717834473,0.12510883808135986,0.9148432612419128,0.08515667915344238,0.8349390029907227,0.1650608777999878,0.0,0.0,0.0,0.0,0.0,5.120038986206055e-05,0.0,0.0,0.0,0.0,0.0,-1.840143630893465e-05,0.0,0.0,-1.1221567789765352e-05,0.0,0.0,-9.210252665620144e-06,0.0
22,3,5,"[3, 5, 11]","[0, 1, 2, 4, 6, 7, 8, 9, 10, 12, 13, 14, 15, 16, 17]",3,15,2,0.6926158454117637,0.6,0.7,0.5833333333333334,0.875,0.55,0.625,0.5803571428571428,0.5803571428571428,0.5357142857142857,0.2497343318631876,0.097736390431722,0.5754027366638184,0.8190881609916687,0.13354134559631348,0.9108105897903442,0.08918946981430054,0.8221068382263184,0.17789322137832642,0.6926221633328888,0.6,0.7,0.5833333333333334,0.875,0.55,0.625,0.5803571428571428,0.5803571428571428,0.5357142857142857,0.24973749438655665,0.09769761959711709,0.5750802755355835,0.8190881609916687,0.13354134559631348,0.9108105897903442,0.08918946981430054,0.8221068382263184,0.17789322137832642,0.0,0.0,0.0,0.0,0.0,-0.0003224611282348633,0.0,0.0,0.0,0.0,0.0,6.317921125154058e-06,0.0,0.0,-3.877083460490649e-05,0.0,0.0,3.162523369043546e-06,0.0
22,3,6,"[6, 14, 17]","[0, 1, 2, 3, 4, 5, 7, 8, 9, 10, 11, 12, 13, 15, 16]",3,15,2,0.6933807179111529,0.5333333333333333,0.6666666666666666,0.5833333333333334,0.7777777777777778,0.4444444444444444,0.45833333333333337,0.4722222222222222,0.4722222222222222,0.3703703703703704,0.25011676450349835,0.030961902936299635,0.563117265701294,0.8231350183486938,0.12993532419204712,0.9113386869430542,0.0886613130569458,0.8287908434867859,0.1712091565132141,0.693308699943605,0.5333333333333333,0.6666666666666666,0.5833333333333334,0.7777777777777778,0.4444444444444444,0.45833333333333337,0.4722222222222222,0.4722222222222222,0.38888888888888895,0.2500807527922533,0.030995984872182247,0.5633590817451477,0.8231350183486938,0.12993532419204712,0.9113386869430542,0.0886613130569458,0.8287908434867859,0.1712091565132141,0.018518518518518545,0.0,0.0,0.0,0.0,0.00024181604385375977,0.0,0.0,0.0,0.0,0.0,-7.201796754785494e-05,0.0,0.0,3.408193588261277e-05,0.0,0.0,-3.60117112450653e-05,0.0
22,6,1,"[4, 5, 6, 9, 16, 17]","[0, 1, 2, 3, 7, 8, 10, 11, 12, 13, 14, 15]",6,12,2,0.6921464185679049,0.6666666666666666,0.75,0.6666666666666666,0.8571428571428571,0.625,0.6666666666666666,0.6285714285714286,0.6285714285714286,0.5142857142857142,0.24949963090866634,0.1643483738104502,0.5867250561714172,0.8157103657722473,0.13777315616607666,0.9085981249809265,0.09140193462371826,0.8158556818962097,0.18414431810379028,0.6921554475074848,0.6666666666666666,0.75,0.6666666666666666,0.8571428571428571,0.625,0.6666666666666666,0.6285714285714286,0.6285714285714286,0.5142857142857142,0.24950413317485198,0.16433067619800568,0.585848331451416,0.8157103657722473,0.13777315616607666,0.9085981249809265,0.09140193462371826,0.8158556818962097,0.18414431810379028,0.0,0.0,0.0,0.0,0.0,-0.0008767247200012207,0.0,0.0,0.0,0.0,0.0,9.02893957988038e-06,0.0,0.0,-1.7697612444522726e-05,0.0,0.0,4.50226618564642e-06,0.0
22,6,2,"[1, 3, 8, 10, 11, 12]","[0, 2, 4, 5, 6, 7, 9, 13, 14, 15, 16, 17]",6,12,2,0.6942745233146548,0.5,0.5714285714285714,0.5,0.6666666666666666,0.4857142857142857,0.5,0.5,0.5,0.3888888888888889,0.25056365583834056,0.0020454774300256995,0.5874258279800415,0.8406998515129089,0.11411958932876587,0.9253216981887817,0.07467830181121826,0.8464391231536865,0.15356087684631348,0.6943264802967667,0.5,0.5714285714285714,0.5,0.6666666666666666,0.4857142857142857,0.5,0.5,0.5,0.3888888888888889,0.2505896402985972,0.0020746191342672082,0.5870692133903503,0.8406998515129089,0.11411958932876587,0.9253216981887817,0.07467830181121826,0.8464391231536865,0.15356087684631348,0.0,0.0,0.0,0.0,0.0,-0.0003566145896911621,0.0,0.0,0.0,0.0,0.0,5.1956982111911465e-05,0.0,0.0,2.9141704241508748e-05,0.0,0.0,2.5984460256645026e-05,0.0
22,6,3,"[0, 2, 7, 13, 14, 15]","[1, 3, 4, 5, 6, 8, 9, 10, 11, 12, 16, 17]",6,12,2,0.6929483026042215,0.5,0.6666666666666666,0.5454545454545454,0.8571428571428571,0.3333333333333333,0.2727272727272727,0.42857142857142855,0.42857142857142855,0.5142857142857142,0.24990055404285605,0.0024148573478063318,0.5717006325721741,0.8178409337997437,0.13389819860458374,0.9097408056259155,0.09025919437408447,0.8224626779556274,0.17753732204437256,0.6929230968065756,0.5,0.6666666666666666,0.5454545454545454,0.8571428571428571,0.3333333333333333,0.2727272727272727,0.42857142857142855,0.42857142857142855,0.5428571428571428,0.2498879571564394,0.002361704905827877,0.5722713470458984,0.8178409337997437,0.13389819860458374,0.9097408056259155,0.09025919437408447,0.8224626779556274,0.17753732204437256,0.02857142857142858,0.0,0.0,0.0,0.0,0.0005707144737243652,0.0,0.0,0.0,0.0,0.0,-2.520579764586639e-05,0.0,0.0,-5.315244197845459e-05,0.0,0.0,-1.2596886416638142e-05,0.0
22,9,1,"[0, 3, 5, 6, 7, 9, 11, 12, 13]","[1, 2, 4, 8, 10, 14, 15, 16, 17]",9,9,2,0.692658113149748,0.6666666666666666,0.7692307692307693,0.625,1.0,0.5846153846153846,0.8125,0.625,0.625,0.5,0.2497554555931542,0.1645563244819641,0.6084965467453003,0.8332616090774536,0.12128525972366333,0.9159501194953918,0.08404988050460815,0.8414793610572815,0.1585206389427185,0.6926230299818515,0.6666666666666666,0.7692307692307693,0.625,1.0,0.5846153846153846,0.8125,0.625,0.625,0.5,0.24973792333145894,0.16449144151475692,0.6082385778427124,0.8332616090774536,0.12128525972366333,0.9159501194953918,0.08404988050460815,0.8414793610572815,0.1585206389427185,0.0,0.0,0.0,0.0,0.0,-0.0002579689025878906,0.0,0.0,0.0,0.0,0.0,-3.508316789646582e-05,0.0,0.0,-6.488296720719156e-05,0.0,0.0,-1.753226169526334e-05,0.0
22,9,2,"[1, 2, 4, 8, 10, 14, 15, 16, 17]","[0, 3, 5, 6, 7, 9, 11, 12, 13]",9,9,2,0.6935880831728647,0.4444444444444444,0.5454545454545454,0.5,0.6,0.41558441558441556,0.41666666666666663,0.425,0.425,0.4,0.25022045824057254,0.05796431832843363,0.5975768566131592,0.8162392377853394,0.13590872287750244,0.913157045841217,0.08684295415878296,0.8150254487991333,0.1849745512008667,0.693623506857032,0.4444444444444444,0.5454545454545454,0.5,0.6,0.41558441558441556,0.41666666666666663,0.425,0.425,0.4,0.250238169576066,0.057972583505842445,0.5972504019737244,0.8162392377853394,0.13590872287750244,0.913157045841217,0.08684295415878296,0.8150254487991333,0.1849745512008667,0.0,0.0,0.0,0.0,0.0,-0.00032645463943481445,0.0,0.0,0.0,0.0,0.0,3.5423684167312786e-05,0.0,0.0,8.26517740881716e-06,0.0,0.0,1.771133549344217e-05,0.0
22,12,1,"[0, 3, 5, 6, 8, 9, 10, 11, 12, 13, 14, 15]","[1, 2, 4, 7, 16, 17]",12,6,2,0.6927078727036973,0.6666666666666666,0.75,0.6,1.0,0.625,0.8,0.6666666666666666,0.6666666666666666,0.4444444444444445,0.24978034570118623,0.1645429333051045,0.673626184463501,0.8087908029556274,0.14002609252929688,0.9053233861923218,0.09467661380767822,0.8146244883537292,0.18537551164627075,0.6927403105277025,0.6666666666666666,0.75,0.6,1.0,0.625,0.8,0.6666666666666666,0.6666666666666666,0.4444444444444445,0.24979655989985558,0.16447773575782776,0.6730007529258728,0.8087908029556274,0.14002609252929688,0.9053233861923218,0.09467661380767822,0.8146244883537292,0.18537551164627075,0.0,0.0,0.0,0.0,0.0,-0.0006254315376281738,0.0,0.0,0.0,0.0,0.0,3.243782400519368e-05,0.0,0.0,-6.519754727674076e-05,0.0,0.0,1.621419866934537e-05,0.0
22,12,2,"[0, 1, 4, 5, 7, 8, 11, 12, 13, 14, 15, 16]","[2, 3, 6, 9, 10, 17]",12,6,2,0.6919563446501433,0.5,0.6666666666666666,0.5,1.0,0.3333333333333333,0.25,0.5,0.5,0.7777777777777778,0.24940459559668682,0.001827379067738888,0.7092174887657166,0.7606275081634521,0.18244189023971558,0.8921189904212952,0.10788100957870483,0.7429971694946289,0.2570028305053711,0.6919359343652701,0.5,0.6666666666666666,0.5,1.0,0.3333333333333333,0.25,0.5,0.5,0.7777777777777778,0.24939438641080316,0.0019182264804840088,0.7067514061927795,0.7606275081634521,0.18244189023971558,0.8921189904212952,0.10788100957870483,0.7429971694946289,0.2570028305053711,0.0,0.0,0.0,0.0,0.0,-0.0024660825729370117,0.0,0.0,0.0,0.0,0.0,-2.041028487320684e-05,0.0,0.0,9.084741274512087e-05,0.0,0.0,-1.0209185883652827e-05,0.0
22,12,3,"[1, 3, 4, 5, 8, 10, 11, 12, 14, 15, 16, 17]","[0, 2, 6, 7, 9, 13]",12,6,2,0.6933439776322405,0.5,0.5714285714285714,0.5,0.6666666666666666,0.4857142857142857,0.5,0.5,0.5,0.4444444444444445,0.25009839148531254,0.002096891403198242,0.6984336376190186,0.7707575559616089,0.17384988069534302,0.8909170627593994,0.10908299684524536,0.7613832950592041,0.23861676454544067,0.6932667538908676,0.5,0.5714285714285714,0.5,0.6666666666666666,0.4857142857142857,0.5,0.5,0.5,0.4444444444444445,0.25005978622388936,0.0021417240301767615,0.6965478658676147,0.7707575559616089,0.17384988069534302,0.8909170627593994,0.10908299684524536,0.7613832950592041,0.23861676454544067,0.0,0.0,0.0,0.0,0.0,-0.0018857717514038086,0.0,0.0,0.0,0.0,0.0,-7.722374137297816e-05,0.0,0.0,4.483262697851931e-05,0.0,0.0,-3.8605261423185766e-05,0.0
