fold,trial_index,subject_id,trial_id,n_windows,y_true,y_pred,correct,p_pred,confidence,p_class_0,p_class_1,target_subject,calibration_fold,calibration_shots,stage
1,0,0,0,60,1,0,0,0.5023677945137024,0.5023677945137024,0.5023677945137024,0.49763223528862,0,,,zero_shot_all_trials
1,1,0,1,60,1,0,0,0.5010645389556885,0.5010645389556885,0.5010645389556885,0.49893543124198914,0,,,zero_shot_all_trials
1,2,0,2,60,1,0,0,0.501532256603241,0.501532256603241,0.501532256603241,0.4984677731990814,0,,,zero_shot_all_trials
1,3,0,3,60,1,0,0,0.5021831393241882,0.5021831393241882,0.5021831393241882,0.49781686067581177,0,,,zero_shot_all_trials
1,4,0,4,60,1,0,0,0.5000698566436768,0.5000698566436768,0.5000698566436768,0.49993017315864563,0,,,zero_shot_all_trials
1,5,0,5,60,0,0,1,0.5014539957046509,0.5014539957046509,0.5014539957046509,0.4985460340976715,0,,,zero_shot_all_trials
1,6,0,6,60,1,0,0,0.5021744966506958,0.5021744966506958,0.5021744966506958,0.4978254735469818,0,,,zero_shot_all_trials
1,7,0,7,60,0,0,1,0.5003703832626343,0.5003703832626343,0.5003703832626343,0.4996296763420105,0,,,zero_shot_all_trials
1,8,0,8,60,0,0,1,0.501330554485321,0.501330554485321,0.501330554485321,0.49866941571235657,0,,,zero_shot_all_trials
1,9,0,9,60,1,0,0,0.5007373690605164,0.5007373690605164,0.5007373690605164,0.49926263093948364,0,,,zero_shot_all_trials
1,10,0,10,60,1,0,0,0.5022711157798767,0.5022711157798767,0.5022711157798767,0.4977288842201233,0,,,zero_shot_all_trials
1,11,0,11,60,1,0,0,0.5027953386306763,0.5027953386306763,0.5027953386306763,0.49720466136932373,0,,,zero_shot_all_trials
1,12,0,12,60,1,0,0,0.500447154045105,0.500447154045105,0.500447154045105,0.499552845954895,0,,,zero_shot_all_trials
1,13,0,13,60,1,0,0,0.5026421546936035,0.5026421546936035,0.5026421546936035,0.49735787510871887,0,,,zero_shot_all_trials
1,14,0,14,60,0,0,1,0.5025762319564819,0.5025762319564819,0.5025762319564819,0.49742376804351807,0,,,zero_shot_all_trials
1,15,0,15,60,1,0,0,0.5024978518486023,0.5024978518486023,0.5024978518486023,0.4975021183490753,0,,,zero_shot_all_trials
1,16,0,16,60,0,0,1,0.5012559294700623,0.5012559294700623,0.5012559294700623,0.49874407052993774,0,,,zero_shot_all_trials
1,17,0,17,60,1,0,0,0.5025423169136047,0.5025423169136047,0.5025423169136047,0.49745768308639526,0,,,zero_shot_all_trials
1,0,0,0,60,1,0,0,0.5023677945137024,0.5023677945137024,0.5023677945137024,0.49763223528862,0,1,3,zero_shot_paired
1,1,0,1,60,1,0,0,0.5010645389556885,0.5010645389556885,0.5010645389556885,0.4989354908466339,0,1,3,zero_shot_paired
1,2,0,2,60,1,0,0,0.501532256603241,0.501532256603241,0.501532256603241,0.4984677731990814,0,1,3,zero_shot_paired
1,3,0,3,60,1,0,0,0.5021831393241882,0.5021831393241882,0.5021831393241882,0.49781686067581177,0,1,3,zero_shot_paired
1,4,0,4,60,1,0,0,0.5000699758529663,0.5000699758529663,0.5000699758529663,0.4999300241470337,0,1,3,zero_shot_paired
1,5,0,5,60,0,0,1,0.5014537572860718,0.5014537572860718,0.5014537572860718,0.4985462427139282,0,1,3,zero_shot_paired
1,6,0,6,60,1,0,0,0.5021744966506958,0.5021744966506958,0.5021744966506958,0.4978254735469818,0,1,3,zero_shot_paired
1,7,0,7,60,0,0,1,0.5003703236579895,0.5003703236579895,0.5003703236579895,0.4996296763420105,0,1,3,zero_shot_paired
1,8,0,8,60,0,0,1,0.501330554485321,0.501330554485321,0.501330554485321,0.49866944551467896,0,1,3,zero_shot_paired
1,9,0,9,60,1,0,0,0.5007375478744507,0.5007375478744507,0.5007375478744507,0.4992624819278717,0,1,3,zero_shot_paired
1,10,0,10,60,1,0,0,0.5022711753845215,0.5022711753845215,0.5022711753845215,0.4977288246154785,0,1,3,zero_shot_paired
1,11,0,11,60,1,0,0,0.5027954578399658,0.5027954578399658,0.5027954578399658,0.4972045123577118,0,1,3,zero_shot_paired
1,12,0,13,60,1,0,0,0.5026421546936035,0.5026421546936035,0.5026421546936035,0.4973578453063965,0,1,3,zero_shot_paired
1,13,0,15,60,1,0,0,0.5024978518486023,0.5024978518486023,0.5024978518486023,0.4975021481513977,0,1,3,zero_shot_paired
1,14,0,16,60,0,0,1,0.5012558698654175,0.5012558698654175,0.5012558698654175,0.49874410033226013,0,1,3,zero_shot_paired
1,0,0,0,60,1,0,0,0.5013502836227417,0.5013502836227417,0.5013502836227417,0.4986497461795807,0,1,3,post_calibration
1,1,0,1,60,1,1,1,0.5002233982086182,0.5002233982086182,0.4997766315937042,0.5002233982086182,0,1,3,post_calibration
1,2,0,2,60,1,0,0,0.5006658434867859,0.5006658434867859,0.5006658434867859,0.4993341267108917,0,1,3,post_calibration
1,3,0,3,60,1,0,0,0.5013267993927002,0.5013267993927002,0.5013267993927002,0.4986732304096222,0,1,3,post_calibration
1,4,0,4,60,1,1,1,0.5005321502685547,0.5005321502685547,0.4994678199291229,0.5005321502685547,0,1,3,post_calibration
1,5,0,5,60,0,0,1,0.5006303787231445,0.5006303787231445,0.5006303787231445,0.49936962127685547,0,1,3,post_calibration
1,6,0,6,60,1,0,0,0.5010183453559875,0.5010183453559875,0.5010183453559875,0.4989817142486572,0,1,3,post_calibration
1,7,0,7,60,0,1,0,0.5004510283470154,0.5004510283470154,0.4995489716529846,0.5004510283470154,0,1,3,post_calibration
1,8,0,8,60,0,0,1,0.5006195306777954,0.5006195306777954,0.5006195306777954,0.4993804693222046,0,1,3,post_calibration
1,9,0,9,60,1,0,0,0.5005532503128052,0.5005532503128052,0.5005532503128052,0.49944671988487244,0,1,3,post_calibration
1,10,0,10,60,1,0,0,0.5017423033714294,0.5017423033714294,0.5017423033714294,0.49825772643089294,0,1,3,post_calibration
1,11,0,11,60,1,0,0,0.502135694026947,0.502135694026947,0.502135694026947,0.4978642463684082,0,1,3,post_calibration
1,12,0,13,60,1,0,0,0.5018977522850037,0.5018977522850037,0.5018977522850037,0.49810224771499634,0,1,3,post_calibration
1,13,0,15,60,1,0,0,0.501581072807312,0.501581072807312,0.501581072807312,0.4984189569950104,0,1,3,post_calibration
1,14,0,16,60,0,0,1,0.5004094243049622,0.5004094243049622,0.5004094243049622,0.49959057569503784,0,1,3,post_calibration
2,0,0,0,60,1,0,0,0.5023677945137024,0.5023677945137024,0.5023677945137024,0.49763223528862,0,2,3,zero_shot_paired
2,1,0,1,60,1,0,0,0.5010645389556885,0.5010645389556885,0.5010645389556885,0.4989354908466339,0,2,3,zero_shot_paired
2,2,0,2,60,1,0,0,0.501532256603241,0.501532256603241,0.501532256603241,0.4984677731990814,0,2,3,zero_shot_paired
2,3,0,3,60,1,0,0,0.5021831393241882,0.5021831393241882,0.5021831393241882,0.49781686067581177,0,2,3,zero_shot_paired
2,4,0,5,60,0,0,1,0.5014537572860718,0.5014537572860718,0.5014537572860718,0.4985462427139282,0,2,3,zero_shot_paired
2,5,0,6,60,1,0,0,0.5021744966506958,0.5021744966506958,0.5021744966506958,0.4978254735469818,0,2,3,zero_shot_paired
2,6,0,7,60,0,0,1,0.5003703236579895,0.5003703236579895,0.5003703236579895,0.4996296763420105,0,2,3,zero_shot_paired
2,7,0,8,60,0,0,1,0.501330554485321,0.501330554485321,0.501330554485321,0.49866944551467896,0,2,3,zero_shot_paired
2,8,0,9,60,1,0,0,0.5007375478744507,0.5007375478744507,0.5007375478744507,0.4992624819278717,0,2,3,zero_shot_paired
2,9,0,10,60,1,0,0,0.5022711753845215,0.5022711753845215,0.5022711753845215,0.4977288246154785,0,2,3,zero_shot_paired
2,10,0,11,60,1,0,0,0.5027954578399658,0.5027954578399658,0.5027954578399658,0.4972045123577118,0,2,3,zero_shot_paired
2,11,0,12,60,1,0,0,0.500447154045105,0.500447154045105,0.500447154045105,0.499552845954895,0,2,3,zero_shot_paired
2,12,0,13,60,1,0,0,0.5026421546936035,0.5026421546936035,0.5026421546936035,0.4973578453063965,0,2,3,zero_shot_paired
2,13,0,14,60,0,0,1,0.5025762319564819,0.5025762319564819,0.5025762319564819,0.49742376804351807,0,2,3,zero_shot_paired
2,14,0,17,60,1,0,0,0.5025423169136047,0.5025423169136047,0.5025423169136047,0.4974576532840729,0,2,3,zero_shot_paired
2,0,0,0,60,1,0,0,0.5023328065872192,0.5023328065872192,0.5023328065872192,0.4976671636104584,0,2,3,post_calibration
2,1,0,1,60,1,0,0,0.5007774233818054,0.5007774233818054,0.5007774233818054,0.49922260642051697,0,2,3,post_calibration
2,2,0,2,60,1,0,0,0.5011005997657776,0.5011005997657776,0.5011005997657776,0.4988994300365448,0,2,3,post_calibration
2,3,0,3,60,1,0,0,0.501707911491394,0.501707911491394,0.501707911491394,0.49829211831092834,0,2,3,post_calibration
2,4,0,5,60,0,0,1,0.5012861490249634,0.5012861490249634,0.5012861490249634,0.49871382117271423,0,2,3,post_calibration
2,5,0,6,60,1,0,0,0.5018749237060547,0.5018749237060547,0.5018749237060547,0.4981250762939453,0,2,3,post_calibration
2,6,0,7,60,0,1,0,0.500127911567688,0.500127911567688,0.499872088432312,0.500127911567688,0,2,3,post_calibration
2,7,0,8,60,0,0,1,0.5012430548667908,0.5012430548667908,0.5012430548667908,0.49875694513320923,0,2,3,post_calibration
2,8,0,9,60,1,0,0,0.5006863474845886,0.5006863474845886,0.5006863474845886,0.499313622713089,0,2,3,post_calibration
2,9,0,10,60,1,0,0,0.5024827122688293,0.5024827122688293,0.5024827122688293,0.49751728773117065,0,2,3,post_calibration
2,10,0,11,60,1,0,0,0.5025756359100342,0.5025756359100342,0.5025756359100342,0.4974243640899658,0,2,3,post_calibration
2,11,0,12,60,1,0,0,0.5003597736358643,0.5003597736358643,0.5003597736358643,0.49964019656181335,0,2,3,post_calibration
2,12,0,13,60,1,0,0,0.5025196671485901,0.5025196671485901,0.5025196671485901,0.4974803328514099,0,2,3,post_calibration
2,13,0,14,60,0,0,1,0.5022798776626587,0.5022798776626587,0.5022798776626587,0.4977201223373413,0,2,3,post_calibration
2,14,0,17,60,1,0,0,0.5024026036262512,0.5024026036262512,0.5024026036262512,0.4975973665714264,0,2,3,post_calibration
3,0,0,0,60,1,0,0,0.5023677945137024,0.5023677945137024,0.5023677945137024,0.49763223528862,0,3,3,zero_shot_paired
3,1,0,1,60,1,0,0,0.5010645389556885,0.5010645389556885,0.5010645389556885,0.4989354908466339,0,3,3,zero_shot_paired
3,2,0,2,60,1,0,0,0.501532256603241,0.501532256603241,0.501532256603241,0.4984677731990814,0,3,3,zero_shot_paired
3,3,0,3,60,1,0,0,0.5021831393241882,0.5021831393241882,0.5021831393241882,0.49781686067581177,0,3,3,zero_shot_paired
3,4,0,4,60,1,0,0,0.5000699758529663,0.5000699758529663,0.5000699758529663,0.4999300241470337,0,3,3,zero_shot_paired
3,5,0,5,60,0,0,1,0.5014537572860718,0.5014537572860718,0.5014537572860718,0.4985462427139282,0,3,3,zero_shot_paired
3,6,0,8,60,0,0,1,0.501330554485321,0.501330554485321,0.501330554485321,0.49866944551467896,0,3,3,zero_shot_paired
3,7,0,10,60,1,0,0,0.5022711753845215,0.5022711753845215,0.5022711753845215,0.4977288246154785,0,3,3,zero_shot_paired
3,8,0,11,60,1,0,0,0.5027954578399658,0.5027954578399658,0.5027954578399658,0.4972045123577118,0,3,3,zero_shot_paired
3,9,0,12,60,1,0,0,0.500447154045105,0.500447154045105,0.500447154045105,0.499552845954895,0,3,3,zero_shot_paired
3,10,0,13,60,1,0,0,0.5026421546936035,0.5026421546936035,0.5026421546936035,0.4973578453063965,0,3,3,zero_shot_paired
3,11,0,14,60,0,0,1,0.5025762319564819,0.5025762319564819,0.5025762319564819,0.49742376804351807,0,3,3,zero_shot_paired
3,12,0,15,60,1,0,0,0.5024978518486023,0.5024978518486023,0.5024978518486023,0.4975021481513977,0,3,3,zero_shot_paired
3,13,0,16,60,0,0,1,0.5012558698654175,0.5012558698654175,0.5012558698654175,0.49874410033226013,0,3,3,zero_shot_paired
3,14,0,17,60,1,0,0,0.5025423169136047,0.5025423169136047,0.5025423169136047,0.4974576532840729,0,3,3,zero_shot_paired
3,0,0,0,60,1,0,0,0.5017740726470947,0.5017740726470947,0.5017740726470947,0.4982258975505829,0,3,3,post_calibration
3,1,0,1,60,1,0,0,0.5008415579795837,0.5008415579795837,0.5008415579795837,0.49915847182273865,0,3,3,post_calibration
3,2,0,2,60,1,0,0,0.50116366147995,0.50116366147995,0.50116366147995,0.4988362789154053,0,3,3,post_calibration
3,3,0,3,60,1,0,0,0.5017585158348083,0.5017585158348083,0.5017585158348083,0.4982414245605469,0,3,3,post_calibration
3,4,0,4,60,1,1,1,0.5002502799034119,0.5002502799034119,0.4997497498989105,0.5002502799034119,0,3,3,post_calibration
3,5,0,5,60,0,0,1,0.5012592673301697,0.5012592673301697,0.5012592673301697,0.4987407326698303,0,3,3,post_calibration
3,6,0,8,60,0,0,1,0.5009404420852661,0.5009404420852661,0.5009404420852661,0.49905961751937866,0,3,3,post_calibration
3,7,0,10,60,1,0,0,0.5020930171012878,0.5020930171012878,0.5020930171012878,0.49790698289871216,0,3,3,post_calibration
3,8,0,11,60,1,0,0,0.5022443532943726,0.5022443532943726,0.5022443532943726,0.49775558710098267,0,3,3,post_calibration
3,9,0,12,60,1,1,1,0.5002476572990417,0.5002476572990417,0.49975237250328064,0.5002476572990417,0,3,3,post_calibration
3,10,0,13,60,1,0,0,0.5018927454948425,0.5018927454948425,0.5018927454948425,0.49810725450515747,0,3,3,post_calibration
3,11,0,14,60,0,0,1,0.5021403431892395,0.5021403431892395,0.5021403431892395,0.4978596568107605,0,3,3,post_calibration
3,12,0,15,60,1,0,0,0.5020564198493958,0.5020564198493958,0.5020564198493958,0.49794358015060425,0,3,3,post_calibration
3,13,0,16,60,0,0,1,0.5008291602134705,0.5008291602134705,0.5008291602134705,0.49917080998420715,0,3,3,post_calibration
3,14,0,17,60,1,0,0,0.5020731687545776,0.5020731687545776,0.5020731687545776,0.49792689085006714,0,3,3,post_calibration
4,0,0,0,60,1,0,0,0.5023677945137024,0.5023677945137024,0.5023677945137024,0.49763223528862,0,4,3,zero_shot_paired
4,1,0,1,60,1,0,0,0.5010645389556885,0.5010645389556885,0.5010645389556885,0.4989354908466339,0,4,3,zero_shot_paired
4,2,0,3,60,1,0,0,0.5021831393241882,0.5021831393241882,0.5021831393241882,0.49781686067581177,0,4,3,zero_shot_paired
4,3,0,4,60,1,0,0,0.5000699758529663,0.5000699758529663,0.5000699758529663,0.4999300241470337,0,4,3,zero_shot_paired
4,4,0,6,60,1,0,0,0.5021744966506958,0.5021744966506958,0.5021744966506958,0.4978254735469818,0,4,3,zero_shot_paired
4,5,0,7,60,0,0,1,0.5003703236579895,0.5003703236579895,0.5003703236579895,0.4996296763420105,0,4,3,zero_shot_paired
4,6,0,8,60,0,0,1,0.501330554485321,0.501330554485321,0.501330554485321,0.49866944551467896,0,4,3,zero_shot_paired
4,7,0,9,60,1,0,0,0.5007375478744507,0.5007375478744507,0.5007375478744507,0.4992624819278717,0,4,3,zero_shot_paired
4,8,0,10,60,1,0,0,0.5022711753845215,0.5022711753845215,0.5022711753845215,0.4977288246154785,0,4,3,zero_shot_paired
4,9,0,11,60,1,0,0,0.5027954578399658,0.5027954578399658,0.5027954578399658,0.4972045123577118,0,4,3,zero_shot_paired
4,10,0,12,60,1,0,0,0.500447154045105,0.500447154045105,0.500447154045105,0.499552845954895,0,4,3,zero_shot_paired
4,11,0,14,60,0,0,1,0.5025762319564819,0.5025762319564819,0.5025762319564819,0.49742376804351807,0,4,3,zero_shot_paired
4,12,0,15,60,1,0,0,0.5024978518486023,0.5024978518486023,0.5024978518486023,0.4975021481513977,0,4,3,zero_shot_paired
4,13,0,16,60,0,0,1,0.5012558698654175,0.5012558698654175,0.5012558698654175,0.49874410033226013,0,4,3,zero_shot_paired
4,14,0,17,60,1,0,0,0.5025423169136047,0.5025423169136047,0.5025423169136047,0.4974576532840729,0,4,3,zero_shot_paired
4,0,0,0,60,1,0,0,0.5020142197608948,0.5020142197608948,0.5020142197608948,0.4979857802391052,0,4,3,post_calibration
4,1,0,1,60,1,0,0,0.5008701086044312,0.5008701086044312,0.5008701086044312,0.49912989139556885,0,4,3,post_calibration
4,2,0,3,60,1,0,0,0.5019868016242981,0.5019868016242981,0.5019868016242981,0.4980131685733795,0,4,3,post_calibration
4,3,0,4,60,1,1,1,0.5003506541252136,0.5003506541252136,0.499649316072464,0.5003506541252136,0,4,3,post_calibration
4,4,0,6,60,1,0,0,0.5020681619644165,0.5020681619644165,0.5020681619644165,0.4979318380355835,0,4,3,post_calibration
4,5,0,7,60,0,0,1,0.500067412853241,0.500067412853241,0.500067412853241,0.4999326169490814,0,4,3,post_calibration
4,6,0,8,60,0,0,1,0.5012010335922241,0.5012010335922241,0.5012010335922241,0.4987989664077759,0,4,3,post_calibration
4,7,0,9,60,1,0,0,0.5003470778465271,0.5003470778465271,0.5003470778465271,0.4996528923511505,0,4,3,post_calibration
4,8,0,10,60,1,0,0,0.5020090937614441,0.5020090937614441,0.5020090937614441,0.4979908764362335,0,4,3,post_calibration
4,9,0,11,60,1,0,0,0.502264142036438,0.502264142036438,0.502264142036438,0.497735857963562,0,4,3,post_calibration
4,10,0,12,60,1,0,0,0.5001378059387207,0.5001378059387207,0.5001378059387207,0.4998622536659241,0,4,3,post_calibration
4,11,0,14,60,0,0,1,0.5022040605545044,0.5022040605545044,0.5022040605545044,0.49779587984085083,0,4,3,post_calibration
4,12,0,15,60,1,0,0,0.5022047758102417,0.5022047758102417,0.5022047758102417,0.4977952241897583,0,4,3,post_calibration
4,13,0,16,60,0,0,1,0.5010128021240234,0.5010128021240234,0.5010128021240234,0.4989871382713318,0,4,3,post_calibration
4,14,0,17,60,1,0,0,0.502185583114624,0.502185583114624,0.502185583114624,0.49781444668769836,0,4,3,post_calibration
5,0,0,1,60,1,0,0,0.5010645389556885,0.5010645389556885,0.5010645389556885,0.4989354908466339,0,5,3,zero_shot_paired
5,1,0,2,60,1,0,0,0.501532256603241,0.501532256603241,0.501532256603241,0.4984677731990814,0,5,3,zero_shot_paired
5,2,0,3,60,1,0,0,0.5021831393241882,0.5021831393241882,0.5021831393241882,0.49781686067581177,0,5,3,zero_shot_paired
5,3,0,4,60,1,0,0,0.5000699758529663,0.5000699758529663,0.5000699758529663,0.4999300241470337,0,5,3,zero_shot_paired
5,4,0,5,60,0,0,1,0.5014537572860718,0.5014537572860718,0.5014537572860718,0.4985462427139282,0,5,3,zero_shot_paired
5,5,0,6,60,1,0,0,0.5021744966506958,0.5021744966506958,0.5021744966506958,0.4978254735469818,0,5,3,zero_shot_paired
5,6,0,7,60,0,0,1,0.5003703236579895,0.5003703236579895,0.5003703236579895,0.4996296763420105,0,5,3,zero_shot_paired
5,7,0,9,60,1,0,0,0.5007375478744507,0.5007375478744507,0.5007375478744507,0.4992624819278717,0,5,3,zero_shot_paired
5,8,0,10,60,1,0,0,0.5022711753845215,0.5022711753845215,0.5022711753845215,0.4977288246154785,0,5,3,zero_shot_paired
5,9,0,12,60,1,0,0,0.500447154045105,0.500447154045105,0.500447154045105,0.499552845954895,0,5,3,zero_shot_paired
5,10,0,13,60,1,0,0,0.5026421546936035,0.5026421546936035,0.5026421546936035,0.4973578453063965,0,5,3,zero_shot_paired
5,11,0,14,60,0,0,1,0.5025762319564819,0.5025762319564819,0.5025762319564819,0.49742376804351807,0,5,3,zero_shot_paired
5,12,0,15,60,1,0,0,0.5024978518486023,0.5024978518486023,0.5024978518486023,0.4975021481513977,0,5,3,zero_shot_paired
5,13,0,16,60,0,0,1,0.5012558698654175,0.5012558698654175,0.5012558698654175,0.49874410033226013,0,5,3,zero_shot_paired
5,14,0,17,60,1,0,0,0.5025423169136047,0.5025423169136047,0.5025423169136047,0.4974576532840729,0,5,3,zero_shot_paired
5,0,0,1,60,1,0,0,0.5001831650733948,0.5001831650733948,0.5001831650733948,0.49981680512428284,0,5,3,post_calibration
5,1,0,2,60,1,0,0,0.500620424747467,0.500620424747467,0.500620424747467,0.49937957525253296,0,5,3,post_calibration
5,2,0,3,60,1,0,0,0.5014894008636475,0.5014894008636475,0.5014894008636475,0.49851056933403015,0,5,3,post_calibration
5,3,0,4,60,1,1,1,0.5008973479270935,0.5008973479270935,0.4991026222705841,0.5008973479270935,0,5,3,post_calibration
5,4,0,5,60,0,0,1,0.5005519986152649,0.5005519986152649,0.5005519986152649,0.4994480311870575,0,5,3,post_calibration
5,5,0,6,60,1,0,0,0.5016264915466309,0.5016264915466309,0.5016264915466309,0.49837344884872437,0,5,3,post_calibration
5,6,0,7,60,0,1,0,0.5004400610923767,0.5004400610923767,0.4995599091053009,0.5004400610923767,0,5,3,post_calibration
5,7,0,9,60,1,0,0,0.5001674294471741,0.5001674294471741,0.5001674294471741,0.49983254075050354,0,5,3,post_calibration
5,8,0,10,60,1,0,0,0.5015324354171753,0.5015324354171753,0.5015324354171753,0.4984675645828247,0,5,3,post_calibration
5,9,0,12,60,1,1,1,0.5001724362373352,0.5001724362373352,0.4998275339603424,0.5001724362373352,0,5,3,post_calibration
5,10,0,13,60,1,0,0,0.5017629265785217,0.5017629265785217,0.5017629265785217,0.49823707342147827,0,5,3,post_calibration
5,11,0,14,60,0,0,1,0.5019482970237732,0.5019482970237732,0.5019482970237732,0.4980516731739044,0,5,3,post_calibration
5,12,0,15,60,1,0,0,0.5018043518066406,0.5018043518066406,0.5018043518066406,0.498195618391037,0,5,3,post_calibration
5,13,0,16,60,0,0,1,0.5003646612167358,0.5003646612167358,0.5003646612167358,0.4996352791786194,0,5,3,post_calibration
5,14,0,17,60,1,0,0,0.5016212463378906,0.5016212463378906,0.5016212463378906,0.498378723859787,0,5,3,post_calibration
6,0,0,0,60,1,0,0,0.5023677945137024,0.5023677945137024,0.5023677945137024,0.49763223528862,0,6,3,zero_shot_paired
6,1,0,2,60,1,0,0,0.501532256603241,0.501532256603241,0.501532256603241,0.4984677731990814,0,6,3,zero_shot_paired
6,2,0,4,60,1,0,0,0.5000699758529663,0.5000699758529663,0.5000699758529663,0.4999300241470337,0,6,3,zero_shot_paired
6,3,0,5,60,0,0,1,0.5014537572860718,0.5014537572860718,0.5014537572860718,0.4985462427139282,0,6,3,zero_shot_paired
6,4,0,6,60,1,0,0,0.5021744966506958,0.5021744966506958,0.5021744966506958,0.4978254735469818,0,6,3,zero_shot_paired
6,5,0,7,60,0,0,1,0.5003703236579895,0.5003703236579895,0.5003703236579895,0.4996296763420105,0,6,3,zero_shot_paired
6,6,0,8,60,0,0,1,0.501330554485321,0.501330554485321,0.501330554485321,0.49866944551467896,0,6,3,zero_shot_paired
6,7,0,9,60,1,0,0,0.5007375478744507,0.5007375478744507,0.5007375478744507,0.4992624819278717,0,6,3,zero_shot_paired
6,8,0,11,60,1,0,0,0.5027954578399658,0.5027954578399658,0.5027954578399658,0.4972045123577118,0,6,3,zero_shot_paired
6,9,0,12,60,1,0,0,0.500447154045105,0.500447154045105,0.500447154045105,0.499552845954895,0,6,3,zero_shot_paired
6,10,0,13,60,1,0,0,0.5026421546936035,0.5026421546936035,0.5026421546936035,0.4973578453063965,0,6,3,zero_shot_paired
6,11,0,14,60,0,0,1,0.5025762319564819,0.5025762319564819,0.5025762319564819,0.49742376804351807,0,6,3,zero_shot_paired
6,12,0,15,60,1,0,0,0.5024978518486023,0.5024978518486023,0.5024978518486023,0.4975021481513977,0,6,3,zero_shot_paired
6,13,0,16,60,0,0,1,0.5012558698654175,0.5012558698654175,0.5012558698654175,0.49874410033226013,0,6,3,zero_shot_paired
6,14,0,17,60,1,0,0,0.5025423169136047,0.5025423169136047,0.5025423169136047,0.4974576532840729,0,6,3,zero_shot_paired
6,0,0,0,60,1,0,0,0.5016422271728516,0.5016422271728516,0.5016422271728516,0.4983578026294708,0,6,3,post_calibration
6,1,0,2,60,1,0,0,0.5004613399505615,0.5004613399505615,0.5004613399505615,0.4995386302471161,0,6,3,post_calibration
6,2,0,4,60,1,1,1,0.5007063746452332,0.5007063746452332,0.4992936849594116,0.5007063746452332,0,6,3,post_calibration
6,3,0,5,60,0,0,1,0.5003791451454163,0.5003791451454163,0.5003791451454163,0.49962082505226135,0,6,3,post_calibration
6,4,0,6,60,1,0,0,0.5011971592903137,0.5011971592903137,0.5011971592903137,0.49880287051200867,0,6,3,post_calibration
6,5,0,7,60,0,1,0,0.5007065534591675,0.5007065534591675,0.4992934465408325,0.5007065534591675,0,6,3,post_calibration
6,6,0,8,60,0,0,1,0.5004842281341553,0.5004842281341553,0.5004842281341553,0.4995157718658447,0,6,3,post_calibration
6,7,0,9,60,1,1,1,0.5002158880233765,0.5002158880233765,0.4997841715812683,0.5002158880233765,0,6,3,post_calibration
6,8,0,11,60,1,0,0,0.5019139051437378,0.5019139051437378,0.5019139051437378,0.4980860948562622,0,6,3,post_calibration
6,9,0,12,60,1,1,1,0.5003822445869446,0.5003822445869446,0.49961772561073303,0.5003822445869446,0,6,3,post_calibration
6,10,0,13,60,1,0,0,0.5015965104103088,0.5015965104103088,0.5015965104103088,0.49840348958969116,0,6,3,post_calibration
6,11,0,14,60,0,0,1,0.5021553635597229,0.5021553635597229,0.5021553635597229,0.4978446364402771,0,6,3,post_calibration
6,12,0,15,60,1,0,0,0.5015384554862976,0.5015384554862976,0.5015384554862976,0.4984615743160248,0,6,3,post_calibration
6,13,0,16,60,0,0,1,0.5003995895385742,0.5003995895385742,0.5003995895385742,0.499600350856781,0,6,3,post_calibration
6,14,0,17,60,1,0,0,0.5014404058456421,0.5014404058456421,0.5014404058456421,0.4985595941543579,0,6,3,post_calibration
7,0,0,0,60,1,0,0,0.5023677945137024,0.5023677945137024,0.5023677945137024,0.49763223528862,0,1,6,zero_shot_paired
7,1,0,1,60,1,0,0,0.5010645389556885,0.5010645389556885,0.5010645389556885,0.4989354908466339,0,1,6,zero_shot_paired
7,2,0,3,60,1,0,0,0.5021831393241882,0.5021831393241882,0.5021831393241882,0.49781686067581177,0,1,6,zero_shot_paired
7,3,0,5,60,0,0,1,0.5014537572860718,0.5014537572860718,0.5014537572860718,0.4985462427139282,0,1,6,zero_shot_paired
7,4,0,6,60,1,0,0,0.5021744966506958,0.5021744966506958,0.5021744966506958,0.4978254735469818,0,1,6,zero_shot_paired
7,5,0,8,60,0,0,1,0.501330554485321,0.501330554485321,0.501330554485321,0.49866944551467896,0,1,6,zero_shot_paired
7,6,0,9,60,1,0,0,0.5007375478744507,0.5007375478744507,0.5007375478744507,0.4992624819278717,0,1,6,zero_shot_paired
7,7,0,10,60,1,0,0,0.5022711753845215,0.5022711753845215,0.5022711753845215,0.4977288246154785,0,1,6,zero_shot_paired
7,8,0,11,60,1,0,0,0.5027954578399658,0.5027954578399658,0.5027954578399658,0.4972045123577118,0,1,6,zero_shot_paired
7,9,0,14,60,0,0,1,0.5025762319564819,0.5025762319564819,0.5025762319564819,0.49742376804351807,0,1,6,zero_shot_paired
7,10,0,15,60,1,0,0,0.5024978518486023,0.5024978518486023,0.5024978518486023,0.4975021481513977,0,1,6,zero_shot_paired
7,11,0,17,60,1,0,0,0.5025423169136047,0.5025423169136047,0.5025423169136047,0.4974576532840729,0,1,6,zero_shot_paired
7,0,0,0,60,1,0,0,0.5018061399459839,0.5018061399459839,0.5018061399459839,0.4981938302516937,0,1,6,post_calibration
7,1,0,1,60,1,0,0,0.500821053981781,0.500821053981781,0.500821053981781,0.499178946018219,0,1,6,post_calibration
7,2,0,3,60,1,0,0,0.5021991729736328,0.5021991729736328,0.5021991729736328,0.49780088663101196,0,1,6,post_calibration
7,3,0,5,60,0,0,1,0.5010442733764648,0.5010442733764648,0.5010442733764648,0.49895572662353516,0,1,6,post_calibration
7,4,0,6,60,1,0,0,0.5019101500511169,0.5019101500511169,0.5019101500511169,0.49808982014656067,0,1,6,post_calibration
7,5,0,8,60,0,0,1,0.5007701516151428,0.5007701516151428,0.5007701516151428,0.49922987818717957,0,1,6,post_calibration
7,6,0,9,60,1,0,0,0.5001086592674255,0.5001086592674255,0.5001086592674255,0.4998912811279297,0,1,6,post_calibration
7,7,0,10,60,1,0,0,0.5016909837722778,0.5016909837722778,0.5016909837722778,0.49830907583236694,0,1,6,post_calibration
7,8,0,11,60,1,0,0,0.5022426247596741,0.5022426247596741,0.5022426247596741,0.4977573752403259,0,1,6,post_calibration
7,9,0,14,60,0,0,1,0.5021990537643433,0.5021990537643433,0.5021990537643433,0.4978010058403015,0,1,6,post_calibration
7,10,0,15,60,1,0,0,0.5026888251304626,0.5026888251304626,0.5026888251304626,0.49731117486953735,0,1,6,post_calibration
7,11,0,17,60,1,0,0,0.5024881362915039,0.5024881362915039,0.5024881362915039,0.4975118637084961,0,1,6,post_calibration
8,0,0,1,60,1,0,0,0.5010645389556885,0.5010645389556885,0.5010645389556885,0.4989354908466339,0,2,6,zero_shot_paired
8,1,0,2,60,1,0,0,0.501532256603241,0.501532256603241,0.501532256603241,0.4984677731990814,0,2,6,zero_shot_paired
8,2,0,4,60,1,0,0,0.5000699758529663,0.5000699758529663,0.5000699758529663,0.4999300241470337,0,2,6,zero_shot_paired
8,3,0,5,60,0,0,1,0.5014537572860718,0.5014537572860718,0.5014537572860718,0.4985462427139282,0,2,6,zero_shot_paired
8,4,0,6,60,1,0,0,0.5021744966506958,0.5021744966506958,0.5021744966506958,0.4978254735469818,0,2,6,zero_shot_paired
8,5,0,7,60,0,0,1,0.5003703236579895,0.5003703236579895,0.5003703236579895,0.4996296763420105,0,2,6,zero_shot_paired
8,6,0,12,60,1,0,0,0.500447154045105,0.500447154045105,0.500447154045105,0.499552845954895,0,2,6,zero_shot_paired
8,7,0,13,60,1,0,0,0.5026421546936035,0.5026421546936035,0.5026421546936035,0.4973578453063965,0,2,6,zero_shot_paired
8,8,0,14,60,0,0,1,0.5025762319564819,0.5025762319564819,0.5025762319564819,0.49742376804351807,0,2,6,zero_shot_paired
8,9,0,15,60,1,0,0,0.5024978518486023,0.5024978518486023,0.5024978518486023,0.4975021481513977,0,2,6,zero_shot_paired
8,10,0,16,60,0,0,1,0.5012558698654175,0.5012558698654175,0.5012558698654175,0.49874410033226013,0,2,6,zero_shot_paired
8,11,0,17,60,1,0,0,0.5025423169136047,0.5025423169136047,0.5025423169136047,0.4974576532840729,0,2,6,zero_shot_paired
8,0,0,1,60,1,1,1,0.5008549094200134,0.5008549094200134,0.4991450309753418,0.5008549094200134,0,2,6,post_calibration
8,1,0,2,60,1,1,1,0.5004582405090332,0.5004582405090332,0.4995417892932892,0.5004582405090332,0,2,6,post_calibration
8,2,0,4,60,1,1,1,0.5017032027244568,0.5017032027244568,0.4982967972755432,0.5017032027244568,0,2,6,post_calibration
8,3,0,5,60,0,1,0,0.500705897808075,0.500705897808075,0.4992941617965698,0.500705897808075,0,2,6,post_calibration
8,4,0,6,60,1,0,0,0.5009269714355469,0.5009269714355469,0.5009269714355469,0.4990730583667755,0,2,6,post_calibration
8,5,0,7,60,0,1,0,0.5013106465339661,0.5013106465339661,0.49868935346603394,0.5013106465339661,0,2,6,post_calibration
8,6,0,12,60,1,1,1,0.5013977885246277,0.5013977885246277,0.49860215187072754,0.5013977885246277,0,2,6,post_calibration
8,7,0,13,60,1,0,0,0.5010595917701721,0.5010595917701721,0.5010595917701721,0.49894043803215027,0,2,6,post_calibration
8,8,0,14,60,0,0,1,0.5013073682785034,0.5013073682785034,0.5013073682785034,0.49869266152381897,0,2,6,post_calibration
8,9,0,15,60,1,0,0,0.5010983943939209,0.5010983943939209,0.5010983943939209,0.4989016056060791,0,2,6,post_calibration
8,10,0,16,60,0,1,0,0.5001990795135498,0.5001990795135498,0.4998008906841278,0.5001990795135498,0,2,6,post_calibration
8,11,0,17,60,1,0,0,0.500592052936554,0.500592052936554,0.500592052936554,0.49940794706344604,0,2,6,post_calibration
9,0,0,0,60,1,0,0,0.5023677945137024,0.5023677945137024,0.5023677945137024,0.49763223528862,0,3,6,zero_shot_paired
9,1,0,2,60,1,0,0,0.501532256603241,0.501532256603241,0.501532256603241,0.4984677731990814,0,3,6,zero_shot_paired
9,2,0,3,60,1,0,0,0.5021831393241882,0.5021831393241882,0.5021831393241882,0.49781686067581177,0,3,6,zero_shot_paired
9,3,0,4,60,1,0,0,0.5000699758529663,0.5000699758529663,0.5000699758529663,0.4999300241470337,0,3,6,zero_shot_paired
9,4,0,7,60,0,0,1,0.5003703236579895,0.5003703236579895,0.5003703236579895,0.4996296763420105,0,3,6,zero_shot_paired
9,5,0,8,60,0,0,1,0.501330554485321,0.501330554485321,0.501330554485321,0.49866944551467896,0,3,6,zero_shot_paired
9,6,0,9,60,1,0,0,0.5007375478744507,0.5007375478744507,0.5007375478744507,0.4992624819278717,0,3,6,zero_shot_paired
9,7,0,10,60,1,0,0,0.5022711753845215,0.5022711753845215,0.5022711753845215,0.4977288246154785,0,3,6,zero_shot_paired
9,8,0,11,60,1,0,0,0.5027954578399658,0.5027954578399658,0.5027954578399658,0.4972045123577118,0,3,6,zero_shot_paired
9,9,0,12,60,1,0,0,0.500447154045105,0.500447154045105,0.500447154045105,0.499552845954895,0,3,6,zero_shot_paired
9,10,0,13,60,1,0,0,0.5026421546936035,0.5026421546936035,0.5026421546936035,0.4973578453063965,0,3,6,zero_shot_paired
9,11,0,16,60,0,0,1,0.5012558698654175,0.5012558698654175,0.5012558698654175,0.49874410033226013,0,3,6,zero_shot_paired
9,0,0,0,60,1,0,0,0.5021108388900757,0.5021108388900757,0.5021108388900757,0.49788913130760193,0,3,6,post_calibration
9,1,0,2,60,1,0,0,0.5012767314910889,0.5012767314910889,0.5012767314910889,0.4987232983112335,0,3,6,post_calibration
9,2,0,3,60,1,0,0,0.5017300248146057,0.5017300248146057,0.5017300248146057,0.4982700049877167,0,3,6,post_calibration
9,3,0,4,60,1,1,1,0.5000628232955933,0.5000628232955933,0.4999372065067291,0.5000628232955933,0,3,6,post_calibration
9,4,0,7,60,0,0,1,0.5000929832458496,0.5000929832458496,0.5000929832458496,0.4999070167541504,0,3,6,post_calibration
9,5,0,8,60,0,0,1,0.5009508728981018,0.5009508728981018,0.5009508728981018,0.4990491271018982,0,3,6,post_calibration
9,6,0,9,60,1,0,0,0.500905454158783,0.500905454158783,0.500905454158783,0.49909454584121704,0,3,6,post_calibration
9,7,0,10,60,1,0,0,0.5024905800819397,0.5024905800819397,0.5024905800819397,0.4975094497203827,0,3,6,post_calibration
9,8,0,11,60,1,0,0,0.5024415850639343,0.5024415850639343,0.5024415850639343,0.49755844473838806,0,3,6,post_calibration
9,9,0,12,60,1,0,0,0.5005220770835876,0.5005220770835876,0.5005220770835876,0.49947789311408997,0,3,6,post_calibration
9,10,0,13,60,1,0,0,0.5022479295730591,0.5022479295730591,0.5022479295730591,0.49775204062461853,0,3,6,post_calibration
9,11,0,16,60,0,0,1,0.5008370280265808,0.5008370280265808,0.5008370280265808,0.4991629719734192,0,3,6,post_calibration
10,0,0,0,60,1,0,0,0.5023677945137024,0.5023677945137024,0.5023677945137024,0.49763223528862,0,1,9,zero_shot_paired
10,1,0,1,60,1,0,0,0.5010645389556885,0.5010645389556885,0.5010645389556885,0.49893543124198914,0,1,9,zero_shot_paired
10,2,0,3,60,1,0,0,0.5021831393241882,0.5021831393241882,0.5021831393241882,0.49781689047813416,0,1,9,zero_shot_paired
10,3,0,4,60,1,0,0,0.5000699758529663,0.5000699758529663,0.5000699758529663,0.4999300241470337,0,1,9,zero_shot_paired
10,4,0,5,60,0,0,1,0.5014539361000061,0.5014539361000061,0.5014539361000061,0.4985460937023163,0,1,9,zero_shot_paired
10,5,0,9,60,1,0,0,0.5007373094558716,0.5007373094558716,0.5007373094558716,0.4992626905441284,0,1,9,zero_shot_paired
10,6,0,10,60,1,0,0,0.5022711157798767,0.5022711157798767,0.5022711157798767,0.4977288842201233,0,1,9,zero_shot_paired
10,7,0,11,60,1,0,0,0.5027955770492554,0.5027955770492554,0.5027955770492554,0.49720442295074463,0,1,9,zero_shot_paired
10,8,0,16,60,0,0,1,0.5012558698654175,0.5012558698654175,0.5012558698654175,0.49874410033226013,0,1,9,zero_shot_paired
10,0,0,0,60,1,0,0,0.502048909664154,0.502048909664154,0.502048909664154,0.49795103073120117,0,1,9,post_calibration
10,1,0,1,60,1,0,0,0.5003989934921265,0.5003989934921265,0.5003989934921265,0.49960097670555115,0,1,9,post_calibration
10,2,0,3,60,1,0,0,0.5019782781600952,0.5019782781600952,0.5019782781600952,0.4980217218399048,0,1,9,post_calibration
10,3,0,4,60,1,1,1,0.500244677066803,0.500244677066803,0.4997553527355194,0.500244677066803,0,1,9,post_calibration
10,4,0,5,60,0,0,1,0.501032292842865,0.501032292842865,0.501032292842865,0.4989677369594574,0,1,9,post_calibration
10,5,0,9,60,1,0,0,0.5003563165664673,0.5003563165664673,0.5003563165664673,0.4996436834335327,0,1,9,post_calibration
10,6,0,10,60,1,0,0,0.5019752979278564,0.5019752979278564,0.5019752979278564,0.49802470207214355,0,1,9,post_calibration
10,7,0,11,60,1,0,0,0.5023596286773682,0.5023596286773682,0.5023596286773682,0.49764037132263184,0,1,9,post_calibration
10,8,0,16,60,0,0,1,0.5003455877304077,0.5003455877304077,0.5003455877304077,0.4996544420719147,0,1,9,post_calibration
11,0,0,2,60,1,0,0,0.501532256603241,0.501532256603241,0.501532256603241,0.4984677731990814,0,2,9,zero_shot_paired
11,1,0,6,60,1,0,0,0.5021744966506958,0.5021744966506958,0.5021744966506958,0.4978254735469818,0,2,9,zero_shot_paired
11,2,0,7,60,0,0,1,0.5003703236579895,0.5003703236579895,0.5003703236579895,0.4996297061443329,0,2,9,zero_shot_paired
11,3,0,8,60,0,0,1,0.501330554485321,0.501330554485321,0.501330554485321,0.49866944551467896,0,2,9,zero_shot_paired
11,4,0,12,60,1,0,0,0.5004470944404602,0.5004470944404602,0.5004470944404602,0.4995529055595398,0,2,9,zero_shot_paired
11,5,0,13,60,1,0,0,0.5026421546936035,0.5026421546936035,0.5026421546936035,0.49735787510871887,0,2,9,zero_shot_paired
11,6,0,14,60,0,0,1,0.5025762319564819,0.5025762319564819,0.5025762319564819,0.49742376804351807,0,2,9,zero_shot_paired
11,7,0,15,60,1,0,0,0.5024978518486023,0.5024978518486023,0.5024978518486023,0.4975021183490753,0,2,9,zero_shot_paired
11,8,0,17,60,1,0,0,0.5025424361228943,0.5025424361228943,0.5025424361228943,0.4974575638771057,0,2,9,zero_shot_paired
11,0,0,2,60,1,0,0,0.5009004473686218,0.5009004473686218,0.5009004473686218,0.4990995526313782,0,2,9,post_calibration
11,1,0,6,60,1,0,0,0.5015169978141785,0.5015169978141785,0.5015169978141785,0.49848297238349915,0,2,9,post_calibration
11,2,0,7,60,0,1,0,0.5004817843437195,0.5004817843437195,0.4995182156562805,0.5004817843437195,0,2,9,post_calibration
11,3,0,8,60,0,0,1,0.5007726550102234,0.5007726550102234,0.5007726550102234,0.4992273151874542,0,2,9,post_calibration
11,4,0,12,60,1,1,1,0.5005109310150146,0.5005109310150146,0.4994891285896301,0.5005109310150146,0,2,9,post_calibration
11,5,0,13,60,1,0,0,0.5019646286964417,0.5019646286964417,0.5019646286964417,0.49803540110588074,0,2,9,post_calibration
11,6,0,14,60,0,0,1,0.5018883943557739,0.5018883943557739,0.5018883943557739,0.4981116056442261,0,2,9,post_calibration
11,7,0,15,60,1,0,0,0.5024380087852478,0.5024380087852478,0.5024380087852478,0.4975619912147522,0,2,9,post_calibration
11,8,0,17,60,1,0,0,0.5018140077590942,0.5018140077590942,0.5018140077590942,0.4981859624385834,0,2,9,post_calibration
12,0,0,3,60,1,0,0,0.5021825432777405,0.5021825432777405,0.5021825432777405,0.4978174865245819,0,1,12,zero_shot_paired
12,1,0,4,60,1,0,0,0.5000705122947693,0.5000705122947693,0.5000705122947693,0.4999294579029083,0,1,12,zero_shot_paired
12,2,0,9,60,1,0,0,0.5007365345954895,0.5007365345954895,0.5007365345954895,0.4992634952068329,0,1,12,zero_shot_paired
12,3,0,10,60,1,0,0,0.5022703409194946,0.5022703409194946,0.5022703409194946,0.49772968888282776,0,1,12,zero_shot_paired
12,4,0,14,60,0,0,1,0.5025770664215088,0.5025770664215088,0.5025770664215088,0.4974229335784912,0,1,12,zero_shot_paired
12,5,0,16,60,0,0,1,0.5012558102607727,0.5012558102607727,0.5012558102607727,0.4987441599369049,0,1,12,zero_shot_paired
12,0,0,3,60,1,0,0,0.500603437423706,0.500603437423706,0.500603437423706,0.49939653277397156,0,1,12,post_calibration
12,1,0,4,60,1,1,1,0.5013414621353149,0.5013414621353149,0.49865856766700745,0.5013414621353149,0,1,12,post_calibration
12,2,0,9,60,1,1,1,0.500109076499939,0.500109076499939,0.49989089369773865,0.500109076499939,0,1,12,post_calibration
12,3,0,10,60,1,0,0,0.5014525055885315,0.5014525055885315,0.5014525055885315,0.4985474944114685,0,1,12,post_calibration
12,4,0,14,60,0,0,1,0.5016573667526245,0.5016573667526245,0.5016573667526245,0.4983426034450531,0,1,12,post_calibration
12,5,0,16,60,0,1,0,0.5003169775009155,0.5003169775009155,0.4996830224990845,0.5003169775009155,0,1,12,post_calibration
13,0,0,0,60,1,0,0,0.502367377281189,0.502367377281189,0.502367377281189,0.49763259291648865,0,2,12,zero_shot_paired
13,1,0,4,60,1,0,0,0.5000705122947693,0.5000705122947693,0.5000705122947693,0.4999294579029083,0,2,12,zero_shot_paired
13,2,0,5,60,0,0,1,0.5014529824256897,0.5014529824256897,0.5014529824256897,0.4985470175743103,0,2,12,zero_shot_paired
13,3,0,12,60,1,0,0,0.5004470348358154,0.5004470348358154,0.5004470348358154,0.49955296516418457,0,2,12,zero_shot_paired
13,4,0,14,60,0,0,1,0.5025770664215088,0.5025770664215088,0.5025770664215088,0.4974229335784912,0,2,12,zero_shot_paired
13,5,0,17,60,1,0,0,0.5025420784950256,0.5025420784950256,0.5025420784950256,0.49745798110961914,0,2,12,zero_shot_paired
13,0,0,0,60,1,0,0,0.5008686184883118,0.5008686184883118,0.5008686184883118,0.49913132190704346,0,2,12,post_calibration
13,1,0,4,60,1,1,1,0.5016037821769714,0.5016037821769714,0.4983961880207062,0.5016037821769714,0,2,12,post_calibration
13,2,0,5,60,0,1,0,0.5002610683441162,0.5002610683441162,0.499738872051239,0.5002610683441162,0,2,12,post_calibration
13,3,0,12,60,1,1,1,0.5009584426879883,0.5009584426879883,0.4990415871143341,0.5009584426879883,0,2,12,post_calibration
13,4,0,14,60,0,0,1,0.5015926957130432,0.5015926957130432,0.5015926957130432,0.4984072744846344,0,2,12,post_calibration
13,5,0,17,60,1,0,0,0.501030683517456,0.501030683517456,0.501030683517456,0.49896934628486633,0,2,12,post_calibration
14,0,0,1,60,1,0,0,0.501064121723175,0.501064121723175,0.501064121723175,0.49893587827682495,0,3,12,zero_shot_paired
14,1,0,2,60,1,0,0,0.5015320181846619,0.5015320181846619,0.5015320181846619,0.49846798181533813,0,3,12,zero_shot_paired
14,2,0,7,60,0,0,1,0.5003693699836731,0.5003693699836731,0.5003693699836731,0.4996306300163269,0,3,12,zero_shot_paired
14,3,0,10,60,1,0,0,0.5022703409194946,0.5022703409194946,0.5022703409194946,0.49772968888282776,0,3,12,zero_shot_paired
14,4,0,11,60,1,0,0,0.5027958750724792,0.5027958750724792,0.5027958750724792,0.49720415472984314,0,3,12,zero_shot_paired
14,5,0,16,60,0,0,1,0.5012558102607727,0.5012558102607727,0.5012558102607727,0.4987441599369049,0,3,12,zero_shot_paired
14,0,0,1,60,1,1,1,0.500045120716095,0.500045120716095,0.49995484948158264,0.500045120716095,0,3,12,post_calibration
14,1,0,2,60,1,0,0,0.5001110434532166,0.5001110434532166,0.5001110434532166,0.49988892674446106,0,3,12,post_calibration
14,2,0,7,60,0,1,0,0.5012453198432922,0.5012453198432922,0.4987546503543854,0.5012453198432922,0,3,12,post_calibration
14,3,0,10,60,1,0,0,0.5015579462051392,0.5015579462051392,0.5015579462051392,0.4984420835971832,0,3,12,post_calibration
14,4,0,11,60,1,0,0,0.5011290311813354,0.5011290311813354,0.5011290311813354,0.49887096881866455,0,3,12,post_calibration
14,5,0,16,60,0,1,0,0.500426709651947,0.500426709651947,0.49957332015037537,0.500426709651947,0,3,12,post_calibration
2,0,1,0,60,1,0,0,0.5014472007751465,0.5014472007751465,0.5014472007751465,0.4985528290271759,1,,,zero_shot_all_trials
2,1,1,1,60,0,0,1,0.5027434825897217,0.5027434825897217,0.5027434825897217,0.49725648760795593,1,,,zero_shot_all_trials
2,2,1,2,60,1,0,0,0.5033055543899536,0.5033055543899536,0.5033055543899536,0.496694415807724,1,,,zero_shot_all_trials
2,3,1,3,60,0,0,1,0.5022558569908142,0.5022558569908142,0.5022558569908142,0.4977441132068634,1,,,zero_shot_all_trials
2,4,1,4,60,0,0,1,0.5047434568405151,0.5047434568405151,0.5047434568405151,0.4952565133571625,1,,,zero_shot_all_trials
2,5,1,5,60,0,0,1,0.5039923787117004,0.5039923787117004,0.5039923787117004,0.49600762128829956,1,,,zero_shot_all_trials
2,6,1,6,60,1,0,0,0.5029318928718567,0.5029318928718567,0.5029318928718567,0.4970680773258209,1,,,zero_shot_all_trials
2,7,1,7,60,0,0,1,0.5048965215682983,0.5048965215682983,0.5048965215682983,0.49510353803634644,1,,,zero_shot_all_trials
2,8,1,8,60,0,0,1,0.5024888515472412,0.5024888515472412,0.5024888515472412,0.4975111186504364,1,,,zero_shot_all_trials
2,9,1,9,60,0,0,1,0.5025006532669067,0.5025006532669067,0.5025006532669067,0.4974993169307709,1,,,zero_shot_all_trials
2,10,1,10,60,1,0,0,0.5030406713485718,0.5030406713485718,0.5030406713485718,0.4969593286514282,1,,,zero_shot_all_trials
2,11,1,11,60,1,0,0,0.5038635730743408,0.5038635730743408,0.5038635730743408,0.49613645672798157,1,,,zero_shot_all_trials
2,12,1,12,60,1,0,0,0.5017805099487305,0.5017805099487305,0.5017805099487305,0.4982195198535919,1,,,zero_shot_all_trials
2,13,1,13,60,0,0,1,0.5037603378295898,0.5037603378295898,0.5037603378295898,0.49623963236808777,1,,,zero_shot_all_trials
2,14,1,14,60,0,0,1,0.5029779672622681,0.5029779672622681,0.5029779672622681,0.49702200293540955,1,,,zero_shot_all_trials
2,15,1,15,60,0,0,1,0.5041704773902893,0.5041704773902893,0.5041704773902893,0.4958295226097107,1,,,zero_shot_all_trials
2,16,1,16,60,0,0,1,0.5014947056770325,0.5014947056770325,0.5014947056770325,0.4985053539276123,1,,,zero_shot_all_trials
2,17,1,17,60,1,0,0,0.5035854578018188,0.5035854578018188,0.5035854578018188,0.49641454219818115,1,,,zero_shot_all_trials
15,0,1,0,60,1,0,0,0.5014472007751465,0.5014472007751465,0.5014472007751465,0.4985528290271759,1,1,3,zero_shot_paired
15,1,1,1,60,0,0,1,0.5027434825897217,0.5027434825897217,0.5027434825897217,0.4972565472126007,1,1,3,zero_shot_paired
15,2,1,2,60,1,0,0,0.5033055543899536,0.5033055543899536,0.5033055543899536,0.4966944456100464,1,1,3,zero_shot_paired
15,3,1,3,60,0,0,1,0.5022558569908142,0.5022558569908142,0.5022558569908142,0.4977441430091858,1,1,3,zero_shot_paired
15,4,1,4,60,0,0,1,0.5047435760498047,0.5047435760498047,0.5047435760498047,0.4952564239501953,1,1,3,zero_shot_paired
15,5,1,5,60,0,0,1,0.5039924383163452,0.5039924383163452,0.5039924383163452,0.4960075616836548,1,1,3,zero_shot_paired
15,6,1,6,60,1,0,0,0.5029318928718567,0.5029318928718567,0.5029318928718567,0.4970680773258209,1,1,3,zero_shot_paired
15,7,1,9,60,0,0,1,0.5025006532669067,0.5025006532669067,0.5025006532669067,0.4974993169307709,1,1,3,zero_shot_paired
15,8,1,11,60,1,0,0,0.5038635730743408,0.5038635730743408,0.5038635730743408,0.4961363971233368,1,1,3,zero_shot_paired
15,9,1,12,60,1,0,0,0.5017804503440857,0.5017804503440857,0.5017804503440857,0.4982195198535919,1,1,3,zero_shot_paired
15,10,1,13,60,0,0,1,0.5037603974342346,0.5037603974342346,0.5037603974342346,0.496239572763443,1,1,3,zero_shot_paired
15,11,1,14,60,0,0,1,0.5029779672622681,0.5029779672622681,0.5029779672622681,0.4970220625400543,1,1,3,zero_shot_paired
15,12,1,15,60,0,0,1,0.5041702389717102,0.5041702389717102,0.5041702389717102,0.4958297610282898,1,1,3,zero_shot_paired
15,13,1,16,60,0,0,1,0.5014947056770325,0.5014947056770325,0.5014947056770325,0.4985053539276123,1,1,3,zero_shot_paired
15,14,1,17,60,1,0,0,0.5035854578018188,0.5035854578018188,0.5035854578018188,0.4964144825935364,1,1,3,zero_shot_paired
15,0,1,0,60,1,0,0,0.5017276406288147,0.5017276406288147,0.5017276406288147,0.4982723593711853,1,1,3,post_calibration
15,1,1,1,60,0,0,1,0.5029105544090271,0.5029105544090271,0.5029105544090271,0.4970894455909729,1,1,3,post_calibration
15,2,1,2,60,1,0,0,0.5033890008926392,0.5033890008926392,0.5033890008926392,0.49661096930503845,1,1,3,post_calibration
15,3,1,3,60,0,0,1,0.5024650692939758,0.5024650692939758,0.5024650692939758,0.49753493070602417,1,1,3,post_calibration
15,4,1,4,60,0,0,1,0.5047644972801208,0.5047644972801208,0.5047644972801208,0.49523550271987915,1,1,3,post_calibration
15,5,1,5,60,0,0,1,0.5040872693061829,0.5040872693061829,0.5040872693061829,0.49591273069381714,1,1,3,post_calibration
15,6,1,6,60,1,0,0,0.5031095743179321,0.5031095743179321,0.5031095743179321,0.49689042568206787,1,1,3,post_calibration
15,7,1,9,60,0,0,1,0.5027738809585571,0.5027738809585571,0.5027738809585571,0.4972260892391205,1,1,3,post_calibration
15,8,1,11,60,1,0,0,0.5042212009429932,0.5042212009429932,0.5042212009429932,0.4957788288593292,1,1,3,post_calibration
15,9,1,12,60,1,0,0,0.5019907355308533,0.5019907355308533,0.5019907355308533,0.49800920486450195,1,1,3,post_calibration
15,10,1,13,60,0,0,1,0.5041337609291077,0.5041337609291077,0.5041337609291077,0.49586623907089233,1,1,3,post_calibration
15,11,1,14,60,0,0,1,0.5031973719596863,0.5031973719596863,0.5031973719596863,0.49680259823799133,1,1,3,post_calibration
15,12,1,15,60,0,0,1,0.504366397857666,0.504366397857666,0.504366397857666,0.495633602142334,1,1,3,post_calibration
15,13,1,16,60,0,0,1,0.5016342997550964,0.5016342997550964,0.5016342997550964,0.49836570024490356,1,1,3,post_calibration
15,14,1,17,60,1,0,0,0.5039719939231873,0.5039719939231873,0.5039719939231873,0.49602797627449036,1,1,3,post_calibration
16,0,1,0,60,1,0,0,0.5014472007751465,0.5014472007751465,0.5014472007751465,0.4985528290271759,1,2,3,zero_shot_paired
16,1,1,1,60,0,0,1,0.5027434825897217,0.5027434825897217,0.5027434825897217,0.4972565472126007,1,2,3,zero_shot_paired
16,2,1,4,60,0,0,1,0.5047435760498047,0.5047435760498047,0.5047435760498047,0.4952564239501953,1,2,3,zero_shot_paired
16,3,1,6,60,1,0,0,0.5029318928718567,0.5029318928718567,0.5029318928718567,0.4970680773258209,1,2,3,zero_shot_paired
16,4,1,7,60,0,0,1,0.5048964619636536,0.5048964619636536,0.5048964619636536,0.49510353803634644,1,2,3,zero_shot_paired
16,5,1,8,60,0,0,1,0.502488911151886,0.502488911151886,0.502488911151886,0.4975111186504364,1,2,3,zero_shot_paired
16,6,1,9,60,0,0,1,0.5025006532669067,0.5025006532669067,0.5025006532669067,0.4974993169307709,1,2,3,zero_shot_paired
16,7,1,10,60,1,0,0,0.5030406713485718,0.5030406713485718,0.5030406713485718,0.4969593286514282,1,2,3,zero_shot_paired
16,8,1,11,60,1,0,0,0.5038635730743408,0.5038635730743408,0.5038635730743408,0.4961363971233368,1,2,3,zero_shot_paired
16,9,1,12,60,1,0,0,0.5017804503440857,0.5017804503440857,0.5017804503440857,0.4982195198535919,1,2,3,zero_shot_paired
16,10,1,13,60,0,0,1,0.5037603974342346,0.5037603974342346,0.5037603974342346,0.496239572763443,1,2,3,zero_shot_paired
16,11,1,14,60,0,0,1,0.5029779672622681,0.5029779672622681,0.5029779672622681,0.4970220625400543,1,2,3,zero_shot_paired
16,12,1,15,60,0,0,1,0.5041702389717102,0.5041702389717102,0.5041702389717102,0.4958297610282898,1,2,3,zero_shot_paired
16,13,1,16,60,0,0,1,0.5014947056770325,0.5014947056770325,0.5014947056770325,0.4985053539276123,1,2,3,zero_shot_paired
16,14,1,17,60,1,0,0,0.5035854578018188,0.5035854578018188,0.5035854578018188,0.4964144825935364,1,2,3,zero_shot_paired
16,0,1,0,60,1,0,0,0.5024407505989075,0.5024407505989075,0.5024407505989075,0.49755921959877014,1,2,3,post_calibration
16,1,1,1,60,0,0,1,0.5035926699638367,0.5035926699638367,0.5035926699638367,0.49640730023384094,1,2,3,post_calibration
16,2,1,4,60,0,0,1,0.5053654313087463,0.5053654313087463,0.5053654313087463,0.49463462829589844,1,2,3,post_calibration
16,3,1,6,60,1,0,0,0.5035244822502136,0.5035244822502136,0.5035244822502136,0.496475487947464,1,2,3,post_calibration
16,4,1,7,60,0,0,1,0.5058479309082031,0.5058479309082031,0.5058479309082031,0.49415209889411926,1,2,3,post_calibration
16,5,1,8,60,0,0,1,0.5030171871185303,0.5030171871185303,0.5030171871185303,0.4969828724861145,1,2,3,post_calibration
16,6,1,9,60,0,0,1,0.5032012462615967,0.5032012462615967,0.5032012462615967,0.4967987537384033,1,2,3,post_calibration
16,7,1,10,60,1,0,0,0.5037063956260681,0.5037063956260681,0.5037063956260681,0.4962936043739319,1,2,3,post_calibration
16,8,1,11,60,1,0,0,0.5047708749771118,0.5047708749771118,0.5047708749771118,0.49522915482521057,1,2,3,post_calibration
16,9,1,12,60,1,0,0,0.5025759339332581,0.5025759339332581,0.5025759339332581,0.49742409586906433,1,2,3,post_calibration
16,10,1,13,60,0,0,1,0.5042770504951477,0.5042770504951477,0.5042770504951477,0.4957229793071747,1,2,3,post_calibration
16,11,1,14,60,0,0,1,0.5036781430244446,0.5036781430244446,0.5036781430244446,0.4963218569755554,1,2,3,post_calibration
16,12,1,15,60,0,0,1,0.5048720240592957,0.5048720240592957,0.5048720240592957,0.49512797594070435,1,2,3,post_calibration
16,13,1,16,60,0,0,1,0.5022664666175842,0.5022664666175842,0.5022664666175842,0.49773356318473816,1,2,3,post_calibration
16,14,1,17,60,1,0,0,0.5043527483940125,0.5043527483940125,0.5043527483940125,0.49564728140830994,1,2,3,post_calibration
17,0,1,0,60,1,0,0,0.5014472007751465,0.5014472007751465,0.5014472007751465,0.4985528290271759,1,3,3,zero_shot_paired
17,1,1,2,60,1,0,0,0.5033055543899536,0.5033055543899536,0.5033055543899536,0.4966944456100464,1,3,3,zero_shot_paired
17,2,1,3,60,0,0,1,0.5022558569908142,0.5022558569908142,0.5022558569908142,0.4977441430091858,1,3,3,zero_shot_paired
17,3,1,4,60,0,0,1,0.5047435760498047,0.5047435760498047,0.5047435760498047,0.4952564239501953,1,3,3,zero_shot_paired
17,4,1,5,60,0,0,1,0.5039924383163452,0.5039924383163452,0.5039924383163452,0.4960075616836548,1,3,3,zero_shot_paired
17,5,1,6,60,1,0,0,0.5029318928718567,0.5029318928718567,0.5029318928718567,0.4970680773258209,1,3,3,zero_shot_paired
17,6,1,7,60,0,0,1,0.5048964619636536,0.5048964619636536,0.5048964619636536,0.49510353803634644,1,3,3,zero_shot_paired
17,7,1,8,60,0,0,1,0.502488911151886,0.502488911151886,0.502488911151886,0.4975111186504364,1,3,3,zero_shot_paired
17,8,1,9,60,0,0,1,0.5025006532669067,0.5025006532669067,0.5025006532669067,0.4974993169307709,1,3,3,zero_shot_paired
17,9,1,10,60,1,0,0,0.5030406713485718,0.5030406713485718,0.5030406713485718,0.4969593286514282,1,3,3,zero_shot_paired
17,10,1,13,60,0,0,1,0.5037603974342346,0.5037603974342346,0.5037603974342346,0.496239572763443,1,3,3,zero_shot_paired
17,11,1,14,60,0,0,1,0.5029779672622681,0.5029779672622681,0.5029779672622681,0.4970220625400543,1,3,3,zero_shot_paired
17,12,1,15,60,0,0,1,0.5041702389717102,0.5041702389717102,0.5041702389717102,0.4958297610282898,1,3,3,zero_shot_paired
17,13,1,16,60,0,0,1,0.5014947056770325,0.5014947056770325,0.5014947056770325,0.4985053539276123,1,3,3,zero_shot_paired
17,14,1,17,60,1,0,0,0.5035854578018188,0.5035854578018188,0.5035854578018188,0.4964144825935364,1,3,3,zero_shot_paired
17,0,1,0,60,1,0,0,0.5003086924552917,0.5003086924552917,0.5003086924552917,0.49969127774238586,1,3,3,post_calibration
17,1,1,2,60,1,0,0,0.5024557709693909,0.5024557709693909,0.5024557709693909,0.49754422903060913,1,3,3,post_calibration
17,2,1,3,60,0,0,1,0.5014005303382874,0.5014005303382874,0.5014005303382874,0.49859949946403503,1,3,3,post_calibration
17,3,1,4,60,0,0,1,0.504139244556427,0.504139244556427,0.504139244556427,0.495860755443573,1,3,3,post_calibration
17,4,1,5,60,0,0,1,0.5030431151390076,0.5030431151390076,0.5030431151390076,0.49695688486099243,1,3,3,post_calibration
17,5,1,6,60,1,0,0,0.5020670890808105,0.5020670890808105,0.5020670890808105,0.49793294072151184,1,3,3,post_calibration
17,6,1,7,60,0,0,1,0.5040861368179321,0.5040861368179321,0.5040861368179321,0.49591386318206787,1,3,3,post_calibration
17,7,1,8,60,0,0,1,0.5017654895782471,0.5017654895782471,0.5017654895782471,0.4982345402240753,1,3,3,post_calibration
17,8,1,9,60,0,0,1,0.5016314387321472,0.5016314387321472,0.5016314387321472,0.49836859107017517,1,3,3,post_calibration
17,9,1,10,60,1,0,0,0.5023047924041748,0.5023047924041748,0.5023047924041748,0.4976952075958252,1,3,3,post_calibration
17,10,1,13,60,0,0,1,0.5029513835906982,0.5029513835906982,0.5029513835906982,0.49704867601394653,1,3,3,post_calibration
17,11,1,14,60,0,0,1,0.502051830291748,0.502051830291748,0.502051830291748,0.49794816970825195,1,3,3,post_calibration
17,12,1,15,60,0,0,1,0.5032979846000671,0.5032979846000671,0.5032979846000671,0.49670207500457764,1,3,3,post_calibration
17,13,1,16,60,0,0,1,0.5008049607276917,0.5008049607276917,0.5008049607276917,0.49919503927230835,1,3,3,post_calibration
17,14,1,17,60,1,0,0,0.5028273463249207,0.5028273463249207,0.5028273463249207,0.49717265367507935,1,3,3,post_calibration
18,0,1,0,60,1,0,0,0.5014472007751465,0.5014472007751465,0.5014472007751465,0.4985528290271759,1,4,3,zero_shot_paired
18,1,1,1,60,0,0,1,0.5027434825897217,0.5027434825897217,0.5027434825897217,0.4972565472126007,1,4,3,zero_shot_paired
18,2,1,2,60,1,0,0,0.5033055543899536,0.5033055543899536,0.5033055543899536,0.4966944456100464,1,4,3,zero_shot_paired
18,3,1,3,60,0,0,1,0.5022558569908142,0.5022558569908142,0.5022558569908142,0.4977441430091858,1,4,3,zero_shot_paired
18,4,1,4,60,0,0,1,0.5047435760498047,0.5047435760498047,0.5047435760498047,0.4952564239501953,1,4,3,zero_shot_paired
18,5,1,5,60,0,0,1,0.5039924383163452,0.5039924383163452,0.5039924383163452,0.4960075616836548,1,4,3,zero_shot_paired
18,6,1,6,60,1,0,0,0.5029318928718567,0.5029318928718567,0.5029318928718567,0.4970680773258209,1,4,3,zero_shot_paired
18,7,1,7,60,0,0,1,0.5048964619636536,0.5048964619636536,0.5048964619636536,0.49510353803634644,1,4,3,zero_shot_paired
18,8,1,8,60,0,0,1,0.502488911151886,0.502488911151886,0.502488911151886,0.4975111186504364,1,4,3,zero_shot_paired
18,9,1,10,60,1,0,0,0.5030406713485718,0.5030406713485718,0.5030406713485718,0.4969593286514282,1,4,3,zero_shot_paired
18,10,1,11,60,1,0,0,0.5038635730743408,0.5038635730743408,0.5038635730743408,0.4961363971233368,1,4,3,zero_shot_paired
18,11,1,12,60,1,0,0,0.5017804503440857,0.5017804503440857,0.5017804503440857,0.4982195198535919,1,4,3,zero_shot_paired
18,12,1,13,60,0,0,1,0.5037603974342346,0.5037603974342346,0.5037603974342346,0.496239572763443,1,4,3,zero_shot_paired
18,13,1,14,60,0,0,1,0.5029779672622681,0.5029779672622681,0.5029779672622681,0.4970220625400543,1,4,3,zero_shot_paired
18,14,1,16,60,0,0,1,0.5014947056770325,0.5014947056770325,0.5014947056770325,0.4985053539276123,1,4,3,zero_shot_paired
18,0,1,0,60,1,0,0,0.5019842386245728,0.5019842386245728,0.5019842386245728,0.49801576137542725,1,4,3,post_calibration
18,1,1,1,60,0,0,1,0.5031445026397705,0.5031445026397705,0.5031445026397705,0.4968554973602295,1,4,3,post_calibration
18,2,1,2,60,1,0,0,0.5036671757698059,0.5036671757698059,0.5036671757698059,0.4963327944278717,1,4,3,post_calibration
18,3,1,3,60,0,0,1,0.5027737021446228,0.5027737021446228,0.5027737021446228,0.4972263276576996,1,4,3,post_calibration
18,4,1,4,60,0,0,1,0.5051329731941223,0.5051329731941223,0.5051329731941223,0.4948670566082001,1,4,3,post_calibration
18,5,1,5,60,0,0,1,0.504464328289032,0.504464328289032,0.504464328289032,0.49553564190864563,1,4,3,post_calibration
18,6,1,6,60,1,0,0,0.5036366581916809,0.5036366581916809,0.5036366581916809,0.49636340141296387,1,4,3,post_calibration
18,7,1,7,60,0,0,1,0.5052989721298218,0.5052989721298218,0.5052989721298218,0.4947010278701782,1,4,3,post_calibration
18,8,1,8,60,0,0,1,0.5031993389129639,0.5031993389129639,0.5031993389129639,0.49680066108703613,1,4,3,post_calibration
18,9,1,10,60,1,0,0,0.5037633180618286,0.5037633180618286,0.5037633180618286,0.4962366819381714,1,4,3,post_calibration
18,10,1,11,60,1,0,0,0.5047343373298645,0.5047343373298645,0.5047343373298645,0.4952656924724579,1,4,3,post_calibration
18,11,1,12,60,1,0,0,0.5022448897361755,0.5022448897361755,0.5022448897361755,0.49775511026382446,1,4,3,post_calibration
18,12,1,13,60,0,0,1,0.5046002268791199,0.5046002268791199,0.5046002268791199,0.4953997731208801,1,4,3,post_calibration
18,13,1,14,60,0,0,1,0.5037542581558228,0.5037542581558228,0.5037542581558228,0.49624574184417725,1,4,3,post_calibration
18,14,1,16,60,0,0,1,0.5021635293960571,0.5021635293960571,0.5021635293960571,0.4978364109992981,1,4,3,post_calibration
19,0,1,0,60,1,0,0,0.5014472007751465,0.5014472007751465,0.5014472007751465,0.4985528290271759,1,5,3,zero_shot_paired
19,1,1,1,60,0,0,1,0.5027434825897217,0.5027434825897217,0.5027434825897217,0.4972565472126007,1,5,3,zero_shot_paired
19,2,1,2,60,1,0,0,0.5033055543899536,0.5033055543899536,0.5033055543899536,0.4966944456100464,1,5,3,zero_shot_paired
19,3,1,3,60,0,0,1,0.5022558569908142,0.5022558569908142,0.5022558569908142,0.4977441430091858,1,5,3,zero_shot_paired
19,4,1,4,60,0,0,1,0.5047435760498047,0.5047435760498047,0.5047435760498047,0.4952564239501953,1,5,3,zero_shot_paired
19,5,1,5,60,0,0,1,0.5039924383163452,0.5039924383163452,0.5039924383163452,0.4960075616836548,1,5,3,zero_shot_paired
19,6,1,7,60,0,0,1,0.5048964619636536,0.5048964619636536,0.5048964619636536,0.49510353803634644,1,5,3,zero_shot_paired
19,7,1,8,60,0,0,1,0.502488911151886,0.502488911151886,0.502488911151886,0.4975111186504364,1,5,3,zero_shot_paired
19,8,1,9,60,0,0,1,0.5025006532669067,0.5025006532669067,0.5025006532669067,0.4974993169307709,1,5,3,zero_shot_paired
19,9,1,10,60,1,0,0,0.5030406713485718,0.5030406713485718,0.5030406713485718,0.4969593286514282,1,5,3,zero_shot_paired
19,10,1,11,60,1,0,0,0.5038635730743408,0.5038635730743408,0.5038635730743408,0.4961363971233368,1,5,3,zero_shot_paired
19,11,1,12,60,1,0,0,0.5017804503440857,0.5017804503440857,0.5017804503440857,0.4982195198535919,1,5,3,zero_shot_paired
19,12,1,13,60,0,0,1,0.5037603974342346,0.5037603974342346,0.5037603974342346,0.496239572763443,1,5,3,zero_shot_paired
19,13,1,15,60,0,0,1,0.5041702389717102,0.5041702389717102,0.5041702389717102,0.4958297610282898,1,5,3,zero_shot_paired
19,14,1,17,60,1,0,0,0.5035854578018188,0.5035854578018188,0.5035854578018188,0.4964144825935364,1,5,3,zero_shot_paired
19,0,1,0,60,1,0,0,0.5019876956939697,0.5019876956939697,0.5019876956939697,0.4980122745037079,1,5,3,post_calibration
19,1,1,1,60,0,0,1,0.5032344460487366,0.5032344460487366,0.5032344460487366,0.4967655539512634,1,5,3,post_calibration
19,2,1,2,60,1,0,0,0.5039534568786621,0.5039534568786621,0.5039534568786621,0.4960465431213379,1,5,3,post_calibration
19,3,1,3,60,0,0,1,0.5028532147407532,0.5028532147407532,0.5028532147407532,0.4971468150615692,1,5,3,post_calibration
19,4,1,4,60,0,0,1,0.5052080154418945,0.5052080154418945,0.5052080154418945,0.49479198455810547,1,5,3,post_calibration
19,5,1,5,60,0,0,1,0.5044087171554565,0.5044087171554565,0.5044087171554565,0.49559128284454346,1,5,3,post_calibration
19,6,1,7,60,0,0,1,0.5055174827575684,0.5055174827575684,0.5055174827575684,0.49448251724243164,1,5,3,post_calibration
19,7,1,8,60,0,0,1,0.502883791923523,0.502883791923523,0.502883791923523,0.49711620807647705,1,5,3,post_calibration
19,8,1,9,60,0,0,1,0.5029978156089783,0.5029978156089783,0.5029978156089783,0.49700218439102173,1,5,3,post_calibration
19,9,1,10,60,1,0,0,0.5034151077270508,0.5034151077270508,0.5034151077270508,0.4965848922729492,1,5,3,post_calibration
19,10,1,11,60,1,0,0,0.5045663714408875,0.5045663714408875,0.5045663714408875,0.49543362855911255,1,5,3,post_calibration
19,11,1,12,60,1,0,0,0.5022726058959961,0.5022726058959961,0.5022726058959961,0.4977273941040039,1,5,3,post_calibration
19,12,1,13,60,0,0,1,0.5042957663536072,0.5042957663536072,0.5042957663536072,0.4957042634487152,1,5,3,post_calibration
19,13,1,15,60,0,0,1,0.5046446919441223,0.5046446919441223,0.5046446919441223,0.4953552782535553,1,5,3,post_calibration
19,14,1,17,60,1,0,0,0.5043368339538574,0.5043368339538574,0.5043368339538574,0.49566322565078735,1,5,3,post_calibration
20,0,1,1,60,0,0,1,0.5027434825897217,0.5027434825897217,0.5027434825897217,0.4972565472126007,1,6,3,zero_shot_paired
20,1,1,2,60,1,0,0,0.5033055543899536,0.5033055543899536,0.5033055543899536,0.4966944456100464,1,6,3,zero_shot_paired
20,2,1,3,60,0,0,1,0.5022558569908142,0.5022558569908142,0.5022558569908142,0.4977441430091858,1,6,3,zero_shot_paired
20,3,1,5,60,0,0,1,0.5039924383163452,0.5039924383163452,0.5039924383163452,0.4960075616836548,1,6,3,zero_shot_paired
20,4,1,6,60,1,0,0,0.5029318928718567,0.5029318928718567,0.5029318928718567,0.4970680773258209,1,6,3,zero_shot_paired
20,5,1,7,60,0,0,1,0.5048964619636536,0.5048964619636536,0.5048964619636536,0.49510353803634644,1,6,3,zero_shot_paired
20,6,1,8,60,0,0,1,0.502488911151886,0.502488911151886,0.502488911151886,0.4975111186504364,1,6,3,zero_shot_paired
20,7,1,9,60,0,0,1,0.5025006532669067,0.5025006532669067,0.5025006532669067,0.4974993169307709,1,6,3,zero_shot_paired
20,8,1,10,60,1,0,0,0.5030406713485718,0.5030406713485718,0.5030406713485718,0.4969593286514282,1,6,3,zero_shot_paired
20,9,1,11,60,1,0,0,0.5038635730743408,0.5038635730743408,0.5038635730743408,0.4961363971233368,1,6,3,zero_shot_paired
20,10,1,12,60,1,0,0,0.5017804503440857,0.5017804503440857,0.5017804503440857,0.4982195198535919,1,6,3,zero_shot_paired
20,11,1,14,60,0,0,1,0.5029779672622681,0.5029779672622681,0.5029779672622681,0.4970220625400543,1,6,3,zero_shot_paired
20,12,1,15,60,0,0,1,0.5041702389717102,0.5041702389717102,0.5041702389717102,0.4958297610282898,1,6,3,zero_shot_paired
20,13,1,16,60,0,0,1,0.5014947056770325,0.5014947056770325,0.5014947056770325,0.4985053539276123,1,6,3,zero_shot_paired
20,14,1,17,60,1,0,0,0.5035854578018188,0.5035854578018188,0.5035854578018188,0.4964144825935364,1,6,3,zero_shot_paired
20,0,1,1,60,0,0,1,0.5031841993331909,0.5031841993331909,0.5031841993331909,0.49681583046913147,1,6,3,post_calibration
20,1,1,2,60,1,0,0,0.5039772987365723,0.5039772987365723,0.5039772987365723,0.49602270126342773,1,6,3,post_calibration
20,2,1,3,60,0,0,1,0.5025377869606018,0.5025377869606018,0.5025377869606018,0.4974622428417206,1,6,3,post_calibration
20,3,1,5,60,0,0,1,0.5044392347335815,0.5044392347335815,0.5044392347335815,0.4955607056617737,1,6,3,post_calibration
20,4,1,6,60,1,0,0,0.5033655762672424,0.5033655762672424,0.5033655762672424,0.49663445353507996,1,6,3,post_calibration
20,5,1,7,60,0,0,1,0.5055509805679321,0.5055509805679321,0.5055509805679321,0.49444901943206787,1,6,3,post_calibration
20,6,1,8,60,0,0,1,0.5028573274612427,0.5028573274612427,0.5028573274612427,0.49714261293411255,1,6,3,post_calibration
20,7,1,9,60,0,0,1,0.5030506253242493,0.5030506253242493,0.5030506253242493,0.49694934487342834,1,6,3,post_calibration
20,8,1,10,60,1,0,0,0.5036510825157166,0.5036510825157166,0.5036510825157166,0.49634888768196106,1,6,3,post_calibration
20,9,1,11,60,1,0,0,0.5044312477111816,0.5044312477111816,0.5044312477111816,0.49556878209114075,1,6,3,post_calibration
20,10,1,12,60,1,0,0,0.5021953582763672,0.5021953582763672,0.5021953582763672,0.4978046119213104,1,6,3,post_calibration
20,11,1,14,60,0,0,1,0.5034666061401367,0.5034666061401367,0.5034666061401367,0.4965333938598633,1,6,3,post_calibration
20,12,1,15,60,0,0,1,0.5046667456626892,0.5046667456626892,0.5046667456626892,0.4953332245349884,1,6,3,post_calibration
20,13,1,16,60,0,0,1,0.5020976066589355,0.5020976066589355,0.5020976066589355,0.49790236353874207,1,6,3,post_calibration
20,14,1,17,60,1,0,0,0.5040640234947205,0.5040640234947205,0.5040640234947205,0.49593597650527954,1,6,3,post_calibration
21,0,1,0,60,1,0,0,0.5014472007751465,0.5014472007751465,0.5014472007751465,0.4985528290271759,1,1,6,zero_shot_paired
21,1,1,1,60,0,0,1,0.5027434825897217,0.5027434825897217,0.5027434825897217,0.4972565472126007,1,1,6,zero_shot_paired
21,2,1,4,60,0,0,1,0.5047435760498047,0.5047435760498047,0.5047435760498047,0.4952564239501953,1,1,6,zero_shot_paired
21,3,1,6,60,1,0,0,0.5029318928718567,0.5029318928718567,0.5029318928718567,0.4970680773258209,1,1,6,zero_shot_paired
21,4,1,7,60,0,0,1,0.5048964619636536,0.5048964619636536,0.5048964619636536,0.49510353803634644,1,1,6,zero_shot_paired
21,5,1,9,60,0,0,1,0.5025006532669067,0.5025006532669067,0.5025006532669067,0.4974993169307709,1,1,6,zero_shot_paired
21,6,1,10,60,1,0,0,0.5030406713485718,0.5030406713485718,0.5030406713485718,0.4969593286514282,1,1,6,zero_shot_paired
21,7,1,11,60,1,0,0,0.5038635730743408,0.5038635730743408,0.5038635730743408,0.4961363971233368,1,1,6,zero_shot_paired
21,8,1,12,60,1,0,0,0.5017804503440857,0.5017804503440857,0.5017804503440857,0.4982195198535919,1,1,6,zero_shot_paired
21,9,1,14,60,0,0,1,0.5029779672622681,0.5029779672622681,0.5029779672622681,0.4970220625400543,1,1,6,zero_shot_paired
21,10,1,15,60,0,0,1,0.5041702389717102,0.5041702389717102,0.5041702389717102,0.4958297610282898,1,1,6,zero_shot_paired
21,11,1,16,60,0,0,1,0.5014947056770325,0.5014947056770325,0.5014947056770325,0.4985053539276123,1,1,6,zero_shot_paired
21,0,1,0,60,1,0,0,0.5018122792243958,0.5018122792243958,0.5018122792243958,0.49818769097328186,1,1,6,post_calibration
21,1,1,1,60,0,0,1,0.5030538439750671,0.5030538439750671,0.5030538439750671,0.4969461262226105,1,1,6,post_calibration
21,2,1,4,60,0,0,1,0.5053605437278748,0.5053605437278748,0.5053605437278748,0.49463942646980286,1,1,6,post_calibration
21,3,1,6,60,1,0,0,0.5030348300933838,0.5030348300933838,0.5030348300933838,0.4969651997089386,1,1,6,post_calibration
21,4,1,7,60,0,0,1,0.5052141547203064,0.5052141547203064,0.5052141547203064,0.4947858154773712,1,1,6,post_calibration
21,5,1,9,60,0,0,1,0.5027111172676086,0.5027111172676086,0.5027111172676086,0.49728888273239136,1,1,6,post_calibration
21,6,1,10,60,1,0,0,0.5032181739807129,0.5032181739807129,0.5032181739807129,0.4967818260192871,1,1,6,post_calibration
21,7,1,11,60,1,0,0,0.5041661858558655,0.5041661858558655,0.5041661858558655,0.4958338439464569,1,1,6,post_calibration
21,8,1,12,60,1,0,0,0.5020831227302551,0.5020831227302551,0.5020831227302551,0.4979168772697449,1,1,6,post_calibration
21,9,1,14,60,0,0,1,0.5030975341796875,0.5030975341796875,0.5030975341796875,0.4969024360179901,1,1,6,post_calibration
21,10,1,15,60,0,0,1,0.5044203996658325,0.5044203996658325,0.5044203996658325,0.4955795705318451,1,1,6,post_calibration
21,11,1,16,60,0,0,1,0.5017292499542236,0.5017292499542236,0.5017292499542236,0.49827077984809875,1,1,6,post_calibration
22,0,1,0,60,1,0,0,0.5014472007751465,0.5014472007751465,0.5014472007751465,0.4985528290271759,1,2,6,zero_shot_paired
22,1,1,1,60,0,0,1,0.5027434825897217,0.5027434825897217,0.5027434825897217,0.4972565472126007,1,2,6,zero_shot_paired
22,2,1,2,60,1,0,0,0.5033055543899536,0.5033055543899536,0.5033055543899536,0.4966944456100464,1,2,6,zero_shot_paired
22,3,1,3,60,0,0,1,0.5022558569908142,0.5022558569908142,0.5022558569908142,0.4977441430091858,1,2,6,zero_shot_paired
22,4,1,5,60,0,0,1,0.5039924383163452,0.5039924383163452,0.5039924383163452,0.4960075616836548,1,2,6,zero_shot_paired
22,5,1,8,60,0,0,1,0.502488911151886,0.502488911151886,0.502488911151886,0.4975111186504364,1,2,6,zero_shot_paired
22,6,1,9,60,0,0,1,0.5025006532669067,0.5025006532669067,0.5025006532669067,0.4974993169307709,1,2,6,zero_shot_paired
22,7,1,10,60,1,0,0,0.5030406713485718,0.5030406713485718,0.5030406713485718,0.4969593286514282,1,2,6,zero_shot_paired
22,8,1,12,60,1,0,0,0.5017804503440857,0.5017804503440857,0.5017804503440857,0.4982195198535919,1,2,6,zero_shot_paired
22,9,1,13,60,0,0,1,0.5037603974342346,0.5037603974342346,0.5037603974342346,0.496239572763443,1,2,6,zero_shot_paired
22,10,1,15,60,0,0,1,0.5041702389717102,0.5041702389717102,0.5041702389717102,0.4958297610282898,1,2,6,zero_shot_paired
22,11,1,17,60,1,0,0,0.5035854578018188,0.5035854578018188,0.5035854578018188,0.4964144825935364,1,2,6,zero_shot_paired
22,0,1,0,60,1,0,0,0.501293420791626,0.501293420791626,0.501293420791626,0.49870654940605164,1,2,6,post_calibration
22,1,1,1,60,0,0,1,0.5028824210166931,0.5028824210166931,0.5028824210166931,0.4971175491809845,1,2,6,post_calibration
22,2,1,2,60,1,0,0,0.5033837556838989,0.5033837556838989,0.5033837556838989,0.4966162443161011,1,2,6,post_calibration
22,3,1,3,60,0,0,1,0.5025278925895691,0.5025278925895691,0.5025278925895691,0.49747204780578613,1,2,6,post_calibration
22,4,1,5,60,0,0,1,0.5041319727897644,0.5041319727897644,0.5041319727897644,0.4958680272102356,1,2,6,post_calibration
22,5,1,8,60,0,0,1,0.5025357604026794,0.5025357604026794,0.5025357604026794,0.49746426939964294,1,2,6,post_calibration
22,6,1,9,60,0,0,1,0.5025634765625,0.5025634765625,0.5025634765625,0.4974365234375,1,2,6,post_calibration
22,7,1,10,60,1,0,0,0.5031654834747314,0.5031654834747314,0.5031654834747314,0.49683454632759094,1,2,6,post_calibration
22,8,1,12,60,1,0,0,0.5018655061721802,0.5018655061721802,0.5018655061721802,0.49813446402549744,1,2,6,post_calibration
22,9,1,13,60,0,0,1,0.5038689374923706,0.5038689374923706,0.5038689374923706,0.4961310625076294,1,2,6,post_calibration
22,10,1,15,60,0,0,1,0.504245400428772,0.504245400428772,0.504245400428772,0.495754599571228,1,2,6,post_calibration
22,11,1,17,60,1,0,0,0.5037620663642883,0.5037620663642883,0.5037620663642883,0.49623793363571167,1,2,6,post_calibration
23,0,1,2,60,1,0,0,0.5033055543899536,0.5033055543899536,0.5033055543899536,0.4966944456100464,1,3,6,zero_shot_paired
23,1,1,3,60,0,0,1,0.5022558569908142,0.5022558569908142,0.5022558569908142,0.4977441430091858,1,3,6,zero_shot_paired
23,2,1,4,60,0,0,1,0.5047435760498047,0.5047435760498047,0.5047435760498047,0.4952564239501953,1,3,6,zero_shot_paired
23,3,1,5,60,0,0,1,0.5039924383163452,0.5039924383163452,0.5039924383163452,0.4960075616836548,1,3,6,zero_shot_paired
23,4,1,6,60,1,0,0,0.5029318928718567,0.5029318928718567,0.5029318928718567,0.4970680773258209,1,3,6,zero_shot_paired
23,5,1,7,60,0,0,1,0.5048964619636536,0.5048964619636536,0.5048964619636536,0.49510353803634644,1,3,6,zero_shot_paired
23,6,1,8,60,0,0,1,0.502488911151886,0.502488911151886,0.502488911151886,0.4975111186504364,1,3,6,zero_shot_paired
23,7,1,11,60,1,0,0,0.5038635730743408,0.5038635730743408,0.5038635730743408,0.4961363971233368,1,3,6,zero_shot_paired
23,8,1,13,60,0,0,1,0.5037603974342346,0.5037603974342346,0.5037603974342346,0.496239572763443,1,3,6,zero_shot_paired
23,9,1,14,60,0,0,1,0.5029779672622681,0.5029779672622681,0.5029779672622681,0.4970220625400543,1,3,6,zero_shot_paired
23,10,1,16,60,0,0,1,0.5014947056770325,0.5014947056770325,0.5014947056770325,0.4985053539276123,1,3,6,zero_shot_paired
23,11,1,17,60,1,0,0,0.5035854578018188,0.5035854578018188,0.5035854578018188,0.4964144825935364,1,3,6,zero_shot_paired
23,0,1,2,60,1,0,0,0.5032573938369751,0.5032573938369751,0.5032573938369751,0.4967426061630249,1,3,6,post_calibration
23,1,1,3,60,0,0,1,0.5022087097167969,0.5022087097167969,0.5022087097167969,0.4977913200855255,1,3,6,post_calibration
23,2,1,4,60,0,0,1,0.5048815011978149,0.5048815011978149,0.5048815011978149,0.49511852860450745,1,3,6,post_calibration
23,3,1,5,60,0,0,1,0.5036807060241699,0.5036807060241699,0.5036807060241699,0.4963192939758301,1,3,6,post_calibration
23,4,1,6,60,1,0,0,0.5024933218955994,0.5024933218955994,0.5024933218955994,0.49750667810440063,1,3,6,post_calibration
23,5,1,7,60,0,0,1,0.5048404335975647,0.5048404335975647,0.5048404335975647,0.4951595664024353,1,3,6,post_calibration
23,6,1,8,60,0,0,1,0.5019636154174805,0.5019636154174805,0.5019636154174805,0.49803638458251953,1,3,6,post_calibration
23,7,1,11,60,1,0,0,0.5036236047744751,0.5036236047744751,0.5036236047744751,0.4963763952255249,1,3,6,post_calibration
23,8,1,13,60,0,0,1,0.503394365310669,0.503394365310669,0.503394365310669,0.49660566449165344,1,3,6,post_calibration
23,9,1,14,60,0,0,1,0.5026745200157166,0.5026745200157166,0.5026745200157166,0.49732550978660583,1,3,6,post_calibration
23,10,1,16,60,0,0,1,0.5012556910514832,0.5012556910514832,0.5012556910514832,0.49874433875083923,1,3,6,post_calibration
23,11,1,17,60,1,0,0,0.5033115148544312,0.5033115148544312,0.5033115148544312,0.49668848514556885,1,3,6,post_calibration
24,0,1,0,60,1,0,0,0.5014472007751465,0.5014472007751465,0.5014472007751465,0.4985528290271759,1,1,9,zero_shot_paired
24,1,1,1,60,0,0,1,0.5027434825897217,0.5027434825897217,0.5027434825897217,0.4972565472126007,1,1,9,zero_shot_paired
24,2,1,2,60,1,0,0,0.5033055543899536,0.5033055543899536,0.5033055543899536,0.496694415807724,1,1,9,zero_shot_paired
24,3,1,3,60,0,0,1,0.5022559762001038,0.5022559762001038,0.5022559762001038,0.49774399399757385,1,1,9,zero_shot_paired
24,4,1,4,60,0,0,1,0.5047435760498047,0.5047435760498047,0.5047435760498047,0.4952564239501953,1,1,9,zero_shot_paired
24,5,1,10,60,1,0,0,0.5030406713485718,0.5030406713485718,0.5030406713485718,0.49695926904678345,1,1,9,zero_shot_paired
24,6,1,13,60,0,0,1,0.5037603974342346,0.5037603974342346,0.5037603974342346,0.496239572763443,1,1,9,zero_shot_paired
24,7,1,14,60,0,0,1,0.5029779672622681,0.5029779672622681,0.5029779672622681,0.4970220625400543,1,1,9,zero_shot_paired
24,8,1,15,60,0,0,1,0.5041704773902893,0.5041704773902893,0.5041704773902893,0.4958295226097107,1,1,9,zero_shot_paired
24,0,1,0,60,1,0,0,0.5013424158096313,0.5013424158096313,0.5013424158096313,0.4986575245857239,1,1,9,post_calibration
24,1,1,1,60,0,0,1,0.5027060508728027,0.5027060508728027,0.5027060508728027,0.4972939193248749,1,1,9,post_calibration
24,2,1,2,60,1,0,0,0.503936767578125,0.503936767578125,0.503936767578125,0.496063232421875,1,1,9,post_calibration
24,3,1,3,60,0,0,1,0.5021712779998779,0.5021712779998779,0.5021712779998779,0.49782872200012207,1,1,9,post_calibration
24,4,1,4,60,0,0,1,0.5053176879882812,0.5053176879882812,0.5053176879882812,0.49468228220939636,1,1,9,post_calibration
24,5,1,10,60,1,0,0,0.5034703016281128,0.5034703016281128,0.5034703016281128,0.4965296983718872,1,1,9,post_calibration
24,6,1,13,60,0,0,1,0.5041767358779907,0.5041767358779907,0.5041767358779907,0.4958232641220093,1,1,9,post_calibration
24,7,1,14,60,0,0,1,0.5032531023025513,0.5032531023025513,0.5032531023025513,0.49674686789512634,1,1,9,post_calibration
24,8,1,15,60,0,0,1,0.50456702709198,0.50456702709198,0.50456702709198,0.49543297290802,1,1,9,post_calibration
25,0,1,5,60,0,0,1,0.5039924383163452,0.5039924383163452,0.5039924383163452,0.49600762128829956,1,2,9,zero_shot_paired
25,1,1,6,60,1,0,0,0.5029318928718567,0.5029318928718567,0.5029318928718567,0.4970680773258209,1,2,9,zero_shot_paired
25,2,1,7,60,0,0,1,0.5048964619636536,0.5048964619636536,0.5048964619636536,0.4951035976409912,1,2,9,zero_shot_paired
25,3,1,8,60,0,0,1,0.5024888515472412,0.5024888515472412,0.5024888515472412,0.4975111484527588,1,2,9,zero_shot_paired
25,4,1,9,60,0,0,1,0.502500593662262,0.502500593662262,0.502500593662262,0.49749937653541565,1,2,9,zero_shot_paired
25,5,1,11,60,1,0,0,0.5038635730743408,0.5038635730743408,0.5038635730743408,0.49613645672798157,1,2,9,zero_shot_paired
25,6,1,12,60,1,0,0,0.5017803907394409,0.5017803907394409,0.5017803907394409,0.4982195794582367,1,2,9,zero_shot_paired
25,7,1,16,60,0,0,1,0.5014947056770325,0.5014947056770325,0.5014947056770325,0.4985053539276123,1,2,9,zero_shot_paired
25,8,1,17,60,1,0,0,0.5035854578018188,0.5035854578018188,0.5035854578018188,0.4964144825935364,1,2,9,zero_shot_paired
25,0,1,5,60,0,0,1,0.5047634243965149,0.5047634243965149,0.5047634243965149,0.4952365458011627,1,2,9,post_calibration
25,1,1,6,60,1,0,0,0.5036231279373169,0.5036231279373169,0.5036231279373169,0.4963768422603607,1,2,9,post_calibration
25,2,1,7,60,0,0,1,0.5056934356689453,0.5056934356689453,0.5056934356689453,0.4943065047264099,1,2,9,post_calibration
25,3,1,8,60,0,0,1,0.5031164288520813,0.5031164288520813,0.5031164288520813,0.4968836009502411,1,2,9,post_calibration
25,4,1,9,60,0,0,1,0.5028454065322876,0.5028454065322876,0.5028454065322876,0.4971546232700348,1,2,9,post_calibration
25,5,1,11,60,1,0,0,0.5043773055076599,0.5043773055076599,0.5043773055076599,0.4956226646900177,1,2,9,post_calibration
25,6,1,12,60,1,0,0,0.5024540424346924,0.5024540424346924,0.5024540424346924,0.49754592776298523,1,2,9,post_calibration
25,7,1,16,60,0,0,1,0.5020845532417297,0.5020845532417297,0.5020845532417297,0.49791547656059265,1,2,9,post_calibration
25,8,1,17,60,1,0,0,0.5040556788444519,0.5040556788444519,0.5040556788444519,0.4959442913532257,1,2,9,post_calibration
26,0,1,1,60,0,0,1,0.5027437806129456,0.5027437806129456,0.5027437806129456,0.49725618958473206,1,1,12,zero_shot_paired
26,1,1,3,60,0,0,1,0.502255916595459,0.502255916595459,0.502255916595459,0.497744083404541,1,1,12,zero_shot_paired
26,2,1,7,60,0,0,1,0.504896879196167,0.504896879196167,0.504896879196167,0.4951030910015106,1,1,12,zero_shot_paired
26,3,1,10,60,1,0,0,0.5030409097671509,0.5030409097671509,0.5030409097671509,0.49695903062820435,1,1,12,zero_shot_paired
26,4,1,14,60,0,0,1,0.502976655960083,0.502976655960083,0.502976655960083,0.49702340364456177,1,1,12,zero_shot_paired
26,5,1,17,60,1,0,0,0.5035853385925293,0.5035853385925293,0.5035853385925293,0.4964146316051483,1,1,12,zero_shot_paired
26,0,1,1,60,0,0,1,0.5032687187194824,0.5032687187194824,0.5032687187194824,0.49673131108283997,1,1,12,post_calibration
26,1,1,3,60,0,0,1,0.502638578414917,0.502638578414917,0.502638578414917,0.49736136198043823,1,1,12,post_calibration
26,2,1,7,60,0,0,1,0.5052695870399475,0.5052695870399475,0.5052695870399475,0.4947304129600525,1,1,12,post_calibration
26,3,1,10,60,1,0,0,0.5040673017501831,0.5040673017501831,0.5040673017501831,0.4959326982498169,1,1,12,post_calibration
26,4,1,14,60,0,0,1,0.5040074586868286,0.5040074586868286,0.5040074586868286,0.4959925413131714,1,1,12,post_calibration
26,5,1,17,60,1,0,0,0.5043658018112183,0.5043658018112183,0.5043658018112183,0.4956342279911041,1,1,12,post_calibration
27,0,1,1,60,0,0,1,0.5027437806129456,0.5027437806129456,0.5027437806129456,0.49725618958473206,1,2,12,zero_shot_paired
27,1,1,5,60,0,0,1,0.5039921998977661,0.5039921998977661,0.5039921998977661,0.4960078001022339,1,2,12,zero_shot_paired
27,2,1,9,60,0,0,1,0.5025014281272888,0.5025014281272888,0.5025014281272888,0.4974985420703888,1,2,12,zero_shot_paired
27,3,1,11,60,1,0,0,0.5038626790046692,0.5038626790046692,0.5038626790046692,0.4961372911930084,1,2,12,zero_shot_paired
27,4,1,15,60,0,0,1,0.5041694641113281,0.5041694641113281,0.5041694641113281,0.4958305358886719,1,2,12,zero_shot_paired
27,5,1,17,60,1,0,0,0.5035853385925293,0.5035853385925293,0.5035853385925293,0.4964146316051483,1,2,12,zero_shot_paired
27,0,1,1,60,0,0,1,0.503386914730072,0.503386914730072,0.503386914730072,0.496613085269928,1,2,12,post_calibration
27,1,1,5,60,0,0,1,0.5042564868927002,0.5042564868927002,0.5042564868927002,0.4957435429096222,1,2,12,post_calibration
27,2,1,9,60,0,0,1,0.5030729174613953,0.5030729174613953,0.5030729174613953,0.49692705273628235,1,2,12,post_calibration
27,3,1,11,60,1,0,0,0.5047321319580078,0.5047321319580078,0.5047321319580078,0.4952678084373474,1,2,12,post_calibration
27,4,1,15,60,0,0,1,0.504797101020813,0.504797101020813,0.504797101020813,0.4952028691768646,1,2,12,post_calibration
27,5,1,17,60,1,0,0,0.504136323928833,0.504136323928833,0.504136323928833,0.4958636462688446,1,2,12,post_calibration
28,0,1,2,60,1,0,0,0.5033061504364014,0.5033061504364014,0.5033061504364014,0.49669381976127625,1,3,12,zero_shot_paired
28,1,1,3,60,0,0,1,0.502255916595459,0.502255916595459,0.502255916595459,0.497744083404541,1,3,12,zero_shot_paired
28,2,1,4,60,0,0,1,0.5047445893287659,0.5047445893287659,0.5047445893287659,0.4952554404735565,1,3,12,zero_shot_paired
28,3,1,11,60,1,0,0,0.5038626790046692,0.5038626790046692,0.5038626790046692,0.4961372911930084,1,3,12,zero_shot_paired
28,4,1,13,60,0,0,1,0.5037595629692078,0.5037595629692078,0.5037595629692078,0.496240496635437,1,3,12,zero_shot_paired
28,5,1,16,60,0,0,1,0.5014945864677429,0.5014945864677429,0.5014945864677429,0.49850544333457947,1,3,12,zero_shot_paired
28,0,1,2,60,1,0,0,0.5045902132987976,0.5045902132987976,0.5045902132987976,0.4954097867012024,1,3,12,post_calibration
28,1,1,3,60,0,0,1,0.5025650262832642,0.5025650262832642,0.5025650262832642,0.49743497371673584,1,3,12,post_calibration
28,2,1,4,60,0,0,1,0.5058940649032593,0.5058940649032593,0.5058940649032593,0.4941059648990631,1,3,12,post_calibration
28,3,1,11,60,1,0,0,0.5050517320632935,0.5050517320632935,0.5050517320632935,0.4949483275413513,1,3,12,post_calibration
28,4,1,13,60,0,0,1,0.5043738484382629,0.5043738484382629,0.5043738484382629,0.4956261217594147,1,3,12,post_calibration
28,5,1,16,60,0,0,1,0.5025200843811035,0.5025200843811035,0.5025200843811035,0.49747994542121887,1,3,12,post_calibration
3,0,2,0,60,1,1,1,0.5001906752586365,0.5001906752586365,0.49980929493904114,0.5001906752586365,2,,,zero_shot_all_trials
3,1,2,1,60,1,1,1,0.5069400072097778,0.5069400072097778,0.49306002259254456,0.5069400072097778,2,,,zero_shot_all_trials
3,2,2,2,60,1,1,1,0.5014406442642212,0.5014406442642212,0.49855929613113403,0.5014406442642212,2,,,zero_shot_all_trials
3,3,2,3,60,0,1,0,0.5072824954986572,0.5072824954986572,0.49271753430366516,0.5072824954986572,2,,,zero_shot_all_trials
3,4,2,4,60,1,1,1,0.5050402283668518,0.5050402283668518,0.4949597418308258,0.5050402283668518,2,,,zero_shot_all_trials
3,5,2,5,60,1,1,1,0.5065563321113586,0.5065563321113586,0.49344366788864136,0.5065563321113586,2,,,zero_shot_all_trials
3,6,2,6,60,1,0,0,0.5016859769821167,0.5016859769821167,0.5016859769821167,0.4983140230178833,2,,,zero_shot_all_trials
3,7,2,7,60,0,1,0,0.501112163066864,0.501112163066864,0.4988877773284912,0.501112163066864,2,,,zero_shot_all_trials
3,8,2,8,60,0,1,0,0.5014714598655701,0.5014714598655701,0.49852848052978516,0.5014714598655701,2,,,zero_shot_all_trials
3,9,2,9,60,1,1,1,0.5076821446418762,0.5076821446418762,0.492317795753479,0.5076821446418762,2,,,zero_shot_all_trials
3,10,2,10,60,1,1,1,0.5013588070869446,0.5013588070869446,0.49864116311073303,0.5013588070869446,2,,,zero_shot_all_trials
3,11,2,11,60,1,0,0,0.5029689073562622,0.5029689073562622,0.5029689073562622,0.4970310628414154,2,,,zero_shot_all_trials
3,12,2,12,60,1,1,1,0.5085281729698181,0.5085281729698181,0.4914718270301819,0.5085281729698181,2,,,zero_shot_all_trials
3,13,2,13,60,1,1,1,0.5027308464050293,0.5027308464050293,0.4972691833972931,0.5027308464050293,2,,,zero_shot_all_trials
3,14,2,14,60,1,1,1,0.5067161321640015,0.5067161321640015,0.49328380823135376,0.5067161321640015,2,,,zero_shot_all_trials
3,15,2,15,60,1,1,1,0.506860077381134,0.506860077381134,0.49313998222351074,0.506860077381134,2,,,zero_shot_all_trials
3,16,2,16,60,0,0,1,0.5002891421318054,0.5002891421318054,0.5002891421318054,0.4997108280658722,2,,,zero_shot_all_trials
3,17,2,17,60,1,1,1,0.5048154592514038,0.5048154592514038,0.4951845407485962,0.5048154592514038,2,,,zero_shot_all_trials
29,0,2,0,60,1,1,1,0.5001907348632812,0.5001907348632812,0.49980929493904114,0.5001907348632812,2,1,3,zero_shot_paired
29,1,2,1,60,1,1,1,0.5069402456283569,0.5069402456283569,0.49305978417396545,0.5069402456283569,2,1,3,zero_shot_paired
29,2,2,2,60,1,1,1,0.5014406442642212,0.5014406442642212,0.49855929613113403,0.5014406442642212,2,1,3,zero_shot_paired
29,3,2,5,60,1,1,1,0.5065563917160034,0.5065563917160034,0.49344363808631897,0.5065563917160034,2,1,3,zero_shot_paired
29,4,2,6,60,1,0,0,0.5016859769821167,0.5016859769821167,0.5016859769821167,0.4983140528202057,2,1,3,zero_shot_paired
29,5,2,7,60,0,1,0,0.5011121034622192,0.5011121034622192,0.49888789653778076,0.5011121034622192,2,1,3,zero_shot_paired
29,6,2,8,60,0,1,0,0.5014714002609253,0.5014714002609253,0.4985285699367523,0.5014714002609253,2,1,3,zero_shot_paired
29,7,2,9,60,1,1,1,0.507682204246521,0.507682204246521,0.492317795753479,0.507682204246521,2,1,3,zero_shot_paired
29,8,2,10,60,1,1,1,0.5013589262962341,0.5013589262962341,0.49864110350608826,0.5013589262962341,2,1,3,zero_shot_paired
29,9,2,11,60,1,0,0,0.5029689073562622,0.5029689073562622,0.5029689073562622,0.4970311224460602,2,1,3,zero_shot_paired
29,10,2,13,60,1,1,1,0.5027309060096741,0.5027309060096741,0.49726906418800354,0.5027309060096741,2,1,3,zero_shot_paired
29,11,2,14,60,1,1,1,0.5067161917686462,0.5067161917686462,0.49328380823135376,0.5067161917686462,2,1,3,zero_shot_paired
29,12,2,15,60,1,1,1,0.5068599581718445,0.5068599581718445,0.4931400418281555,0.5068599581718445,2,1,3,zero_shot_paired
29,13,2,16,60,0,0,1,0.5002892017364502,0.5002892017364502,0.5002892017364502,0.4997107982635498,2,1,3,zero_shot_paired
29,14,2,17,60,1,1,1,0.504815399646759,0.504815399646759,0.49518460035324097,0.504815399646759,2,1,3,zero_shot_paired
29,0,2,0,60,1,1,1,0.5001941323280334,0.5001941323280334,0.4998058080673218,0.5001941323280334,2,1,3,post_calibration
29,1,2,1,60,1,1,1,0.5065247416496277,0.5065247416496277,0.4934752285480499,0.5065247416496277,2,1,3,post_calibration
29,2,2,2,60,1,1,1,0.5016092658042908,0.5016092658042908,0.498390793800354,0.5016092658042908,2,1,3,post_calibration
29,3,2,5,60,1,1,1,0.5063673257827759,0.5063673257827759,0.4936326742172241,0.5063673257827759,2,1,3,post_calibration
29,4,2,6,60,1,0,0,0.5015617609024048,0.5015617609024048,0.5015617609024048,0.4984382688999176,2,1,3,post_calibration
29,5,2,7,60,0,1,0,0.5009956955909729,0.5009956955909729,0.4990043342113495,0.5009956955909729,2,1,3,post_calibration
29,6,2,8,60,0,1,0,0.5013461709022522,0.5013461709022522,0.4986538290977478,0.5013461709022522,2,1,3,post_calibration
29,7,2,9,60,1,1,1,0.5076538324356079,0.5076538324356079,0.4923461675643921,0.5076538324356079,2,1,3,post_calibration
29,8,2,10,60,1,1,1,0.5014427900314331,0.5014427900314331,0.49855726957321167,0.5014427900314331,2,1,3,post_calibration
29,9,2,11,60,1,0,0,0.5028945803642273,0.5028945803642273,0.5028945803642273,0.4971054792404175,2,1,3,post_calibration
29,10,2,13,60,1,1,1,0.5028282403945923,0.5028282403945923,0.4971717596054077,0.5028282403945923,2,1,3,post_calibration
29,11,2,14,60,1,1,1,0.5068264007568359,0.5068264007568359,0.49317359924316406,0.5068264007568359,2,1,3,post_calibration
29,12,2,15,60,1,1,1,0.506790041923523,0.506790041923523,0.49320995807647705,0.506790041923523,2,1,3,post_calibration
29,13,2,16,60,0,0,1,0.5002012252807617,0.5002012252807617,0.5002012252807617,0.4997987747192383,2,1,3,post_calibration
29,14,2,17,60,1,1,1,0.5046409964561462,0.5046409964561462,0.49535903334617615,0.5046409964561462,2,1,3,post_calibration
30,0,2,0,60,1,1,1,0.5001907348632812,0.5001907348632812,0.49980929493904114,0.5001907348632812,2,2,3,zero_shot_paired
30,1,2,1,60,1,1,1,0.5069402456283569,0.5069402456283569,0.49305978417396545,0.5069402456283569,2,2,3,zero_shot_paired
30,2,2,2,60,1,1,1,0.5014406442642212,0.5014406442642212,0.49855929613113403,0.5014406442642212,2,2,3,zero_shot_paired
30,3,2,3,60,0,1,0,0.5072824954986572,0.5072824954986572,0.49271753430366516,0.5072824954986572,2,2,3,zero_shot_paired
30,4,2,4,60,1,1,1,0.5050402283668518,0.5050402283668518,0.4949597418308258,0.5050402283668518,2,2,3,zero_shot_paired
30,5,2,5,60,1,1,1,0.5065563917160034,0.5065563917160034,0.49344363808631897,0.5065563917160034,2,2,3,zero_shot_paired
30,6,2,7,60,0,1,0,0.5011121034622192,0.5011121034622192,0.49888789653778076,0.5011121034622192,2,2,3,zero_shot_paired
30,7,2,9,60,1,1,1,0.507682204246521,0.507682204246521,0.492317795753479,0.507682204246521,2,2,3,zero_shot_paired
30,8,2,10,60,1,1,1,0.5013589262962341,0.5013589262962341,0.49864110350608826,0.5013589262962341,2,2,3,zero_shot_paired
30,9,2,11,60,1,0,0,0.5029689073562622,0.5029689073562622,0.5029689073562622,0.4970311224460602,2,2,3,zero_shot_paired
30,10,2,12,60,1,1,1,0.5085281729698181,0.5085281729698181,0.4914718270301819,0.5085281729698181,2,2,3,zero_shot_paired
30,11,2,14,60,1,1,1,0.5067161917686462,0.5067161917686462,0.49328380823135376,0.5067161917686462,2,2,3,zero_shot_paired
30,12,2,15,60,1,1,1,0.5068599581718445,0.5068599581718445,0.4931400418281555,0.5068599581718445,2,2,3,zero_shot_paired
30,13,2,16,60,0,0,1,0.5002892017364502,0.5002892017364502,0.5002892017364502,0.4997107982635498,2,2,3,zero_shot_paired
30,14,2,17,60,1,1,1,0.504815399646759,0.504815399646759,0.49518460035324097,0.504815399646759,2,2,3,zero_shot_paired
30,0,2,0,60,1,1,1,0.500257670879364,0.500257670879364,0.499742329120636,0.500257670879364,2,2,3,post_calibration
30,1,2,1,60,1,1,1,0.506904125213623,0.506904125213623,0.49309587478637695,0.506904125213623,2,2,3,post_calibration
30,2,2,2,60,1,1,1,0.5016472339630127,0.5016472339630127,0.4983528256416321,0.5016472339630127,2,2,3,post_calibration
30,3,2,3,60,0,1,0,0.5073222517967224,0.5073222517967224,0.4926777780056,0.5073222517967224,2,2,3,post_calibration
30,4,2,4,60,1,1,1,0.505372941493988,0.505372941493988,0.49462705850601196,0.505372941493988,2,2,3,post_calibration
30,5,2,5,60,1,1,1,0.5064607262611389,0.5064607262611389,0.49353930354118347,0.5064607262611389,2,2,3,post_calibration
30,6,2,7,60,0,1,0,0.5012609958648682,0.5012609958648682,0.49873900413513184,0.5012609958648682,2,2,3,post_calibration
30,7,2,9,60,1,1,1,0.5076650977134705,0.5076650977134705,0.49233493208885193,0.5076650977134705,2,2,3,post_calibration
30,8,2,10,60,1,1,1,0.5016698241233826,0.5016698241233826,0.49833011627197266,0.5016698241233826,2,2,3,post_calibration
30,9,2,11,60,1,0,0,0.5024582743644714,0.5024582743644714,0.5024582743644714,0.4975416958332062,2,2,3,post_calibration
30,10,2,12,60,1,1,1,0.5084166526794434,0.5084166526794434,0.4915834069252014,0.5084166526794434,2,2,3,post_calibration
30,11,2,14,60,1,1,1,0.5066040754318237,0.5066040754318237,0.4933958947658539,0.5066040754318237,2,2,3,post_calibration
30,12,2,15,60,1,1,1,0.5068771839141846,0.5068771839141846,0.49312281608581543,0.5068771839141846,2,2,3,post_calibration
30,13,2,16,60,0,0,1,0.5002664923667908,0.5002664923667908,0.5002664923667908,0.49973344802856445,2,2,3,post_calibration
30,14,2,17,60,1,1,1,0.5045145750045776,0.5045145750045776,0.49548545479774475,0.5045145750045776,2,2,3,post_calibration
31,0,2,0,60,1,1,1,0.5001907348632812,0.5001907348632812,0.49980929493904114,0.5001907348632812,2,3,3,zero_shot_paired
31,1,2,2,60,1,1,1,0.5014406442642212,0.5014406442642212,0.49855929613113403,0.5014406442642212,2,3,3,zero_shot_paired
31,2,2,3,60,0,1,0,0.5072824954986572,0.5072824954986572,0.49271753430366516,0.5072824954986572,2,3,3,zero_shot_paired
31,3,2,4,60,1,1,1,0.5050402283668518,0.5050402283668518,0.4949597418308258,0.5050402283668518,2,3,3,zero_shot_paired
31,4,2,5,60,1,1,1,0.5065563917160034,0.5065563917160034,0.49344363808631897,0.5065563917160034,2,3,3,zero_shot_paired
31,5,2,6,60,1,0,0,0.5016859769821167,0.5016859769821167,0.5016859769821167,0.4983140528202057,2,3,3,zero_shot_paired
31,6,2,8,60,0,1,0,0.5014714002609253,0.5014714002609253,0.4985285699367523,0.5014714002609253,2,3,3,zero_shot_paired
31,7,2,9,60,1,1,1,0.507682204246521,0.507682204246521,0.492317795753479,0.507682204246521,2,3,3,zero_shot_paired
31,8,2,11,60,1,0,0,0.5029689073562622,0.5029689073562622,0.5029689073562622,0.4970311224460602,2,3,3,zero_shot_paired
31,9,2,12,60,1,1,1,0.5085281729698181,0.5085281729698181,0.4914718270301819,0.5085281729698181,2,3,3,zero_shot_paired
31,10,2,13,60,1,1,1,0.5027309060096741,0.5027309060096741,0.49726906418800354,0.5027309060096741,2,3,3,zero_shot_paired
31,11,2,14,60,1,1,1,0.5067161917686462,0.5067161917686462,0.49328380823135376,0.5067161917686462,2,3,3,zero_shot_paired
31,12,2,15,60,1,1,1,0.5068599581718445,0.5068599581718445,0.4931400418281555,0.5068599581718445,2,3,3,zero_shot_paired
31,13,2,16,60,0,0,1,0.5002892017364502,0.5002892017364502,0.5002892017364502,0.4997107982635498,2,3,3,zero_shot_paired
31,14,2,17,60,1,1,1,0.504815399646759,0.504815399646759,0.49518460035324097,0.504815399646759,2,3,3,zero_shot_paired
31,0,2,0,60,1,1,1,0.5005513429641724,0.5005513429641724,0.49944862723350525,0.5005513429641724,2,3,3,post_calibration
31,1,2,2,60,1,1,1,0.5018647909164429,0.5018647909164429,0.49813514947891235,0.5018647909164429,2,3,3,post_calibration
31,2,2,3,60,0,1,0,0.5072185397148132,0.5072185397148132,0.49278146028518677,0.5072185397148132,2,3,3,post_calibration
31,3,2,4,60,1,1,1,0.5051693916320801,0.5051693916320801,0.49483057856559753,0.5051693916320801,2,3,3,post_calibration
31,4,2,5,60,1,1,1,0.506733775138855,0.506733775138855,0.493266224861145,0.506733775138855,2,3,3,post_calibration
31,5,2,6,60,1,0,0,0.5013342499732971,0.5013342499732971,0.5013342499732971,0.49866580963134766,2,3,3,post_calibration
31,6,2,8,60,0,1,0,0.501590371131897,0.501590371131897,0.498409628868103,0.501590371131897,2,3,3,post_calibration
31,7,2,9,60,1,1,1,0.5080249905586243,0.5080249905586243,0.49197497963905334,0.5080249905586243,2,3,3,post_calibration
31,8,2,11,60,1,0,0,0.5028785467147827,0.5028785467147827,0.5028785467147827,0.4971214532852173,2,3,3,post_calibration
31,9,2,12,60,1,1,1,0.5088480114936829,0.5088480114936829,0.49115198850631714,0.5088480114936829,2,3,3,post_calibration
31,10,2,13,60,1,1,1,0.5028406977653503,0.5028406977653503,0.49715933203697205,0.5028406977653503,2,3,3,post_calibration
31,11,2,14,60,1,1,1,0.5068130493164062,0.5068130493164062,0.49318698048591614,0.5068130493164062,2,3,3,post_calibration
31,12,2,15,60,1,1,1,0.5067042708396912,0.5067042708396912,0.4932957589626312,0.5067042708396912,2,3,3,post_calibration
31,13,2,16,60,0,1,0,0.5001446008682251,0.5001446008682251,0.4998553991317749,0.5001446008682251,2,3,3,post_calibration
31,14,2,17,60,1,1,1,0.5053079128265381,0.5053079128265381,0.4946920871734619,0.5053079128265381,2,3,3,post_calibration
32,0,2,0,60,1,1,1,0.5001907348632812,0.5001907348632812,0.49980929493904114,0.5001907348632812,2,4,3,zero_shot_paired
32,1,2,1,60,1,1,1,0.5069402456283569,0.5069402456283569,0.49305978417396545,0.5069402456283569,2,4,3,zero_shot_paired
32,2,2,3,60,0,1,0,0.5072824954986572,0.5072824954986572,0.49271753430366516,0.5072824954986572,2,4,3,zero_shot_paired
32,3,2,4,60,1,1,1,0.5050402283668518,0.5050402283668518,0.4949597418308258,0.5050402283668518,2,4,3,zero_shot_paired
32,4,2,5,60,1,1,1,0.5065563917160034,0.5065563917160034,0.49344363808631897,0.5065563917160034,2,4,3,zero_shot_paired
32,5,2,6,60,1,0,0,0.5016859769821167,0.5016859769821167,0.5016859769821167,0.4983140528202057,2,4,3,zero_shot_paired
32,6,2,7,60,0,1,0,0.5011121034622192,0.5011121034622192,0.49888789653778076,0.5011121034622192,2,4,3,zero_shot_paired
32,7,2,8,60,0,1,0,0.5014714002609253,0.5014714002609253,0.4985285699367523,0.5014714002609253,2,4,3,zero_shot_paired
32,8,2,9,60,1,1,1,0.507682204246521,0.507682204246521,0.492317795753479,0.507682204246521,2,4,3,zero_shot_paired
32,9,2,10,60,1,1,1,0.5013589262962341,0.5013589262962341,0.49864110350608826,0.5013589262962341,2,4,3,zero_shot_paired
32,10,2,12,60,1,1,1,0.5085281729698181,0.5085281729698181,0.4914718270301819,0.5085281729698181,2,4,3,zero_shot_paired
32,11,2,13,60,1,1,1,0.5027309060096741,0.5027309060096741,0.49726906418800354,0.5027309060096741,2,4,3,zero_shot_paired
32,12,2,14,60,1,1,1,0.5067161917686462,0.5067161917686462,0.49328380823135376,0.5067161917686462,2,4,3,zero_shot_paired
32,13,2,15,60,1,1,1,0.5068599581718445,0.5068599581718445,0.4931400418281555,0.5068599581718445,2,4,3,zero_shot_paired
32,14,2,16,60,0,0,1,0.5002892017364502,0.5002892017364502,0.5002892017364502,0.4997107982635498,2,4,3,zero_shot_paired
32,0,2,0,60,1,1,1,0.5008761882781982,0.5008761882781982,0.49912381172180176,0.5008761882781982,2,4,3,post_calibration
32,1,2,1,60,1,1,1,0.5076251029968262,0.5076251029968262,0.49237489700317383,0.5076251029968262,2,4,3,post_calibration
32,2,2,3,60,0,1,0,0.5076174139976501,0.5076174139976501,0.49238261580467224,0.5076174139976501,2,4,3,post_calibration
32,3,2,4,60,1,1,1,0.5056214332580566,0.5056214332580566,0.49437859654426575,0.5056214332580566,2,4,3,post_calibration
32,4,2,5,60,1,1,1,0.5072112679481506,0.5072112679481506,0.49278873205184937,0.5072112679481506,2,4,3,post_calibration
32,5,2,6,60,1,0,0,0.5006518363952637,0.5006518363952637,0.5006518363952637,0.4993481934070587,2,4,3,post_calibration
32,6,2,7,60,0,1,0,0.5017012357711792,0.5017012357711792,0.4982987344264984,0.5017012357711792,2,4,3,post_calibration
32,7,2,8,60,0,1,0,0.5021161437034607,0.5021161437034607,0.4978839159011841,0.5021161437034607,2,4,3,post_calibration
32,8,2,9,60,1,1,1,0.508601188659668,0.508601188659668,0.49139881134033203,0.508601188659668,2,4,3,post_calibration
32,9,2,10,60,1,1,1,0.5024635791778564,0.5024635791778564,0.49753648042678833,0.5024635791778564,2,4,3,post_calibration
32,10,2,12,60,1,1,1,0.5094589591026306,0.5094589591026306,0.490541011095047,0.5094589591026306,2,4,3,post_calibration
32,11,2,13,60,1,1,1,0.5034013986587524,0.5034013986587524,0.49659860134124756,0.5034013986587524,2,4,3,post_calibration
32,12,2,14,60,1,1,1,0.5074105262756348,0.5074105262756348,0.49258944392204285,0.5074105262756348,2,4,3,post_calibration
32,13,2,15,60,1,1,1,0.5070862770080566,0.5070862770080566,0.49291369318962097,0.5070862770080566,2,4,3,post_calibration
32,14,2,16,60,0,1,0,0.5009873509407043,0.5009873509407043,0.49901270866394043,0.5009873509407043,2,4,3,post_calibration
33,0,2,0,60,1,1,1,0.5001907348632812,0.5001907348632812,0.49980929493904114,0.5001907348632812,2,5,3,zero_shot_paired
33,1,2,1,60,1,1,1,0.5069402456283569,0.5069402456283569,0.49305978417396545,0.5069402456283569,2,5,3,zero_shot_paired
33,2,2,2,60,1,1,1,0.5014406442642212,0.5014406442642212,0.49855929613113403,0.5014406442642212,2,5,3,zero_shot_paired
33,3,2,3,60,0,1,0,0.5072824954986572,0.5072824954986572,0.49271753430366516,0.5072824954986572,2,5,3,zero_shot_paired
33,4,2,4,60,1,1,1,0.5050402283668518,0.5050402283668518,0.4949597418308258,0.5050402283668518,2,5,3,zero_shot_paired
33,5,2,5,60,1,1,1,0.5065563917160034,0.5065563917160034,0.49344363808631897,0.5065563917160034,2,5,3,zero_shot_paired
33,6,2,6,60,1,0,0,0.5016859769821167,0.5016859769821167,0.5016859769821167,0.4983140528202057,2,5,3,zero_shot_paired
33,7,2,7,60,0,1,0,0.5011121034622192,0.5011121034622192,0.49888789653778076,0.5011121034622192,2,5,3,zero_shot_paired
33,8,2,8,60,0,1,0,0.5014714002609253,0.5014714002609253,0.4985285699367523,0.5014714002609253,2,5,3,zero_shot_paired
33,9,2,10,60,1,1,1,0.5013589262962341,0.5013589262962341,0.49864110350608826,0.5013589262962341,2,5,3,zero_shot_paired
33,10,2,11,60,1,0,0,0.5029689073562622,0.5029689073562622,0.5029689073562622,0.4970311224460602,2,5,3,zero_shot_paired
33,11,2,12,60,1,1,1,0.5085281729698181,0.5085281729698181,0.4914718270301819,0.5085281729698181,2,5,3,zero_shot_paired
33,12,2,13,60,1,1,1,0.5027309060096741,0.5027309060096741,0.49726906418800354,0.5027309060096741,2,5,3,zero_shot_paired
33,13,2,14,60,1,1,1,0.5067161917686462,0.5067161917686462,0.49328380823135376,0.5067161917686462,2,5,3,zero_shot_paired
33,14,2,17,60,1,1,1,0.504815399646759,0.504815399646759,0.49518460035324097,0.504815399646759,2,5,3,zero_shot_paired
33,0,2,0,60,1,1,1,0.5003482699394226,0.5003482699394226,0.499651700258255,0.5003482699394226,2,5,3,post_calibration
33,1,2,1,60,1,1,1,0.5072730183601379,0.5072730183601379,0.4927269518375397,0.5072730183601379,2,5,3,post_calibration
33,2,2,2,60,1,1,1,0.501650869846344,0.501650869846344,0.4983491599559784,0.501650869846344,2,5,3,post_calibration
33,3,2,3,60,0,1,0,0.5073570013046265,0.5073570013046265,0.49264296889305115,0.5073570013046265,2,5,3,post_calibration
33,4,2,4,60,1,1,1,0.5051702857017517,0.5051702857017517,0.4948297441005707,0.5051702857017517,2,5,3,post_calibration
33,5,2,5,60,1,1,1,0.5065823197364807,0.5065823197364807,0.4934176802635193,0.5065823197364807,2,5,3,post_calibration
33,6,2,6,60,1,0,0,0.5012165904045105,0.5012165904045105,0.5012165904045105,0.4987834393978119,2,5,3,post_calibration
33,7,2,7,60,0,1,0,0.5011512637138367,0.5011512637138367,0.49884867668151855,0.5011512637138367,2,5,3,post_calibration
33,8,2,8,60,0,1,0,0.5012723803520203,0.5012723803520203,0.4987276494503021,0.5012723803520203,2,5,3,post_calibration
33,9,2,10,60,1,1,1,0.5017169117927551,0.5017169117927551,0.49828311800956726,0.5017169117927551,2,5,3,post_calibration
33,10,2,11,60,1,0,0,0.5028873682022095,0.5028873682022095,0.5028873682022095,0.4971126616001129,2,5,3,post_calibration
33,11,2,12,60,1,1,1,0.5085397958755493,0.5085397958755493,0.49146023392677307,0.5085397958755493,2,5,3,post_calibration
33,12,2,13,60,1,1,1,0.5027392506599426,0.5027392506599426,0.4972607493400574,0.5027392506599426,2,5,3,post_calibration
33,13,2,14,60,1,1,1,0.5065731406211853,0.5065731406211853,0.4934268593788147,0.5065731406211853,2,5,3,post_calibration
33,14,2,17,60,1,1,1,0.5051530003547668,0.5051530003547668,0.49484699964523315,0.5051530003547668,2,5,3,post_calibration
34,0,2,1,60,1,1,1,0.5069402456283569,0.5069402456283569,0.49305978417396545,0.5069402456283569,2,6,3,zero_shot_paired
34,1,2,2,60,1,1,1,0.5014406442642212,0.5014406442642212,0.49855929613113403,0.5014406442642212,2,6,3,zero_shot_paired
34,2,2,3,60,0,1,0,0.5072824954986572,0.5072824954986572,0.49271753430366516,0.5072824954986572,2,6,3,zero_shot_paired
34,3,2,4,60,1,1,1,0.5050402283668518,0.5050402283668518,0.4949597418308258,0.5050402283668518,2,6,3,zero_shot_paired
34,4,2,6,60,1,0,0,0.5016859769821167,0.5016859769821167,0.5016859769821167,0.4983140528202057,2,6,3,zero_shot_paired
34,5,2,7,60,0,1,0,0.5011121034622192,0.5011121034622192,0.49888789653778076,0.5011121034622192,2,6,3,zero_shot_paired
34,6,2,8,60,0,1,0,0.5014714002609253,0.5014714002609253,0.4985285699367523,0.5014714002609253,2,6,3,zero_shot_paired
34,7,2,9,60,1,1,1,0.507682204246521,0.507682204246521,0.492317795753479,0.507682204246521,2,6,3,zero_shot_paired
34,8,2,10,60,1,1,1,0.5013589262962341,0.5013589262962341,0.49864110350608826,0.5013589262962341,2,6,3,zero_shot_paired
34,9,2,11,60,1,0,0,0.5029689073562622,0.5029689073562622,0.5029689073562622,0.4970311224460602,2,6,3,zero_shot_paired
34,10,2,12,60,1,1,1,0.5085281729698181,0.5085281729698181,0.4914718270301819,0.5085281729698181,2,6,3,zero_shot_paired
34,11,2,13,60,1,1,1,0.5027309060096741,0.5027309060096741,0.49726906418800354,0.5027309060096741,2,6,3,zero_shot_paired
34,12,2,15,60,1,1,1,0.5068599581718445,0.5068599581718445,0.4931400418281555,0.5068599581718445,2,6,3,zero_shot_paired
34,13,2,16,60,0,0,1,0.5002892017364502,0.5002892017364502,0.5002892017364502,0.4997107982635498,2,6,3,zero_shot_paired
34,14,2,17,60,1,1,1,0.504815399646759,0.504815399646759,0.49518460035324097,0.504815399646759,2,6,3,zero_shot_paired
34,0,2,1,60,1,1,1,0.5075660347938538,0.5075660347938538,0.49243399500846863,0.5075660347938538,2,6,3,post_calibration
34,1,2,2,60,1,1,1,0.5022368431091309,0.5022368431091309,0.49776312708854675,0.5022368431091309,2,6,3,post_calibration
34,2,2,3,60,0,1,0,0.5074278712272644,0.5074278712272644,0.492572158575058,0.5074278712272644,2,6,3,post_calibration
34,3,2,4,60,1,1,1,0.5060182809829712,0.5060182809829712,0.4939817190170288,0.5060182809829712,2,6,3,post_calibration
34,4,2,6,60,1,0,0,0.5011669397354126,0.5011669397354126,0.5011669397354126,0.4988330602645874,2,6,3,post_calibration
34,5,2,7,60,0,1,0,0.5015376806259155,0.5015376806259155,0.49846234917640686,0.5015376806259155,2,6,3,post_calibration
34,6,2,8,60,0,1,0,0.5022332668304443,0.5022332668304443,0.49776676297187805,0.5022332668304443,2,6,3,post_calibration
34,7,2,9,60,1,1,1,0.5090159177780151,0.5090159177780151,0.49098408222198486,0.5090159177780151,2,6,3,post_calibration
34,8,2,10,60,1,1,1,0.5018385648727417,0.5018385648727417,0.4981614649295807,0.5018385648727417,2,6,3,post_calibration
34,9,2,11,60,1,0,0,0.5028148293495178,0.5028148293495178,0.5028148293495178,0.4971851408481598,2,6,3,post_calibration
34,10,2,12,60,1,1,1,0.5086333751678467,0.5086333751678467,0.4913666546344757,0.5086333751678467,2,6,3,post_calibration
34,11,2,13,60,1,1,1,0.5030378103256226,0.5030378103256226,0.49696218967437744,0.5030378103256226,2,6,3,post_calibration
34,12,2,15,60,1,1,1,0.5074296593666077,0.5074296593666077,0.49257034063339233,0.5074296593666077,2,6,3,post_calibration
34,13,2,16,60,0,1,0,0.5003677010536194,0.5003677010536194,0.4996322989463806,0.5003677010536194,2,6,3,post_calibration
34,14,2,17,60,1,1,1,0.5052380561828613,0.5052380561828613,0.4947619140148163,0.5052380561828613,2,6,3,post_calibration
35,0,2,1,60,1,1,1,0.5069402456283569,0.5069402456283569,0.49305978417396545,0.5069402456283569,2,1,6,zero_shot_paired
35,1,2,3,60,0,1,0,0.5072824954986572,0.5072824954986572,0.49271753430366516,0.5072824954986572,2,1,6,zero_shot_paired
35,2,2,6,60,1,0,0,0.5016859769821167,0.5016859769821167,0.5016859769821167,0.4983140528202057,2,1,6,zero_shot_paired
35,3,2,7,60,0,1,0,0.5011121034622192,0.5011121034622192,0.49888789653778076,0.5011121034622192,2,1,6,zero_shot_paired
35,4,2,9,60,1,1,1,0.507682204246521,0.507682204246521,0.492317795753479,0.507682204246521,2,1,6,zero_shot_paired
35,5,2,10,60,1,1,1,0.5013589262962341,0.5013589262962341,0.49864110350608826,0.5013589262962341,2,1,6,zero_shot_paired
35,6,2,11,60,1,0,0,0.5029689073562622,0.5029689073562622,0.5029689073562622,0.4970311224460602,2,1,6,zero_shot_paired
35,7,2,12,60,1,1,1,0.5085281729698181,0.5085281729698181,0.4914718270301819,0.5085281729698181,2,1,6,zero_shot_paired
35,8,2,14,60,1,1,1,0.5067161917686462,0.5067161917686462,0.49328380823135376,0.5067161917686462,2,1,6,zero_shot_paired
35,9,2,15,60,1,1,1,0.5068599581718445,0.5068599581718445,0.4931400418281555,0.5068599581718445,2,1,6,zero_shot_paired
35,10,2,16,60,0,0,1,0.5002892017364502,0.5002892017364502,0.5002892017364502,0.4997107982635498,2,1,6,zero_shot_paired
35,11,2,17,60,1,1,1,0.504815399646759,0.504815399646759,0.49518460035324097,0.504815399646759,2,1,6,zero_shot_paired
35,0,2,1,60,1,1,1,0.5077533721923828,0.5077533721923828,0.4922465980052948,0.5077533721923828,2,1,6,post_calibration
35,1,2,3,60,0,1,0,0.507341206073761,0.507341206073761,0.4926587641239166,0.507341206073761,2,1,6,post_calibration
35,2,2,6,60,1,0,0,0.5006700754165649,0.5006700754165649,0.5006700754165649,0.49932995438575745,2,1,6,post_calibration
35,3,2,7,60,0,1,0,0.5014291405677795,0.5014291405677795,0.49857085943222046,0.5014291405677795,2,1,6,post_calibration
35,4,2,9,60,1,1,1,0.5087891221046448,0.5087891221046448,0.4912108778953552,0.5087891221046448,2,1,6,post_calibration
35,5,2,10,60,1,1,1,0.5020226240158081,0.5020226240158081,0.4979773759841919,0.5020226240158081,2,1,6,post_calibration
35,6,2,11,60,1,0,0,0.5027830600738525,0.5027830600738525,0.5027830600738525,0.49721693992614746,2,1,6,post_calibration
35,7,2,12,60,1,1,1,0.509005606174469,0.509005606174469,0.4909943640232086,0.509005606174469,2,1,6,post_calibration
35,8,2,14,60,1,1,1,0.507378101348877,0.507378101348877,0.49262189865112305,0.507378101348877,2,1,6,post_calibration
35,9,2,15,60,1,1,1,0.5073474049568176,0.5073474049568176,0.49265262484550476,0.5073474049568176,2,1,6,post_calibration
35,10,2,16,60,0,1,0,0.5004659295082092,0.5004659295082092,0.49953407049179077,0.5004659295082092,2,1,6,post_calibration
35,11,2,17,60,1,1,1,0.5052465796470642,0.5052465796470642,0.4947534501552582,0.5052465796470642,2,1,6,post_calibration
36,0,2,0,60,1,1,1,0.5001907348632812,0.5001907348632812,0.49980929493904114,0.5001907348632812,2,2,6,zero_shot_paired
36,1,2,2,60,1,1,1,0.5014406442642212,0.5014406442642212,0.49855929613113403,0.5014406442642212,2,2,6,zero_shot_paired
36,2,2,4,60,1,1,1,0.5050402283668518,0.5050402283668518,0.4949597418308258,0.5050402283668518,2,2,6,zero_shot_paired
36,3,2,5,60,1,1,1,0.5065563917160034,0.5065563917160034,0.49344363808631897,0.5065563917160034,2,2,6,zero_shot_paired
36,4,2,6,60,1,0,0,0.5016859769821167,0.5016859769821167,0.5016859769821167,0.4983140528202057,2,2,6,zero_shot_paired
36,5,2,8,60,0,1,0,0.5014714002609253,0.5014714002609253,0.4985285699367523,0.5014714002609253,2,2,6,zero_shot_paired
36,6,2,9,60,1,1,1,0.507682204246521,0.507682204246521,0.492317795753479,0.507682204246521,2,2,6,zero_shot_paired
36,7,2,10,60,1,1,1,0.5013589262962341,0.5013589262962341,0.49864110350608826,0.5013589262962341,2,2,6,zero_shot_paired
36,8,2,12,60,1,1,1,0.5085281729698181,0.5085281729698181,0.4914718270301819,0.5085281729698181,2,2,6,zero_shot_paired
36,9,2,13,60,1,1,1,0.5027309060096741,0.5027309060096741,0.49726906418800354,0.5027309060096741,2,2,6,zero_shot_paired
36,10,2,14,60,1,1,1,0.5067161917686462,0.5067161917686462,0.49328380823135376,0.5067161917686462,2,2,6,zero_shot_paired
36,11,2,16,60,0,0,1,0.5002892017364502,0.5002892017364502,0.5002892017364502,0.4997107982635498,2,2,6,zero_shot_paired
36,0,2,0,60,1,1,1,0.5005906820297241,0.5005906820297241,0.49940934777259827,0.5005906820297241,2,2,6,post_calibration
36,1,2,2,60,1,1,1,0.5016219615936279,0.5016219615936279,0.4983780086040497,0.5016219615936279,2,2,6,post_calibration
36,2,2,4,60,1,1,1,0.505403459072113,0.505403459072113,0.49459657073020935,0.505403459072113,2,2,6,post_calibration
36,3,2,5,60,1,1,1,0.506847620010376,0.506847620010376,0.493152379989624,0.506847620010376,2,2,6,post_calibration
36,4,2,6,60,1,0,0,0.501154899597168,0.501154899597168,0.501154899597168,0.4988451302051544,2,2,6,post_calibration
36,5,2,8,60,0,1,0,0.5015804767608643,0.5015804767608643,0.49841955304145813,0.5015804767608643,2,2,6,post_calibration
36,6,2,9,60,1,1,1,0.5083765983581543,0.5083765983581543,0.4916234016418457,0.5083765983581543,2,2,6,post_calibration
36,7,2,10,60,1,1,1,0.5018085241317749,0.5018085241317749,0.4981914758682251,0.5018085241317749,2,2,6,post_calibration
36,8,2,12,60,1,1,1,0.5087903141975403,0.5087903141975403,0.4912096858024597,0.5087903141975403,2,2,6,post_calibration
36,9,2,13,60,1,1,1,0.5031667351722717,0.5031667351722717,0.4968332350254059,0.5031667351722717,2,2,6,post_calibration
36,10,2,14,60,1,1,1,0.5070022940635681,0.5070022940635681,0.4929977059364319,0.5070022940635681,2,2,6,post_calibration
36,11,2,16,60,0,1,0,0.5001526474952698,0.5001526474952698,0.49984732270240784,0.5001526474952698,2,2,6,post_calibration
37,0,2,0,60,1,1,1,0.5001907348632812,0.5001907348632812,0.49980929493904114,0.5001907348632812,2,3,6,zero_shot_paired
37,1,2,1,60,1,1,1,0.5069402456283569,0.5069402456283569,0.49305978417396545,0.5069402456283569,2,3,6,zero_shot_paired
37,2,2,2,60,1,1,1,0.5014406442642212,0.5014406442642212,0.49855929613113403,0.5014406442642212,2,3,6,zero_shot_paired
37,3,2,3,60,0,1,0,0.5072824954986572,0.5072824954986572,0.49271753430366516,0.5072824954986572,2,3,6,zero_shot_paired
37,4,2,4,60,1,1,1,0.5050402283668518,0.5050402283668518,0.4949597418308258,0.5050402283668518,2,3,6,zero_shot_paired
37,5,2,5,60,1,1,1,0.5065563917160034,0.5065563917160034,0.49344363808631897,0.5065563917160034,2,3,6,zero_shot_paired
37,6,2,7,60,0,1,0,0.5011121034622192,0.5011121034622192,0.49888789653778076,0.5011121034622192,2,3,6,zero_shot_paired
37,7,2,8,60,0,1,0,0.5014714002609253,0.5014714002609253,0.4985285699367523,0.5014714002609253,2,3,6,zero_shot_paired
37,8,2,11,60,1,0,0,0.5029689073562622,0.5029689073562622,0.5029689073562622,0.4970311224460602,2,3,6,zero_shot_paired
37,9,2,13,60,1,1,1,0.5027309060096741,0.5027309060096741,0.49726906418800354,0.5027309060096741,2,3,6,zero_shot_paired
37,10,2,15,60,1,1,1,0.5068599581718445,0.5068599581718445,0.4931400418281555,0.5068599581718445,2,3,6,zero_shot_paired
37,11,2,17,60,1,1,1,0.504815399646759,0.504815399646759,0.49518460035324097,0.504815399646759,2,3,6,zero_shot_paired
37,0,2,0,60,1,1,1,0.5011500120162964,0.5011500120162964,0.4988499581813812,0.5011500120162964,2,3,6,post_calibration
37,1,2,1,60,1,1,1,0.5076962113380432,0.5076962113380432,0.4923037588596344,0.5076962113380432,2,3,6,post_calibration
37,2,2,2,60,1,1,1,0.5024259686470032,0.5024259686470032,0.4975740313529968,0.5024259686470032,2,3,6,post_calibration
37,3,2,3,60,0,1,0,0.5076099634170532,0.5076099634170532,0.49239006638526917,0.5076099634170532,2,3,6,post_calibration
37,4,2,4,60,1,1,1,0.5058274269104004,0.5058274269104004,0.4941725730895996,0.5058274269104004,2,3,6,post_calibration
37,5,2,5,60,1,1,1,0.5078349113464355,0.5078349113464355,0.49216505885124207,0.5078349113464355,2,3,6,post_calibration
37,6,2,7,60,0,1,0,0.5014617443084717,0.5014617443084717,0.4985382556915283,0.5014617443084717,2,3,6,post_calibration
37,7,2,8,60,0,1,0,0.5017677545547485,0.5017677545547485,0.4982322156429291,0.5017677545547485,2,3,6,post_calibration
37,8,2,11,60,1,0,0,0.5018831491470337,0.5018831491470337,0.5018831491470337,0.4981168508529663,2,3,6,post_calibration
37,9,2,13,60,1,1,1,0.5035083889961243,0.5035083889961243,0.49649161100387573,0.5035083889961243,2,3,6,post_calibration
37,10,2,15,60,1,1,1,0.507314145565033,0.507314145565033,0.49268582463264465,0.507314145565033,2,3,6,post_calibration
37,11,2,17,60,1,1,1,0.5054560303688049,0.5054560303688049,0.49454399943351746,0.5054560303688049,2,3,6,post_calibration
38,0,2,1,60,1,1,1,0.5069400668144226,0.5069400668144226,0.493059903383255,0.5069400668144226,2,1,9,zero_shot_paired
38,1,2,3,60,0,1,0,0.5072823762893677,0.5072823762893677,0.4927176237106323,0.5072823762893677,2,1,9,zero_shot_paired
38,2,2,6,60,1,0,0,0.5016860365867615,0.5016860365867615,0.5016860365867615,0.49831393361091614,2,1,9,zero_shot_paired
38,3,2,9,60,1,1,1,0.5076821446418762,0.5076821446418762,0.4923178553581238,0.5076821446418762,2,1,9,zero_shot_paired
38,4,2,12,60,1,1,1,0.5085281133651733,0.5085281133651733,0.49147188663482666,0.5085281133651733,2,1,9,zero_shot_paired
38,5,2,13,60,1,1,1,0.5027309060096741,0.5027309060096741,0.4972690939903259,0.5027309060096741,2,1,9,zero_shot_paired
38,6,2,15,60,1,1,1,0.506860077381134,0.506860077381134,0.49313992261886597,0.506860077381134,2,1,9,zero_shot_paired
38,7,2,16,60,0,0,1,0.500289261341095,0.500289261341095,0.500289261341095,0.49971073865890503,2,1,9,zero_shot_paired
38,8,2,17,60,1,1,1,0.5048153400421143,0.5048153400421143,0.4951847195625305,0.5048153400421143,2,1,9,zero_shot_paired
38,0,2,1,60,1,1,1,0.5074756741523743,0.5074756741523743,0.4925243556499481,0.5074756741523743,2,1,9,post_calibration
38,1,2,3,60,0,1,0,0.5072095394134521,0.5072095394134521,0.49279043078422546,0.5072095394134521,2,1,9,post_calibration
38,2,2,6,60,1,0,0,0.5009161829948425,0.5009161829948425,0.5009161829948425,0.49908384680747986,2,1,9,post_calibration
38,3,2,9,60,1,1,1,0.5089036226272583,0.5089036226272583,0.4910963475704193,0.5089036226272583,2,1,9,post_calibration
38,4,2,12,60,1,1,1,0.5089071393013,0.5089071393013,0.49109289050102234,0.5089071393013,2,1,9,post_calibration
38,5,2,13,60,1,1,1,0.5034478306770325,0.5034478306770325,0.49655216932296753,0.5034478306770325,2,1,9,post_calibration
38,6,2,15,60,1,1,1,0.5068920850753784,0.5068920850753784,0.4931079149246216,0.5068920850753784,2,1,9,post_calibration
38,7,2,16,60,0,0,1,0.5000693202018738,0.5000693202018738,0.5000693202018738,0.49993064999580383,2,1,9,post_calibration
38,8,2,17,60,1,1,1,0.5052248239517212,0.5052248239517212,0.4947752356529236,0.5052248239517212,2,1,9,post_calibration
39,0,2,0,60,1,1,1,0.5001906752586365,0.5001906752586365,0.4998093545436859,0.5001906752586365,2,2,9,zero_shot_paired
39,1,2,2,60,1,1,1,0.5014406442642212,0.5014406442642212,0.49855929613113403,0.5014406442642212,2,2,9,zero_shot_paired
39,2,2,4,60,1,1,1,0.5050402283668518,0.5050402283668518,0.4949598014354706,0.5050402283668518,2,2,9,zero_shot_paired
39,3,2,5,60,1,1,1,0.5065563917160034,0.5065563917160034,0.49344363808631897,0.5065563917160034,2,2,9,zero_shot_paired
39,4,2,7,60,0,1,0,0.5011121034622192,0.5011121034622192,0.49888789653778076,0.5011121034622192,2,2,9,zero_shot_paired
39,5,2,8,60,0,1,0,0.5014715194702148,0.5014715194702148,0.49852848052978516,0.5014715194702148,2,2,9,zero_shot_paired
39,6,2,10,60,1,1,1,0.5013587474822998,0.5013587474822998,0.4986412227153778,0.5013587474822998,2,2,9,zero_shot_paired
39,7,2,11,60,1,0,0,0.5029689073562622,0.5029689073562622,0.5029689073562622,0.4970311224460602,2,2,9,zero_shot_paired
39,8,2,14,60,1,1,1,0.5067161321640015,0.5067161321640015,0.49328386783599854,0.5067161321640015,2,2,9,zero_shot_paired
39,0,2,0,60,1,1,1,0.5007797479629517,0.5007797479629517,0.49922025203704834,0.5007797479629517,2,2,9,post_calibration
39,1,2,2,60,1,1,1,0.5020445585250854,0.5020445585250854,0.49795544147491455,0.5020445585250854,2,2,9,post_calibration
39,2,2,4,60,1,1,1,0.5058484673500061,0.5058484673500061,0.4941514730453491,0.5058484673500061,2,2,9,post_calibration
39,3,2,5,60,1,1,1,0.5071302056312561,0.5071302056312561,0.4928697645664215,0.5071302056312561,2,2,9,post_calibration
39,4,2,7,60,0,1,0,0.5015347003936768,0.5015347003936768,0.49846526980400085,0.5015347003936768,2,2,9,post_calibration
39,5,2,8,60,0,1,0,0.5020508170127869,0.5020508170127869,0.4979492127895355,0.5020508170127869,2,2,9,post_calibration
39,6,2,10,60,1,1,1,0.5022159218788147,0.5022159218788147,0.4977840483188629,0.5022159218788147,2,2,9,post_calibration
39,7,2,11,60,1,0,0,0.5025098919868469,0.5025098919868469,0.5025098919868469,0.4974901080131531,2,2,9,post_calibration
39,8,2,14,60,1,1,1,0.5072392821311951,0.5072392821311951,0.49276068806648254,0.5072392821311951,2,2,9,post_calibration
40,0,2,5,60,1,1,1,0.5065600872039795,0.5065600872039795,0.4934398829936981,0.5065600872039795,2,1,12,zero_shot_paired
40,1,2,6,60,1,0,0,0.501684844493866,0.501684844493866,0.501684844493866,0.49831512570381165,2,1,12,zero_shot_paired
40,2,2,7,60,0,1,0,0.501113772392273,0.501113772392273,0.4988862872123718,0.501113772392273,2,1,12,zero_shot_paired
40,3,2,14,60,1,1,1,0.5067163109779358,0.5067163109779358,0.493283748626709,0.5067163109779358,2,1,12,zero_shot_paired
40,4,2,15,60,1,1,1,0.5068601965904236,0.5068601965904236,0.4931398034095764,0.5068601965904236,2,1,12,zero_shot_paired
40,5,2,17,60,1,1,1,0.5048152208328247,0.5048152208328247,0.4951847791671753,0.5048152208328247,2,1,12,zero_shot_paired
40,0,2,5,60,1,1,1,0.5071232318878174,0.5071232318878174,0.4928767681121826,0.5071232318878174,2,1,12,post_calibration
40,1,2,6,60,1,0,0,0.5012495517730713,0.5012495517730713,0.5012495517730713,0.49875038862228394,2,1,12,post_calibration
40,2,2,7,60,0,1,0,0.5012400150299072,0.5012400150299072,0.4987599551677704,0.5012400150299072,2,1,12,post_calibration
40,3,2,14,60,1,1,1,0.5067846775054932,0.5067846775054932,0.49321529269218445,0.5067846775054932,2,1,12,post_calibration
40,4,2,15,60,1,1,1,0.5070834755897522,0.5070834755897522,0.4929165244102478,0.5070834755897522,2,1,12,post_calibration
40,5,2,17,60,1,1,1,0.5049611330032349,0.5049611330032349,0.49503883719444275,0.5049611330032349,2,1,12,post_calibration
41,0,2,1,60,1,1,1,0.5069393515586853,0.5069393515586853,0.4930606782436371,0.5069393515586853,2,2,12,zero_shot_paired
41,1,2,3,60,0,1,0,0.5072821378707886,0.5072821378707886,0.49271783232688904,0.5072821378707886,2,2,12,zero_shot_paired
41,2,2,9,60,1,1,1,0.5076841115951538,0.5076841115951538,0.4923158884048462,0.5076841115951538,2,2,12,zero_shot_paired
41,3,2,11,60,1,0,0,0.5029689073562622,0.5029689073562622,0.5029689073562622,0.4970311224460602,2,2,12,zero_shot_paired
41,4,2,12,60,1,1,1,0.5085305571556091,0.5085305571556091,0.4914694130420685,0.5085305571556091,2,2,12,zero_shot_paired
41,5,2,13,60,1,1,1,0.5027318596839905,0.5027318596839905,0.4972681701183319,0.5027318596839905,2,2,12,zero_shot_paired
41,0,2,1,60,1,1,1,0.5080618858337402,0.5080618858337402,0.49193814396858215,0.5080618858337402,2,2,12,post_calibration
41,1,2,3,60,0,1,0,0.5074821710586548,0.5074821710586548,0.4925178587436676,0.5074821710586548,2,2,12,post_calibration
41,2,2,9,60,1,1,1,0.509536862373352,0.509536862373352,0.4904631972312927,0.509536862373352,2,2,12,post_calibration
41,3,2,11,60,1,0,0,0.5024613738059998,0.5024613738059998,0.5024613738059998,0.49753859639167786,2,2,12,post_calibration
41,4,2,12,60,1,1,1,0.5090069770812988,0.5090069770812988,0.49099305272102356,0.5090069770812988,2,2,12,post_calibration
41,5,2,13,60,1,1,1,0.5038213729858398,0.5038213729858398,0.49617862701416016,0.5038213729858398,2,2,12,post_calibration
42,0,2,1,60,1,1,1,0.5069393515586853,0.5069393515586853,0.4930606782436371,0.5069393515586853,2,3,12,zero_shot_paired
42,1,2,3,60,0,1,0,0.5072821378707886,0.5072821378707886,0.49271783232688904,0.5072821378707886,2,3,12,zero_shot_paired
42,2,2,9,60,1,1,1,0.5076841115951538,0.5076841115951538,0.4923158884048462,0.5076841115951538,2,3,12,zero_shot_paired
42,3,2,10,60,1,1,1,0.5013597011566162,0.5013597011566162,0.4986402690410614,0.5013597011566162,2,3,12,zero_shot_paired
42,4,2,12,60,1,1,1,0.5085305571556091,0.5085305571556091,0.4914694130420685,0.5085305571556091,2,3,12,zero_shot_paired
42,5,2,17,60,1,1,1,0.5048152208328247,0.5048152208328247,0.4951847791671753,0.5048152208328247,2,3,12,zero_shot_paired
42,0,2,1,60,1,1,1,0.5079048275947571,0.5079048275947571,0.4920952022075653,0.5079048275947571,2,3,12,post_calibration
42,1,2,3,60,0,1,0,0.507334291934967,0.507334291934967,0.49266567826271057,0.507334291934967,2,3,12,post_calibration
42,2,2,9,60,1,1,1,0.5089107155799866,0.5089107155799866,0.4910892844200134,0.5089107155799866,2,3,12,post_calibration
42,3,2,10,60,1,1,1,0.5026496648788452,0.5026496648788452,0.4973503053188324,0.5026496648788452,2,3,12,post_calibration
42,4,2,12,60,1,1,1,0.5088148713111877,0.5088148713111877,0.49118512868881226,0.5088148713111877,2,3,12,post_calibration
42,5,2,17,60,1,1,1,0.5052956938743591,0.5052956938743591,0.4947042763233185,0.5052956938743591,2,3,12,post_calibration
4,0,3,0,60,1,0,0,0.500914990901947,0.500914990901947,0.500914990901947,0.49908503890037537,3,,,zero_shot_all_trials
4,1,3,1,60,1,1,1,0.5011293888092041,0.5011293888092041,0.4988706111907959,0.5011293888092041,3,,,zero_shot_all_trials
4,2,3,2,60,1,1,1,0.5023159384727478,0.5023159384727478,0.4976840913295746,0.5023159384727478,3,,,zero_shot_all_trials
4,3,3,3,60,0,1,0,0.5017033219337463,0.5017033219337463,0.4982966482639313,0.5017033219337463,3,,,zero_shot_all_trials
4,4,3,4,60,1,1,1,0.5026631951332092,0.5026631951332092,0.49733680486679077,0.5026631951332092,3,,,zero_shot_all_trials
4,5,3,5,60,1,1,1,0.5008417963981628,0.5008417963981628,0.49915823340415955,0.5008417963981628,3,,,zero_shot_all_trials
4,6,3,6,60,1,0,0,0.5007820129394531,0.5007820129394531,0.5007820129394531,0.4992179870605469,3,,,zero_shot_all_trials
4,7,3,7,60,0,0,1,0.5014497637748718,0.5014497637748718,0.5014497637748718,0.4985501766204834,3,,,zero_shot_all_trials
4,8,3,8,60,0,1,0,0.500205934047699,0.500205934047699,0.499794065952301,0.500205934047699,3,,,zero_shot_all_trials
4,9,3,9,60,0,0,1,0.5016481876373291,0.5016481876373291,0.5016481876373291,0.4983518123626709,3,,,zero_shot_all_trials
4,10,3,10,60,1,1,1,0.501708984375,0.501708984375,0.498291015625,0.501708984375,3,,,zero_shot_all_trials
4,11,3,11,60,1,1,1,0.5028750896453857,0.5028750896453857,0.49712488055229187,0.5028750896453857,3,,,zero_shot_all_trials
4,12,3,12,60,1,0,0,0.5001294612884521,0.5001294612884521,0.5001294612884521,0.49987053871154785,3,,,zero_shot_all_trials
4,13,3,13,60,0,0,1,0.5000135898590088,0.5000135898590088,0.5000135898590088,0.4999864101409912,3,,,zero_shot_all_trials
4,14,3,14,60,0,1,0,0.5003156661987305,0.5003156661987305,0.49968430399894714,0.5003156661987305,3,,,zero_shot_all_trials
4,15,3,15,60,1,0,0,0.5002032518386841,0.5002032518386841,0.5002032518386841,0.4997967481613159,3,,,zero_shot_all_trials
4,16,3,16,60,0,0,1,0.5004146695137024,0.5004146695137024,0.5004146695137024,0.4995853304862976,3,,,zero_shot_all_trials
4,17,3,17,60,0,0,1,0.5009562969207764,0.5009562969207764,0.5009562969207764,0.49904370307922363,3,,,zero_shot_all_trials
43,0,3,0,60,1,0,0,0.5009149312973022,0.5009149312973022,0.5009149312973022,0.49908509850502014,3,1,3,zero_shot_paired
43,1,3,2,60,1,1,1,0.502315878868103,0.502315878868103,0.4976840913295746,0.502315878868103,3,1,3,zero_shot_paired
43,2,3,3,60,0,1,0,0.5017034411430359,0.5017034411430359,0.4982965886592865,0.5017034411430359,3,1,3,zero_shot_paired
43,3,3,4,60,1,1,1,0.5026631951332092,0.5026631951332092,0.49733680486679077,0.5026631951332092,3,1,3,zero_shot_paired
43,4,3,6,60,1,0,0,0.5007819533348083,0.5007819533348083,0.5007819533348083,0.49921804666519165,3,1,3,zero_shot_paired
43,5,3,7,60,0,0,1,0.5014497637748718,0.5014497637748718,0.5014497637748718,0.4985502362251282,3,1,3,zero_shot_paired
43,6,3,8,60,0,1,0,0.500205934047699,0.500205934047699,0.49979403614997864,0.500205934047699,3,1,3,zero_shot_paired
43,7,3,10,60,1,1,1,0.5017089247703552,0.5017089247703552,0.4982910752296448,0.5017089247703552,3,1,3,zero_shot_paired
43,8,3,11,60,1,1,1,0.5028750896453857,0.5028750896453857,0.49712491035461426,0.5028750896453857,3,1,3,zero_shot_paired
43,9,3,12,60,1,0,0,0.5001294612884521,0.5001294612884521,0.5001294612884521,0.49987053871154785,3,1,3,zero_shot_paired
43,10,3,13,60,0,0,1,0.5000135898590088,0.5000135898590088,0.5000135898590088,0.4999864399433136,3,1,3,zero_shot_paired
43,11,3,14,60,0,1,0,0.5003157258033752,0.5003157258033752,0.49968424439430237,0.5003157258033752,3,1,3,zero_shot_paired
43,12,3,15,60,1,0,0,0.5002033114433289,0.5002033114433289,0.5002033114433289,0.49979665875434875,3,1,3,zero_shot_paired
43,13,3,16,60,0,0,1,0.5004146695137024,0.5004146695137024,0.5004146695137024,0.4995853304862976,3,1,3,zero_shot_paired
43,14,3,17,60,0,0,1,0.5009564757347107,0.5009564757347107,0.5009564757347107,0.4990435242652893,3,1,3,zero_shot_paired
43,0,3,0,60,1,0,0,0.5006935000419617,0.5006935000419617,0.5006935000419617,0.49930649995803833,3,1,3,post_calibration
43,1,3,2,60,1,1,1,0.5024510025978088,0.5024510025978088,0.49754899740219116,0.5024510025978088,3,1,3,post_calibration
43,2,3,3,60,0,1,0,0.5018421411514282,0.5018421411514282,0.4981578588485718,0.5018421411514282,3,1,3,post_calibration
43,3,3,4,60,1,1,1,0.502764105796814,0.502764105796814,0.4972359240055084,0.502764105796814,3,1,3,post_calibration
43,4,3,6,60,1,0,0,0.5006107687950134,0.5006107687950134,0.5006107687950134,0.49938929080963135,3,1,3,post_calibration
43,5,3,7,60,0,0,1,0.501578688621521,0.501578688621521,0.501578688621521,0.498421311378479,3,1,3,post_calibration
43,6,3,8,60,0,1,0,0.5004248023033142,0.5004248023033142,0.4995752274990082,0.5004248023033142,3,1,3,post_calibration
43,7,3,10,60,1,1,1,0.5018486976623535,0.5018486976623535,0.4981513023376465,0.5018486976623535,3,1,3,post_calibration
43,8,3,11,60,1,1,1,0.5028370022773743,0.5028370022773743,0.49716299772262573,0.5028370022773743,3,1,3,post_calibration
43,9,3,12,60,1,0,0,0.5001416802406311,0.5001416802406311,0.5001416802406311,0.4998583197593689,3,1,3,post_calibration
43,10,3,13,60,0,1,0,0.5000224113464355,0.5000224113464355,0.49997761845588684,0.5000224113464355,3,1,3,post_calibration
43,11,3,14,60,0,1,0,0.5004976391792297,0.5004976391792297,0.49950236082077026,0.5004976391792297,3,1,3,post_calibration
43,12,3,15,60,1,1,1,0.5000564455986023,0.5000564455986023,0.4999435842037201,0.5000564455986023,3,1,3,post_calibration
43,13,3,16,60,0,0,1,0.5004429221153259,0.5004429221153259,0.5004429221153259,0.4995570778846741,3,1,3,post_calibration
43,14,3,17,60,0,0,1,0.5009380578994751,0.5009380578994751,0.5009380578994751,0.4990618824958801,3,1,3,post_calibration
44,0,3,0,60,1,0,0,0.5009149312973022,0.5009149312973022,0.5009149312973022,0.49908509850502014,3,2,3,zero_shot_paired
44,1,3,1,60,1,1,1,0.5011294484138489,0.5011294484138489,0.4988705515861511,0.5011294484138489,3,2,3,zero_shot_paired
44,2,3,2,60,1,1,1,0.502315878868103,0.502315878868103,0.4976840913295746,0.502315878868103,3,2,3,zero_shot_paired
44,3,3,4,60,1,1,1,0.5026631951332092,0.5026631951332092,0.49733680486679077,0.5026631951332092,3,2,3,zero_shot_paired
44,4,3,5,60,1,1,1,0.5008417963981628,0.5008417963981628,0.49915820360183716,0.5008417963981628,3,2,3,zero_shot_paired
44,5,3,6,60,1,0,0,0.5007819533348083,0.5007819533348083,0.5007819533348083,0.49921804666519165,3,2,3,zero_shot_paired
44,6,3,7,60,0,0,1,0.5014497637748718,0.5014497637748718,0.5014497637748718,0.4985502362251282,3,2,3,zero_shot_paired
44,7,3,9,60,0,0,1,0.5016483068466187,0.5016483068466187,0.5016483068466187,0.49835172295570374,3,2,3,zero_shot_paired
44,8,3,10,60,1,1,1,0.5017089247703552,0.5017089247703552,0.4982910752296448,0.5017089247703552,3,2,3,zero_shot_paired
44,9,3,11,60,1,1,1,0.5028750896453857,0.5028750896453857,0.49712491035461426,0.5028750896453857,3,2,3,zero_shot_paired
44,10,3,12,60,1,0,0,0.5001294612884521,0.5001294612884521,0.5001294612884521,0.49987053871154785,3,2,3,zero_shot_paired
44,11,3,13,60,0,0,1,0.5000135898590088,0.5000135898590088,0.5000135898590088,0.4999864399433136,3,2,3,zero_shot_paired
44,12,3,14,60,0,1,0,0.5003157258033752,0.5003157258033752,0.49968424439430237,0.5003157258033752,3,2,3,zero_shot_paired
44,13,3,16,60,0,0,1,0.5004146695137024,0.5004146695137024,0.5004146695137024,0.4995853304862976,3,2,3,zero_shot_paired
44,14,3,17,60,0,0,1,0.5009564757347107,0.5009564757347107,0.5009564757347107,0.4990435242652893,3,2,3,zero_shot_paired
44,0,3,0,60,1,0,0,0.5009520649909973,0.5009520649909973,0.5009520649909973,0.4990478754043579,3,2,3,post_calibration
44,1,3,1,60,1,1,1,0.5010392665863037,0.5010392665863037,0.4989607632160187,0.5010392665863037,3,2,3,post_calibration
44,2,3,2,60,1,1,1,0.5023647546768188,0.5023647546768188,0.49763521552085876,0.5023647546768188,3,2,3,post_calibration
44,3,3,4,60,1,1,1,0.5026464462280273,0.5026464462280273,0.49735358357429504,0.5026464462280273,3,2,3,post_calibration
44,4,3,5,60,1,1,1,0.5007185935974121,0.5007185935974121,0.4992813467979431,0.5007185935974121,3,2,3,post_calibration
44,5,3,6,60,1,0,0,0.5009320378303528,0.5009320378303528,0.5009320378303528,0.4990679919719696,3,2,3,post_calibration
44,6,3,7,60,0,0,1,0.5015221238136292,0.5015221238136292,0.5015221238136292,0.49847787618637085,3,2,3,post_calibration
44,7,3,9,60,0,0,1,0.5018297433853149,0.5018297433853149,0.5018297433853149,0.49817025661468506,3,2,3,post_calibration
44,8,3,10,60,1,1,1,0.5013132095336914,0.5013132095336914,0.4986867904663086,0.5013132095336914,3,2,3,post_calibration
44,9,3,11,60,1,1,1,0.5025579929351807,0.5025579929351807,0.49744200706481934,0.5025579929351807,3,2,3,post_calibration
44,10,3,12,60,1,0,0,0.5003014206886292,0.5003014206886292,0.5003014206886292,0.49969857931137085,3,2,3,post_calibration
44,11,3,13,60,0,0,1,0.5001363158226013,0.5001363158226013,0.5001363158226013,0.4998636841773987,3,2,3,post_calibration
44,12,3,14,60,0,1,0,0.5001616477966309,0.5001616477966309,0.49983832240104675,0.5001616477966309,3,2,3,post_calibration
44,13,3,16,60,0,0,1,0.500586748123169,0.500586748123169,0.500586748123169,0.49941331148147583,3,2,3,post_calibration
44,14,3,17,60,0,0,1,0.5010731816291809,0.5010731816291809,0.5010731816291809,0.4989268481731415,3,2,3,post_calibration
45,0,3,1,60,1,1,1,0.5011294484138489,0.5011294484138489,0.4988705515861511,0.5011294484138489,3,3,3,zero_shot_paired
45,1,3,3,60,0,1,0,0.5017034411430359,0.5017034411430359,0.4982965886592865,0.5017034411430359,3,3,3,zero_shot_paired
45,2,3,4,60,1,1,1,0.5026631951332092,0.5026631951332092,0.49733680486679077,0.5026631951332092,3,3,3,zero_shot_paired
45,3,3,5,60,1,1,1,0.5008417963981628,0.5008417963981628,0.49915820360183716,0.5008417963981628,3,3,3,zero_shot_paired
45,4,3,6,60,1,0,0,0.5007819533348083,0.5007819533348083,0.5007819533348083,0.49921804666519165,3,3,3,zero_shot_paired
45,5,3,7,60,0,0,1,0.5014497637748718,0.5014497637748718,0.5014497637748718,0.4985502362251282,3,3,3,zero_shot_paired
45,6,3,8,60,0,1,0,0.500205934047699,0.500205934047699,0.49979403614997864,0.500205934047699,3,3,3,zero_shot_paired
45,7,3,9,60,0,0,1,0.5016483068466187,0.5016483068466187,0.5016483068466187,0.49835172295570374,3,3,3,zero_shot_paired
45,8,3,10,60,1,1,1,0.5017089247703552,0.5017089247703552,0.4982910752296448,0.5017089247703552,3,3,3,zero_shot_paired
45,9,3,11,60,1,1,1,0.5028750896453857,0.5028750896453857,0.49712491035461426,0.5028750896453857,3,3,3,zero_shot_paired
45,10,3,12,60,1,0,0,0.5001294612884521,0.5001294612884521,0.5001294612884521,0.49987053871154785,3,3,3,zero_shot_paired
45,11,3,13,60,0,0,1,0.5000135898590088,0.5000135898590088,0.5000135898590088,0.4999864399433136,3,3,3,zero_shot_paired
45,12,3,15,60,1,0,0,0.5002033114433289,0.5002033114433289,0.5002033114433289,0.49979665875434875,3,3,3,zero_shot_paired
45,13,3,16,60,0,0,1,0.5004146695137024,0.5004146695137024,0.5004146695137024,0.4995853304862976,3,3,3,zero_shot_paired
45,14,3,17,60,0,0,1,0.5009564757347107,0.5009564757347107,0.5009564757347107,0.4990435242652893,3,3,3,zero_shot_paired
45,0,3,1,60,1,1,1,0.501750648021698,0.501750648021698,0.4982492923736572,0.501750648021698,3,3,3,post_calibration
45,1,3,3,60,0,1,0,0.5027399659156799,0.5027399659156799,0.49726006388664246,0.5027399659156799,3,3,3,post_calibration
45,2,3,4,60,1,1,1,0.5034351348876953,0.5034351348876953,0.4965648949146271,0.5034351348876953,3,3,3,post_calibration
45,3,3,5,60,1,1,1,0.5012734532356262,0.5012734532356262,0.498726487159729,0.5012734532356262,3,3,3,post_calibration
45,4,3,6,60,1,1,1,0.5001511573791504,0.5001511573791504,0.4998488128185272,0.5001511573791504,3,3,3,post_calibration
45,5,3,7,60,0,0,1,0.500689685344696,0.500689685344696,0.500689685344696,0.49931028485298157,3,3,3,post_calibration
45,6,3,8,60,0,1,0,0.5008077025413513,0.5008077025413513,0.49919232726097107,0.5008077025413513,3,3,3,post_calibration
45,7,3,9,60,0,0,1,0.5010430812835693,0.5010430812835693,0.5010430812835693,0.4989568591117859,3,3,3,post_calibration
45,8,3,10,60,1,1,1,0.5022903680801392,0.5022903680801392,0.49770960211753845,0.5022903680801392,3,3,3,post_calibration
45,9,3,11,60,1,1,1,0.5030429363250732,0.5030429363250732,0.49695709347724915,0.5030429363250732,3,3,3,post_calibration
45,10,3,12,60,1,1,1,0.5000945925712585,0.5000945925712585,0.4999053478240967,0.5000945925712585,3,3,3,post_calibration
45,11,3,13,60,0,1,0,0.5005775690078735,0.5005775690078735,0.49942243099212646,0.5005775690078735,3,3,3,post_calibration
45,12,3,15,60,1,1,1,0.5001628398895264,0.5001628398895264,0.499837189912796,0.5001628398895264,3,3,3,post_calibration
45,13,3,16,60,0,1,0,0.5000987648963928,0.5000987648963928,0.4999012351036072,0.5000987648963928,3,3,3,post_calibration
45,14,3,17,60,0,0,1,0.5002385973930359,0.5002385973930359,0.5002385973930359,0.4997613728046417,3,3,3,post_calibration
46,0,3,0,60,1,0,0,0.5009149312973022,0.5009149312973022,0.5009149312973022,0.49908509850502014,3,4,3,zero_shot_paired
46,1,3,1,60,1,1,1,0.5011294484138489,0.5011294484138489,0.4988705515861511,0.5011294484138489,3,4,3,zero_shot_paired
46,2,3,2,60,1,1,1,0.502315878868103,0.502315878868103,0.4976840913295746,0.502315878868103,3,4,3,zero_shot_paired
46,3,3,3,60,0,1,0,0.5017034411430359,0.5017034411430359,0.4982965886592865,0.5017034411430359,3,4,3,zero_shot_paired
46,4,3,5,60,1,1,1,0.5008417963981628,0.5008417963981628,0.49915820360183716,0.5008417963981628,3,4,3,zero_shot_paired
46,5,3,6,60,1,0,0,0.5007819533348083,0.5007819533348083,0.5007819533348083,0.49921804666519165,3,4,3,zero_shot_paired
46,6,3,8,60,0,1,0,0.500205934047699,0.500205934047699,0.49979403614997864,0.500205934047699,3,4,3,zero_shot_paired
46,7,3,9,60,0,0,1,0.5016483068466187,0.5016483068466187,0.5016483068466187,0.49835172295570374,3,4,3,zero_shot_paired
46,8,3,10,60,1,1,1,0.5017089247703552,0.5017089247703552,0.4982910752296448,0.5017089247703552,3,4,3,zero_shot_paired
46,9,3,12,60,1,0,0,0.5001294612884521,0.5001294612884521,0.5001294612884521,0.49987053871154785,3,4,3,zero_shot_paired
46,10,3,13,60,0,0,1,0.5000135898590088,0.5000135898590088,0.5000135898590088,0.4999864399433136,3,4,3,zero_shot_paired
46,11,3,14,60,0,1,0,0.5003157258033752,0.5003157258033752,0.49968424439430237,0.5003157258033752,3,4,3,zero_shot_paired
46,12,3,15,60,1,0,0,0.5002033114433289,0.5002033114433289,0.5002033114433289,0.49979665875434875,3,4,3,zero_shot_paired
46,13,3,16,60,0,0,1,0.5004146695137024,0.5004146695137024,0.5004146695137024,0.4995853304862976,3,4,3,zero_shot_paired
46,14,3,17,60,0,0,1,0.5009564757347107,0.5009564757347107,0.5009564757347107,0.4990435242652893,3,4,3,zero_shot_paired
46,0,3,0,60,1,0,0,0.5005046129226685,0.5005046129226685,0.5005046129226685,0.49949538707733154,3,4,3,post_calibration
46,1,3,1,60,1,1,1,0.5015303492546082,0.5015303492546082,0.49846965074539185,0.5015303492546082,3,4,3,post_calibration
46,2,3,2,60,1,1,1,0.5027742981910706,0.5027742981910706,0.49722573161125183,0.5027742981910706,3,4,3,post_calibration
46,3,3,3,60,0,1,0,0.5021135210990906,0.5021135210990906,0.4978864789009094,0.5021135210990906,3,4,3,post_calibration
46,4,3,5,60,1,1,1,0.501355767250061,0.501355767250061,0.49864423274993896,0.501355767250061,3,4,3,post_calibration
46,5,3,6,60,1,0,0,0.5002272725105286,0.5002272725105286,0.5002272725105286,0.4997727572917938,3,4,3,post_calibration
46,6,3,8,60,0,1,0,0.5008891820907593,0.5008891820907593,0.49911075830459595,0.5008891820907593,3,4,3,post_calibration
46,7,3,9,60,0,0,1,0.5013614296913147,0.5013614296913147,0.5013614296913147,0.4986385703086853,3,4,3,post_calibration
46,8,3,10,60,1,1,1,0.5022213459014893,0.5022213459014893,0.49777865409851074,0.5022213459014893,3,4,3,post_calibration
46,9,3,12,60,1,1,1,0.5002022385597229,0.5002022385597229,0.4997977614402771,0.5002022385597229,3,4,3,post_calibration
46,10,3,13,60,0,1,0,0.5002459287643433,0.5002459287643433,0.49975404143333435,0.5002459287643433,3,4,3,post_calibration
46,11,3,14,60,0,1,0,0.500727117061615,0.500727117061615,0.4992729425430298,0.500727117061615,3,4,3,post_calibration
46,12,3,15,60,1,1,1,0.5003123879432678,0.5003123879432678,0.4996876120567322,0.5003123879432678,3,4,3,post_calibration
46,13,3,16,60,0,1,0,0.5000577569007874,0.5000577569007874,0.49994227290153503,0.5000577569007874,3,4,3,post_calibration
46,14,3,17,60,0,0,1,0.5002515912055969,0.5002515912055969,0.5002515912055969,0.49974843859672546,3,4,3,post_calibration
47,0,3,0,60,1,0,0,0.5009149312973022,0.5009149312973022,0.5009149312973022,0.49908509850502014,3,5,3,zero_shot_paired
47,1,3,1,60,1,1,1,0.5011294484138489,0.5011294484138489,0.4988705515861511,0.5011294484138489,3,5,3,zero_shot_paired
47,2,3,2,60,1,1,1,0.502315878868103,0.502315878868103,0.4976840913295746,0.502315878868103,3,5,3,zero_shot_paired
47,3,3,3,60,0,1,0,0.5017034411430359,0.5017034411430359,0.4982965886592865,0.5017034411430359,3,5,3,zero_shot_paired
47,4,3,4,60,1,1,1,0.5026631951332092,0.5026631951332092,0.49733680486679077,0.5026631951332092,3,5,3,zero_shot_paired
47,5,3,5,60,1,1,1,0.5008417963981628,0.5008417963981628,0.49915820360183716,0.5008417963981628,3,5,3,zero_shot_paired
47,6,3,7,60,0,0,1,0.5014497637748718,0.5014497637748718,0.5014497637748718,0.4985502362251282,3,5,3,zero_shot_paired
47,7,3,8,60,0,1,0,0.500205934047699,0.500205934047699,0.49979403614997864,0.500205934047699,3,5,3,zero_shot_paired
47,8,3,9,60,0,0,1,0.5016483068466187,0.5016483068466187,0.5016483068466187,0.49835172295570374,3,5,3,zero_shot_paired
47,9,3,10,60,1,1,1,0.5017089247703552,0.5017089247703552,0.4982910752296448,0.5017089247703552,3,5,3,zero_shot_paired
47,10,3,11,60,1,1,1,0.5028750896453857,0.5028750896453857,0.49712491035461426,0.5028750896453857,3,5,3,zero_shot_paired
47,11,3,12,60,1,0,0,0.5001294612884521,0.5001294612884521,0.5001294612884521,0.49987053871154785,3,5,3,zero_shot_paired
47,12,3,13,60,0,0,1,0.5000135898590088,0.5000135898590088,0.5000135898590088,0.4999864399433136,3,5,3,zero_shot_paired
47,13,3,14,60,0,1,0,0.5003157258033752,0.5003157258033752,0.49968424439430237,0.5003157258033752,3,5,3,zero_shot_paired
47,14,3,15,60,1,0,0,0.5002033114433289,0.5002033114433289,0.5002033114433289,0.49979665875434875,3,5,3,zero_shot_paired
47,0,3,0,60,1,0,0,0.501451849937439,0.501451849937439,0.501451849937439,0.4985482096672058,3,5,3,post_calibration
47,1,3,1,60,1,1,1,0.5006319880485535,0.5006319880485535,0.49936795234680176,0.5006319880485535,3,5,3,post_calibration
47,2,3,2,60,1,1,1,0.501957356929779,0.501957356929779,0.49804267287254333,0.501957356929779,3,5,3,post_calibration
47,3,3,3,60,0,1,0,0.5013036131858826,0.5013036131858826,0.4986964166164398,0.5013036131858826,3,5,3,post_calibration
47,4,3,4,60,1,1,1,0.5023506283760071,0.5023506283760071,0.4976494014263153,0.5023506283760071,3,5,3,post_calibration
47,5,3,5,60,1,1,1,0.500573992729187,0.500573992729187,0.4994259774684906,0.500573992729187,3,5,3,post_calibration
47,6,3,7,60,0,0,1,0.5017797946929932,0.5017797946929932,0.5017797946929932,0.49822020530700684,3,5,3,post_calibration
47,7,3,8,60,0,0,1,0.5001294016838074,0.5001294016838074,0.5001294016838074,0.4998706579208374,3,5,3,post_calibration
47,8,3,9,60,0,0,1,0.5020056962966919,0.5020056962966919,0.5020056962966919,0.49799424409866333,3,5,3,post_calibration
47,9,3,10,60,1,1,1,0.5011449456214905,0.5011449456214905,0.4988550543785095,0.5011449456214905,3,5,3,post_calibration
47,10,3,11,60,1,1,1,0.5024697780609131,0.5024697780609131,0.4975302815437317,0.5024697780609131,3,5,3,post_calibration
47,11,3,12,60,1,0,0,0.5001760125160217,0.5001760125160217,0.5001760125160217,0.4998239576816559,3,5,3,post_calibration
47,12,3,13,60,0,0,1,0.5005232691764832,0.5005232691764832,0.5005232691764832,0.49947676062583923,3,5,3,post_calibration
47,13,3,14,60,0,0,1,0.5001063942909241,0.5001063942909241,0.5001063942909241,0.4998936057090759,3,5,3,post_calibration
47,14,3,15,60,1,0,0,0.5004593133926392,0.5004593133926392,0.5004593133926392,0.4995407164096832,3,5,3,post_calibration
48,0,3,0,60,1,0,0,0.5009149312973022,0.5009149312973022,0.5009149312973022,0.49908509850502014,3,6,3,zero_shot_paired
48,1,3,1,60,1,1,1,0.5011294484138489,0.5011294484138489,0.4988705515861511,0.5011294484138489,3,6,3,zero_shot_paired
48,2,3,2,60,1,1,1,0.502315878868103,0.502315878868103,0.4976840913295746,0.502315878868103,3,6,3,zero_shot_paired
48,3,3,3,60,0,1,0,0.5017034411430359,0.5017034411430359,0.4982965886592865,0.5017034411430359,3,6,3,zero_shot_paired
48,4,3,4,60,1,1,1,0.5026631951332092,0.5026631951332092,0.49733680486679077,0.5026631951332092,3,6,3,zero_shot_paired
48,5,3,5,60,1,1,1,0.5008417963981628,0.5008417963981628,0.49915820360183716,0.5008417963981628,3,6,3,zero_shot_paired
48,6,3,6,60,1,0,0,0.5007819533348083,0.5007819533348083,0.5007819533348083,0.49921804666519165,3,6,3,zero_shot_paired
48,7,3,7,60,0,0,1,0.5014497637748718,0.5014497637748718,0.5014497637748718,0.4985502362251282,3,6,3,zero_shot_paired
48,8,3,8,60,0,1,0,0.500205934047699,0.500205934047699,0.49979403614997864,0.500205934047699,3,6,3,zero_shot_paired
48,9,3,9,60,0,0,1,0.5016483068466187,0.5016483068466187,0.5016483068466187,0.49835172295570374,3,6,3,zero_shot_paired
48,10,3,11,60,1,1,1,0.5028750896453857,0.5028750896453857,0.49712491035461426,0.5028750896453857,3,6,3,zero_shot_paired
48,11,3,14,60,0,1,0,0.5003157258033752,0.5003157258033752,0.49968424439430237,0.5003157258033752,3,6,3,zero_shot_paired
48,12,3,15,60,1,0,0,0.5002033114433289,0.5002033114433289,0.5002033114433289,0.49979665875434875,3,6,3,zero_shot_paired
48,13,3,16,60,0,0,1,0.5004146695137024,0.5004146695137024,0.5004146695137024,0.4995853304862976,3,6,3,zero_shot_paired
48,14,3,17,60,0,0,1,0.5009564757347107,0.5009564757347107,0.5009564757347107,0.4990435242652893,3,6,3,zero_shot_paired
48,0,3,0,60,1,0,0,0.5017309784889221,0.5017309784889221,0.5017309784889221,0.49826905131340027,3,6,3,post_calibration
48,1,3,1,60,1,1,1,0.5005636215209961,0.5005636215209961,0.4994364082813263,0.5005636215209961,3,6,3,post_calibration
48,2,3,2,60,1,1,1,0.5017617344856262,0.5017617344856262,0.4982382357120514,0.5017617344856262,3,6,3,post_calibration
48,3,3,3,60,0,1,0,0.5011549592018127,0.5011549592018127,0.49884510040283203,0.5011549592018127,3,6,3,post_calibration
48,4,3,4,60,1,1,1,0.5020616054534912,0.5020616054534912,0.4979383647441864,0.5020616054534912,3,6,3,post_calibration
48,5,3,5,60,1,1,1,0.5002365708351135,0.5002365708351135,0.4997633993625641,0.5002365708351135,3,6,3,post_calibration
48,6,3,6,60,1,0,0,0.5012275576591492,0.5012275576591492,0.5012275576591492,0.49877244234085083,3,6,3,post_calibration
48,7,3,7,60,0,0,1,0.5022602081298828,0.5022602081298828,0.5022602081298828,0.4977397918701172,3,6,3,post_calibration
48,8,3,8,60,0,0,1,0.5003123879432678,0.5003123879432678,0.5003123879432678,0.4996875524520874,3,6,3,post_calibration
48,9,3,9,60,0,0,1,0.5021480917930603,0.5021480917930603,0.5021480917930603,0.4978519082069397,3,6,3,post_calibration
48,10,3,11,60,1,1,1,0.5018969774246216,0.5018969774246216,0.4981030225753784,0.5018969774246216,3,6,3,post_calibration
48,11,3,14,60,0,0,1,0.5003735423088074,0.5003735423088074,0.5003735423088074,0.4996265172958374,3,6,3,post_calibration
48,12,3,15,60,1,0,0,0.5009220242500305,0.5009220242500305,0.5009220242500305,0.4990779161453247,3,6,3,post_calibration
48,13,3,16,60,0,0,1,0.501220703125,0.501220703125,0.501220703125,0.4987792670726776,3,6,3,post_calibration
48,14,3,17,60,0,0,1,0.5017778277397156,0.5017778277397156,0.5017778277397156,0.4982222020626068,3,6,3,post_calibration
49,0,3,0,60,1,0,0,0.5009149312973022,0.5009149312973022,0.5009149312973022,0.49908509850502014,3,1,6,zero_shot_paired
49,1,3,1,60,1,1,1,0.5011294484138489,0.5011294484138489,0.4988705515861511,0.5011294484138489,3,1,6,zero_shot_paired
49,2,3,3,60,0,1,0,0.5017034411430359,0.5017034411430359,0.4982965886592865,0.5017034411430359,3,1,6,zero_shot_paired
49,3,3,4,60,1,1,1,0.5026631951332092,0.5026631951332092,0.49733680486679077,0.5026631951332092,3,1,6,zero_shot_paired
49,4,3,5,60,1,1,1,0.5008417963981628,0.5008417963981628,0.49915820360183716,0.5008417963981628,3,1,6,zero_shot_paired
49,5,3,6,60,1,0,0,0.5007819533348083,0.5007819533348083,0.5007819533348083,0.49921804666519165,3,1,6,zero_shot_paired
49,6,3,7,60,0,0,1,0.5014497637748718,0.5014497637748718,0.5014497637748718,0.4985502362251282,3,1,6,zero_shot_paired
49,7,3,8,60,0,1,0,0.500205934047699,0.500205934047699,0.49979403614997864,0.500205934047699,3,1,6,zero_shot_paired
49,8,3,11,60,1,1,1,0.5028750896453857,0.5028750896453857,0.49712491035461426,0.5028750896453857,3,1,6,zero_shot_paired
49,9,3,13,60,0,0,1,0.5000135898590088,0.5000135898590088,0.5000135898590088,0.4999864399433136,3,1,6,zero_shot_paired
49,10,3,15,60,1,0,0,0.5002033114433289,0.5002033114433289,0.5002033114433289,0.49979665875434875,3,1,6,zero_shot_paired
49,11,3,16,60,0,0,1,0.5004146695137024,0.5004146695137024,0.5004146695137024,0.4995853304862976,3,1,6,zero_shot_paired
49,0,3,0,60,1,0,0,0.5008988380432129,0.5008988380432129,0.5008988380432129,0.4991011619567871,3,1,6,post_calibration
49,1,3,1,60,1,1,1,0.5010359883308411,0.5010359883308411,0.49896398186683655,0.5010359883308411,3,1,6,post_calibration
49,2,3,3,60,0,1,0,0.501817524433136,0.501817524433136,0.498182475566864,0.501817524433136,3,1,6,post_calibration
49,3,3,4,60,1,1,1,0.5027499198913574,0.5027499198913574,0.4972500801086426,0.5027499198913574,3,1,6,post_calibration
49,4,3,5,60,1,1,1,0.500693678855896,0.500693678855896,0.4993063509464264,0.500693678855896,3,1,6,post_calibration
49,5,3,6,60,1,0,0,0.5009081959724426,0.5009081959724426,0.5009081959724426,0.49909183382987976,3,1,6,post_calibration
49,6,3,7,60,0,0,1,0.5016526579856873,0.5016526579856873,0.5016526579856873,0.49834728240966797,3,1,6,post_calibration
49,7,3,8,60,0,1,0,0.5002476572990417,0.5002476572990417,0.49975231289863586,0.5002476572990417,3,1,6,post_calibration
49,8,3,11,60,1,1,1,0.5024226903915405,0.5024226903915405,0.4975772798061371,0.5024226903915405,3,1,6,post_calibration
49,9,3,13,60,0,0,1,0.5000447034835815,0.5000447034835815,0.5000447034835815,0.49995532631874084,3,1,6,post_calibration
49,10,3,15,60,1,0,0,0.500342845916748,0.500342845916748,0.500342845916748,0.49965715408325195,3,1,6,post_calibration
49,11,3,16,60,0,0,1,0.5006448030471802,0.5006448030471802,0.5006448030471802,0.49935516715049744,3,1,6,post_calibration
50,0,3,0,60,1,0,0,0.5009149312973022,0.5009149312973022,0.5009149312973022,0.49908509850502014,3,2,6,zero_shot_paired
50,1,3,2,60,1,1,1,0.502315878868103,0.502315878868103,0.4976840913295746,0.502315878868103,3,2,6,zero_shot_paired
50,2,3,4,60,1,1,1,0.5026631951332092,0.5026631951332092,0.49733680486679077,0.5026631951332092,3,2,6,zero_shot_paired
50,3,3,7,60,0,0,1,0.5014497637748718,0.5014497637748718,0.5014497637748718,0.4985502362251282,3,2,6,zero_shot_paired
50,4,3,8,60,0,1,0,0.500205934047699,0.500205934047699,0.49979403614997864,0.500205934047699,3,2,6,zero_shot_paired
50,5,3,9,60,0,0,1,0.5016483068466187,0.5016483068466187,0.5016483068466187,0.49835172295570374,3,2,6,zero_shot_paired
50,6,3,10,60,1,1,1,0.5017089247703552,0.5017089247703552,0.4982910752296448,0.5017089247703552,3,2,6,zero_shot_paired
50,7,3,11,60,1,1,1,0.5028750896453857,0.5028750896453857,0.49712491035461426,0.5028750896453857,3,2,6,zero_shot_paired
50,8,3,12,60,1,0,0,0.5001294612884521,0.5001294612884521,0.5001294612884521,0.49987053871154785,3,2,6,zero_shot_paired
50,9,3,14,60,0,1,0,0.5003157258033752,0.5003157258033752,0.49968424439430237,0.5003157258033752,3,2,6,zero_shot_paired
50,10,3,15,60,1,0,0,0.5002033114433289,0.5002033114433289,0.5002033114433289,0.49979665875434875,3,2,6,zero_shot_paired
50,11,3,17,60,0,0,1,0.5009564757347107,0.5009564757347107,0.5009564757347107,0.4990435242652893,3,2,6,zero_shot_paired
50,0,3,0,60,1,0,0,0.5009458661079407,0.5009458661079407,0.5009458661079407,0.4990541636943817,3,2,6,post_calibration
50,1,3,2,60,1,1,1,0.5024853944778442,0.5024853944778442,0.497514545917511,0.5024853944778442,3,2,6,post_calibration
50,2,3,4,60,1,1,1,0.5029262900352478,0.5029262900352478,0.4970737397670746,0.5029262900352478,3,2,6,post_calibration
50,3,3,7,60,0,0,1,0.5016965866088867,0.5016965866088867,0.5016965866088867,0.4983033835887909,3,2,6,post_calibration
50,4,3,8,60,0,1,0,0.5006771087646484,0.5006771087646484,0.4993228316307068,0.5006771087646484,3,2,6,post_calibration
50,5,3,9,60,0,0,1,0.5016832947731018,0.5016832947731018,0.5016832947731018,0.4983167052268982,3,2,6,post_calibration
50,6,3,10,60,1,1,1,0.5017974376678467,0.5017974376678467,0.4982025921344757,0.5017974376678467,3,2,6,post_calibration
50,7,3,11,60,1,1,1,0.5029376745223999,0.5029376745223999,0.4970623254776001,0.5029376745223999,3,2,6,post_calibration
50,8,3,12,60,1,0,0,0.5001204013824463,0.5001204013824463,0.5001204013824463,0.4998795688152313,3,2,6,post_calibration
50,9,3,14,60,0,1,0,0.5005226731300354,0.5005226731300354,0.499477356672287,0.5005226731300354,3,2,6,post_calibration
50,10,3,15,60,1,1,1,0.5001415014266968,0.5001415014266968,0.4998584985733032,0.5001415014266968,3,2,6,post_calibration
50,11,3,17,60,0,0,1,0.5010141134262085,0.5010141134262085,0.5010141134262085,0.49898582696914673,3,2,6,post_calibration
51,0,3,1,60,1,1,1,0.5011294484138489,0.5011294484138489,0.4988705515861511,0.5011294484138489,3,3,6,zero_shot_paired
51,1,3,2,60,1,1,1,0.502315878868103,0.502315878868103,0.4976840913295746,0.502315878868103,3,3,6,zero_shot_paired
51,2,3,3,60,0,1,0,0.5017034411430359,0.5017034411430359,0.4982965886592865,0.5017034411430359,3,3,6,zero_shot_paired
51,3,3,5,60,1,1,1,0.5008417963981628,0.5008417963981628,0.49915820360183716,0.5008417963981628,3,3,6,zero_shot_paired
51,4,3,6,60,1,0,0,0.5007819533348083,0.5007819533348083,0.5007819533348083,0.49921804666519165,3,3,6,zero_shot_paired
51,5,3,9,60,0,0,1,0.5016483068466187,0.5016483068466187,0.5016483068466187,0.49835172295570374,3,3,6,zero_shot_paired
51,6,3,10,60,1,1,1,0.5017089247703552,0.5017089247703552,0.4982910752296448,0.5017089247703552,3,3,6,zero_shot_paired
51,7,3,12,60,1,0,0,0.5001294612884521,0.5001294612884521,0.5001294612884521,0.49987053871154785,3,3,6,zero_shot_paired
51,8,3,13,60,0,0,1,0.5000135898590088,0.5000135898590088,0.5000135898590088,0.4999864399433136,3,3,6,zero_shot_paired
51,9,3,14,60,0,1,0,0.5003157258033752,0.5003157258033752,0.49968424439430237,0.5003157258033752,3,3,6,zero_shot_paired
51,10,3,16,60,0,0,1,0.5004146695137024,0.5004146695137024,0.5004146695137024,0.4995853304862976,3,3,6,zero_shot_paired
51,11,3,17,60,0,0,1,0.5009564757347107,0.5009564757347107,0.5009564757347107,0.4990435242652893,3,3,6,zero_shot_paired
51,0,3,1,60,1,1,1,0.5016995072364807,0.5016995072364807,0.4983005225658417,0.5016995072364807,3,3,6,post_calibration
51,1,3,2,60,1,1,1,0.5028657913208008,0.5028657913208008,0.4971342384815216,0.5028657913208008,3,3,6,post_calibration
51,2,3,3,60,0,1,0,0.5023921728134155,0.5023921728134155,0.4976077973842621,0.5023921728134155,3,3,6,post_calibration
51,3,3,5,60,1,1,1,0.5014099478721619,0.5014099478721619,0.4985901117324829,0.5014099478721619,3,3,6,post_calibration
51,4,3,6,60,1,0,0,0.5001674890518188,0.5001674890518188,0.5001674890518188,0.49983251094818115,3,3,6,post_calibration
51,5,3,9,60,0,0,1,0.5013578534126282,0.5013578534126282,0.5013578534126282,0.4986421465873718,3,3,6,post_calibration
51,6,3,10,60,1,1,1,0.502498209476471,0.502498209476471,0.49750179052352905,0.502498209476471,3,3,6,post_calibration
51,7,3,12,60,1,1,1,0.5003769397735596,0.5003769397735596,0.49962303042411804,0.5003769397735596,3,3,6,post_calibration
51,8,3,13,60,0,1,0,0.5004653334617615,0.5004653334617615,0.49953463673591614,0.5004653334617615,3,3,6,post_calibration
51,9,3,14,60,0,1,0,0.5010122656822205,0.5010122656822205,0.49898767471313477,0.5010122656822205,3,3,6,post_calibration
51,10,3,16,60,0,1,0,0.5001397728919983,0.5001397728919983,0.4998602271080017,0.5001397728919983,3,3,6,post_calibration
51,11,3,17,60,0,0,1,0.5001723766326904,0.5001723766326904,0.5001723766326904,0.49982762336730957,3,3,6,post_calibration
52,0,3,0,60,1,0,0,0.500914990901947,0.500914990901947,0.500914990901947,0.49908503890037537,3,1,9,zero_shot_paired
52,1,3,3,60,0,1,0,0.5017033815383911,0.5017033815383911,0.4982966184616089,0.5017033815383911,3,1,9,zero_shot_paired
52,2,3,5,60,1,1,1,0.5008417963981628,0.5008417963981628,0.49915823340415955,0.5008417963981628,3,1,9,zero_shot_paired
52,3,3,9,60,0,0,1,0.5016481876373291,0.5016481876373291,0.5016481876373291,0.4983518123626709,3,1,9,zero_shot_paired
52,4,3,10,60,1,1,1,0.5017089247703552,0.5017089247703552,0.49829113483428955,0.5017089247703552,3,1,9,zero_shot_paired
52,5,3,11,60,1,1,1,0.5028752088546753,0.5028752088546753,0.4971247911453247,0.5028752088546753,3,1,9,zero_shot_paired
52,6,3,13,60,0,0,1,0.5000135898590088,0.5000135898590088,0.5000135898590088,0.4999864399433136,3,1,9,zero_shot_paired
52,7,3,15,60,1,0,0,0.5002033114433289,0.5002033114433289,0.5002033114433289,0.49979668855667114,3,1,9,zero_shot_paired
52,8,3,17,60,0,0,1,0.5009562969207764,0.5009562969207764,0.5009562969207764,0.499043732881546,3,1,9,zero_shot_paired
52,0,3,0,60,1,1,1,0.5000234246253967,0.5000234246253967,0.4999765455722809,0.5000234246253967,3,1,9,post_calibration
52,1,3,3,60,0,1,0,0.5031701922416687,0.5031701922416687,0.4968297779560089,0.5031701922416687,3,1,9,post_calibration
52,2,3,5,60,1,1,1,0.5015940070152283,0.5015940070152283,0.49840596318244934,0.5015940070152283,3,1,9,post_calibration
52,3,3,9,60,0,0,1,0.5008106827735901,0.5008106827735901,0.5008106827735901,0.4991893470287323,3,1,9,post_calibration
52,4,3,10,60,1,1,1,0.5026752352714539,0.5026752352714539,0.49732476472854614,0.5026752352714539,3,1,9,post_calibration
52,5,3,11,60,1,1,1,0.5033667683601379,0.5033667683601379,0.4966332018375397,0.5033667683601379,3,1,9,post_calibration
52,6,3,13,60,0,1,0,0.5007222890853882,0.5007222890853882,0.4992777109146118,0.5007222890853882,3,1,9,post_calibration
52,7,3,15,60,1,1,1,0.500490128993988,0.500490128993988,0.4995098412036896,0.500490128993988,3,1,9,post_calibration
52,8,3,17,60,0,0,1,0.5003600716590881,0.5003600716590881,0.5003600716590881,0.4996398985385895,3,1,9,post_calibration
53,0,3,1,60,1,1,1,0.5011294484138489,0.5011294484138489,0.4988705515861511,0.5011294484138489,3,2,9,zero_shot_paired
53,1,3,2,60,1,1,1,0.502315878868103,0.502315878868103,0.49768415093421936,0.502315878868103,3,2,9,zero_shot_paired
53,2,3,4,60,1,1,1,0.5026631951332092,0.5026631951332092,0.49733680486679077,0.5026631951332092,3,2,9,zero_shot_paired
53,3,3,6,60,1,0,0,0.5007820129394531,0.5007820129394531,0.5007820129394531,0.4992179870605469,3,2,9,zero_shot_paired
53,4,3,7,60,0,0,1,0.5014497637748718,0.5014497637748718,0.5014497637748718,0.4985501766204834,3,2,9,zero_shot_paired
53,5,3,8,60,0,1,0,0.5002058744430542,0.5002058744430542,0.499794065952301,0.5002058744430542,3,2,9,zero_shot_paired
53,6,3,12,60,1,0,0,0.5001294612884521,0.5001294612884521,0.5001294612884521,0.49987056851387024,3,2,9,zero_shot_paired
53,7,3,14,60,0,1,0,0.5003156661987305,0.5003156661987305,0.49968433380126953,0.5003156661987305,3,2,9,zero_shot_paired
53,8,3,16,60,0,0,1,0.5004146695137024,0.5004146695137024,0.5004146695137024,0.4995853006839752,3,2,9,zero_shot_paired
53,0,3,1,60,1,1,1,0.5008530616760254,0.5008530616760254,0.49914687871932983,0.5008530616760254,3,2,9,post_calibration
53,1,3,2,60,1,1,1,0.5016233325004578,0.5016233325004578,0.4983766973018646,0.5016233325004578,3,2,9,post_calibration
53,2,3,4,60,1,1,1,0.5022141337394714,0.5022141337394714,0.49778589606285095,0.5022141337394714,3,2,9,post_calibration
53,3,3,6,60,1,0,0,0.5009498000144958,0.5009498000144958,0.5009498000144958,0.49905022978782654,3,2,9,post_calibration
53,4,3,7,60,0,0,1,0.5023030042648315,0.5023030042648315,0.5023030042648315,0.49769702553749084,3,2,9,post_calibration
53,5,3,8,60,0,1,0,0.5002790689468384,0.5002790689468384,0.4997209310531616,0.5002790689468384,3,2,9,post_calibration
53,6,3,12,60,1,0,0,0.5004384517669678,0.5004384517669678,0.5004384517669678,0.4995615482330322,3,2,9,post_calibration
53,7,3,14,60,0,1,0,0.5001679062843323,0.5001679062843323,0.4998320937156677,0.5001679062843323,3,2,9,post_calibration
53,8,3,16,60,0,0,1,0.5008808374404907,0.5008808374404907,0.5008808374404907,0.49911919236183167,3,2,9,post_calibration
54,0,3,2,60,1,1,1,0.5023163557052612,0.5023163557052612,0.49768367409706116,0.5023163557052612,3,1,12,zero_shot_paired
54,1,3,5,60,1,1,1,0.500840425491333,0.500840425491333,0.4991596043109894,0.500840425491333,3,1,12,zero_shot_paired
54,2,3,8,60,0,1,0,0.5002054572105408,0.5002054572105408,0.49979448318481445,0.5002054572105408,3,1,12,zero_shot_paired
54,3,3,12,60,1,0,0,0.5001295208930969,0.5001295208930969,0.5001295208930969,0.4998704791069031,3,1,12,zero_shot_paired
54,4,3,13,60,0,0,1,0.500013530254364,0.500013530254364,0.500013530254364,0.4999864995479584,3,1,12,zero_shot_paired
54,5,3,17,60,0,0,1,0.5009570717811584,0.5009570717811584,0.5009570717811584,0.49904298782348633,3,1,12,zero_shot_paired
54,0,3,2,60,1,1,1,0.5029505491256714,0.5029505491256714,0.49704939126968384,0.5029505491256714,3,1,12,post_calibration
54,1,3,5,60,1,1,1,0.5013105273246765,0.5013105273246765,0.4986894726753235,0.5013105273246765,3,1,12,post_calibration
54,2,3,8,60,0,1,0,0.5012431740760803,0.5012431740760803,0.4987568259239197,0.5012431740760803,3,1,12,post_calibration
54,3,3,12,60,1,1,1,0.5001817345619202,0.5001817345619202,0.4998182952404022,0.5001817345619202,3,1,12,post_calibration
54,4,3,13,60,0,1,0,0.5005333423614502,0.5005333423614502,0.4994667172431946,0.5005333423614502,3,1,12,post_calibration
54,5,3,17,60,0,0,1,0.5004936456680298,0.5004936456680298,0.5004936456680298,0.4995063841342926,3,1,12,post_calibration
55,0,3,0,60,1,0,0,0.5009137988090515,0.5009137988090515,0.5009137988090515,0.4990862309932709,3,2,12,zero_shot_paired
55,1,3,5,60,1,1,1,0.500840425491333,0.500840425491333,0.4991596043109894,0.500840425491333,3,2,12,zero_shot_paired
55,2,3,6,60,1,0,0,0.5007818341255188,0.5007818341255188,0.5007818341255188,0.4992181658744812,3,2,12,zero_shot_paired
55,3,3,7,60,0,0,1,0.501449465751648,0.501449465751648,0.501449465751648,0.49855053424835205,3,2,12,zero_shot_paired
55,4,3,9,60,0,0,1,0.5016470551490784,0.5016470551490784,0.5016470551490784,0.49835294485092163,3,2,12,zero_shot_paired
55,5,3,14,60,0,1,0,0.5003158450126648,0.5003158450126648,0.4996841251850128,0.5003158450126648,3,2,12,zero_shot_paired
55,0,3,0,60,1,0,0,0.5000309944152832,0.5000309944152832,0.5000309944152832,0.4999690055847168,3,2,12,post_calibration
55,1,3,5,60,1,1,1,0.5021833777427673,0.5021833777427673,0.49781662225723267,0.5021833777427673,3,2,12,post_calibration
55,2,3,6,60,1,1,1,0.5002633929252625,0.5002633929252625,0.49973657727241516,0.5002633929252625,3,2,12,post_calibration
55,3,3,7,60,0,0,1,0.5002180933952332,0.5002180933952332,0.5002180933952332,0.49978190660476685,3,2,12,post_calibration
55,4,3,9,60,0,0,1,0.500754177570343,0.500754177570343,0.500754177570343,0.49924585223197937,3,2,12,post_calibration
55,5,3,14,60,0,1,0,0.501272976398468,0.501272976398468,0.49872705340385437,0.501272976398468,3,2,12,post_calibration
56,0,3,4,60,1,1,1,0.5026643872261047,0.5026643872261047,0.49733561277389526,0.5026643872261047,3,3,12,zero_shot_paired
56,1,3,8,60,0,1,0,0.5002054572105408,0.5002054572105408,0.49979448318481445,0.5002054572105408,3,3,12,zero_shot_paired
56,2,3,9,60,0,0,1,0.5016470551490784,0.5016470551490784,0.5016470551490784,0.49835294485092163,3,3,12,zero_shot_paired
56,3,3,11,60,1,1,1,0.5028733611106873,0.5028733611106873,0.49712663888931274,0.5028733611106873,3,3,12,zero_shot_paired
56,4,3,13,60,0,0,1,0.500013530254364,0.500013530254364,0.500013530254364,0.4999864995479584,3,3,12,zero_shot_paired
56,5,3,15,60,1,0,0,0.5002025365829468,0.5002025365829468,0.5002025365829468,0.49979743361473083,3,3,12,zero_shot_paired
56,0,3,4,60,1,1,1,0.5035073757171631,0.5035073757171631,0.4964926540851593,0.5035073757171631,3,3,12,post_calibration
56,1,3,8,60,0,1,0,0.5006635189056396,0.5006635189056396,0.49933645129203796,0.5006635189056396,3,3,12,post_calibration
56,2,3,9,60,0,0,1,0.501384437084198,0.501384437084198,0.501384437084198,0.4986155927181244,3,3,12,post_calibration
56,3,3,11,60,1,1,1,0.5032278895378113,0.5032278895378113,0.4967721104621887,0.5032278895378113,3,3,12,post_calibration
56,4,3,13,60,0,1,0,0.5006994605064392,0.5006994605064392,0.4993005394935608,0.5006994605064392,3,3,12,post_calibration
56,5,3,15,60,1,1,1,0.5001083612442017,0.5001083612442017,0.49989163875579834,0.5001083612442017,3,3,12,post_calibration
