fold,trial_index,subject_id,trial_id,n_windows,y_true,y_pred,correct,p_pred,confidence,p_class_0,p_class_1,target_subject,calibration_fold,calibration_shots,stage
1,0,0,0,60,1,0,0,0.500007688999176,0.500007688999176,0.500007688999176,0.499992311000824,0,,,zero_shot_all_trials
1,1,0,1,60,1,0,0,0.5021383166313171,0.5021383166313171,0.5021383166313171,0.4978616535663605,0,,,zero_shot_all_trials
1,2,0,2,60,1,1,1,0.5035641193389893,0.5035641193389893,0.49643585085868835,0.5035641193389893,0,,,zero_shot_all_trials
1,3,0,3,60,1,1,1,0.5082576870918274,0.5082576870918274,0.4917422831058502,0.5082576870918274,0,,,zero_shot_all_trials
1,4,0,4,60,1,0,0,0.5009612441062927,0.5009612441062927,0.5009612441062927,0.4990387558937073,0,,,zero_shot_all_trials
1,5,0,5,60,0,0,1,0.5025280117988586,0.5025280117988586,0.5025280117988586,0.49747195839881897,0,,,zero_shot_all_trials
1,6,0,6,60,1,1,1,0.5059383511543274,0.5059383511543274,0.49406158924102783,0.5059383511543274,0,,,zero_shot_all_trials
1,7,0,7,60,0,1,0,0.5061613321304321,0.5061613321304321,0.4938386380672455,0.5061613321304321,0,,,zero_shot_all_trials
1,8,0,8,60,0,1,0,0.5061482787132263,0.5061482787132263,0.49385175108909607,0.5061482787132263,0,,,zero_shot_all_trials
1,9,0,9,60,1,0,0,0.505435049533844,0.505435049533844,0.505435049533844,0.494564950466156,0,,,zero_shot_all_trials
1,10,0,10,60,1,0,0,0.5040554404258728,0.5040554404258728,0.5040554404258728,0.4959445297718048,0,,,zero_shot_all_trials
1,11,0,11,60,1,1,1,0.502865195274353,0.502865195274353,0.4971347749233246,0.502865195274353,0,,,zero_shot_all_trials
1,12,0,12,60,1,0,0,0.5037943124771118,0.5037943124771118,0.5037943124771118,0.4962056577205658,0,,,zero_shot_all_trials
1,13,0,13,60,1,1,1,0.5021153688430786,0.5021153688430786,0.4978846609592438,0.5021153688430786,0,,,zero_shot_all_trials
1,14,0,14,60,0,1,0,0.5030926465988159,0.5030926465988159,0.4969073534011841,0.5030926465988159,0,,,zero_shot_all_trials
1,15,0,15,60,1,1,1,0.5039860606193542,0.5039860606193542,0.49601390957832336,0.5039860606193542,0,,,zero_shot_all_trials
1,16,0,16,60,0,1,0,0.5025306344032288,0.5025306344032288,0.49746933579444885,0.5025306344032288,0,,,zero_shot_all_trials
1,17,0,17,60,1,1,1,0.5010835528373718,0.5010835528373718,0.4989164471626282,0.5010835528373718,0,,,zero_shot_all_trials
1,0,0,0,60,1,0,0,0.5000078082084656,0.5000078082084656,0.5000078082084656,0.4999922215938568,0,1,3,zero_shot_paired
1,1,0,1,60,1,0,0,0.5021383166313171,0.5021383166313171,0.5021383166313171,0.4978616535663605,0,1,3,zero_shot_paired
1,2,0,2,60,1,1,1,0.5035642385482788,0.5035642385482788,0.4964357018470764,0.5035642385482788,0,1,3,zero_shot_paired
1,3,0,3,60,1,1,1,0.5082576870918274,0.5082576870918274,0.4917422831058502,0.5082576870918274,0,1,3,zero_shot_paired
1,4,0,4,60,1,0,0,0.5009612441062927,0.5009612441062927,0.5009612441062927,0.4990387260913849,0,1,3,zero_shot_paired
1,5,0,5,60,0,0,1,0.5025280117988586,0.5025280117988586,0.5025280117988586,0.49747198820114136,0,1,3,zero_shot_paired
1,6,0,6,60,1,1,1,0.5059382915496826,0.5059382915496826,0.4940616488456726,0.5059382915496826,0,1,3,zero_shot_paired
1,7,0,7,60,0,1,0,0.5061613321304321,0.5061613321304321,0.4938386082649231,0.5061613321304321,0,1,3,zero_shot_paired
1,8,0,8,60,0,1,0,0.5061481595039368,0.5061481595039368,0.49385181069374084,0.5061481595039368,0,1,3,zero_shot_paired
1,9,0,9,60,1,0,0,0.505435049533844,0.505435049533844,0.505435049533844,0.494564950466156,0,1,3,zero_shot_paired
1,10,0,10,60,1,0,0,0.504055380821228,0.504055380821228,0.504055380821228,0.4959445893764496,0,1,3,zero_shot_paired
1,11,0,11,60,1,1,1,0.502865195274353,0.502865195274353,0.4971347749233246,0.502865195274353,0,1,3,zero_shot_paired
1,12,0,13,60,1,1,1,0.5021154284477234,0.5021154284477234,0.4978845715522766,0.5021154284477234,0,1,3,zero_shot_paired
1,13,0,15,60,1,1,1,0.5039860606193542,0.5039860606193542,0.49601390957832336,0.5039860606193542,0,1,3,zero_shot_paired
1,14,0,16,60,0,1,0,0.5025305151939392,0.5025305151939392,0.4974694550037384,0.5025305151939392,0,1,3,zero_shot_paired
1,0,0,0,60,1,1,1,0.5000636577606201,0.5000636577606201,0.4999363422393799,0.5000636577606201,0,1,3,post_calibration
1,1,0,1,60,1,0,0,0.501754879951477,0.501754879951477,0.501754879951477,0.49824512004852295,0,1,3,post_calibration
1,2,0,2,60,1,1,1,0.5039657354354858,0.5039657354354858,0.49603426456451416,0.5039657354354858,0,1,3,post_calibration
1,3,0,3,60,1,1,1,0.5086461305618286,0.5086461305618286,0.491353839635849,0.5086461305618286,0,1,3,post_calibration
1,4,0,4,60,1,0,0,0.5013962388038635,0.5013962388038635,0.5013962388038635,0.49860379099845886,0,1,3,post_calibration
1,5,0,5,60,0,0,1,0.5023905038833618,0.5023905038833618,0.5023905038833618,0.49760952591896057,0,1,3,post_calibration
1,6,0,6,60,1,1,1,0.5061987638473511,0.5061987638473511,0.4938012957572937,0.5061987638473511,0,1,3,post_calibration
1,7,0,7,60,0,1,0,0.5064390897750854,0.5064390897750854,0.49356091022491455,0.5064390897750854,0,1,3,post_calibration
1,8,0,8,60,0,1,0,0.5063928365707397,0.5063928365707397,0.49360716342926025,0.5063928365707397,0,1,3,post_calibration
1,9,0,9,60,1,0,0,0.5049556493759155,0.5049556493759155,0.5049556493759155,0.49504438042640686,0,1,3,post_calibration
1,10,0,10,60,1,0,0,0.504111647605896,0.504111647605896,0.504111647605896,0.495888352394104,0,1,3,post_calibration
1,11,0,11,60,1,1,1,0.5029739141464233,0.5029739141464233,0.4970260560512543,0.5029739141464233,0,1,3,post_calibration
1,12,0,13,60,1,1,1,0.5020577907562256,0.5020577907562256,0.4979422092437744,0.5020577907562256,0,1,3,post_calibration
1,13,0,15,60,1,1,1,0.5040904879570007,0.5040904879570007,0.4959094822406769,0.5040904879570007,0,1,3,post_calibration
1,14,0,16,60,0,1,0,0.5032551288604736,0.5032551288604736,0.49674490094184875,0.5032551288604736,0,1,3,post_calibration
2,0,0,0,60,1,0,0,0.5000078082084656,0.5000078082084656,0.5000078082084656,0.4999922215938568,0,2,3,zero_shot_paired
2,1,0,1,60,1,0,0,0.5021383166313171,0.5021383166313171,0.5021383166313171,0.4978616535663605,0,2,3,zero_shot_paired
2,2,0,2,60,1,1,1,0.5035642385482788,0.5035642385482788,0.4964357018470764,0.5035642385482788,0,2,3,zero_shot_paired
2,3,0,3,60,1,1,1,0.5082576870918274,0.5082576870918274,0.4917422831058502,0.5082576870918274,0,2,3,zero_shot_paired
2,4,0,5,60,0,0,1,0.5025280117988586,0.5025280117988586,0.5025280117988586,0.49747198820114136,0,2,3,zero_shot_paired
2,5,0,6,60,1,1,1,0.5059382915496826,0.5059382915496826,0.4940616488456726,0.5059382915496826,0,2,3,zero_shot_paired
2,6,0,7,60,0,1,0,0.5061613321304321,0.5061613321304321,0.4938386082649231,0.5061613321304321,0,2,3,zero_shot_paired
2,7,0,8,60,0,1,0,0.5061481595039368,0.5061481595039368,0.49385181069374084,0.5061481595039368,0,2,3,zero_shot_paired
2,8,0,9,60,1,0,0,0.505435049533844,0.505435049533844,0.505435049533844,0.494564950466156,0,2,3,zero_shot_paired
2,9,0,10,60,1,0,0,0.504055380821228,0.504055380821228,0.504055380821228,0.4959445893764496,0,2,3,zero_shot_paired
2,10,0,11,60,1,1,1,0.502865195274353,0.502865195274353,0.4971347749233246,0.502865195274353,0,2,3,zero_shot_paired
2,11,0,12,60,1,0,0,0.5037943124771118,0.5037943124771118,0.5037943124771118,0.4962056279182434,0,2,3,zero_shot_paired
2,12,0,13,60,1,1,1,0.5021154284477234,0.5021154284477234,0.4978845715522766,0.5021154284477234,0,2,3,zero_shot_paired
2,13,0,14,60,0,1,0,0.5030926465988159,0.5030926465988159,0.4969073235988617,0.5030926465988159,0,2,3,zero_shot_paired
2,14,0,17,60,1,1,1,0.501083493232727,0.501083493232727,0.49891650676727295,0.501083493232727,0,2,3,zero_shot_paired
2,0,0,0,60,1,0,0,0.5003044605255127,0.5003044605255127,0.5003044605255127,0.4996955394744873,0,2,3,post_calibration
2,1,0,1,60,1,0,0,0.5027041435241699,0.5027041435241699,0.5027041435241699,0.49729588627815247,0,2,3,post_calibration
2,2,0,2,60,1,1,1,0.5032260417938232,0.5032260417938232,0.49677395820617676,0.5032260417938232,0,2,3,post_calibration
2,3,0,3,60,1,1,1,0.5078484416007996,0.5078484416007996,0.49215152859687805,0.5078484416007996,0,2,3,post_calibration
2,4,0,5,60,0,0,1,0.5028733611106873,0.5028733611106873,0.5028733611106873,0.49712663888931274,0,2,3,post_calibration
2,5,0,6,60,1,1,1,0.5055345296859741,0.5055345296859741,0.4944654703140259,0.5055345296859741,0,2,3,post_calibration
2,6,0,7,60,0,1,0,0.5058335661888123,0.5058335661888123,0.49416643381118774,0.5058335661888123,0,2,3,post_calibration
2,7,0,8,60,0,1,0,0.5058355927467346,0.5058355927467346,0.4941643476486206,0.5058355927467346,0,2,3,post_calibration
2,8,0,9,60,1,0,0,0.5058568120002747,0.5058568120002747,0.5058568120002747,0.49414321780204773,0,2,3,post_calibration
2,9,0,10,60,1,0,0,0.5045228004455566,0.5045228004455566,0.5045228004455566,0.49547716975212097,0,2,3,post_calibration
2,10,0,11,60,1,1,1,0.5026354789733887,0.5026354789733887,0.49736452102661133,0.5026354789733887,0,2,3,post_calibration
2,11,0,12,60,1,0,0,0.5048059225082397,0.5048059225082397,0.5048059225082397,0.49519413709640503,0,2,3,post_calibration
2,12,0,13,60,1,1,1,0.5019994378089905,0.5019994378089905,0.4980005919933319,0.5019994378089905,0,2,3,post_calibration
2,13,0,14,60,0,1,0,0.5029415488243103,0.5029415488243103,0.4970584511756897,0.5029415488243103,0,2,3,post_calibration
2,14,0,17,60,1,1,1,0.5008581876754761,0.5008581876754761,0.4991418421268463,0.5008581876754761,0,2,3,post_calibration
3,0,0,0,60,1,0,0,0.5000078082084656,0.5000078082084656,0.5000078082084656,0.4999922215938568,0,3,3,zero_shot_paired
3,1,0,1,60,1,0,0,0.5021383166313171,0.5021383166313171,0.5021383166313171,0.4978616535663605,0,3,3,zero_shot_paired
3,2,0,2,60,1,1,1,0.5035642385482788,0.5035642385482788,0.4964357018470764,0.5035642385482788,0,3,3,zero_shot_paired
3,3,0,3,60,1,1,1,0.5082576870918274,0.5082576870918274,0.4917422831058502,0.5082576870918274,0,3,3,zero_shot_paired
3,4,0,4,60,1,0,0,0.5009612441062927,0.5009612441062927,0.5009612441062927,0.4990387260913849,0,3,3,zero_shot_paired
3,5,0,5,60,0,0,1,0.5025280117988586,0.5025280117988586,0.5025280117988586,0.49747198820114136,0,3,3,zero_shot_paired
3,6,0,8,60,0,1,0,0.5061481595039368,0.5061481595039368,0.49385181069374084,0.5061481595039368,0,3,3,zero_shot_paired
3,7,0,10,60,1,0,0,0.504055380821228,0.504055380821228,0.504055380821228,0.4959445893764496,0,3,3,zero_shot_paired
3,8,0,11,60,1,1,1,0.502865195274353,0.502865195274353,0.4971347749233246,0.502865195274353,0,3,3,zero_shot_paired
3,9,0,12,60,1,0,0,0.5037943124771118,0.5037943124771118,0.5037943124771118,0.4962056279182434,0,3,3,zero_shot_paired
3,10,0,13,60,1,1,1,0.5021154284477234,0.5021154284477234,0.4978845715522766,0.5021154284477234,0,3,3,zero_shot_paired
3,11,0,14,60,0,1,0,0.5030926465988159,0.5030926465988159,0.4969073235988617,0.5030926465988159,0,3,3,zero_shot_paired
3,12,0,15,60,1,1,1,0.5039860606193542,0.5039860606193542,0.49601390957832336,0.5039860606193542,0,3,3,zero_shot_paired
3,13,0,16,60,0,1,0,0.5025305151939392,0.5025305151939392,0.4974694550037384,0.5025305151939392,0,3,3,zero_shot_paired
3,14,0,17,60,1,1,1,0.501083493232727,0.501083493232727,0.49891650676727295,0.501083493232727,0,3,3,zero_shot_paired
3,0,0,0,60,1,0,0,0.5001122951507568,0.5001122951507568,0.5001122951507568,0.4998876452445984,0,3,3,post_calibration
3,1,0,1,60,1,0,0,0.5022780299186707,0.5022780299186707,0.5022780299186707,0.49772194027900696,0,3,3,post_calibration
3,2,0,2,60,1,1,1,0.5033172369003296,0.5033172369003296,0.496682733297348,0.5033172369003296,0,3,3,post_calibration
3,3,0,3,60,1,1,1,0.507695198059082,0.507695198059082,0.49230483174324036,0.507695198059082,0,3,3,post_calibration
3,4,0,4,60,1,0,0,0.5011081695556641,0.5011081695556641,0.5011081695556641,0.49889183044433594,0,3,3,post_calibration
3,5,0,5,60,0,0,1,0.5024773478507996,0.5024773478507996,0.5024773478507996,0.4975226819515228,0,3,3,post_calibration
3,6,0,8,60,0,1,0,0.5057439208030701,0.5057439208030701,0.49425607919692993,0.5057439208030701,0,3,3,post_calibration
3,7,0,10,60,1,0,0,0.5038760900497437,0.5038760900497437,0.5038760900497437,0.4961238503456116,0,3,3,post_calibration
3,8,0,11,60,1,1,1,0.5026097893714905,0.5026097893714905,0.49739015102386475,0.5026097893714905,0,3,3,post_calibration
3,9,0,12,60,1,0,0,0.5043300986289978,0.5043300986289978,0.5043300986289978,0.4956699013710022,0,3,3,post_calibration
3,10,0,13,60,1,1,1,0.5019604563713074,0.5019604563713074,0.49803948402404785,0.5019604563713074,0,3,3,post_calibration
3,11,0,14,60,0,1,0,0.5029109716415405,0.5029109716415405,0.49708905816078186,0.5029109716415405,0,3,3,post_calibration
3,12,0,15,60,1,1,1,0.5041149258613586,0.5041149258613586,0.49588507413864136,0.5041149258613586,0,3,3,post_calibration
3,13,0,16,60,0,1,0,0.5025815963745117,0.5025815963745117,0.4974184036254883,0.5025815963745117,0,3,3,post_calibration
3,14,0,17,60,1,1,1,0.5012092590332031,0.5012092590332031,0.4987907111644745,0.5012092590332031,0,3,3,post_calibration
4,0,0,0,60,1,0,0,0.5000078082084656,0.5000078082084656,0.5000078082084656,0.4999922215938568,0,4,3,zero_shot_paired
4,1,0,1,60,1,0,0,0.5021383166313171,0.5021383166313171,0.5021383166313171,0.4978616535663605,0,4,3,zero_shot_paired
4,2,0,3,60,1,1,1,0.5082576870918274,0.5082576870918274,0.4917422831058502,0.5082576870918274,0,4,3,zero_shot_paired
4,3,0,4,60,1,0,0,0.5009612441062927,0.5009612441062927,0.5009612441062927,0.4990387260913849,0,4,3,zero_shot_paired
4,4,0,6,60,1,1,1,0.5059382915496826,0.5059382915496826,0.4940616488456726,0.5059382915496826,0,4,3,zero_shot_paired
4,5,0,7,60,0,1,0,0.5061613321304321,0.5061613321304321,0.4938386082649231,0.5061613321304321,0,4,3,zero_shot_paired
4,6,0,8,60,0,1,0,0.5061481595039368,0.5061481595039368,0.49385181069374084,0.5061481595039368,0,4,3,zero_shot_paired
4,7,0,9,60,1,0,0,0.505435049533844,0.505435049533844,0.505435049533844,0.494564950466156,0,4,3,zero_shot_paired
4,8,0,10,60,1,0,0,0.504055380821228,0.504055380821228,0.504055380821228,0.4959445893764496,0,4,3,zero_shot_paired
4,9,0,11,60,1,1,1,0.502865195274353,0.502865195274353,0.4971347749233246,0.502865195274353,0,4,3,zero_shot_paired
4,10,0,12,60,1,0,0,0.5037943124771118,0.5037943124771118,0.5037943124771118,0.4962056279182434,0,4,3,zero_shot_paired
4,11,0,14,60,0,1,0,0.5030926465988159,0.5030926465988159,0.4969073235988617,0.5030926465988159,0,4,3,zero_shot_paired
4,12,0,15,60,1,1,1,0.5039860606193542,0.5039860606193542,0.49601390957832336,0.5039860606193542,0,4,3,zero_shot_paired
4,13,0,16,60,0,1,0,0.5025305151939392,0.5025305151939392,0.4974694550037384,0.5025305151939392,0,4,3,zero_shot_paired
4,14,0,17,60,1,1,1,0.501083493232727,0.501083493232727,0.49891650676727295,0.501083493232727,0,4,3,zero_shot_paired
4,0,0,0,60,1,1,1,0.5001041889190674,0.5001041889190674,0.49989578127861023,0.5001041889190674,0,4,3,post_calibration
4,1,0,1,60,1,0,0,0.5026400089263916,0.5026400089263916,0.5026400089263916,0.4973599910736084,0,4,3,post_calibration
4,2,0,3,60,1,1,1,0.508415162563324,0.508415162563324,0.491584837436676,0.508415162563324,0,4,3,post_calibration
4,3,0,4,60,1,0,0,0.5009799599647522,0.5009799599647522,0.5009799599647522,0.4990200698375702,0,4,3,post_calibration
4,4,0,6,60,1,1,1,0.506567656993866,0.506567656993866,0.4934323728084564,0.506567656993866,0,4,3,post_calibration
4,5,0,7,60,0,1,0,0.506195604801178,0.506195604801178,0.49380433559417725,0.506195604801178,0,4,3,post_calibration
4,6,0,8,60,0,1,0,0.5060651302337646,0.5060651302337646,0.49393486976623535,0.5060651302337646,0,4,3,post_calibration
4,7,0,9,60,1,0,0,0.5053412318229675,0.5053412318229675,0.5053412318229675,0.49465876817703247,0,4,3,post_calibration
4,8,0,10,60,1,0,0,0.504729151725769,0.504729151725769,0.504729151725769,0.4952707886695862,0,4,3,post_calibration
4,9,0,11,60,1,1,1,0.5035828948020935,0.5035828948020935,0.4964171051979065,0.5035828948020935,0,4,3,post_calibration
4,10,0,12,60,1,0,0,0.5038105249404907,0.5038105249404907,0.5038105249404907,0.4961894750595093,0,4,3,post_calibration
4,11,0,14,60,0,1,0,0.5036470293998718,0.5036470293998718,0.49635300040245056,0.5036470293998718,0,4,3,post_calibration
4,12,0,15,60,1,1,1,0.5042892694473267,0.5042892694473267,0.49571073055267334,0.5042892694473267,0,4,3,post_calibration
4,13,0,16,60,0,1,0,0.5024126768112183,0.5024126768112183,0.49758729338645935,0.5024126768112183,0,4,3,post_calibration
4,14,0,17,60,1,1,1,0.5009475946426392,0.5009475946426392,0.49905237555503845,0.5009475946426392,0,4,3,post_calibration
5,0,0,1,60,1,0,0,0.5021383166313171,0.5021383166313171,0.5021383166313171,0.4978616535663605,0,5,3,zero_shot_paired
5,1,0,2,60,1,1,1,0.5035642385482788,0.5035642385482788,0.4964357018470764,0.5035642385482788,0,5,3,zero_shot_paired
5,2,0,3,60,1,1,1,0.5082576870918274,0.5082576870918274,0.4917422831058502,0.5082576870918274,0,5,3,zero_shot_paired
5,3,0,4,60,1,0,0,0.5009612441062927,0.5009612441062927,0.5009612441062927,0.4990387260913849,0,5,3,zero_shot_paired
5,4,0,5,60,0,0,1,0.5025280117988586,0.5025280117988586,0.5025280117988586,0.49747198820114136,0,5,3,zero_shot_paired
5,5,0,6,60,1,1,1,0.5059382915496826,0.5059382915496826,0.4940616488456726,0.5059382915496826,0,5,3,zero_shot_paired
5,6,0,7,60,0,1,0,0.5061613321304321,0.5061613321304321,0.4938386082649231,0.5061613321304321,0,5,3,zero_shot_paired
5,7,0,9,60,1,0,0,0.505435049533844,0.505435049533844,0.505435049533844,0.494564950466156,0,5,3,zero_shot_paired
5,8,0,10,60,1,0,0,0.504055380821228,0.504055380821228,0.504055380821228,0.4959445893764496,0,5,3,zero_shot_paired
5,9,0,12,60,1,0,0,0.5037943124771118,0.5037943124771118,0.5037943124771118,0.4962056279182434,0,5,3,zero_shot_paired
5,10,0,13,60,1,1,1,0.5021154284477234,0.5021154284477234,0.4978845715522766,0.5021154284477234,0,5,3,zero_shot_paired
5,11,0,14,60,0,1,0,0.5030926465988159,0.5030926465988159,0.4969073235988617,0.5030926465988159,0,5,3,zero_shot_paired
5,12,0,15,60,1,1,1,0.5039860606193542,0.5039860606193542,0.49601390957832336,0.5039860606193542,0,5,3,zero_shot_paired
5,13,0,16,60,0,1,0,0.5025305151939392,0.5025305151939392,0.4974694550037384,0.5025305151939392,0,5,3,zero_shot_paired
5,14,0,17,60,1,1,1,0.501083493232727,0.501083493232727,0.49891650676727295,0.501083493232727,0,5,3,zero_shot_paired
5,0,0,1,60,1,0,0,0.5023286938667297,0.5023286938667297,0.5023286938667297,0.49767130613327026,0,5,3,post_calibration
5,1,0,2,60,1,1,1,0.5032675862312317,0.5032675862312317,0.4967323839664459,0.5032675862312317,0,5,3,post_calibration
5,2,0,3,60,1,1,1,0.5076165795326233,0.5076165795326233,0.4923833906650543,0.5076165795326233,0,5,3,post_calibration
5,3,0,4,60,1,0,0,0.5013289451599121,0.5013289451599121,0.5013289451599121,0.4986710548400879,0,5,3,post_calibration
5,4,0,5,60,0,0,1,0.5027195811271667,0.5027195811271667,0.5027195811271667,0.49728038907051086,0,5,3,post_calibration
5,5,0,6,60,1,1,1,0.5055257081985474,0.5055257081985474,0.49447429180145264,0.5055257081985474,0,5,3,post_calibration
5,6,0,7,60,0,1,0,0.50575852394104,0.50575852394104,0.49424150586128235,0.50575852394104,0,5,3,post_calibration
5,7,0,9,60,1,0,0,0.505361795425415,0.505361795425415,0.505361795425415,0.4946381747722626,0,5,3,post_calibration
5,8,0,10,60,1,0,0,0.504043698310852,0.504043698310852,0.504043698310852,0.4959562420845032,0,5,3,post_calibration
5,9,0,12,60,1,0,0,0.5037825703620911,0.5037825703620911,0.5037825703620911,0.49621737003326416,0,5,3,post_calibration
5,10,0,13,60,1,1,1,0.5018094182014465,0.5018094182014465,0.4981905221939087,0.5018094182014465,0,5,3,post_calibration
5,11,0,14,60,0,1,0,0.5027878880500793,0.5027878880500793,0.4972120523452759,0.5027878880500793,0,5,3,post_calibration
5,12,0,15,60,1,1,1,0.5038812160491943,0.5038812160491943,0.49611878395080566,0.5038812160491943,0,5,3,post_calibration
5,13,0,16,60,0,1,0,0.502465546131134,0.502465546131134,0.49753448367118835,0.502465546131134,0,5,3,post_calibration
5,14,0,17,60,1,1,1,0.5010471343994141,0.5010471343994141,0.49895286560058594,0.5010471343994141,0,5,3,post_calibration
6,0,0,0,60,1,0,0,0.5000078082084656,0.5000078082084656,0.5000078082084656,0.4999922215938568,0,6,3,zero_shot_paired
6,1,0,2,60,1,1,1,0.5035642385482788,0.5035642385482788,0.4964357018470764,0.5035642385482788,0,6,3,zero_shot_paired
6,2,0,4,60,1,0,0,0.5009612441062927,0.5009612441062927,0.5009612441062927,0.4990387260913849,0,6,3,zero_shot_paired
6,3,0,5,60,0,0,1,0.5025280117988586,0.5025280117988586,0.5025280117988586,0.49747198820114136,0,6,3,zero_shot_paired
6,4,0,6,60,1,1,1,0.5059382915496826,0.5059382915496826,0.4940616488456726,0.5059382915496826,0,6,3,zero_shot_paired
6,5,0,7,60,0,1,0,0.5061613321304321,0.5061613321304321,0.4938386082649231,0.5061613321304321,0,6,3,zero_shot_paired
6,6,0,8,60,0,1,0,0.5061481595039368,0.5061481595039368,0.49385181069374084,0.5061481595039368,0,6,3,zero_shot_paired
6,7,0,9,60,1,0,0,0.505435049533844,0.505435049533844,0.505435049533844,0.494564950466156,0,6,3,zero_shot_paired
6,8,0,11,60,1,1,1,0.502865195274353,0.502865195274353,0.4971347749233246,0.502865195274353,0,6,3,zero_shot_paired
6,9,0,12,60,1,0,0,0.5037943124771118,0.5037943124771118,0.5037943124771118,0.4962056279182434,0,6,3,zero_shot_paired
6,10,0,13,60,1,1,1,0.5021154284477234,0.5021154284477234,0.4978845715522766,0.5021154284477234,0,6,3,zero_shot_paired
6,11,0,14,60,0,1,0,0.5030926465988159,0.5030926465988159,0.4969073235988617,0.5030926465988159,0,6,3,zero_shot_paired
6,12,0,15,60,1,1,1,0.5039860606193542,0.5039860606193542,0.49601390957832336,0.5039860606193542,0,6,3,zero_shot_paired
6,13,0,16,60,0,1,0,0.5025305151939392,0.5025305151939392,0.4974694550037384,0.5025305151939392,0,6,3,zero_shot_paired
6,14,0,17,60,1,1,1,0.501083493232727,0.501083493232727,0.49891650676727295,0.501083493232727,0,6,3,zero_shot_paired
6,0,0,0,60,1,1,1,0.5000056624412537,0.5000056624412537,0.4999943673610687,0.5000056624412537,0,6,3,post_calibration
6,1,0,2,60,1,1,1,0.5049577951431274,0.5049577951431274,0.49504220485687256,0.5049577951431274,0,6,3,post_calibration
6,2,0,4,60,1,0,0,0.501282811164856,0.501282811164856,0.501282811164856,0.49871715903282166,0,6,3,post_calibration
6,3,0,5,60,0,0,1,0.500705897808075,0.500705897808075,0.500705897808075,0.4992941617965698,0,6,3,post_calibration
6,4,0,6,60,1,1,1,0.5065533518791199,0.5065533518791199,0.4934466481208801,0.5065533518791199,0,6,3,post_calibration
6,5,0,7,60,0,1,0,0.5071946382522583,0.5071946382522583,0.4928053915500641,0.5071946382522583,0,6,3,post_calibration
6,6,0,8,60,0,1,0,0.5063203573226929,0.5063203573226929,0.4936797022819519,0.5063203573226929,0,6,3,post_calibration
6,7,0,9,60,1,0,0,0.5056450963020325,0.5056450963020325,0.5056450963020325,0.49435490369796753,0,6,3,post_calibration
6,8,0,11,60,1,1,1,0.5031628012657166,0.5031628012657166,0.49683719873428345,0.5031628012657166,0,6,3,post_calibration
6,9,0,12,60,1,0,0,0.5038641691207886,0.5038641691207886,0.5038641691207886,0.49613580107688904,0,6,3,post_calibration
6,10,0,13,60,1,1,1,0.5024360418319702,0.5024360418319702,0.4975639879703522,0.5024360418319702,0,6,3,post_calibration
6,11,0,14,60,0,1,0,0.5025644898414612,0.5025644898414612,0.4974355101585388,0.5025644898414612,0,6,3,post_calibration
6,12,0,15,60,1,1,1,0.5041281580924988,0.5041281580924988,0.49587181210517883,0.5041281580924988,0,6,3,post_calibration
6,13,0,16,60,0,1,0,0.5033262372016907,0.5033262372016907,0.4966737627983093,0.5033262372016907,0,6,3,post_calibration
6,14,0,17,60,1,1,1,0.501916766166687,0.501916766166687,0.4980832636356354,0.501916766166687,0,6,3,post_calibration
7,0,0,0,60,1,0,0,0.5000078082084656,0.5000078082084656,0.5000078082084656,0.4999922215938568,0,1,6,zero_shot_paired
7,1,0,1,60,1,0,0,0.5021383166313171,0.5021383166313171,0.5021383166313171,0.4978616535663605,0,1,6,zero_shot_paired
7,2,0,3,60,1,1,1,0.5082576870918274,0.5082576870918274,0.4917422831058502,0.5082576870918274,0,1,6,zero_shot_paired
7,3,0,5,60,0,0,1,0.5025280117988586,0.5025280117988586,0.5025280117988586,0.49747198820114136,0,1,6,zero_shot_paired
7,4,0,6,60,1,1,1,0.5059382915496826,0.5059382915496826,0.4940616488456726,0.5059382915496826,0,1,6,zero_shot_paired
7,5,0,8,60,0,1,0,0.5061481595039368,0.5061481595039368,0.49385181069374084,0.5061481595039368,0,1,6,zero_shot_paired
7,6,0,9,60,1,0,0,0.505435049533844,0.505435049533844,0.505435049533844,0.494564950466156,0,1,6,zero_shot_paired
7,7,0,10,60,1,0,0,0.504055380821228,0.504055380821228,0.504055380821228,0.4959445893764496,0,1,6,zero_shot_paired
7,8,0,11,60,1,1,1,0.502865195274353,0.502865195274353,0.4971347749233246,0.502865195274353,0,1,6,zero_shot_paired
7,9,0,14,60,0,1,0,0.5030926465988159,0.5030926465988159,0.4969073235988617,0.5030926465988159,0,1,6,zero_shot_paired
7,10,0,15,60,1,1,1,0.5039860606193542,0.5039860606193542,0.49601390957832336,0.5039860606193542,0,1,6,zero_shot_paired
7,11,0,17,60,1,1,1,0.501083493232727,0.501083493232727,0.49891650676727295,0.501083493232727,0,1,6,zero_shot_paired
7,0,0,0,60,1,1,1,0.5001477599143982,0.5001477599143982,0.4998522400856018,0.5001477599143982,0,1,6,post_calibration
7,1,0,1,60,1,0,0,0.5024465918540955,0.5024465918540955,0.5024465918540955,0.49755337834358215,0,1,6,post_calibration
7,2,0,3,60,1,1,1,0.5080632567405701,0.5080632567405701,0.49193674325942993,0.5080632567405701,0,1,6,post_calibration
7,3,0,5,60,0,0,1,0.5024392604827881,0.5024392604827881,0.5024392604827881,0.4975607395172119,0,1,6,post_calibration
7,4,0,6,60,1,1,1,0.5057101249694824,0.5057101249694824,0.49428990483283997,0.5057101249694824,0,1,6,post_calibration
7,5,0,8,60,0,1,0,0.5065955519676208,0.5065955519676208,0.4934045076370239,0.5065955519676208,0,1,6,post_calibration
7,6,0,9,60,1,0,0,0.5049302577972412,0.5049302577972412,0.5049302577972412,0.49506980180740356,0,1,6,post_calibration
7,7,0,10,60,1,0,0,0.5036783814430237,0.5036783814430237,0.5036783814430237,0.4963216781616211,0,1,6,post_calibration
7,8,0,11,60,1,1,1,0.5034826993942261,0.5034826993942261,0.49651727080345154,0.5034826993942261,0,1,6,post_calibration
7,9,0,14,60,0,1,0,0.5036088228225708,0.5036088228225708,0.4963911473751068,0.5036088228225708,0,1,6,post_calibration
7,10,0,15,60,1,1,1,0.5041646957397461,0.5041646957397461,0.4958353042602539,0.5041646957397461,0,1,6,post_calibration
7,11,0,17,60,1,1,1,0.500956654548645,0.500956654548645,0.499043345451355,0.500956654548645,0,1,6,post_calibration
8,0,0,1,60,1,0,0,0.5021383166313171,0.5021383166313171,0.5021383166313171,0.4978616535663605,0,2,6,zero_shot_paired
8,1,0,2,60,1,1,1,0.5035642385482788,0.5035642385482788,0.4964357018470764,0.5035642385482788,0,2,6,zero_shot_paired
8,2,0,4,60,1,0,0,0.5009612441062927,0.5009612441062927,0.5009612441062927,0.4990387260913849,0,2,6,zero_shot_paired
8,3,0,5,60,0,0,1,0.5025280117988586,0.5025280117988586,0.5025280117988586,0.49747198820114136,0,2,6,zero_shot_paired
8,4,0,6,60,1,1,1,0.5059382915496826,0.5059382915496826,0.4940616488456726,0.5059382915496826,0,2,6,zero_shot_paired
8,5,0,7,60,0,1,0,0.5061613321304321,0.5061613321304321,0.4938386082649231,0.5061613321304321,0,2,6,zero_shot_paired
8,6,0,12,60,1,0,0,0.5037943124771118,0.5037943124771118,0.5037943124771118,0.4962056279182434,0,2,6,zero_shot_paired
8,7,0,13,60,1,1,1,0.5021154284477234,0.5021154284477234,0.4978845715522766,0.5021154284477234,0,2,6,zero_shot_paired
8,8,0,14,60,0,1,0,0.5030926465988159,0.5030926465988159,0.4969073235988617,0.5030926465988159,0,2,6,zero_shot_paired
8,9,0,15,60,1,1,1,0.5039860606193542,0.5039860606193542,0.49601390957832336,0.5039860606193542,0,2,6,zero_shot_paired
8,10,0,16,60,0,1,0,0.5025305151939392,0.5025305151939392,0.4974694550037384,0.5025305151939392,0,2,6,zero_shot_paired
8,11,0,17,60,1,1,1,0.501083493232727,0.501083493232727,0.49891650676727295,0.501083493232727,0,2,6,zero_shot_paired
8,0,0,1,60,1,0,0,0.5006441473960876,0.5006441473960876,0.5006441473960876,0.49935582280158997,0,2,6,post_calibration
8,1,0,2,60,1,1,1,0.5051133036613464,0.5051133036613464,0.49488669633865356,0.5051133036613464,0,2,6,post_calibration
8,2,0,4,60,1,0,0,0.5000649094581604,0.5000649094581604,0.5000649094581604,0.499935120344162,0,2,6,post_calibration
8,3,0,5,60,0,0,1,0.5008717179298401,0.5008717179298401,0.5008717179298401,0.4991282820701599,0,2,6,post_calibration
8,4,0,6,60,1,1,1,0.5064130425453186,0.5064130425453186,0.4935869872570038,0.5064130425453186,0,2,6,post_calibration
8,5,0,7,60,0,1,0,0.5074349045753479,0.5074349045753479,0.4925651550292969,0.5074349045753479,0,2,6,post_calibration
8,6,0,12,60,1,0,0,0.5024086833000183,0.5024086833000183,0.5024086833000183,0.49759137630462646,0,2,6,post_calibration
8,7,0,13,60,1,1,1,0.5030285120010376,0.5030285120010376,0.49697145819664,0.5030285120010376,0,2,6,post_calibration
8,8,0,14,60,0,1,0,0.5040645599365234,0.5040645599365234,0.49593546986579895,0.5040645599365234,0,2,6,post_calibration
8,9,0,15,60,1,1,1,0.5044500827789307,0.5044500827789307,0.4955499768257141,0.5044500827789307,0,2,6,post_calibration
8,10,0,16,60,0,1,0,0.5032261610031128,0.5032261610031128,0.4967738091945648,0.5032261610031128,0,2,6,post_calibration
8,11,0,17,60,1,1,1,0.5016043782234192,0.5016043782234192,0.4983956217765808,0.5016043782234192,0,2,6,post_calibration
9,0,0,0,60,1,0,0,0.5000078082084656,0.5000078082084656,0.5000078082084656,0.4999922215938568,0,3,6,zero_shot_paired
9,1,0,2,60,1,1,1,0.5035642385482788,0.5035642385482788,0.4964357018470764,0.5035642385482788,0,3,6,zero_shot_paired
9,2,0,3,60,1,1,1,0.5082576870918274,0.5082576870918274,0.4917422831058502,0.5082576870918274,0,3,6,zero_shot_paired
9,3,0,4,60,1,0,0,0.5009612441062927,0.5009612441062927,0.5009612441062927,0.4990387260913849,0,3,6,zero_shot_paired
9,4,0,7,60,0,1,0,0.5061613321304321,0.5061613321304321,0.4938386082649231,0.5061613321304321,0,3,6,zero_shot_paired
9,5,0,8,60,0,1,0,0.5061481595039368,0.5061481595039368,0.49385181069374084,0.5061481595039368,0,3,6,zero_shot_paired
9,6,0,9,60,1,0,0,0.505435049533844,0.505435049533844,0.505435049533844,0.494564950466156,0,3,6,zero_shot_paired
9,7,0,10,60,1,0,0,0.504055380821228,0.504055380821228,0.504055380821228,0.4959445893764496,0,3,6,zero_shot_paired
9,8,0,11,60,1,1,1,0.502865195274353,0.502865195274353,0.4971347749233246,0.502865195274353,0,3,6,zero_shot_paired
9,9,0,12,60,1,0,0,0.5037943124771118,0.5037943124771118,0.5037943124771118,0.4962056279182434,0,3,6,zero_shot_paired
9,10,0,13,60,1,1,1,0.5021154284477234,0.5021154284477234,0.4978845715522766,0.5021154284477234,0,3,6,zero_shot_paired
9,11,0,16,60,0,1,0,0.5025305151939392,0.5025305151939392,0.4974694550037384,0.5025305151939392,0,3,6,zero_shot_paired
9,0,0,0,60,1,1,1,0.5006903409957886,0.5006903409957886,0.49930962920188904,0.5006903409957886,0,3,6,post_calibration
9,1,0,2,60,1,1,1,0.5039613246917725,0.5039613246917725,0.49603861570358276,0.5039613246917725,0,3,6,post_calibration
9,2,0,3,60,1,1,1,0.5089114308357239,0.5089114308357239,0.49108853936195374,0.5089114308357239,0,3,6,post_calibration
9,3,0,4,60,1,0,0,0.5006582140922546,0.5006582140922546,0.5006582140922546,0.49934181571006775,0,3,6,post_calibration
9,4,0,7,60,0,1,0,0.5067151784896851,0.5067151784896851,0.49328482151031494,0.5067151784896851,0,3,6,post_calibration
9,5,0,8,60,0,1,0,0.5069447755813599,0.5069447755813599,0.49305522441864014,0.5069447755813599,0,3,6,post_calibration
9,6,0,9,60,1,0,0,0.505395233631134,0.505395233631134,0.505395233631134,0.49460476636886597,0,3,6,post_calibration
9,7,0,10,60,1,0,0,0.5046020150184631,0.5046020150184631,0.5046020150184631,0.49539801478385925,0,3,6,post_calibration
9,8,0,11,60,1,1,1,0.5030813217163086,0.5030813217163086,0.4969187378883362,0.5030813217163086,0,3,6,post_calibration
9,9,0,12,60,1,0,0,0.5034418106079102,0.5034418106079102,0.5034418106079102,0.49655815958976746,0,3,6,post_calibration
9,10,0,13,60,1,1,1,0.5027204751968384,0.5027204751968384,0.497279554605484,0.5027204751968384,0,3,6,post_calibration
9,11,0,16,60,0,1,0,0.5035299062728882,0.5035299062728882,0.4964701235294342,0.5035299062728882,0,3,6,post_calibration
10,0,0,0,60,1,0,0,0.5000077486038208,0.5000077486038208,0.5000077486038208,0.4999922811985016,0,1,9,zero_shot_paired
10,1,0,1,60,1,0,0,0.5021382570266724,0.5021382570266724,0.5021382570266724,0.49786177277565,0,1,9,zero_shot_paired
10,2,0,3,60,1,1,1,0.5082577466964722,0.5082577466964722,0.4917422831058502,0.5082577466964722,0,1,9,zero_shot_paired
10,3,0,4,60,1,0,0,0.5009614825248718,0.5009614825248718,0.5009614825248718,0.4990384876728058,0,1,9,zero_shot_paired
10,4,0,5,60,0,0,1,0.5025280714035034,0.5025280714035034,0.5025280714035034,0.4974718689918518,0,1,9,zero_shot_paired
10,5,0,9,60,1,0,0,0.5054349899291992,0.5054349899291992,0.5054349899291992,0.4945650100708008,0,1,9,zero_shot_paired
10,6,0,10,60,1,0,0,0.5040554404258728,0.5040554404258728,0.5040554404258728,0.4959445595741272,0,1,9,zero_shot_paired
10,7,0,11,60,1,1,1,0.502865195274353,0.502865195274353,0.4971347749233246,0.502865195274353,0,1,9,zero_shot_paired
10,8,0,16,60,0,1,0,0.5025305151939392,0.5025305151939392,0.4974694550037384,0.5025305151939392,0,1,9,zero_shot_paired
10,0,0,0,60,1,1,1,0.5001481771469116,0.5001481771469116,0.4998518228530884,0.5001481771469116,0,1,9,post_calibration
10,1,0,1,60,1,0,0,0.5013939142227173,0.5013939142227173,0.5013939142227173,0.4986061155796051,0,1,9,post_calibration
10,2,0,3,60,1,1,1,0.5082711577415466,0.5082711577415466,0.491728812456131,0.5082711577415466,0,1,9,post_calibration
10,3,0,4,60,1,0,0,0.5012397766113281,0.5012397766113281,0.5012397766113281,0.4987602233886719,0,1,9,post_calibration
10,4,0,5,60,0,0,1,0.5021507740020752,0.5021507740020752,0.5021507740020752,0.4978492259979248,0,1,9,post_calibration
10,5,0,9,60,1,0,0,0.5052573084831238,0.5052573084831238,0.5052573084831238,0.4947427213191986,0,1,9,post_calibration
10,6,0,10,60,1,0,0,0.5034930109977722,0.5034930109977722,0.5034930109977722,0.4965069890022278,0,1,9,post_calibration
10,7,0,11,60,1,1,1,0.5030224919319153,0.5030224919319153,0.4969775676727295,0.5030224919319153,0,1,9,post_calibration
10,8,0,16,60,0,1,0,0.5034337639808655,0.5034337639808655,0.4965662360191345,0.5034337639808655,0,1,9,post_calibration
11,0,0,2,60,1,1,1,0.5035641193389893,0.5035641193389893,0.49643585085868835,0.5035641193389893,0,2,9,zero_shot_paired
11,1,0,6,60,1,1,1,0.5059383511543274,0.5059383511543274,0.49406158924102783,0.5059383511543274,0,2,9,zero_shot_paired
11,2,0,7,60,0,1,0,0.5061614513397217,0.5061614513397217,0.4938385486602783,0.5061614513397217,0,2,9,zero_shot_paired
11,3,0,8,60,0,1,0,0.5061482191085815,0.5061482191085815,0.49385175108909607,0.5061482191085815,0,2,9,zero_shot_paired
11,4,0,12,60,1,0,0,0.5037941932678223,0.5037941932678223,0.5037941932678223,0.49620577692985535,0,2,9,zero_shot_paired
11,5,0,13,60,1,1,1,0.5021153688430786,0.5021153688430786,0.4978846311569214,0.5021153688430786,0,2,9,zero_shot_paired
11,6,0,14,60,0,1,0,0.5030927062034607,0.5030927062034607,0.4969073235988617,0.5030927062034607,0,2,9,zero_shot_paired
11,7,0,15,60,1,1,1,0.5039860606193542,0.5039860606193542,0.49601390957832336,0.5039860606193542,0,2,9,zero_shot_paired
11,8,0,17,60,1,1,1,0.501083493232727,0.501083493232727,0.49891650676727295,0.501083493232727,0,2,9,zero_shot_paired
11,0,0,2,60,1,1,1,0.504514753818512,0.504514753818512,0.49548521637916565,0.504514753818512,0,2,9,post_calibration
11,1,0,6,60,1,1,1,0.5071178674697876,0.5071178674697876,0.4928821325302124,0.5071178674697876,0,2,9,post_calibration
11,2,0,7,60,0,1,0,0.5066457986831665,0.5066457986831665,0.4933542013168335,0.5066457986831665,0,2,9,post_calibration
11,3,0,8,60,0,1,0,0.5075011849403381,0.5075011849403381,0.49249884486198425,0.5075011849403381,0,2,9,post_calibration
11,4,0,12,60,1,0,0,0.5024609565734863,0.5024609565734863,0.5024609565734863,0.49753907322883606,0,2,9,post_calibration
11,5,0,13,60,1,1,1,0.5029242038726807,0.5029242038726807,0.49707579612731934,0.5029242038726807,0,2,9,post_calibration
11,6,0,14,60,0,1,0,0.5045492053031921,0.5045492053031921,0.49545082449913025,0.5045492053031921,0,2,9,post_calibration
11,7,0,15,60,1,1,1,0.5049061179161072,0.5049061179161072,0.49509385228157043,0.5049061179161072,0,2,9,post_calibration
11,8,0,17,60,1,1,1,0.5009952187538147,0.5009952187538147,0.4990047514438629,0.5009952187538147,0,2,9,post_calibration
12,0,0,3,60,1,1,1,0.5082548260688782,0.5082548260688782,0.4917451739311218,0.5082548260688782,0,1,12,zero_shot_paired
12,1,0,4,60,1,0,0,0.5009641051292419,0.5009641051292419,0.5009641051292419,0.49903592467308044,0,1,12,zero_shot_paired
12,2,0,9,60,1,0,0,0.5054354667663574,0.5054354667663574,0.5054354667663574,0.49456456303596497,0,1,12,zero_shot_paired
12,3,0,10,60,1,0,0,0.5040539503097534,0.5040539503097534,0.5040539503097534,0.4959460198879242,0,1,12,zero_shot_paired
12,4,0,14,60,0,1,0,0.5030957460403442,0.5030957460403442,0.49690431356430054,0.5030957460403442,0,1,12,zero_shot_paired
12,5,0,16,60,0,1,0,0.5025295615196228,0.5025295615196228,0.497470498085022,0.5025295615196228,0,1,12,zero_shot_paired
12,0,0,3,60,1,1,1,0.5084285736083984,0.5084285736083984,0.4915713965892792,0.5084285736083984,0,1,12,post_calibration
12,1,0,4,60,1,0,0,0.5012105107307434,0.5012105107307434,0.5012105107307434,0.4987894594669342,0,1,12,post_calibration
12,2,0,9,60,1,0,0,0.5047937631607056,0.5047937631607056,0.5047937631607056,0.49520623683929443,0,1,12,post_calibration
12,3,0,10,60,1,0,0,0.5039965510368347,0.5039965510368347,0.5039965510368347,0.4960034489631653,0,1,12,post_calibration
12,4,0,14,60,0,1,0,0.5040904879570007,0.5040904879570007,0.4959094822406769,0.5040904879570007,0,1,12,post_calibration
12,5,0,16,60,0,1,0,0.5042496919631958,0.5042496919631958,0.4957503378391266,0.5042496919631958,0,1,12,post_calibration
13,0,0,0,60,1,0,0,0.5000076293945312,0.5000076293945312,0.5000076293945312,0.49999237060546875,0,2,12,zero_shot_paired
13,1,0,4,60,1,0,0,0.5009641051292419,0.5009641051292419,0.5009641051292419,0.49903592467308044,0,2,12,zero_shot_paired
13,2,0,5,60,0,0,1,0.502528190612793,0.502528190612793,0.502528190612793,0.49747180938720703,0,2,12,zero_shot_paired
13,3,0,12,60,1,0,0,0.5037925839424133,0.5037925839424133,0.5037925839424133,0.49620741605758667,0,2,12,zero_shot_paired
13,4,0,14,60,0,1,0,0.5030957460403442,0.5030957460403442,0.49690431356430054,0.5030957460403442,0,2,12,zero_shot_paired
13,5,0,17,60,1,1,1,0.5010814666748047,0.5010814666748047,0.4989185631275177,0.5010814666748047,0,2,12,zero_shot_paired
13,0,0,0,60,1,1,1,0.5005199313163757,0.5005199313163757,0.49948009848594666,0.5005199313163757,0,2,12,post_calibration
13,1,0,4,60,1,0,0,0.5004968047142029,0.5004968047142029,0.5004968047142029,0.4995031952857971,0,2,12,post_calibration
13,2,0,5,60,0,0,1,0.5014530420303345,0.5014530420303345,0.5014530420303345,0.4985469579696655,0,2,12,post_calibration
13,3,0,12,60,1,0,0,0.5035706758499146,0.5035706758499146,0.5035706758499146,0.49642929434776306,0,2,12,post_calibration
13,4,0,14,60,0,1,0,0.5040097832679749,0.5040097832679749,0.49599024653434753,0.5040097832679749,0,2,12,post_calibration
13,5,0,17,60,1,1,1,0.5019121766090393,0.5019121766090393,0.4980878531932831,0.5019121766090393,0,2,12,post_calibration
14,0,0,1,60,1,0,0,0.5021402835845947,0.5021402835845947,0.5021402835845947,0.4978596866130829,0,3,12,zero_shot_paired
14,1,0,2,60,1,1,1,0.503566563129425,0.503566563129425,0.49643340706825256,0.503566563129425,0,3,12,zero_shot_paired
14,2,0,7,60,0,1,0,0.5061617493629456,0.5061617493629456,0.49383819103240967,0.5061617493629456,0,3,12,zero_shot_paired
14,3,0,10,60,1,0,0,0.5040539503097534,0.5040539503097534,0.5040539503097534,0.4959460198879242,0,3,12,zero_shot_paired
14,4,0,11,60,1,1,1,0.5028662085533142,0.5028662085533142,0.4971338212490082,0.5028662085533142,0,3,12,zero_shot_paired
14,5,0,16,60,0,1,0,0.5025295615196228,0.5025295615196228,0.497470498085022,0.5025295615196228,0,3,12,zero_shot_paired
14,0,0,1,60,1,0,0,0.501347005367279,0.501347005367279,0.501347005367279,0.49865299463272095,0,3,12,post_calibration
14,1,0,2,60,1,1,1,0.5044720768928528,0.5044720768928528,0.4955279231071472,0.5044720768928528,0,3,12,post_calibration
14,2,0,7,60,0,1,0,0.5072221159934998,0.5072221159934998,0.49277791380882263,0.5072221159934998,0,3,12,post_calibration
14,3,0,10,60,1,0,0,0.5041165351867676,0.5041165351867676,0.5041165351867676,0.4958834946155548,0,3,12,post_calibration
14,4,0,11,60,1,1,1,0.5041602849960327,0.5041602849960327,0.4958396852016449,0.5041602849960327,0,3,12,post_calibration
14,5,0,16,60,0,1,0,0.5038912892341614,0.5038912892341614,0.4961087107658386,0.5038912892341614,0,3,12,post_calibration
2,0,1,0,60,1,1,1,0.5007695555686951,0.5007695555686951,0.49923044443130493,0.5007695555686951,1,,,zero_shot_all_trials
2,1,1,1,60,0,1,0,0.5031200051307678,0.5031200051307678,0.49688005447387695,0.5031200051307678,1,,,zero_shot_all_trials
2,2,1,2,60,1,1,1,0.5054260492324829,0.5054260492324829,0.4945738911628723,0.5054260492324829,1,,,zero_shot_all_trials
2,3,1,3,60,0,1,0,0.5000413060188293,0.5000413060188293,0.49995869398117065,0.5000413060188293,1,,,zero_shot_all_trials
2,4,1,4,60,0,1,0,0.5048301219940186,0.5048301219940186,0.49516984820365906,0.5048301219940186,1,,,zero_shot_all_trials
2,5,1,5,60,0,1,0,0.5048902034759521,0.5048902034759521,0.49510979652404785,0.5048902034759521,1,,,zero_shot_all_trials
2,6,1,6,60,1,1,1,0.500174343585968,0.500174343585968,0.49982568621635437,0.500174343585968,1,,,zero_shot_all_trials
2,7,1,7,60,0,1,0,0.503372848033905,0.503372848033905,0.49662715196609497,0.503372848033905,1,,,zero_shot_all_trials
2,8,1,8,60,0,1,0,0.5035173296928406,0.5035173296928406,0.4964826703071594,0.5035173296928406,1,,,zero_shot_all_trials
2,9,1,9,60,0,1,0,0.5055646300315857,0.5055646300315857,0.4944354295730591,0.5055646300315857,1,,,zero_shot_all_trials
2,10,1,10,60,1,1,1,0.5073882341384888,0.5073882341384888,0.4926117956638336,0.5073882341384888,1,,,zero_shot_all_trials
2,11,1,11,60,1,1,1,0.5022875666618347,0.5022875666618347,0.4977124333381653,0.5022875666618347,1,,,zero_shot_all_trials
2,12,1,12,60,1,1,1,0.5006450414657593,0.5006450414657593,0.4993549585342407,0.5006450414657593,1,,,zero_shot_all_trials
2,13,1,13,60,0,1,0,0.5034162402153015,0.5034162402153015,0.4965837299823761,0.5034162402153015,1,,,zero_shot_all_trials
2,14,1,14,60,0,1,0,0.5027889609336853,0.5027889609336853,0.4972110688686371,0.5027889609336853,1,,,zero_shot_all_trials
2,15,1,15,60,0,1,0,0.5036371946334839,0.5036371946334839,0.4963628649711609,0.5036371946334839,1,,,zero_shot_all_trials
2,16,1,16,60,0,1,0,0.502040684223175,0.502040684223175,0.49795928597450256,0.502040684223175,1,,,zero_shot_all_trials
2,17,1,17,60,1,1,1,0.5001869797706604,0.5001869797706604,0.4998130202293396,0.5001869797706604,1,,,zero_shot_all_trials
15,0,1,0,60,1,1,1,0.5007694959640503,0.5007694959640503,0.4992305338382721,0.5007694959640503,1,1,3,zero_shot_paired
15,1,1,1,60,0,1,0,0.5031198859214783,0.5031198859214783,0.49688011407852173,0.5031198859214783,1,1,3,zero_shot_paired
15,2,1,2,60,1,1,1,0.5054259300231934,0.5054259300231934,0.49457401037216187,0.5054259300231934,1,1,3,zero_shot_paired
15,3,1,3,60,0,1,0,0.5000413060188293,0.5000413060188293,0.49995869398117065,0.5000413060188293,1,1,3,zero_shot_paired
15,4,1,4,60,0,1,0,0.5048301219940186,0.5048301219940186,0.49516987800598145,0.5048301219940186,1,1,3,zero_shot_paired
15,5,1,5,60,0,1,0,0.5048902034759521,0.5048902034759521,0.49510979652404785,0.5048902034759521,1,1,3,zero_shot_paired
15,6,1,6,60,1,1,1,0.500174343585968,0.500174343585968,0.49982568621635437,0.500174343585968,1,1,3,zero_shot_paired
15,7,1,9,60,0,1,0,0.5055646300315857,0.5055646300315857,0.4944354295730591,0.5055646300315857,1,1,3,zero_shot_paired
15,8,1,11,60,1,1,1,0.5022875666618347,0.5022875666618347,0.4977124333381653,0.5022875666618347,1,1,3,zero_shot_paired
15,9,1,12,60,1,1,1,0.500645101070404,0.500645101070404,0.49935492873191833,0.500645101070404,1,1,3,zero_shot_paired
15,10,1,13,60,0,1,0,0.5034162998199463,0.5034162998199463,0.4965837299823761,0.5034162998199463,1,1,3,zero_shot_paired
15,11,1,14,60,0,1,0,0.5027890205383301,0.5027890205383301,0.4972110390663147,0.5027890205383301,1,1,3,zero_shot_paired
15,12,1,15,60,0,1,0,0.5036371946334839,0.5036371946334839,0.4963628649711609,0.5036371946334839,1,1,3,zero_shot_paired
15,13,1,16,60,0,1,0,0.5020407438278198,0.5020407438278198,0.4979592263698578,0.5020407438278198,1,1,3,zero_shot_paired
15,14,1,17,60,1,1,1,0.5001869797706604,0.5001869797706604,0.4998129904270172,0.5001869797706604,1,1,3,zero_shot_paired
15,0,1,0,60,1,1,1,0.5008150339126587,0.5008150339126587,0.49918490648269653,0.5008150339126587,1,1,3,post_calibration
15,1,1,1,60,0,1,0,0.5025998950004578,0.5025998950004578,0.49740010499954224,0.5025998950004578,1,1,3,post_calibration
15,2,1,2,60,1,1,1,0.505285382270813,0.505285382270813,0.4947146773338318,0.505285382270813,1,1,3,post_calibration
15,3,1,3,60,0,0,1,0.5000914931297302,0.5000914931297302,0.5000914931297302,0.4999084770679474,1,1,3,post_calibration
15,4,1,4,60,0,1,0,0.5047836899757385,0.5047836899757385,0.4952163100242615,0.5047836899757385,1,1,3,post_calibration
15,5,1,5,60,0,1,0,0.5048651695251465,0.5048651695251465,0.4951348304748535,0.5048651695251465,1,1,3,post_calibration
15,6,1,6,60,1,0,0,0.5001519322395325,0.5001519322395325,0.5001519322395325,0.49984806776046753,1,1,3,post_calibration
15,7,1,9,60,0,1,0,0.5051687955856323,0.5051687955856323,0.4948311746120453,0.5051687955856323,1,1,3,post_calibration
15,8,1,11,60,1,1,1,0.5020027160644531,0.5020027160644531,0.49799731373786926,0.5020027160644531,1,1,3,post_calibration
15,9,1,12,60,1,1,1,0.5003722310066223,0.5003722310066223,0.4996277689933777,0.5003722310066223,1,1,3,post_calibration
15,10,1,13,60,0,1,0,0.5034133195877075,0.5034133195877075,0.4965866208076477,0.5034133195877075,1,1,3,post_calibration
15,11,1,14,60,0,1,0,0.5027075409889221,0.5027075409889221,0.49729251861572266,0.5027075409889221,1,1,3,post_calibration
15,12,1,15,60,0,1,0,0.5035932660102844,0.5035932660102844,0.49640676379203796,0.5035932660102844,1,1,3,post_calibration
15,13,1,16,60,0,1,0,0.5014472603797913,0.5014472603797913,0.49855276942253113,0.5014472603797913,1,1,3,post_calibration
15,14,1,17,60,1,1,1,0.5002389550209045,0.5002389550209045,0.49976101517677307,0.5002389550209045,1,1,3,post_calibration
16,0,1,0,60,1,1,1,0.5007694959640503,0.5007694959640503,0.4992305338382721,0.5007694959640503,1,2,3,zero_shot_paired
16,1,1,1,60,0,1,0,0.5031198859214783,0.5031198859214783,0.49688011407852173,0.5031198859214783,1,2,3,zero_shot_paired
16,2,1,4,60,0,1,0,0.5048301219940186,0.5048301219940186,0.49516987800598145,0.5048301219940186,1,2,3,zero_shot_paired
16,3,1,6,60,1,1,1,0.500174343585968,0.500174343585968,0.49982568621635437,0.500174343585968,1,2,3,zero_shot_paired
16,4,1,7,60,0,1,0,0.5033727884292603,0.5033727884292603,0.49662718176841736,0.5033727884292603,1,2,3,zero_shot_paired
16,5,1,8,60,0,1,0,0.5035173296928406,0.5035173296928406,0.4964826703071594,0.5035173296928406,1,2,3,zero_shot_paired
16,6,1,9,60,0,1,0,0.5055646300315857,0.5055646300315857,0.4944354295730591,0.5055646300315857,1,2,3,zero_shot_paired
16,7,1,10,60,1,1,1,0.507388174533844,0.507388174533844,0.492611825466156,0.507388174533844,1,2,3,zero_shot_paired
16,8,1,11,60,1,1,1,0.5022875666618347,0.5022875666618347,0.4977124333381653,0.5022875666618347,1,2,3,zero_shot_paired
16,9,1,12,60,1,1,1,0.500645101070404,0.500645101070404,0.49935492873191833,0.500645101070404,1,2,3,zero_shot_paired
16,10,1,13,60,0,1,0,0.5034162998199463,0.5034162998199463,0.4965837299823761,0.5034162998199463,1,2,3,zero_shot_paired
16,11,1,14,60,0,1,0,0.5027890205383301,0.5027890205383301,0.4972110390663147,0.5027890205383301,1,2,3,zero_shot_paired
16,12,1,15,60,0,1,0,0.5036371946334839,0.5036371946334839,0.4963628649711609,0.5036371946334839,1,2,3,zero_shot_paired
16,13,1,16,60,0,1,0,0.5020407438278198,0.5020407438278198,0.4979592263698578,0.5020407438278198,1,2,3,zero_shot_paired
16,14,1,17,60,1,1,1,0.5001869797706604,0.5001869797706604,0.4998129904270172,0.5001869797706604,1,2,3,zero_shot_paired
16,0,1,0,60,1,1,1,0.5004221200942993,0.5004221200942993,0.4995778501033783,0.5004221200942993,1,2,3,post_calibration
16,1,1,1,60,0,1,0,0.5027363300323486,0.5027363300323486,0.497263640165329,0.5027363300323486,1,2,3,post_calibration
16,2,1,4,60,0,1,0,0.5047946572303772,0.5047946572303772,0.4952053725719452,0.5047946572303772,1,2,3,post_calibration
16,3,1,6,60,1,0,0,0.5000877380371094,0.5000877380371094,0.5000877380371094,0.49991220235824585,1,2,3,post_calibration
16,4,1,7,60,0,1,0,0.5030887722969055,0.5030887722969055,0.4969112277030945,0.5030887722969055,1,2,3,post_calibration
16,5,1,8,60,0,1,0,0.5031927824020386,0.5031927824020386,0.49680718779563904,0.5031927824020386,1,2,3,post_calibration
16,6,1,9,60,0,1,0,0.5053907632827759,0.5053907632827759,0.4946092963218689,0.5053907632827759,1,2,3,post_calibration
16,7,1,10,60,1,1,1,0.5071313977241516,0.5071313977241516,0.4928686022758484,0.5071313977241516,1,2,3,post_calibration
16,8,1,11,60,1,1,1,0.5018540620803833,0.5018540620803833,0.4981459081172943,0.5018540620803833,1,2,3,post_calibration
16,9,1,12,60,1,1,1,0.5003758668899536,0.5003758668899536,0.4996241629123688,0.5003758668899536,1,2,3,post_calibration
16,10,1,13,60,0,1,0,0.5032867789268494,0.5032867789268494,0.49671322107315063,0.5032867789268494,1,2,3,post_calibration
16,11,1,14,60,0,1,0,0.5025055408477783,0.5025055408477783,0.4974944591522217,0.5025055408477783,1,2,3,post_calibration
16,12,1,15,60,0,1,0,0.5034211874008179,0.5034211874008179,0.4965788424015045,0.5034211874008179,1,2,3,post_calibration
16,13,1,16,60,0,1,0,0.5017746686935425,0.5017746686935425,0.49822530150413513,0.5017746686935425,1,2,3,post_calibration
16,14,1,17,60,1,0,0,0.5002219080924988,0.5002219080924988,0.5002219080924988,0.4997780919075012,1,2,3,post_calibration
17,0,1,0,60,1,1,1,0.5007694959640503,0.5007694959640503,0.4992305338382721,0.5007694959640503,1,3,3,zero_shot_paired
17,1,1,2,60,1,1,1,0.5054259300231934,0.5054259300231934,0.49457401037216187,0.5054259300231934,1,3,3,zero_shot_paired
17,2,1,3,60,0,1,0,0.5000413060188293,0.5000413060188293,0.49995869398117065,0.5000413060188293,1,3,3,zero_shot_paired
17,3,1,4,60,0,1,0,0.5048301219940186,0.5048301219940186,0.49516987800598145,0.5048301219940186,1,3,3,zero_shot_paired
17,4,1,5,60,0,1,0,0.5048902034759521,0.5048902034759521,0.49510979652404785,0.5048902034759521,1,3,3,zero_shot_paired
17,5,1,6,60,1,1,1,0.500174343585968,0.500174343585968,0.49982568621635437,0.500174343585968,1,3,3,zero_shot_paired
17,6,1,7,60,0,1,0,0.5033727884292603,0.5033727884292603,0.49662718176841736,0.5033727884292603,1,3,3,zero_shot_paired
17,7,1,8,60,0,1,0,0.5035173296928406,0.5035173296928406,0.4964826703071594,0.5035173296928406,1,3,3,zero_shot_paired
17,8,1,9,60,0,1,0,0.5055646300315857,0.5055646300315857,0.4944354295730591,0.5055646300315857,1,3,3,zero_shot_paired
17,9,1,10,60,1,1,1,0.507388174533844,0.507388174533844,0.492611825466156,0.507388174533844,1,3,3,zero_shot_paired
17,10,1,13,60,0,1,0,0.5034162998199463,0.5034162998199463,0.4965837299823761,0.5034162998199463,1,3,3,zero_shot_paired
17,11,1,14,60,0,1,0,0.5027890205383301,0.5027890205383301,0.4972110390663147,0.5027890205383301,1,3,3,zero_shot_paired
17,12,1,15,60,0,1,0,0.5036371946334839,0.5036371946334839,0.4963628649711609,0.5036371946334839,1,3,3,zero_shot_paired
17,13,1,16,60,0,1,0,0.5020407438278198,0.5020407438278198,0.4979592263698578,0.5020407438278198,1,3,3,zero_shot_paired
17,14,1,17,60,1,1,1,0.5001869797706604,0.5001869797706604,0.4998129904270172,0.5001869797706604,1,3,3,zero_shot_paired
17,0,1,0,60,1,1,1,0.501105010509491,0.501105010509491,0.49889495968818665,0.501105010509491,1,3,3,post_calibration
17,1,1,2,60,1,1,1,0.5056972503662109,0.5056972503662109,0.4943027198314667,0.5056972503662109,1,3,3,post_calibration
17,2,1,3,60,0,1,0,0.500277578830719,0.500277578830719,0.4997224509716034,0.500277578830719,1,3,3,post_calibration
17,3,1,4,60,0,1,0,0.5052023530006409,0.5052023530006409,0.4947976768016815,0.5052023530006409,1,3,3,post_calibration
17,4,1,5,60,0,1,0,0.5051851272583008,0.5051851272583008,0.49481484293937683,0.5051851272583008,1,3,3,post_calibration
17,5,1,6,60,1,1,1,0.5004549622535706,0.5004549622535706,0.49954503774642944,0.5004549622535706,1,3,3,post_calibration
17,6,1,7,60,0,1,0,0.5035383105278015,0.5035383105278015,0.4964617192745209,0.5035383105278015,1,3,3,post_calibration
17,7,1,8,60,0,1,0,0.5038548707962036,0.5038548707962036,0.4961451590061188,0.5038548707962036,1,3,3,post_calibration
17,8,1,9,60,0,1,0,0.5058257579803467,0.5058257579803467,0.4941742718219757,0.5058257579803467,1,3,3,post_calibration
17,9,1,10,60,1,1,1,0.5075699687004089,0.5075699687004089,0.4924300014972687,0.5075699687004089,1,3,3,post_calibration
17,10,1,13,60,0,1,0,0.5036211609840393,0.5036211609840393,0.4963788092136383,0.5036211609840393,1,3,3,post_calibration
17,11,1,14,60,0,1,0,0.5031114220619202,0.5031114220619202,0.49688857793807983,0.5031114220619202,1,3,3,post_calibration
17,12,1,15,60,0,1,0,0.5040006041526794,0.5040006041526794,0.49599936604499817,0.5040006041526794,1,3,3,post_calibration
17,13,1,16,60,0,1,0,0.5022439956665039,0.5022439956665039,0.4977559745311737,0.5022439956665039,1,3,3,post_calibration
17,14,1,17,60,1,1,1,0.5002440810203552,0.5002440810203552,0.49975594878196716,0.5002440810203552,1,3,3,post_calibration
18,0,1,0,60,1,1,1,0.5007694959640503,0.5007694959640503,0.4992305338382721,0.5007694959640503,1,4,3,zero_shot_paired
18,1,1,1,60,0,1,0,0.5031198859214783,0.5031198859214783,0.49688011407852173,0.5031198859214783,1,4,3,zero_shot_paired
18,2,1,2,60,1,1,1,0.5054259300231934,0.5054259300231934,0.49457401037216187,0.5054259300231934,1,4,3,zero_shot_paired
18,3,1,3,60,0,1,0,0.5000413060188293,0.5000413060188293,0.49995869398117065,0.5000413060188293,1,4,3,zero_shot_paired
18,4,1,4,60,0,1,0,0.5048301219940186,0.5048301219940186,0.49516987800598145,0.5048301219940186,1,4,3,zero_shot_paired
18,5,1,5,60,0,1,0,0.5048902034759521,0.5048902034759521,0.49510979652404785,0.5048902034759521,1,4,3,zero_shot_paired
18,6,1,6,60,1,1,1,0.500174343585968,0.500174343585968,0.49982568621635437,0.500174343585968,1,4,3,zero_shot_paired
18,7,1,7,60,0,1,0,0.5033727884292603,0.5033727884292603,0.49662718176841736,0.5033727884292603,1,4,3,zero_shot_paired
18,8,1,8,60,0,1,0,0.5035173296928406,0.5035173296928406,0.4964826703071594,0.5035173296928406,1,4,3,zero_shot_paired
18,9,1,10,60,1,1,1,0.507388174533844,0.507388174533844,0.492611825466156,0.507388174533844,1,4,3,zero_shot_paired
18,10,1,11,60,1,1,1,0.5022875666618347,0.5022875666618347,0.4977124333381653,0.5022875666618347,1,4,3,zero_shot_paired
18,11,1,12,60,1,1,1,0.500645101070404,0.500645101070404,0.49935492873191833,0.500645101070404,1,4,3,zero_shot_paired
18,12,1,13,60,0,1,0,0.5034162998199463,0.5034162998199463,0.4965837299823761,0.5034162998199463,1,4,3,zero_shot_paired
18,13,1,14,60,0,1,0,0.5027890205383301,0.5027890205383301,0.4972110390663147,0.5027890205383301,1,4,3,zero_shot_paired
18,14,1,16,60,0,1,0,0.5020407438278198,0.5020407438278198,0.4979592263698578,0.5020407438278198,1,4,3,zero_shot_paired
18,0,1,0,60,1,1,1,0.500588059425354,0.500588059425354,0.499411940574646,0.500588059425354,1,4,3,post_calibration
18,1,1,1,60,0,1,0,0.5033995509147644,0.5033995509147644,0.4966004490852356,0.5033995509147644,1,4,3,post_calibration
18,2,1,2,60,1,1,1,0.5056036710739136,0.5056036710739136,0.4943963587284088,0.5056036710739136,1,4,3,post_calibration
18,3,1,3,60,0,0,1,0.5000709295272827,0.5000709295272827,0.5000709295272827,0.4999290704727173,1,4,3,post_calibration
18,4,1,4,60,0,1,0,0.5048545598983765,0.5048545598983765,0.49514544010162354,0.5048545598983765,1,4,3,post_calibration
18,5,1,5,60,0,1,0,0.5047146081924438,0.5047146081924438,0.49528542160987854,0.5047146081924438,1,4,3,post_calibration
18,6,1,6,60,1,1,1,0.5005449056625366,0.5005449056625366,0.4994550943374634,0.5005449056625366,1,4,3,post_calibration
18,7,1,7,60,0,1,0,0.5031927824020386,0.5031927824020386,0.4968072175979614,0.5031927824020386,1,4,3,post_calibration
18,8,1,8,60,0,1,0,0.5035988688468933,0.5035988688468933,0.4964011311531067,0.5035988688468933,1,4,3,post_calibration
18,9,1,10,60,1,1,1,0.5075269341468811,0.5075269341468811,0.4924730956554413,0.5075269341468811,1,4,3,post_calibration
18,10,1,11,60,1,1,1,0.5019025206565857,0.5019025206565857,0.4980974793434143,0.5019025206565857,1,4,3,post_calibration
18,11,1,12,60,1,1,1,0.5002467632293701,0.5002467632293701,0.49975326657295227,0.5002467632293701,1,4,3,post_calibration
18,12,1,13,60,0,1,0,0.5036242604255676,0.5036242604255676,0.49637576937675476,0.5036242604255676,1,4,3,post_calibration
18,13,1,14,60,0,1,0,0.5028597712516785,0.5028597712516785,0.49714019894599915,0.5028597712516785,1,4,3,post_calibration
18,14,1,16,60,0,1,0,0.502562940120697,0.502562940120697,0.497437059879303,0.502562940120697,1,4,3,post_calibration
19,0,1,0,60,1,1,1,0.5007694959640503,0.5007694959640503,0.4992305338382721,0.5007694959640503,1,5,3,zero_shot_paired
19,1,1,1,60,0,1,0,0.5031198859214783,0.5031198859214783,0.49688011407852173,0.5031198859214783,1,5,3,zero_shot_paired
19,2,1,2,60,1,1,1,0.5054259300231934,0.5054259300231934,0.49457401037216187,0.5054259300231934,1,5,3,zero_shot_paired
19,3,1,3,60,0,1,0,0.5000413060188293,0.5000413060188293,0.49995869398117065,0.5000413060188293,1,5,3,zero_shot_paired
19,4,1,4,60,0,1,0,0.5048301219940186,0.5048301219940186,0.49516987800598145,0.5048301219940186,1,5,3,zero_shot_paired
19,5,1,5,60,0,1,0,0.5048902034759521,0.5048902034759521,0.49510979652404785,0.5048902034759521,1,5,3,zero_shot_paired
19,6,1,7,60,0,1,0,0.5033727884292603,0.5033727884292603,0.49662718176841736,0.5033727884292603,1,5,3,zero_shot_paired
19,7,1,8,60,0,1,0,0.5035173296928406,0.5035173296928406,0.4964826703071594,0.5035173296928406,1,5,3,zero_shot_paired
19,8,1,9,60,0,1,0,0.5055646300315857,0.5055646300315857,0.4944354295730591,0.5055646300315857,1,5,3,zero_shot_paired
19,9,1,10,60,1,1,1,0.507388174533844,0.507388174533844,0.492611825466156,0.507388174533844,1,5,3,zero_shot_paired
19,10,1,11,60,1,1,1,0.5022875666618347,0.5022875666618347,0.4977124333381653,0.5022875666618347,1,5,3,zero_shot_paired
19,11,1,12,60,1,1,1,0.500645101070404,0.500645101070404,0.49935492873191833,0.500645101070404,1,5,3,zero_shot_paired
19,12,1,13,60,0,1,0,0.5034162998199463,0.5034162998199463,0.4965837299823761,0.5034162998199463,1,5,3,zero_shot_paired
19,13,1,15,60,0,1,0,0.5036371946334839,0.5036371946334839,0.4963628649711609,0.5036371946334839,1,5,3,zero_shot_paired
19,14,1,17,60,1,1,1,0.5001869797706604,0.5001869797706604,0.4998129904270172,0.5001869797706604,1,5,3,zero_shot_paired
19,0,1,0,60,1,1,1,0.5008394122123718,0.5008394122123718,0.4991605877876282,0.5008394122123718,1,5,3,post_calibration
19,1,1,1,60,0,1,0,0.5029727220535278,0.5029727220535278,0.4970272481441498,0.5029727220535278,1,5,3,post_calibration
19,2,1,2,60,1,1,1,0.5051238536834717,0.5051238536834717,0.49487611651420593,0.5051238536834717,1,5,3,post_calibration
19,3,1,3,60,0,1,0,0.5002635717391968,0.5002635717391968,0.49973636865615845,0.5002635717391968,1,5,3,post_calibration
19,4,1,4,60,0,1,0,0.5046578645706177,0.5046578645706177,0.49534210562705994,0.5046578645706177,1,5,3,post_calibration
19,5,1,5,60,0,1,0,0.5043719410896301,0.5043719410896301,0.4956280589103699,0.5043719410896301,1,5,3,post_calibration
19,6,1,7,60,0,1,0,0.5034557580947876,0.5034557580947876,0.4965442717075348,0.5034557580947876,1,5,3,post_calibration
19,7,1,8,60,0,1,0,0.5029879212379456,0.5029879212379456,0.49701207876205444,0.5029879212379456,1,5,3,post_calibration
19,8,1,9,60,0,1,0,0.5050422549247742,0.5050422549247742,0.49495774507522583,0.5050422549247742,1,5,3,post_calibration
19,9,1,10,60,1,1,1,0.5064743161201477,0.5064743161201477,0.4935256838798523,0.5064743161201477,1,5,3,post_calibration
19,10,1,11,60,1,1,1,0.5016700625419617,0.5016700625419617,0.49832987785339355,0.5016700625419617,1,5,3,post_calibration
19,11,1,12,60,1,1,1,0.5005992650985718,0.5005992650985718,0.4994007647037506,0.5005992650985718,1,5,3,post_calibration
19,12,1,13,60,0,1,0,0.5029825568199158,0.5029825568199158,0.49701744318008423,0.5029825568199158,1,5,3,post_calibration
19,13,1,15,60,0,1,0,0.5033525824546814,0.5033525824546814,0.4966474175453186,0.5033525824546814,1,5,3,post_calibration
19,14,1,17,60,1,1,1,0.5000324845314026,0.5000324845314026,0.4999675154685974,0.5000324845314026,1,5,3,post_calibration
20,0,1,1,60,0,1,0,0.5031198859214783,0.5031198859214783,0.49688011407852173,0.5031198859214783,1,6,3,zero_shot_paired
20,1,1,2,60,1,1,1,0.5054259300231934,0.5054259300231934,0.49457401037216187,0.5054259300231934,1,6,3,zero_shot_paired
20,2,1,3,60,0,1,0,0.5000413060188293,0.5000413060188293,0.49995869398117065,0.5000413060188293,1,6,3,zero_shot_paired
20,3,1,5,60,0,1,0,0.5048902034759521,0.5048902034759521,0.49510979652404785,0.5048902034759521,1,6,3,zero_shot_paired
20,4,1,6,60,1,1,1,0.500174343585968,0.500174343585968,0.49982568621635437,0.500174343585968,1,6,3,zero_shot_paired
20,5,1,7,60,0,1,0,0.5033727884292603,0.5033727884292603,0.49662718176841736,0.5033727884292603,1,6,3,zero_shot_paired
20,6,1,8,60,0,1,0,0.5035173296928406,0.5035173296928406,0.4964826703071594,0.5035173296928406,1,6,3,zero_shot_paired
20,7,1,9,60,0,1,0,0.5055646300315857,0.5055646300315857,0.4944354295730591,0.5055646300315857,1,6,3,zero_shot_paired
20,8,1,10,60,1,1,1,0.507388174533844,0.507388174533844,0.492611825466156,0.507388174533844,1,6,3,zero_shot_paired
20,9,1,11,60,1,1,1,0.5022875666618347,0.5022875666618347,0.4977124333381653,0.5022875666618347,1,6,3,zero_shot_paired
20,10,1,12,60,1,1,1,0.500645101070404,0.500645101070404,0.49935492873191833,0.500645101070404,1,6,3,zero_shot_paired
20,11,1,14,60,0,1,0,0.5027890205383301,0.5027890205383301,0.4972110390663147,0.5027890205383301,1,6,3,zero_shot_paired
20,12,1,15,60,0,1,0,0.5036371946334839,0.5036371946334839,0.4963628649711609,0.5036371946334839,1,6,3,zero_shot_paired
20,13,1,16,60,0,1,0,0.5020407438278198,0.5020407438278198,0.4979592263698578,0.5020407438278198,1,6,3,zero_shot_paired
20,14,1,17,60,1,1,1,0.5001869797706604,0.5001869797706604,0.4998129904270172,0.5001869797706604,1,6,3,zero_shot_paired
20,0,1,1,60,0,1,0,0.5027228593826294,0.5027228593826294,0.4972771406173706,0.5027228593826294,1,6,3,post_calibration
20,1,1,2,60,1,1,1,0.5046898722648621,0.5046898722648621,0.4953101575374603,0.5046898722648621,1,6,3,post_calibration
20,2,1,3,60,0,0,1,0.5003355741500854,0.5003355741500854,0.5003355741500854,0.49966445565223694,1,6,3,post_calibration
20,3,1,5,60,0,1,0,0.5044397115707397,0.5044397115707397,0.49556034803390503,0.5044397115707397,1,6,3,post_calibration
20,4,1,6,60,1,0,0,0.5005638599395752,0.5005638599395752,0.5005638599395752,0.4994361400604248,1,6,3,post_calibration
20,5,1,7,60,0,1,0,0.5026389360427856,0.5026389360427856,0.49736106395721436,0.5026389360427856,1,6,3,post_calibration
20,6,1,8,60,0,1,0,0.5028601288795471,0.5028601288795471,0.4971398413181305,0.5028601288795471,1,6,3,post_calibration
20,7,1,9,60,0,1,0,0.5046790838241577,0.5046790838241577,0.4953209459781647,0.5046790838241577,1,6,3,post_calibration
20,8,1,10,60,1,1,1,0.5065190196037292,0.5065190196037292,0.49348098039627075,0.5065190196037292,1,6,3,post_calibration
20,9,1,11,60,1,1,1,0.5016435384750366,0.5016435384750366,0.4983564615249634,0.5016435384750366,1,6,3,post_calibration
20,10,1,12,60,1,1,1,0.5001519322395325,0.5001519322395325,0.49984803795814514,0.5001519322395325,1,6,3,post_calibration
20,11,1,14,60,0,1,0,0.5022391080856323,0.5022391080856323,0.4977608621120453,0.5022391080856323,1,6,3,post_calibration
20,12,1,15,60,0,1,0,0.5032669901847839,0.5032669901847839,0.49673300981521606,0.5032669901847839,1,6,3,post_calibration
20,13,1,16,60,0,1,0,0.5014100670814514,0.5014100670814514,0.4985899329185486,0.5014100670814514,1,6,3,post_calibration
20,14,1,17,60,1,0,0,0.50026935338974,0.50026935338974,0.50026935338974,0.49973058700561523,1,6,3,post_calibration
21,0,1,0,60,1,1,1,0.5007694959640503,0.5007694959640503,0.4992305338382721,0.5007694959640503,1,1,6,zero_shot_paired
21,1,1,1,60,0,1,0,0.5031198859214783,0.5031198859214783,0.49688011407852173,0.5031198859214783,1,1,6,zero_shot_paired
21,2,1,4,60,0,1,0,0.5048301219940186,0.5048301219940186,0.49516987800598145,0.5048301219940186,1,1,6,zero_shot_paired
21,3,1,6,60,1,1,1,0.500174343585968,0.500174343585968,0.49982568621635437,0.500174343585968,1,1,6,zero_shot_paired
21,4,1,7,60,0,1,0,0.5033727884292603,0.5033727884292603,0.49662718176841736,0.5033727884292603,1,1,6,zero_shot_paired
21,5,1,9,60,0,1,0,0.5055646300315857,0.5055646300315857,0.4944354295730591,0.5055646300315857,1,1,6,zero_shot_paired
21,6,1,10,60,1,1,1,0.507388174533844,0.507388174533844,0.492611825466156,0.507388174533844,1,1,6,zero_shot_paired
21,7,1,11,60,1,1,1,0.5022875666618347,0.5022875666618347,0.4977124333381653,0.5022875666618347,1,1,6,zero_shot_paired
21,8,1,12,60,1,1,1,0.500645101070404,0.500645101070404,0.49935492873191833,0.500645101070404,1,1,6,zero_shot_paired
21,9,1,14,60,0,1,0,0.5027890205383301,0.5027890205383301,0.4972110390663147,0.5027890205383301,1,1,6,zero_shot_paired
21,10,1,15,60,0,1,0,0.5036371946334839,0.5036371946334839,0.4963628649711609,0.5036371946334839,1,1,6,zero_shot_paired
21,11,1,16,60,0,1,0,0.5020407438278198,0.5020407438278198,0.4979592263698578,0.5020407438278198,1,1,6,zero_shot_paired
21,0,1,0,60,1,1,1,0.5002489686012268,0.5002489686012268,0.4997510612010956,0.5002489686012268,1,1,6,post_calibration
21,1,1,1,60,0,1,0,0.5028778910636902,0.5028778910636902,0.4971220791339874,0.5028778910636902,1,1,6,post_calibration
21,2,1,4,60,0,1,0,0.5045188665390015,0.5045188665390015,0.49548110365867615,0.5045188665390015,1,1,6,post_calibration
21,3,1,6,60,1,0,0,0.5005593299865723,0.5005593299865723,0.5005593299865723,0.49944064021110535,1,1,6,post_calibration
21,4,1,7,60,0,1,0,0.5028048753738403,0.5028048753738403,0.49719512462615967,0.5028048753738403,1,1,6,post_calibration
21,5,1,9,60,0,1,0,0.5050005912780762,0.5050005912780762,0.49499937891960144,0.5050005912780762,1,1,6,post_calibration
21,6,1,10,60,1,1,1,0.506808340549469,0.506808340549469,0.49319159984588623,0.506808340549469,1,1,6,post_calibration
21,7,1,11,60,1,1,1,0.5013959407806396,0.5013959407806396,0.49860405921936035,0.5013959407806396,1,1,6,post_calibration
21,8,1,12,60,1,0,0,0.5000441670417786,0.5000441670417786,0.5000441670417786,0.4999558627605438,1,1,6,post_calibration
21,9,1,14,60,0,1,0,0.5023149251937866,0.5023149251937866,0.497685045003891,0.5023149251937866,1,1,6,post_calibration
21,10,1,15,60,0,1,0,0.5030751824378967,0.5030751824378967,0.4969247579574585,0.5030751824378967,1,1,6,post_calibration
21,11,1,16,60,0,1,0,0.5014461278915405,0.5014461278915405,0.49855390191078186,0.5014461278915405,1,1,6,post_calibration
22,0,1,0,60,1,1,1,0.5007694959640503,0.5007694959640503,0.4992305338382721,0.5007694959640503,1,2,6,zero_shot_paired
22,1,1,1,60,0,1,0,0.5031198859214783,0.5031198859214783,0.49688011407852173,0.5031198859214783,1,2,6,zero_shot_paired
22,2,1,2,60,1,1,1,0.5054259300231934,0.5054259300231934,0.49457401037216187,0.5054259300231934,1,2,6,zero_shot_paired
22,3,1,3,60,0,1,0,0.5000413060188293,0.5000413060188293,0.49995869398117065,0.5000413060188293,1,2,6,zero_shot_paired
22,4,1,5,60,0,1,0,0.5048902034759521,0.5048902034759521,0.49510979652404785,0.5048902034759521,1,2,6,zero_shot_paired
22,5,1,8,60,0,1,0,0.5035173296928406,0.5035173296928406,0.4964826703071594,0.5035173296928406,1,2,6,zero_shot_paired
22,6,1,9,60,0,1,0,0.5055646300315857,0.5055646300315857,0.4944354295730591,0.5055646300315857,1,2,6,zero_shot_paired
22,7,1,10,60,1,1,1,0.507388174533844,0.507388174533844,0.492611825466156,0.507388174533844,1,2,6,zero_shot_paired
22,8,1,12,60,1,1,1,0.500645101070404,0.500645101070404,0.49935492873191833,0.500645101070404,1,2,6,zero_shot_paired
22,9,1,13,60,0,1,0,0.5034162998199463,0.5034162998199463,0.4965837299823761,0.5034162998199463,1,2,6,zero_shot_paired
22,10,1,15,60,0,1,0,0.5036371946334839,0.5036371946334839,0.4963628649711609,0.5036371946334839,1,2,6,zero_shot_paired
22,11,1,17,60,1,1,1,0.5001869797706604,0.5001869797706604,0.4998129904270172,0.5001869797706604,1,2,6,zero_shot_paired
22,0,1,0,60,1,1,1,0.5010039806365967,0.5010039806365967,0.4989960193634033,0.5010039806365967,1,2,6,post_calibration
22,1,1,1,60,0,1,0,0.5030044913291931,0.5030044913291931,0.4969955384731293,0.5030044913291931,1,2,6,post_calibration
22,2,1,2,60,1,1,1,0.5052464604377747,0.5052464604377747,0.49475353956222534,0.5052464604377747,1,2,6,post_calibration
22,3,1,3,60,0,1,0,0.5002599358558655,0.5002599358558655,0.4997400641441345,0.5002599358558655,1,2,6,post_calibration
22,4,1,5,60,0,1,0,0.5049700140953064,0.5049700140953064,0.4950299859046936,0.5049700140953064,1,2,6,post_calibration
22,5,1,8,60,0,1,0,0.5036706328392029,0.5036706328392029,0.49632933735847473,0.5036706328392029,1,2,6,post_calibration
22,6,1,9,60,0,1,0,0.5058082342147827,0.5058082342147827,0.4941917359828949,0.5058082342147827,1,2,6,post_calibration
22,7,1,10,60,1,1,1,0.5073810815811157,0.5073810815811157,0.4926188886165619,0.5073810815811157,1,2,6,post_calibration
22,8,1,12,60,1,1,1,0.5008028149604797,0.5008028149604797,0.49919718503952026,0.5008028149604797,1,2,6,post_calibration
22,9,1,13,60,0,1,0,0.5035524368286133,0.5035524368286133,0.49644753336906433,0.5035524368286133,1,2,6,post_calibration
22,10,1,15,60,0,1,0,0.5036485195159912,0.5036485195159912,0.4963514506816864,0.5036485195159912,1,2,6,post_calibration
22,11,1,17,60,1,1,1,0.5000176429748535,0.5000176429748535,0.49998238682746887,0.5000176429748535,1,2,6,post_calibration
23,0,1,2,60,1,1,1,0.5054259300231934,0.5054259300231934,0.49457401037216187,0.5054259300231934,1,3,6,zero_shot_paired
23,1,1,3,60,0,1,0,0.5000413060188293,0.5000413060188293,0.49995869398117065,0.5000413060188293,1,3,6,zero_shot_paired
23,2,1,4,60,0,1,0,0.5048301219940186,0.5048301219940186,0.49516987800598145,0.5048301219940186,1,3,6,zero_shot_paired
23,3,1,5,60,0,1,0,0.5048902034759521,0.5048902034759521,0.49510979652404785,0.5048902034759521,1,3,6,zero_shot_paired
23,4,1,6,60,1,1,1,0.500174343585968,0.500174343585968,0.49982568621635437,0.500174343585968,1,3,6,zero_shot_paired
23,5,1,7,60,0,1,0,0.5033727884292603,0.5033727884292603,0.49662718176841736,0.5033727884292603,1,3,6,zero_shot_paired
23,6,1,8,60,0,1,0,0.5035173296928406,0.5035173296928406,0.4964826703071594,0.5035173296928406,1,3,6,zero_shot_paired
23,7,1,11,60,1,1,1,0.5022875666618347,0.5022875666618347,0.4977124333381653,0.5022875666618347,1,3,6,zero_shot_paired
23,8,1,13,60,0,1,0,0.5034162998199463,0.5034162998199463,0.4965837299823761,0.5034162998199463,1,3,6,zero_shot_paired
23,9,1,14,60,0,1,0,0.5027890205383301,0.5027890205383301,0.4972110390663147,0.5027890205383301,1,3,6,zero_shot_paired
23,10,1,16,60,0,1,0,0.5020407438278198,0.5020407438278198,0.4979592263698578,0.5020407438278198,1,3,6,zero_shot_paired
23,11,1,17,60,1,1,1,0.5001869797706604,0.5001869797706604,0.4998129904270172,0.5001869797706604,1,3,6,zero_shot_paired
23,0,1,2,60,1,1,1,0.5052124261856079,0.5052124261856079,0.4947875142097473,0.5052124261856079,1,3,6,post_calibration
23,1,1,3,60,0,0,1,0.5003042221069336,0.5003042221069336,0.5003042221069336,0.4996957778930664,1,3,6,post_calibration
23,2,1,4,60,0,1,0,0.5045300126075745,0.5045300126075745,0.49546998739242554,0.5045300126075745,1,3,6,post_calibration
23,3,1,5,60,0,1,0,0.5042465329170227,0.5042465329170227,0.4957534670829773,0.5042465329170227,1,3,6,post_calibration
23,4,1,6,60,1,0,0,0.5002431273460388,0.5002431273460388,0.5002431273460388,0.4997568726539612,1,3,6,post_calibration
23,5,1,7,60,0,1,0,0.5029744505882263,0.5029744505882263,0.49702557921409607,0.5029744505882263,1,3,6,post_calibration
23,6,1,8,60,0,1,0,0.5030624866485596,0.5030624866485596,0.49693748354911804,0.5030624866485596,1,3,6,post_calibration
23,7,1,11,60,1,1,1,0.5019291043281555,0.5019291043281555,0.4980708956718445,0.5019291043281555,1,3,6,post_calibration
23,8,1,13,60,0,1,0,0.5031644105911255,0.5031644105911255,0.4968356192111969,0.5031644105911255,1,3,6,post_calibration
23,9,1,14,60,0,1,0,0.5022038221359253,0.5022038221359253,0.4977961778640747,0.5022038221359253,1,3,6,post_calibration
23,10,1,16,60,0,1,0,0.5014722943305969,0.5014722943305969,0.4985277056694031,0.5014722943305969,1,3,6,post_calibration
23,11,1,17,60,1,0,0,0.5001741051673889,0.5001741051673889,0.5001741051673889,0.49982592463493347,1,3,6,post_calibration
24,0,1,0,60,1,1,1,0.5007695555686951,0.5007695555686951,0.4992304742336273,0.5007695555686951,1,1,9,zero_shot_paired
24,1,1,1,60,0,1,0,0.5031200051307678,0.5031200051307678,0.4968799948692322,0.5031200051307678,1,1,9,zero_shot_paired
24,2,1,2,60,1,1,1,0.5054258108139038,0.5054258108139038,0.4945742189884186,0.5054258108139038,1,1,9,zero_shot_paired
24,3,1,3,60,0,1,0,0.5000413060188293,0.5000413060188293,0.49995869398117065,0.5000413060188293,1,1,9,zero_shot_paired
24,4,1,4,60,0,1,0,0.5048301219940186,0.5048301219940186,0.49516984820365906,0.5048301219940186,1,1,9,zero_shot_paired
24,5,1,10,60,1,1,1,0.5073881149291992,0.5073881149291992,0.4926118552684784,0.5073881149291992,1,1,9,zero_shot_paired
24,6,1,13,60,0,1,0,0.5034162998199463,0.5034162998199463,0.4965837001800537,0.5034162998199463,1,1,9,zero_shot_paired
24,7,1,14,60,0,1,0,0.5027889609336853,0.5027889609336853,0.4972110390663147,0.5027889609336853,1,1,9,zero_shot_paired
24,8,1,15,60,0,1,0,0.5036371350288391,0.5036371350288391,0.4963628649711609,0.5036371350288391,1,1,9,zero_shot_paired
24,0,1,0,60,1,1,1,0.5008383989334106,0.5008383989334106,0.49916160106658936,0.5008383989334106,1,1,9,post_calibration
24,1,1,1,60,0,1,0,0.5021031498908997,0.5021031498908997,0.49789687991142273,0.5021031498908997,1,1,9,post_calibration
24,2,1,2,60,1,1,1,0.5050397515296936,0.5050397515296936,0.494960218667984,0.5050397515296936,1,1,9,post_calibration
24,3,1,3,60,0,0,1,0.500077486038208,0.500077486038208,0.500077486038208,0.4999224841594696,1,1,9,post_calibration
24,4,1,4,60,0,1,0,0.504533052444458,0.504533052444458,0.4954668879508972,0.504533052444458,1,1,9,post_calibration
24,5,1,10,60,1,1,1,0.5070241093635559,0.5070241093635559,0.4929759204387665,0.5070241093635559,1,1,9,post_calibration
24,6,1,13,60,0,1,0,0.5032338500022888,0.5032338500022888,0.4967661499977112,0.5032338500022888,1,1,9,post_calibration
24,7,1,14,60,0,1,0,0.5021274089813232,0.5021274089813232,0.49787259101867676,0.5021274089813232,1,1,9,post_calibration
24,8,1,15,60,0,1,0,0.5033179521560669,0.5033179521560669,0.4966820776462555,0.5033179521560669,1,1,9,post_calibration
25,0,1,5,60,0,1,0,0.5048902034759521,0.5048902034759521,0.4951098561286926,0.5048902034759521,1,2,9,zero_shot_paired
25,1,1,6,60,1,1,1,0.500174343585968,0.500174343585968,0.49982568621635437,0.500174343585968,1,2,9,zero_shot_paired
25,2,1,7,60,0,1,0,0.5033727884292603,0.5033727884292603,0.49662721157073975,0.5033727884292603,1,2,9,zero_shot_paired
25,3,1,8,60,0,1,0,0.5035173296928406,0.5035173296928406,0.4964826703071594,0.5035173296928406,1,2,9,zero_shot_paired
25,4,1,9,60,0,1,0,0.5055645704269409,0.5055645704269409,0.49443545937538147,0.5055645704269409,1,2,9,zero_shot_paired
25,5,1,11,60,1,1,1,0.5022875666618347,0.5022875666618347,0.4977124035358429,0.5022875666618347,1,2,9,zero_shot_paired
25,6,1,12,60,1,1,1,0.5006449818611145,0.5006449818611145,0.4993549883365631,0.5006449818611145,1,2,9,zero_shot_paired
25,7,1,16,60,0,1,0,0.5020408034324646,0.5020408034324646,0.4979592263698578,0.5020408034324646,1,2,9,zero_shot_paired
25,8,1,17,60,1,1,1,0.5001869797706604,0.5001869797706604,0.4998130202293396,0.5001869797706604,1,2,9,zero_shot_paired
25,0,1,5,60,0,1,0,0.5043249130249023,0.5043249130249023,0.49567511677742004,0.5043249130249023,1,2,9,post_calibration
25,1,1,6,60,1,0,0,0.5002450346946716,0.5002450346946716,0.5002450346946716,0.499754935503006,1,2,9,post_calibration
25,2,1,7,60,0,1,0,0.5029236078262329,0.5029236078262329,0.4970764219760895,0.5029236078262329,1,2,9,post_calibration
25,3,1,8,60,0,1,0,0.5027673840522766,0.5027673840522766,0.4972326457500458,0.5027673840522766,1,2,9,post_calibration
25,4,1,9,60,0,1,0,0.5051345825195312,0.5051345825195312,0.49486544728279114,0.5051345825195312,1,2,9,post_calibration
25,5,1,11,60,1,1,1,0.5014766454696655,0.5014766454696655,0.4985233247280121,0.5014766454696655,1,2,9,post_calibration
25,6,1,12,60,1,1,1,0.5001716017723083,0.5001716017723083,0.49982836842536926,0.5001716017723083,1,2,9,post_calibration
25,7,1,16,60,0,1,0,0.501620352268219,0.501620352268219,0.4983796179294586,0.501620352268219,1,2,9,post_calibration
25,8,1,17,60,1,0,0,0.5006422996520996,0.5006422996520996,0.5006422996520996,0.4993577301502228,1,2,9,post_calibration
26,0,1,1,60,0,1,0,0.5031207799911499,0.5031207799911499,0.4968791902065277,0.5031207799911499,1,1,12,zero_shot_paired
26,1,1,3,60,0,1,0,0.5000433921813965,0.5000433921813965,0.4999566376209259,0.5000433921813965,1,1,12,zero_shot_paired
26,2,1,7,60,0,1,0,0.5033732056617737,0.5033732056617737,0.4966268241405487,0.5033732056617737,1,1,12,zero_shot_paired
26,3,1,10,60,1,1,1,0.5073885321617126,0.5073885321617126,0.49261146783828735,0.5073885321617126,1,1,12,zero_shot_paired
26,4,1,14,60,0,1,0,0.5027901530265808,0.5027901530265808,0.4972098469734192,0.5027901530265808,1,1,12,zero_shot_paired
26,5,1,17,60,1,1,1,0.5001863837242126,0.5001863837242126,0.49981364607810974,0.5001863837242126,1,1,12,zero_shot_paired
26,0,1,1,60,0,1,0,0.5028932690620422,0.5028932690620422,0.4971067011356354,0.5028932690620422,1,1,12,post_calibration
26,1,1,3,60,0,0,1,0.5005931854248047,0.5005931854248047,0.5005931854248047,0.4994068145751953,1,1,12,post_calibration
26,2,1,7,60,0,1,0,0.5026230812072754,0.5026230812072754,0.4973769187927246,0.5026230812072754,1,1,12,post_calibration
26,3,1,10,60,1,1,1,0.5065733194351196,0.5065733194351196,0.493426650762558,0.5065733194351196,1,1,12,post_calibration
26,4,1,14,60,0,1,0,0.5019764304161072,0.5019764304161072,0.4980235695838928,0.5019764304161072,1,1,12,post_calibration
26,5,1,17,60,1,0,0,0.5002934336662292,0.5002934336662292,0.5002934336662292,0.49970659613609314,1,1,12,post_calibration
27,0,1,1,60,0,1,0,0.5031207799911499,0.5031207799911499,0.4968791902065277,0.5031207799911499,1,2,12,zero_shot_paired
27,1,1,5,60,0,1,0,0.5048898458480835,0.5048898458480835,0.4951101541519165,0.5048898458480835,1,2,12,zero_shot_paired
27,2,1,9,60,0,1,0,0.5055646300315857,0.5055646300315857,0.4944353699684143,0.5055646300315857,1,2,12,zero_shot_paired
27,3,1,11,60,1,1,1,0.5022861957550049,0.5022861957550049,0.4977138042449951,0.5022861957550049,1,2,12,zero_shot_paired
27,4,1,15,60,0,1,0,0.5036370158195496,0.5036370158195496,0.4963630139827728,0.5036370158195496,1,2,12,zero_shot_paired
27,5,1,17,60,1,1,1,0.5001863837242126,0.5001863837242126,0.49981364607810974,0.5001863837242126,1,2,12,zero_shot_paired
27,0,1,1,60,0,1,0,0.5021663904190063,0.5021663904190063,0.49783357977867126,0.5021663904190063,1,2,12,post_calibration
27,1,1,5,60,0,1,0,0.5043321251869202,0.5043321251869202,0.49566781520843506,0.5043321251869202,1,2,12,post_calibration
27,2,1,9,60,0,1,0,0.5051421523094177,0.5051421523094177,0.4948578476905823,0.5051421523094177,1,2,12,post_calibration
27,3,1,11,60,1,1,1,0.501498281955719,0.501498281955719,0.4985017478466034,0.501498281955719,1,2,12,post_calibration
27,4,1,15,60,0,1,0,0.5030380487442017,0.5030380487442017,0.4969619810581207,0.5030380487442017,1,2,12,post_calibration
27,5,1,17,60,1,0,0,0.5001845359802246,0.5001845359802246,0.5001845359802246,0.4998154640197754,1,2,12,post_calibration
28,0,1,2,60,1,1,1,0.5054245591163635,0.5054245591163635,0.4945754110813141,0.5054245591163635,1,3,12,zero_shot_paired
28,1,1,3,60,0,1,0,0.5000433921813965,0.5000433921813965,0.4999566376209259,0.5000433921813965,1,3,12,zero_shot_paired
28,2,1,4,60,0,1,0,0.5048298239707947,0.5048298239707947,0.4951702058315277,0.5048298239707947,1,3,12,zero_shot_paired
28,3,1,11,60,1,1,1,0.5022861957550049,0.5022861957550049,0.4977138042449951,0.5022861957550049,1,3,12,zero_shot_paired
28,4,1,13,60,0,1,0,0.5034160017967224,0.5034160017967224,0.4965839684009552,0.5034160017967224,1,3,12,zero_shot_paired
28,5,1,16,60,0,1,0,0.5020409822463989,0.5020409822463989,0.4979590177536011,0.5020409822463989,1,3,12,zero_shot_paired
28,0,1,2,60,1,1,1,0.505243718624115,0.505243718624115,0.4947563111782074,0.505243718624115,1,3,12,post_calibration
28,1,1,3,60,0,0,1,0.5000871419906616,0.5000871419906616,0.5000871419906616,0.4999128580093384,1,3,12,post_calibration
28,2,1,4,60,0,1,0,0.5044499635696411,0.5044499635696411,0.4955500364303589,0.5044499635696411,1,3,12,post_calibration
28,3,1,11,60,1,1,1,0.5016540288925171,0.5016540288925171,0.4983459711074829,0.5016540288925171,1,3,12,post_calibration
28,4,1,13,60,0,1,0,0.5030648112297058,0.5030648112297058,0.4969351887702942,0.5030648112297058,1,3,12,post_calibration
28,5,1,16,60,0,1,0,0.5012488961219788,0.5012488961219788,0.49875107407569885,0.5012488961219788,1,3,12,post_calibration
3,0,2,0,60,1,1,1,0.5017200708389282,0.5017200708389282,0.49827995896339417,0.5017200708389282,2,,,zero_shot_all_trials
3,1,2,1,60,1,1,1,0.5018315315246582,0.5018315315246582,0.4981684982776642,0.5018315315246582,2,,,zero_shot_all_trials
3,2,2,2,60,1,0,0,0.5014803409576416,0.5014803409576416,0.5014803409576416,0.498519629240036,2,,,zero_shot_all_trials
3,3,2,3,60,0,0,1,0.5027709603309631,0.5027709603309631,0.5027709603309631,0.49722906947135925,2,,,zero_shot_all_trials
3,4,2,4,60,1,1,1,0.5051233768463135,0.5051233768463135,0.49487659335136414,0.5051233768463135,2,,,zero_shot_all_trials
3,5,2,5,60,1,1,1,0.5007590651512146,0.5007590651512146,0.4992409348487854,0.5007590651512146,2,,,zero_shot_all_trials
3,6,2,6,60,1,1,1,0.503661572933197,0.503661572933197,0.49633848667144775,0.503661572933197,2,,,zero_shot_all_trials
3,7,2,7,60,0,1,0,0.5025317072868347,0.5025317072868347,0.49746832251548767,0.5025317072868347,2,,,zero_shot_all_trials
3,8,2,8,60,0,1,0,0.5053008198738098,0.5053008198738098,0.4946992099285126,0.5053008198738098,2,,,zero_shot_all_trials
3,9,2,9,60,1,1,1,0.5003859400749207,0.5003859400749207,0.49961403012275696,0.5003859400749207,2,,,zero_shot_all_trials
3,10,2,10,60,1,0,0,0.5015153884887695,0.5015153884887695,0.5015153884887695,0.4984845817089081,2,,,zero_shot_all_trials
3,11,2,11,60,1,1,1,0.5039067268371582,0.5039067268371582,0.4960933029651642,0.5039067268371582,2,,,zero_shot_all_trials
3,12,2,12,60,1,1,1,0.5011074542999268,0.5011074542999268,0.49889251589775085,0.5011074542999268,2,,,zero_shot_all_trials
3,13,2,13,60,1,0,0,0.5001711845397949,0.5001711845397949,0.5001711845397949,0.4998288154602051,2,,,zero_shot_all_trials
3,14,2,14,60,1,1,1,0.5040746331214905,0.5040746331214905,0.4959254264831543,0.5040746331214905,2,,,zero_shot_all_trials
3,15,2,15,60,1,1,1,0.5028653144836426,0.5028653144836426,0.49713465571403503,0.5028653144836426,2,,,zero_shot_all_trials
3,16,2,16,60,0,1,0,0.5041984915733337,0.5041984915733337,0.49580153822898865,0.5041984915733337,2,,,zero_shot_all_trials
3,17,2,17,60,1,1,1,0.502910315990448,0.502910315990448,0.497089684009552,0.502910315990448,2,,,zero_shot_all_trials
29,0,2,0,60,1,1,1,0.5017200708389282,0.5017200708389282,0.49827995896339417,0.5017200708389282,2,1,3,zero_shot_paired
29,1,2,1,60,1,1,1,0.5018314719200134,0.5018314719200134,0.49816855788230896,0.5018314719200134,2,1,3,zero_shot_paired
29,2,2,2,60,1,0,0,0.501480221748352,0.501480221748352,0.501480221748352,0.49851974844932556,2,1,3,zero_shot_paired
29,3,2,5,60,1,1,1,0.5007591247558594,0.5007591247558594,0.49924081563949585,0.5007591247558594,2,1,3,zero_shot_paired
29,4,2,6,60,1,1,1,0.5036615133285522,0.5036615133285522,0.49633848667144775,0.5036615133285522,2,1,3,zero_shot_paired
29,5,2,7,60,0,1,0,0.5025316476821899,0.5025316476821899,0.49746835231781006,0.5025316476821899,2,1,3,zero_shot_paired
29,6,2,8,60,0,1,0,0.5053009986877441,0.5053009986877441,0.49469897150993347,0.5053009986877441,2,1,3,zero_shot_paired
29,7,2,9,60,1,1,1,0.5003859400749207,0.5003859400749207,0.49961403012275696,0.5003859400749207,2,1,3,zero_shot_paired
29,8,2,10,60,1,0,0,0.5015153884887695,0.5015153884887695,0.5015153884887695,0.4984845817089081,2,1,3,zero_shot_paired
29,9,2,11,60,1,1,1,0.5039067268371582,0.5039067268371582,0.4960933029651642,0.5039067268371582,2,1,3,zero_shot_paired
29,10,2,13,60,1,0,0,0.5001712441444397,0.5001712441444397,0.5001712441444397,0.4998287260532379,2,1,3,zero_shot_paired
29,11,2,14,60,1,1,1,0.5040746331214905,0.5040746331214905,0.4959254264831543,0.5040746331214905,2,1,3,zero_shot_paired
29,12,2,15,60,1,1,1,0.5028653144836426,0.5028653144836426,0.49713465571403503,0.5028653144836426,2,1,3,zero_shot_paired
29,13,2,16,60,0,1,0,0.5041984915733337,0.5041984915733337,0.49580153822898865,0.5041984915733337,2,1,3,zero_shot_paired
29,14,2,17,60,1,1,1,0.502910315990448,0.502910315990448,0.497089684009552,0.502910315990448,2,1,3,zero_shot_paired
29,0,2,0,60,1,1,1,0.5021321773529053,0.5021321773529053,0.4978678524494171,0.5021321773529053,2,1,3,post_calibration
29,1,2,1,60,1,1,1,0.5019633173942566,0.5019633173942566,0.498036652803421,0.5019633173942566,2,1,3,post_calibration
29,2,2,2,60,1,0,0,0.5012854337692261,0.5012854337692261,0.5012854337692261,0.4987145662307739,2,1,3,post_calibration
29,3,2,5,60,1,1,1,0.5012145042419434,0.5012145042419434,0.49878549575805664,0.5012145042419434,2,1,3,post_calibration
29,4,2,6,60,1,1,1,0.5041379928588867,0.5041379928588867,0.4958620071411133,0.5041379928588867,2,1,3,post_calibration
29,5,2,7,60,0,1,0,0.5027337074279785,0.5027337074279785,0.4972662925720215,0.5027337074279785,2,1,3,post_calibration
29,6,2,8,60,0,1,0,0.5059976577758789,0.5059976577758789,0.4940023422241211,0.5059976577758789,2,1,3,post_calibration
29,7,2,9,60,1,1,1,0.5007575154304504,0.5007575154304504,0.49924248456954956,0.5007575154304504,2,1,3,post_calibration
29,8,2,10,60,1,0,0,0.5011218786239624,0.5011218786239624,0.5011218786239624,0.49887815117836,2,1,3,post_calibration
29,9,2,11,60,1,1,1,0.5044983625411987,0.5044983625411987,0.4955016076564789,0.5044983625411987,2,1,3,post_calibration
29,10,2,13,60,1,1,1,0.5003734230995178,0.5003734230995178,0.4996265769004822,0.5003734230995178,2,1,3,post_calibration
29,11,2,14,60,1,1,1,0.5044527649879456,0.5044527649879456,0.49554717540740967,0.5044527649879456,2,1,3,post_calibration
29,12,2,15,60,1,1,1,0.5030016899108887,0.5030016899108887,0.4969983398914337,0.5030016899108887,2,1,3,post_calibration
29,13,2,16,60,0,1,0,0.5046588182449341,0.5046588182449341,0.4953411817550659,0.5046588182449341,2,1,3,post_calibration
29,14,2,17,60,1,1,1,0.503397524356842,0.503397524356842,0.49660247564315796,0.503397524356842,2,1,3,post_calibration
30,0,2,0,60,1,1,1,0.5017200708389282,0.5017200708389282,0.49827995896339417,0.5017200708389282,2,2,3,zero_shot_paired
30,1,2,1,60,1,1,1,0.5018314719200134,0.5018314719200134,0.49816855788230896,0.5018314719200134,2,2,3,zero_shot_paired
30,2,2,2,60,1,0,0,0.501480221748352,0.501480221748352,0.501480221748352,0.49851974844932556,2,2,3,zero_shot_paired
30,3,2,3,60,0,0,1,0.5027711391448975,0.5027711391448975,0.5027711391448975,0.49722886085510254,2,2,3,zero_shot_paired
30,4,2,4,60,1,1,1,0.5051234364509583,0.5051234364509583,0.49487656354904175,0.5051234364509583,2,2,3,zero_shot_paired
30,5,2,5,60,1,1,1,0.5007591247558594,0.5007591247558594,0.49924081563949585,0.5007591247558594,2,2,3,zero_shot_paired
30,6,2,7,60,0,1,0,0.5025316476821899,0.5025316476821899,0.49746835231781006,0.5025316476821899,2,2,3,zero_shot_paired
30,7,2,9,60,1,1,1,0.5003859400749207,0.5003859400749207,0.49961403012275696,0.5003859400749207,2,2,3,zero_shot_paired
30,8,2,10,60,1,0,0,0.5015153884887695,0.5015153884887695,0.5015153884887695,0.4984845817089081,2,2,3,zero_shot_paired
30,9,2,11,60,1,1,1,0.5039067268371582,0.5039067268371582,0.4960933029651642,0.5039067268371582,2,2,3,zero_shot_paired
30,10,2,12,60,1,1,1,0.5011075139045715,0.5011075139045715,0.49889248609542847,0.5011075139045715,2,2,3,zero_shot_paired
30,11,2,14,60,1,1,1,0.5040746331214905,0.5040746331214905,0.4959254264831543,0.5040746331214905,2,2,3,zero_shot_paired
30,12,2,15,60,1,1,1,0.5028653144836426,0.5028653144836426,0.49713465571403503,0.5028653144836426,2,2,3,zero_shot_paired
30,13,2,16,60,0,1,0,0.5041984915733337,0.5041984915733337,0.49580153822898865,0.5041984915733337,2,2,3,zero_shot_paired
30,14,2,17,60,1,1,1,0.502910315990448,0.502910315990448,0.497089684009552,0.502910315990448,2,2,3,zero_shot_paired
30,0,2,0,60,1,1,1,0.5021220445632935,0.5021220445632935,0.49787789583206177,0.5021220445632935,2,2,3,post_calibration
30,1,2,1,60,1,1,1,0.5021628737449646,0.5021628737449646,0.4978370666503906,0.5021628737449646,2,2,3,post_calibration
30,2,2,2,60,1,0,0,0.5008031129837036,0.5008031129837036,0.5008031129837036,0.4991968870162964,2,2,3,post_calibration
30,3,2,3,60,0,0,1,0.5023110508918762,0.5023110508918762,0.5023110508918762,0.497688889503479,2,2,3,post_calibration
30,4,2,4,60,1,1,1,0.5051921606063843,0.5051921606063843,0.49480777978897095,0.5051921606063843,2,2,3,post_calibration
30,5,2,5,60,1,1,1,0.501115620136261,0.501115620136261,0.498884379863739,0.501115620136261,2,2,3,post_calibration
30,6,2,7,60,0,1,0,0.5027135610580444,0.5027135610580444,0.49728649854660034,0.5027135610580444,2,2,3,post_calibration
30,7,2,9,60,1,1,1,0.5009700059890747,0.5009700059890747,0.4990299940109253,0.5009700059890747,2,2,3,post_calibration
30,8,2,10,60,1,0,0,0.5012307167053223,0.5012307167053223,0.5012307167053223,0.4987693130970001,2,2,3,post_calibration
30,9,2,11,60,1,1,1,0.504365861415863,0.504365861415863,0.4956341087818146,0.504365861415863,2,2,3,post_calibration
30,10,2,12,60,1,1,1,0.501748263835907,0.501748263835907,0.4982517659664154,0.501748263835907,2,2,3,post_calibration
30,11,2,14,60,1,1,1,0.5045722723007202,0.5045722723007202,0.4954277276992798,0.5045722723007202,2,2,3,post_calibration
30,12,2,15,60,1,1,1,0.5031246542930603,0.5031246542930603,0.4968753755092621,0.5031246542930603,2,2,3,post_calibration
30,13,2,16,60,0,1,0,0.5044925808906555,0.5044925808906555,0.49550744891166687,0.5044925808906555,2,2,3,post_calibration
30,14,2,17,60,1,1,1,0.503497302532196,0.503497302532196,0.49650272727012634,0.503497302532196,2,2,3,post_calibration
31,0,2,0,60,1,1,1,0.5017200708389282,0.5017200708389282,0.49827995896339417,0.5017200708389282,2,3,3,zero_shot_paired
31,1,2,2,60,1,0,0,0.501480221748352,0.501480221748352,0.501480221748352,0.49851974844932556,2,3,3,zero_shot_paired
31,2,2,3,60,0,0,1,0.5027711391448975,0.5027711391448975,0.5027711391448975,0.49722886085510254,2,3,3,zero_shot_paired
31,3,2,4,60,1,1,1,0.5051234364509583,0.5051234364509583,0.49487656354904175,0.5051234364509583,2,3,3,zero_shot_paired
31,4,2,5,60,1,1,1,0.5007591247558594,0.5007591247558594,0.49924081563949585,0.5007591247558594,2,3,3,zero_shot_paired
31,5,2,6,60,1,1,1,0.5036615133285522,0.5036615133285522,0.49633848667144775,0.5036615133285522,2,3,3,zero_shot_paired
31,6,2,8,60,0,1,0,0.5053009986877441,0.5053009986877441,0.49469897150993347,0.5053009986877441,2,3,3,zero_shot_paired
31,7,2,9,60,1,1,1,0.5003859400749207,0.5003859400749207,0.49961403012275696,0.5003859400749207,2,3,3,zero_shot_paired
31,8,2,11,60,1,1,1,0.5039067268371582,0.5039067268371582,0.4960933029651642,0.5039067268371582,2,3,3,zero_shot_paired
31,9,2,12,60,1,1,1,0.5011075139045715,0.5011075139045715,0.49889248609542847,0.5011075139045715,2,3,3,zero_shot_paired
31,10,2,13,60,1,0,0,0.5001712441444397,0.5001712441444397,0.5001712441444397,0.4998287260532379,2,3,3,zero_shot_paired
31,11,2,14,60,1,1,1,0.5040746331214905,0.5040746331214905,0.4959254264831543,0.5040746331214905,2,3,3,zero_shot_paired
31,12,2,15,60,1,1,1,0.5028653144836426,0.5028653144836426,0.49713465571403503,0.5028653144836426,2,3,3,zero_shot_paired
31,13,2,16,60,0,1,0,0.5041984915733337,0.5041984915733337,0.49580153822898865,0.5041984915733337,2,3,3,zero_shot_paired
31,14,2,17,60,1,1,1,0.502910315990448,0.502910315990448,0.497089684009552,0.502910315990448,2,3,3,zero_shot_paired
31,0,2,0,60,1,1,1,0.5020008087158203,0.5020008087158203,0.4979991614818573,0.5020008087158203,2,3,3,post_calibration
31,1,2,2,60,1,0,0,0.5012094378471375,0.5012094378471375,0.5012094378471375,0.49879053235054016,2,3,3,post_calibration
31,2,2,3,60,0,0,1,0.502949595451355,0.502949595451355,0.502949595451355,0.4970504343509674,2,3,3,post_calibration
31,3,2,4,60,1,1,1,0.5053569674491882,0.5053569674491882,0.49464309215545654,0.5053569674491882,2,3,3,post_calibration
31,4,2,5,60,1,1,1,0.5008755922317505,0.5008755922317505,0.4991244077682495,0.5008755922317505,2,3,3,post_calibration
31,5,2,6,60,1,1,1,0.5038741827011108,0.5038741827011108,0.49612587690353394,0.5038741827011108,2,3,3,post_calibration
31,6,2,8,60,0,1,0,0.5057093501091003,0.5057093501091003,0.49429062008857727,0.5057093501091003,2,3,3,post_calibration
31,7,2,9,60,1,1,1,0.5003480315208435,0.5003480315208435,0.4996519684791565,0.5003480315208435,2,3,3,post_calibration
31,8,2,11,60,1,1,1,0.504043459892273,0.504043459892273,0.49595656991004944,0.504043459892273,2,3,3,post_calibration
31,9,2,12,60,1,1,1,0.5013064742088318,0.5013064742088318,0.4986935257911682,0.5013064742088318,2,3,3,post_calibration
31,10,2,13,60,1,0,0,0.5001313090324402,0.5001313090324402,0.5001313090324402,0.4998686909675598,2,3,3,post_calibration
31,11,2,14,60,1,1,1,0.5042554140090942,0.5042554140090942,0.49574458599090576,0.5042554140090942,2,3,3,post_calibration
31,12,2,15,60,1,1,1,0.5032855868339539,0.5032855868339539,0.49671438336372375,0.5032855868339539,2,3,3,post_calibration
31,13,2,16,60,0,1,0,0.5044462084770203,0.5044462084770203,0.49555373191833496,0.5044462084770203,2,3,3,post_calibration
31,14,2,17,60,1,1,1,0.5031566619873047,0.5031566619873047,0.4968433380126953,0.5031566619873047,2,3,3,post_calibration
32,0,2,0,60,1,1,1,0.5017200708389282,0.5017200708389282,0.49827995896339417,0.5017200708389282,2,4,3,zero_shot_paired
32,1,2,1,60,1,1,1,0.5018314719200134,0.5018314719200134,0.49816855788230896,0.5018314719200134,2,4,3,zero_shot_paired
32,2,2,3,60,0,0,1,0.5027711391448975,0.5027711391448975,0.5027711391448975,0.49722886085510254,2,4,3,zero_shot_paired
32,3,2,4,60,1,1,1,0.5051234364509583,0.5051234364509583,0.49487656354904175,0.5051234364509583,2,4,3,zero_shot_paired
32,4,2,5,60,1,1,1,0.5007591247558594,0.5007591247558594,0.49924081563949585,0.5007591247558594,2,4,3,zero_shot_paired
32,5,2,6,60,1,1,1,0.5036615133285522,0.5036615133285522,0.49633848667144775,0.5036615133285522,2,4,3,zero_shot_paired
32,6,2,7,60,0,1,0,0.5025316476821899,0.5025316476821899,0.49746835231781006,0.5025316476821899,2,4,3,zero_shot_paired
32,7,2,8,60,0,1,0,0.5053009986877441,0.5053009986877441,0.49469897150993347,0.5053009986877441,2,4,3,zero_shot_paired
32,8,2,9,60,1,1,1,0.5003859400749207,0.5003859400749207,0.49961403012275696,0.5003859400749207,2,4,3,zero_shot_paired
32,9,2,10,60,1,0,0,0.5015153884887695,0.5015153884887695,0.5015153884887695,0.4984845817089081,2,4,3,zero_shot_paired
32,10,2,12,60,1,1,1,0.5011075139045715,0.5011075139045715,0.49889248609542847,0.5011075139045715,2,4,3,zero_shot_paired
32,11,2,13,60,1,0,0,0.5001712441444397,0.5001712441444397,0.5001712441444397,0.4998287260532379,2,4,3,zero_shot_paired
32,12,2,14,60,1,1,1,0.5040746331214905,0.5040746331214905,0.4959254264831543,0.5040746331214905,2,4,3,zero_shot_paired
32,13,2,15,60,1,1,1,0.5028653144836426,0.5028653144836426,0.49713465571403503,0.5028653144836426,2,4,3,zero_shot_paired
32,14,2,16,60,0,1,0,0.5041984915733337,0.5041984915733337,0.49580153822898865,0.5041984915733337,2,4,3,zero_shot_paired
32,0,2,0,60,1,1,1,0.5022497773170471,0.5022497773170471,0.4977502226829529,0.5022497773170471,2,4,3,post_calibration
32,1,2,1,60,1,1,1,0.5030585527420044,0.5030585527420044,0.496941477060318,0.5030585527420044,2,4,3,post_calibration
32,2,2,3,60,0,0,1,0.501929759979248,0.501929759979248,0.501929759979248,0.49807024002075195,2,4,3,post_calibration
32,3,2,4,60,1,1,1,0.5063832998275757,0.5063832998275757,0.49361667037010193,0.5063832998275757,2,4,3,post_calibration
32,4,2,5,60,1,1,1,0.5015361309051514,0.5015361309051514,0.498463898897171,0.5015361309051514,2,4,3,post_calibration
32,5,2,6,60,1,1,1,0.5043733716011047,0.5043733716011047,0.49562662839889526,0.5043733716011047,2,4,3,post_calibration
32,6,2,7,60,0,1,0,0.5036811828613281,0.5036811828613281,0.4963187873363495,0.5036811828613281,2,4,3,post_calibration
32,7,2,8,60,0,1,0,0.5061787366867065,0.5061787366867065,0.4938212037086487,0.5061787366867065,2,4,3,post_calibration
32,8,2,9,60,1,1,1,0.5011611580848694,0.5011611580848694,0.4988388419151306,0.5011611580848694,2,4,3,post_calibration
32,9,2,10,60,1,0,0,0.5007887482643127,0.5007887482643127,0.5007887482643127,0.49921122193336487,2,4,3,post_calibration
32,10,2,12,60,1,1,1,0.5017130970954895,0.5017130970954895,0.4982869327068329,0.5017130970954895,2,4,3,post_calibration
32,11,2,13,60,1,1,1,0.5008264780044556,0.5008264780044556,0.49917349219322205,0.5008264780044556,2,4,3,post_calibration
32,12,2,14,60,1,1,1,0.5047236680984497,0.5047236680984497,0.4952763319015503,0.5047236680984497,2,4,3,post_calibration
32,13,2,15,60,1,1,1,0.5040518045425415,0.5040518045425415,0.4959481954574585,0.5040518045425415,2,4,3,post_calibration
32,14,2,16,60,0,1,0,0.5051443576812744,0.5051443576812744,0.4948556125164032,0.5051443576812744,2,4,3,post_calibration
33,0,2,0,60,1,1,1,0.5017200708389282,0.5017200708389282,0.49827995896339417,0.5017200708389282,2,5,3,zero_shot_paired
33,1,2,1,60,1,1,1,0.5018314719200134,0.5018314719200134,0.49816855788230896,0.5018314719200134,2,5,3,zero_shot_paired
33,2,2,2,60,1,0,0,0.501480221748352,0.501480221748352,0.501480221748352,0.49851974844932556,2,5,3,zero_shot_paired
33,3,2,3,60,0,0,1,0.5027711391448975,0.5027711391448975,0.5027711391448975,0.49722886085510254,2,5,3,zero_shot_paired
33,4,2,4,60,1,1,1,0.5051234364509583,0.5051234364509583,0.49487656354904175,0.5051234364509583,2,5,3,zero_shot_paired
33,5,2,5,60,1,1,1,0.5007591247558594,0.5007591247558594,0.49924081563949585,0.5007591247558594,2,5,3,zero_shot_paired
33,6,2,6,60,1,1,1,0.5036615133285522,0.5036615133285522,0.49633848667144775,0.5036615133285522,2,5,3,zero_shot_paired
33,7,2,7,60,0,1,0,0.5025316476821899,0.5025316476821899,0.49746835231781006,0.5025316476821899,2,5,3,zero_shot_paired
33,8,2,8,60,0,1,0,0.5053009986877441,0.5053009986877441,0.49469897150993347,0.5053009986877441,2,5,3,zero_shot_paired
33,9,2,10,60,1,0,0,0.5015153884887695,0.5015153884887695,0.5015153884887695,0.4984845817089081,2,5,3,zero_shot_paired
33,10,2,11,60,1,1,1,0.5039067268371582,0.5039067268371582,0.4960933029651642,0.5039067268371582,2,5,3,zero_shot_paired
33,11,2,12,60,1,1,1,0.5011075139045715,0.5011075139045715,0.49889248609542847,0.5011075139045715,2,5,3,zero_shot_paired
33,12,2,13,60,1,0,0,0.5001712441444397,0.5001712441444397,0.5001712441444397,0.4998287260532379,2,5,3,zero_shot_paired
33,13,2,14,60,1,1,1,0.5040746331214905,0.5040746331214905,0.4959254264831543,0.5040746331214905,2,5,3,zero_shot_paired
33,14,2,17,60,1,1,1,0.502910315990448,0.502910315990448,0.497089684009552,0.502910315990448,2,5,3,zero_shot_paired
33,0,2,0,60,1,1,1,0.5018715262413025,0.5018715262413025,0.4981285035610199,0.5018715262413025,2,5,3,post_calibration
33,1,2,1,60,1,1,1,0.5019515752792358,0.5019515752792358,0.4980483949184418,0.5019515752792358,2,5,3,post_calibration
33,2,2,2,60,1,0,0,0.5016356706619263,0.5016356706619263,0.5016356706619263,0.49836426973342896,2,5,3,post_calibration
33,3,2,3,60,0,0,1,0.5029016733169556,0.5029016733169556,0.5029016733169556,0.49709832668304443,2,5,3,post_calibration
33,4,2,4,60,1,1,1,0.5053101181983948,0.5053101181983948,0.4946899116039276,0.5053101181983948,2,5,3,post_calibration
33,5,2,5,60,1,1,1,0.5005955100059509,0.5005955100059509,0.4994044601917267,0.5005955100059509,2,5,3,post_calibration
33,6,2,6,60,1,1,1,0.503637969493866,0.503637969493866,0.49636200070381165,0.503637969493866,2,5,3,post_calibration
33,7,2,7,60,0,1,0,0.5026491284370422,0.5026491284370422,0.49735090136528015,0.5026491284370422,2,5,3,post_calibration
33,8,2,8,60,0,1,0,0.5057892799377441,0.5057892799377441,0.49421074986457825,0.5057892799377441,2,5,3,post_calibration
33,9,2,10,60,1,0,0,0.5013578534126282,0.5013578534126282,0.5013578534126282,0.4986421465873718,2,5,3,post_calibration
33,10,2,11,60,1,1,1,0.5037851333618164,0.5037851333618164,0.4962148666381836,0.5037851333618164,2,5,3,post_calibration
33,11,2,12,60,1,1,1,0.5013719201087952,0.5013719201087952,0.49862805008888245,0.5013719201087952,2,5,3,post_calibration
33,12,2,13,60,1,0,0,0.5003353357315063,0.5003353357315063,0.5003353357315063,0.49966463446617126,2,5,3,post_calibration
33,13,2,14,60,1,1,1,0.5041139721870422,0.5041139721870422,0.495885968208313,0.5041139721870422,2,5,3,post_calibration
33,14,2,17,60,1,1,1,0.5030916929244995,0.5030916929244995,0.4969083368778229,0.5030916929244995,2,5,3,post_calibration
34,0,2,1,60,1,1,1,0.5018314719200134,0.5018314719200134,0.49816855788230896,0.5018314719200134,2,6,3,zero_shot_paired
34,1,2,2,60,1,0,0,0.501480221748352,0.501480221748352,0.501480221748352,0.49851974844932556,2,6,3,zero_shot_paired
34,2,2,3,60,0,0,1,0.5027711391448975,0.5027711391448975,0.5027711391448975,0.49722886085510254,2,6,3,zero_shot_paired
34,3,2,4,60,1,1,1,0.5051234364509583,0.5051234364509583,0.49487656354904175,0.5051234364509583,2,6,3,zero_shot_paired
34,4,2,6,60,1,1,1,0.5036615133285522,0.5036615133285522,0.49633848667144775,0.5036615133285522,2,6,3,zero_shot_paired
34,5,2,7,60,0,1,0,0.5025316476821899,0.5025316476821899,0.49746835231781006,0.5025316476821899,2,6,3,zero_shot_paired
34,6,2,8,60,0,1,0,0.5053009986877441,0.5053009986877441,0.49469897150993347,0.5053009986877441,2,6,3,zero_shot_paired
34,7,2,9,60,1,1,1,0.5003859400749207,0.5003859400749207,0.49961403012275696,0.5003859400749207,2,6,3,zero_shot_paired
34,8,2,10,60,1,0,0,0.5015153884887695,0.5015153884887695,0.5015153884887695,0.4984845817089081,2,6,3,zero_shot_paired
34,9,2,11,60,1,1,1,0.5039067268371582,0.5039067268371582,0.4960933029651642,0.5039067268371582,2,6,3,zero_shot_paired
34,10,2,12,60,1,1,1,0.5011075139045715,0.5011075139045715,0.49889248609542847,0.5011075139045715,2,6,3,zero_shot_paired
34,11,2,13,60,1,0,0,0.5001712441444397,0.5001712441444397,0.5001712441444397,0.4998287260532379,2,6,3,zero_shot_paired
34,12,2,15,60,1,1,1,0.5028653144836426,0.5028653144836426,0.49713465571403503,0.5028653144836426,2,6,3,zero_shot_paired
34,13,2,16,60,0,1,0,0.5041984915733337,0.5041984915733337,0.49580153822898865,0.5041984915733337,2,6,3,zero_shot_paired
34,14,2,17,60,1,1,1,0.502910315990448,0.502910315990448,0.497089684009552,0.502910315990448,2,6,3,zero_shot_paired
34,0,2,1,60,1,1,1,0.5031050443649292,0.5031050443649292,0.4968949854373932,0.5031050443649292,2,6,3,post_calibration
34,1,2,2,60,1,0,0,0.50029456615448,0.50029456615448,0.50029456615448,0.49970540404319763,2,6,3,post_calibration
34,2,2,3,60,0,0,1,0.5021751523017883,0.5021751523017883,0.5021751523017883,0.49782487750053406,2,6,3,post_calibration
34,3,2,4,60,1,1,1,0.506827712059021,0.506827712059021,0.4931723177433014,0.506827712059021,2,6,3,post_calibration
34,4,2,6,60,1,1,1,0.5052209496498108,0.5052209496498108,0.4947790205478668,0.5052209496498108,2,6,3,post_calibration
34,5,2,7,60,0,1,0,0.5032883882522583,0.5032883882522583,0.4967116117477417,0.5032883882522583,2,6,3,post_calibration
34,6,2,8,60,0,1,0,0.5069794058799744,0.5069794058799744,0.493020623922348,0.5069794058799744,2,6,3,post_calibration
34,7,2,9,60,1,1,1,0.5021445751190186,0.5021445751190186,0.4978554844856262,0.5021445751190186,2,6,3,post_calibration
34,8,2,10,60,1,0,0,0.5003258585929871,0.5003258585929871,0.5003258585929871,0.49967414140701294,2,6,3,post_calibration
34,9,2,11,60,1,1,1,0.5048552751541138,0.5048552751541138,0.49514466524124146,0.5048552751541138,2,6,3,post_calibration
34,10,2,12,60,1,1,1,0.5024944543838501,0.5024944543838501,0.4975056052207947,0.5024944543838501,2,6,3,post_calibration
34,11,2,13,60,1,1,1,0.5011316537857056,0.5011316537857056,0.4988683760166168,0.5011316537857056,2,6,3,post_calibration
34,12,2,15,60,1,1,1,0.5038948059082031,0.5038948059082031,0.4961051940917969,0.5038948059082031,2,6,3,post_calibration
34,13,2,16,60,0,1,0,0.5055365562438965,0.5055365562438965,0.4944634437561035,0.5055365562438965,2,6,3,post_calibration
34,14,2,17,60,1,1,1,0.5049028992652893,0.5049028992652893,0.4950971305370331,0.5049028992652893,2,6,3,post_calibration
35,0,2,1,60,1,1,1,0.5018314719200134,0.5018314719200134,0.49816855788230896,0.5018314719200134,2,1,6,zero_shot_paired
35,1,2,3,60,0,0,1,0.5027711391448975,0.5027711391448975,0.5027711391448975,0.49722886085510254,2,1,6,zero_shot_paired
35,2,2,6,60,1,1,1,0.5036615133285522,0.5036615133285522,0.49633848667144775,0.5036615133285522,2,1,6,zero_shot_paired
35,3,2,7,60,0,1,0,0.5025316476821899,0.5025316476821899,0.49746835231781006,0.5025316476821899,2,1,6,zero_shot_paired
35,4,2,9,60,1,1,1,0.5003859400749207,0.5003859400749207,0.49961403012275696,0.5003859400749207,2,1,6,zero_shot_paired
35,5,2,10,60,1,0,0,0.5015153884887695,0.5015153884887695,0.5015153884887695,0.4984845817089081,2,1,6,zero_shot_paired
35,6,2,11,60,1,1,1,0.5039067268371582,0.5039067268371582,0.4960933029651642,0.5039067268371582,2,1,6,zero_shot_paired
35,7,2,12,60,1,1,1,0.5011075139045715,0.5011075139045715,0.49889248609542847,0.5011075139045715,2,1,6,zero_shot_paired
35,8,2,14,60,1,1,1,0.5040746331214905,0.5040746331214905,0.4959254264831543,0.5040746331214905,2,1,6,zero_shot_paired
35,9,2,15,60,1,1,1,0.5028653144836426,0.5028653144836426,0.49713465571403503,0.5028653144836426,2,1,6,zero_shot_paired
35,10,2,16,60,0,1,0,0.5041984915733337,0.5041984915733337,0.49580153822898865,0.5041984915733337,2,1,6,zero_shot_paired
35,11,2,17,60,1,1,1,0.502910315990448,0.502910315990448,0.497089684009552,0.502910315990448,2,1,6,zero_shot_paired
35,0,2,1,60,1,1,1,0.5036319494247437,0.5036319494247437,0.49636805057525635,0.5036319494247437,2,1,6,post_calibration
35,1,2,3,60,0,0,1,0.5020033717155457,0.5020033717155457,0.5020033717155457,0.49799665808677673,2,1,6,post_calibration
35,2,2,6,60,1,1,1,0.505696713924408,0.505696713924408,0.49430328607559204,0.505696713924408,2,1,6,post_calibration
35,3,2,7,60,0,1,0,0.5036978721618652,0.5036978721618652,0.49630212783813477,0.5036978721618652,2,1,6,post_calibration
35,4,2,9,60,1,1,1,0.5023343563079834,0.5023343563079834,0.4976656436920166,0.5023343563079834,2,1,6,post_calibration
35,5,2,10,60,1,0,0,0.5000709891319275,0.5000709891319275,0.5000709891319275,0.4999290406703949,2,1,6,post_calibration
35,6,2,11,60,1,1,1,0.5057802200317383,0.5057802200317383,0.4942197799682617,0.5057802200317383,2,1,6,post_calibration
35,7,2,12,60,1,1,1,0.5025324821472168,0.5025324821472168,0.4974674880504608,0.5025324821472168,2,1,6,post_calibration
35,8,2,14,60,1,1,1,0.5063555240631104,0.5063555240631104,0.49364447593688965,0.5063555240631104,2,1,6,post_calibration
35,9,2,15,60,1,1,1,0.5040372014045715,0.5040372014045715,0.49596282839775085,0.5040372014045715,2,1,6,post_calibration
35,10,2,16,60,0,1,0,0.5059752464294434,0.5059752464294434,0.49402472376823425,0.5059752464294434,2,1,6,post_calibration
35,11,2,17,60,1,1,1,0.5048467516899109,0.5048467516899109,0.4951533079147339,0.5048467516899109,2,1,6,post_calibration
36,0,2,0,60,1,1,1,0.5017200708389282,0.5017200708389282,0.49827995896339417,0.5017200708389282,2,2,6,zero_shot_paired
36,1,2,2,60,1,0,0,0.501480221748352,0.501480221748352,0.501480221748352,0.49851974844932556,2,2,6,zero_shot_paired
36,2,2,4,60,1,1,1,0.5051234364509583,0.5051234364509583,0.49487656354904175,0.5051234364509583,2,2,6,zero_shot_paired
36,3,2,5,60,1,1,1,0.5007591247558594,0.5007591247558594,0.49924081563949585,0.5007591247558594,2,2,6,zero_shot_paired
36,4,2,6,60,1,1,1,0.5036615133285522,0.5036615133285522,0.49633848667144775,0.5036615133285522,2,2,6,zero_shot_paired
36,5,2,8,60,0,1,0,0.5053009986877441,0.5053009986877441,0.49469897150993347,0.5053009986877441,2,2,6,zero_shot_paired
36,6,2,9,60,1,1,1,0.5003859400749207,0.5003859400749207,0.49961403012275696,0.5003859400749207,2,2,6,zero_shot_paired
36,7,2,10,60,1,0,0,0.5015153884887695,0.5015153884887695,0.5015153884887695,0.4984845817089081,2,2,6,zero_shot_paired
36,8,2,12,60,1,1,1,0.5011075139045715,0.5011075139045715,0.49889248609542847,0.5011075139045715,2,2,6,zero_shot_paired
36,9,2,13,60,1,0,0,0.5001712441444397,0.5001712441444397,0.5001712441444397,0.4998287260532379,2,2,6,zero_shot_paired
36,10,2,14,60,1,1,1,0.5040746331214905,0.5040746331214905,0.4959254264831543,0.5040746331214905,2,2,6,zero_shot_paired
36,11,2,16,60,0,1,0,0.5041984915733337,0.5041984915733337,0.49580153822898865,0.5041984915733337,2,2,6,zero_shot_paired
36,0,2,0,60,1,1,1,0.5020355582237244,0.5020355582237244,0.49796438217163086,0.5020355582237244,2,2,6,post_calibration
36,1,2,2,60,1,0,0,0.5014182925224304,0.5014182925224304,0.5014182925224304,0.4985817074775696,2,2,6,post_calibration
36,2,2,4,60,1,1,1,0.5054111480712891,0.5054111480712891,0.4945888817310333,0.5054111480712891,2,2,6,post_calibration
36,3,2,5,60,1,1,1,0.5007838606834412,0.5007838606834412,0.4992161989212036,0.5007838606834412,2,2,6,post_calibration
36,4,2,6,60,1,1,1,0.5038889646530151,0.5038889646530151,0.49611103534698486,0.5038889646530151,2,2,6,post_calibration
36,5,2,8,60,0,1,0,0.505936324596405,0.505936324596405,0.49406367540359497,0.505936324596405,2,2,6,post_calibration
36,6,2,9,60,1,1,1,0.5005608797073364,0.5005608797073364,0.4994391202926636,0.5005608797073364,2,2,6,post_calibration
36,7,2,10,60,1,0,0,0.50127774477005,0.50127774477005,0.50127774477005,0.49872225522994995,2,2,6,post_calibration
36,8,2,12,60,1,1,1,0.5014174580574036,0.5014174580574036,0.4985825717449188,0.5014174580574036,2,2,6,post_calibration
36,9,2,13,60,1,1,1,0.500342071056366,0.500342071056366,0.49965789914131165,0.500342071056366,2,2,6,post_calibration
36,10,2,14,60,1,1,1,0.5043524503707886,0.5043524503707886,0.4956475496292114,0.5043524503707886,2,2,6,post_calibration
36,11,2,16,60,0,1,0,0.5045985579490662,0.5045985579490662,0.49540144205093384,0.5045985579490662,2,2,6,post_calibration
37,0,2,0,60,1,1,1,0.5017200708389282,0.5017200708389282,0.49827995896339417,0.5017200708389282,2,3,6,zero_shot_paired
37,1,2,1,60,1,1,1,0.5018314719200134,0.5018314719200134,0.49816855788230896,0.5018314719200134,2,3,6,zero_shot_paired
37,2,2,2,60,1,0,0,0.501480221748352,0.501480221748352,0.501480221748352,0.49851974844932556,2,3,6,zero_shot_paired
37,3,2,3,60,0,0,1,0.5027711391448975,0.5027711391448975,0.5027711391448975,0.49722886085510254,2,3,6,zero_shot_paired
37,4,2,4,60,1,1,1,0.5051234364509583,0.5051234364509583,0.49487656354904175,0.5051234364509583,2,3,6,zero_shot_paired
37,5,2,5,60,1,1,1,0.5007591247558594,0.5007591247558594,0.49924081563949585,0.5007591247558594,2,3,6,zero_shot_paired
37,6,2,7,60,0,1,0,0.5025316476821899,0.5025316476821899,0.49746835231781006,0.5025316476821899,2,3,6,zero_shot_paired
37,7,2,8,60,0,1,0,0.5053009986877441,0.5053009986877441,0.49469897150993347,0.5053009986877441,2,3,6,zero_shot_paired
37,8,2,11,60,1,1,1,0.5039067268371582,0.5039067268371582,0.4960933029651642,0.5039067268371582,2,3,6,zero_shot_paired
37,9,2,13,60,1,0,0,0.5001712441444397,0.5001712441444397,0.5001712441444397,0.4998287260532379,2,3,6,zero_shot_paired
37,10,2,15,60,1,1,1,0.5028653144836426,0.5028653144836426,0.49713465571403503,0.5028653144836426,2,3,6,zero_shot_paired
37,11,2,17,60,1,1,1,0.502910315990448,0.502910315990448,0.497089684009552,0.502910315990448,2,3,6,zero_shot_paired
37,0,2,0,60,1,1,1,0.5029887557029724,0.5029887557029724,0.4970112144947052,0.5029887557029724,2,3,6,post_calibration
37,1,2,1,60,1,1,1,0.5026037693023682,0.5026037693023682,0.49739620089530945,0.5026037693023682,2,3,6,post_calibration
37,2,2,2,60,1,0,0,0.5004019737243652,0.5004019737243652,0.5004019737243652,0.49959796667099,2,3,6,post_calibration
37,3,2,3,60,0,0,1,0.5025041103363037,0.5025041103363037,0.5025041103363037,0.4974958300590515,2,3,6,post_calibration
37,4,2,4,60,1,1,1,0.5060981512069702,0.5060981512069702,0.4939018487930298,0.5060981512069702,2,3,6,post_calibration
37,5,2,5,60,1,1,1,0.5020440816879272,0.5020440816879272,0.49795594811439514,0.5020440816879272,2,3,6,post_calibration
37,6,2,7,60,0,1,0,0.5031445026397705,0.5031445026397705,0.4968554973602295,0.5031445026397705,2,3,6,post_calibration
37,7,2,8,60,0,1,0,0.5064646005630493,0.5064646005630493,0.4935353994369507,0.5064646005630493,2,3,6,post_calibration
37,8,2,11,60,1,1,1,0.5048699975013733,0.5048699975013733,0.4951299726963043,0.5048699975013733,2,3,6,post_calibration
37,9,2,13,60,1,1,1,0.5005519390106201,0.5005519390106201,0.4994480609893799,0.5005519390106201,2,3,6,post_calibration
37,10,2,15,60,1,1,1,0.503817081451416,0.503817081451416,0.496182918548584,0.503817081451416,2,3,6,post_calibration
37,11,2,17,60,1,1,1,0.5041806697845459,0.5041806697845459,0.4958193898200989,0.5041806697845459,2,3,6,post_calibration
38,0,2,1,60,1,1,1,0.5018315315246582,0.5018315315246582,0.4981684982776642,0.5018315315246582,2,1,9,zero_shot_paired
38,1,2,3,60,0,0,1,0.5027709007263184,0.5027709007263184,0.5027709007263184,0.49722909927368164,2,1,9,zero_shot_paired
38,2,2,6,60,1,1,1,0.503661572933197,0.503661572933197,0.496338427066803,0.503661572933197,2,1,9,zero_shot_paired
38,3,2,9,60,1,1,1,0.5003858804702759,0.5003858804702759,0.4996141195297241,0.5003858804702759,2,1,9,zero_shot_paired
38,4,2,12,60,1,1,1,0.501107394695282,0.501107394695282,0.49889257550239563,0.501107394695282,2,1,9,zero_shot_paired
38,5,2,13,60,1,0,0,0.5001711845397949,0.5001711845397949,0.5001711845397949,0.4998288154602051,2,1,9,zero_shot_paired
38,6,2,15,60,1,1,1,0.5028653144836426,0.5028653144836426,0.49713465571403503,0.5028653144836426,2,1,9,zero_shot_paired
38,7,2,16,60,0,1,0,0.5041984915733337,0.5041984915733337,0.49580153822898865,0.5041984915733337,2,1,9,zero_shot_paired
38,8,2,17,60,1,1,1,0.5029102563858032,0.5029102563858032,0.4970897436141968,0.5029102563858032,2,1,9,zero_shot_paired
38,0,2,1,60,1,1,1,0.5019728541374207,0.5019728541374207,0.49802717566490173,0.5019728541374207,2,1,9,post_calibration
38,1,2,3,60,0,0,1,0.5027510523796082,0.5027510523796082,0.5027510523796082,0.49724894762039185,2,1,9,post_calibration
38,2,2,6,60,1,1,1,0.5038578510284424,0.5038578510284424,0.4961421489715576,0.5038578510284424,2,1,9,post_calibration
38,3,2,9,60,1,1,1,0.5010495781898499,0.5010495781898499,0.49895039200782776,0.5010495781898499,2,1,9,post_calibration
38,4,2,12,60,1,1,1,0.5014776587486267,0.5014776587486267,0.4985223710536957,0.5014776587486267,2,1,9,post_calibration
38,5,2,13,60,1,1,1,0.5001459121704102,0.5001459121704102,0.49985408782958984,0.5001459121704102,2,1,9,post_calibration
38,6,2,15,60,1,1,1,0.5030756592750549,0.5030756592750549,0.49692434072494507,0.5030756592750549,2,1,9,post_calibration
38,7,2,16,60,0,1,0,0.5038691759109497,0.5038691759109497,0.4961308240890503,0.5038691759109497,2,1,9,post_calibration
38,8,2,17,60,1,1,1,0.5035214424133301,0.5035214424133301,0.4964785575866699,0.5035214424133301,2,1,9,post_calibration
39,0,2,0,60,1,1,1,0.501720130443573,0.501720130443573,0.498279869556427,0.501720130443573,2,2,9,zero_shot_paired
39,1,2,2,60,1,0,0,0.501480221748352,0.501480221748352,0.501480221748352,0.49851974844932556,2,2,9,zero_shot_paired
39,2,2,4,60,1,1,1,0.5051233768463135,0.5051233768463135,0.49487659335136414,0.5051233768463135,2,2,9,zero_shot_paired
39,3,2,5,60,1,1,1,0.5007591247558594,0.5007591247558594,0.49924081563949585,0.5007591247558594,2,2,9,zero_shot_paired
39,4,2,7,60,0,1,0,0.5025317072868347,0.5025317072868347,0.49746832251548767,0.5025317072868347,2,2,9,zero_shot_paired
39,5,2,8,60,0,1,0,0.5053008198738098,0.5053008198738098,0.4946991503238678,0.5053008198738098,2,2,9,zero_shot_paired
39,6,2,10,60,1,0,0,0.5015154480934143,0.5015154480934143,0.5015154480934143,0.4984845817089081,2,2,9,zero_shot_paired
39,7,2,11,60,1,1,1,0.503906786441803,0.503906786441803,0.4960932433605194,0.503906786441803,2,2,9,zero_shot_paired
39,8,2,14,60,1,1,1,0.5040745735168457,0.5040745735168457,0.4959254562854767,0.5040745735168457,2,2,9,zero_shot_paired
39,0,2,0,60,1,1,1,0.5031055808067322,0.5031055808067322,0.4968944191932678,0.5031055808067322,2,2,9,post_calibration
39,1,2,2,60,1,0,0,0.5002254247665405,0.5002254247665405,0.5002254247665405,0.49977463483810425,2,2,9,post_calibration
39,2,2,4,60,1,1,1,0.5064675211906433,0.5064675211906433,0.4935324788093567,0.5064675211906433,2,2,9,post_calibration
39,3,2,5,60,1,1,1,0.5017735958099365,0.5017735958099365,0.49822643399238586,0.5017735958099365,2,2,9,post_calibration
39,4,2,7,60,0,1,0,0.50323486328125,0.50323486328125,0.4967651069164276,0.50323486328125,2,2,9,post_calibration
39,5,2,8,60,0,1,0,0.50633305311203,0.50633305311203,0.4936669170856476,0.50633305311203,2,2,9,post_calibration
39,6,2,10,60,1,0,0,0.5003766417503357,0.5003766417503357,0.5003766417503357,0.4996233284473419,2,2,9,post_calibration
39,7,2,11,60,1,1,1,0.5055999755859375,0.5055999755859375,0.4944000840187073,0.5055999755859375,2,2,9,post_calibration
39,8,2,14,60,1,1,1,0.5053170323371887,0.5053170323371887,0.4946829676628113,0.5053170323371887,2,2,9,post_calibration
40,0,2,5,60,1,1,1,0.5007602572441101,0.5007602572441101,0.4992396831512451,0.5007602572441101,2,1,12,zero_shot_paired
40,1,2,6,60,1,1,1,0.5036599040031433,0.5036599040031433,0.4963400661945343,0.5036599040031433,2,1,12,zero_shot_paired
40,2,2,7,60,0,1,0,0.5025320649147034,0.5025320649147034,0.497467964887619,0.5025320649147034,2,1,12,zero_shot_paired
40,3,2,14,60,1,1,1,0.5040753483772278,0.5040753483772278,0.49592462182044983,0.5040753483772278,2,1,12,zero_shot_paired
40,4,2,15,60,1,1,1,0.5028658509254456,0.5028658509254456,0.49713411927223206,0.5028658509254456,2,1,12,zero_shot_paired
40,5,2,17,60,1,1,1,0.5029104351997375,0.5029104351997375,0.49708956480026245,0.5029104351997375,2,1,12,zero_shot_paired
40,0,2,5,60,1,1,1,0.5025384426116943,0.5025384426116943,0.49746155738830566,0.5025384426116943,2,1,12,post_calibration
40,1,2,6,60,1,1,1,0.5052115321159363,0.5052115321159363,0.4947884678840637,0.5052115321159363,2,1,12,post_calibration
40,2,2,7,60,0,1,0,0.5040833353996277,0.5040833353996277,0.4959166347980499,0.5040833353996277,2,1,12,post_calibration
40,3,2,14,60,1,1,1,0.5052509903907776,0.5052509903907776,0.4947490096092224,0.5052509903907776,2,1,12,post_calibration
40,4,2,15,60,1,1,1,0.5042826533317566,0.5042826533317566,0.4957173764705658,0.5042826533317566,2,1,12,post_calibration
40,5,2,17,60,1,1,1,0.5044516324996948,0.5044516324996948,0.49554839730262756,0.5044516324996948,2,1,12,post_calibration
41,0,2,1,60,1,1,1,0.5018309950828552,0.5018309950828552,0.4981690049171448,0.5018309950828552,2,2,12,zero_shot_paired
41,1,2,3,60,0,0,1,0.5027721524238586,0.5027721524238586,0.5027721524238586,0.49722784757614136,2,2,12,zero_shot_paired
41,2,2,9,60,1,1,1,0.5003869533538818,0.5003869533538818,0.49961304664611816,0.5003869533538818,2,2,12,zero_shot_paired
41,3,2,11,60,1,1,1,0.503908097743988,0.503908097743988,0.49609193205833435,0.503908097743988,2,2,12,zero_shot_paired
41,4,2,12,60,1,1,1,0.5011075735092163,0.5011075735092163,0.4988924562931061,0.5011075735092163,2,2,12,zero_shot_paired
41,5,2,13,60,1,0,0,0.5001716017723083,0.5001716017723083,0.5001716017723083,0.49982842803001404,2,2,12,zero_shot_paired
41,0,2,1,60,1,1,1,0.5031071901321411,0.5031071901321411,0.4968928098678589,0.5031071901321411,2,2,12,post_calibration
41,1,2,3,60,0,0,1,0.5021761059761047,0.5021761059761047,0.5021761059761047,0.49782392382621765,2,2,12,post_calibration
41,2,2,9,60,1,1,1,0.502192497253418,0.502192497253418,0.49780750274658203,0.502192497253418,2,2,12,post_calibration
41,3,2,11,60,1,1,1,0.5051872134208679,0.5051872134208679,0.4948127865791321,0.5051872134208679,2,2,12,post_calibration
41,4,2,12,60,1,1,1,0.5021494626998901,0.5021494626998901,0.49785053730010986,0.5021494626998901,2,2,12,post_calibration
41,5,2,13,60,1,1,1,0.5012340545654297,0.5012340545654297,0.4987659156322479,0.5012340545654297,2,2,12,post_calibration
42,0,2,1,60,1,1,1,0.5018309950828552,0.5018309950828552,0.4981690049171448,0.5018309950828552,2,3,12,zero_shot_paired
42,1,2,3,60,0,0,1,0.5027721524238586,0.5027721524238586,0.5027721524238586,0.49722784757614136,2,3,12,zero_shot_paired
42,2,2,9,60,1,1,1,0.5003869533538818,0.5003869533538818,0.49961304664611816,0.5003869533538818,2,3,12,zero_shot_paired
42,3,2,10,60,1,0,0,0.5015162825584412,0.5015162825584412,0.5015162825584412,0.49848371744155884,2,3,12,zero_shot_paired
42,4,2,12,60,1,1,1,0.5011075735092163,0.5011075735092163,0.4988924562931061,0.5011075735092163,2,3,12,zero_shot_paired
42,5,2,17,60,1,1,1,0.5029104351997375,0.5029104351997375,0.49708956480026245,0.5029104351997375,2,3,12,zero_shot_paired
42,0,2,1,60,1,1,1,0.5032410621643066,0.5032410621643066,0.49675896763801575,0.5032410621643066,2,3,12,post_calibration
42,1,2,3,60,0,0,1,0.502197802066803,0.502197802066803,0.502197802066803,0.49780213832855225,2,3,12,post_calibration
42,2,2,9,60,1,1,1,0.5018243193626404,0.5018243193626404,0.4981756806373596,0.5018243193626404,2,3,12,post_calibration
42,3,2,10,60,1,0,0,0.500373363494873,0.500373363494873,0.500373363494873,0.49962666630744934,2,3,12,post_calibration
42,4,2,12,60,1,1,1,0.5022442936897278,0.5022442936897278,0.49775567650794983,0.5022442936897278,2,3,12,post_calibration
42,5,2,17,60,1,1,1,0.5046799778938293,0.5046799778938293,0.49532005190849304,0.5046799778938293,2,3,12,post_calibration
4,0,3,0,60,1,1,1,0.5026007294654846,0.5026007294654846,0.49739930033683777,0.5026007294654846,3,,,zero_shot_all_trials
4,1,3,1,60,1,1,1,0.5032978057861328,0.5032978057861328,0.49670225381851196,0.5032978057861328,3,,,zero_shot_all_trials
4,2,3,2,60,1,1,1,0.5004153251647949,0.5004153251647949,0.4995846748352051,0.5004153251647949,3,,,zero_shot_all_trials
4,3,3,3,60,0,1,0,0.5032703280448914,0.5032703280448914,0.4967297315597534,0.5032703280448914,3,,,zero_shot_all_trials
4,4,3,4,60,1,1,1,0.5023263692855835,0.5023263692855835,0.4976736605167389,0.5023263692855835,3,,,zero_shot_all_trials
4,5,3,5,60,1,0,0,0.5026409029960632,0.5026409029960632,0.5026409029960632,0.49735909700393677,3,,,zero_shot_all_trials
4,6,3,6,60,1,1,1,0.5006123781204224,0.5006123781204224,0.49938762187957764,0.5006123781204224,3,,,zero_shot_all_trials
4,7,3,7,60,0,0,1,0.501829981803894,0.501829981803894,0.501829981803894,0.49817001819610596,3,,,zero_shot_all_trials
4,8,3,8,60,0,1,0,0.5028859376907349,0.5028859376907349,0.4971140921115875,0.5028859376907349,3,,,zero_shot_all_trials
4,9,3,9,60,0,1,0,0.5073534846305847,0.5073534846305847,0.4926464855670929,0.5073534846305847,3,,,zero_shot_all_trials
4,10,3,10,60,1,1,1,0.5044103264808655,0.5044103264808655,0.4955896735191345,0.5044103264808655,3,,,zero_shot_all_trials
4,11,3,11,60,1,1,1,0.5062700510025024,0.5062700510025024,0.49372994899749756,0.5062700510025024,3,,,zero_shot_all_trials
4,12,3,12,60,1,0,0,0.5030444860458374,0.5030444860458374,0.5030444860458374,0.4969554841518402,3,,,zero_shot_all_trials
4,13,3,13,60,0,1,0,0.5051296353340149,0.5051296353340149,0.4948703348636627,0.5051296353340149,3,,,zero_shot_all_trials
4,14,3,14,60,0,1,0,0.5027103424072266,0.5027103424072266,0.4972896873950958,0.5027103424072266,3,,,zero_shot_all_trials
4,15,3,15,60,1,1,1,0.5049384236335754,0.5049384236335754,0.49506157636642456,0.5049384236335754,3,,,zero_shot_all_trials
4,16,3,16,60,0,1,0,0.5026788711547852,0.5026788711547852,0.49732115864753723,0.5026788711547852,3,,,zero_shot_all_trials
4,17,3,17,60,0,0,1,0.5014133453369141,0.5014133453369141,0.5014133453369141,0.4985866844654083,3,,,zero_shot_all_trials
43,0,3,0,60,1,1,1,0.5026006102561951,0.5026006102561951,0.49739935994148254,0.5026006102561951,3,1,3,zero_shot_paired
43,1,3,2,60,1,1,1,0.5004153847694397,0.5004153847694397,0.4995845854282379,0.5004153847694397,3,1,3,zero_shot_paired
43,2,3,3,60,0,1,0,0.5032703280448914,0.5032703280448914,0.49672967195510864,0.5032703280448914,3,1,3,zero_shot_paired
43,3,3,4,60,1,1,1,0.502326488494873,0.502326488494873,0.49767348170280457,0.502326488494873,3,1,3,zero_shot_paired
43,4,3,6,60,1,1,1,0.500612199306488,0.500612199306488,0.49938780069351196,0.500612199306488,3,1,3,zero_shot_paired
43,5,3,7,60,0,0,1,0.501829981803894,0.501829981803894,0.501829981803894,0.49816998839378357,3,1,3,zero_shot_paired
43,6,3,8,60,0,1,0,0.5028859376907349,0.5028859376907349,0.4971140921115875,0.5028859376907349,3,1,3,zero_shot_paired
43,7,3,10,60,1,1,1,0.5044103264808655,0.5044103264808655,0.4955896735191345,0.5044103264808655,3,1,3,zero_shot_paired
43,8,3,11,60,1,1,1,0.5062699913978577,0.5062699913978577,0.49372997879981995,0.5062699913978577,3,1,3,zero_shot_paired
43,9,3,12,60,1,0,0,0.5030444860458374,0.5030444860458374,0.5030444860458374,0.4969554841518402,3,1,3,zero_shot_paired
43,10,3,13,60,0,1,0,0.5051298141479492,0.5051298141479492,0.4948701560497284,0.5051298141479492,3,1,3,zero_shot_paired
43,11,3,14,60,0,1,0,0.5027104020118713,0.5027104020118713,0.49728962779045105,0.5027104020118713,3,1,3,zero_shot_paired
43,12,3,15,60,1,1,1,0.5049384832382202,0.5049384832382202,0.4950615167617798,0.5049384832382202,3,1,3,zero_shot_paired
43,13,3,16,60,0,1,0,0.5026788711547852,0.5026788711547852,0.49732115864753723,0.5026788711547852,3,1,3,zero_shot_paired
43,14,3,17,60,0,0,1,0.5014133453369141,0.5014133453369141,0.5014133453369141,0.49858662486076355,3,1,3,zero_shot_paired
43,0,3,0,60,1,1,1,0.5035754442214966,0.5035754442214966,0.49642452597618103,0.5035754442214966,3,1,3,post_calibration
43,1,3,2,60,1,1,1,0.5016970038414001,0.5016970038414001,0.4983029365539551,0.5016970038414001,3,1,3,post_calibration
43,2,3,3,60,0,1,0,0.5045377016067505,0.5045377016067505,0.4954623579978943,0.5045377016067505,3,1,3,post_calibration
43,3,3,4,60,1,1,1,0.503665030002594,0.503665030002594,0.496334969997406,0.503665030002594,3,1,3,post_calibration
43,4,3,6,60,1,1,1,0.5013501048088074,0.5013501048088074,0.4986498951911926,0.5013501048088074,3,1,3,post_calibration
43,5,3,7,60,0,0,1,0.5009779930114746,0.5009779930114746,0.5009779930114746,0.4990220367908478,3,1,3,post_calibration
43,6,3,8,60,0,1,0,0.5039994120597839,0.5039994120597839,0.4960005581378937,0.5039994120597839,3,1,3,post_calibration
43,7,3,10,60,1,1,1,0.5051881670951843,0.5051881670951843,0.4948118031024933,0.5051881670951843,3,1,3,post_calibration
43,8,3,11,60,1,1,1,0.5070207715034485,0.5070207715034485,0.4929792582988739,0.5070207715034485,3,1,3,post_calibration
43,9,3,12,60,1,0,0,0.5020695328712463,0.5020695328712463,0.5020695328712463,0.49793049693107605,3,1,3,post_calibration
43,10,3,13,60,0,1,0,0.5063210129737854,0.5063210129737854,0.4936789572238922,0.5063210129737854,3,1,3,post_calibration
43,11,3,14,60,0,1,0,0.5034310817718506,0.5034310817718506,0.4965689182281494,0.5034310817718506,3,1,3,post_calibration
43,12,3,15,60,1,1,1,0.5055630803108215,0.5055630803108215,0.49443694949150085,0.5055630803108215,3,1,3,post_calibration
43,13,3,16,60,0,1,0,0.5035033226013184,0.5035033226013184,0.49649670720100403,0.5035033226013184,3,1,3,post_calibration
43,14,3,17,60,0,0,1,0.500869870185852,0.500869870185852,0.500869870185852,0.4991300702095032,3,1,3,post_calibration
44,0,3,0,60,1,1,1,0.5026006102561951,0.5026006102561951,0.49739935994148254,0.5026006102561951,3,2,3,zero_shot_paired
44,1,3,1,60,1,1,1,0.5032979249954224,0.5032979249954224,0.4967021048069,0.5032979249954224,3,2,3,zero_shot_paired
44,2,3,2,60,1,1,1,0.5004153847694397,0.5004153847694397,0.4995845854282379,0.5004153847694397,3,2,3,zero_shot_paired
44,3,3,4,60,1,1,1,0.502326488494873,0.502326488494873,0.49767348170280457,0.502326488494873,3,2,3,zero_shot_paired
44,4,3,5,60,1,0,0,0.5026409029960632,0.5026409029960632,0.5026409029960632,0.49735909700393677,3,2,3,zero_shot_paired
44,5,3,6,60,1,1,1,0.500612199306488,0.500612199306488,0.49938780069351196,0.500612199306488,3,2,3,zero_shot_paired
44,6,3,7,60,0,0,1,0.501829981803894,0.501829981803894,0.501829981803894,0.49816998839378357,3,2,3,zero_shot_paired
44,7,3,9,60,0,1,0,0.5073534846305847,0.5073534846305847,0.4926464855670929,0.5073534846305847,3,2,3,zero_shot_paired
44,8,3,10,60,1,1,1,0.5044103264808655,0.5044103264808655,0.4955896735191345,0.5044103264808655,3,2,3,zero_shot_paired
44,9,3,11,60,1,1,1,0.5062699913978577,0.5062699913978577,0.49372997879981995,0.5062699913978577,3,2,3,zero_shot_paired
44,10,3,12,60,1,0,0,0.5030444860458374,0.5030444860458374,0.5030444860458374,0.4969554841518402,3,2,3,zero_shot_paired
44,11,3,13,60,0,1,0,0.5051298141479492,0.5051298141479492,0.4948701560497284,0.5051298141479492,3,2,3,zero_shot_paired
44,12,3,14,60,0,1,0,0.5027104020118713,0.5027104020118713,0.49728962779045105,0.5027104020118713,3,2,3,zero_shot_paired
44,13,3,16,60,0,1,0,0.5026788711547852,0.5026788711547852,0.49732115864753723,0.5026788711547852,3,2,3,zero_shot_paired
44,14,3,17,60,0,0,1,0.5014133453369141,0.5014133453369141,0.5014133453369141,0.49858662486076355,3,2,3,zero_shot_paired
44,0,3,0,60,1,1,1,0.5024716258049011,0.5024716258049011,0.4975283741950989,0.5024716258049011,3,2,3,post_calibration
44,1,3,1,60,1,1,1,0.5032415986061096,0.5032415986061096,0.4967584013938904,0.5032415986061096,3,2,3,post_calibration
44,2,3,2,60,1,1,1,0.5010942220687866,0.5010942220687866,0.49890580773353577,0.5010942220687866,3,2,3,post_calibration
44,3,3,4,60,1,1,1,0.5030960440635681,0.5030960440635681,0.49690401554107666,0.5030960440635681,3,2,3,post_calibration
44,4,3,5,60,1,0,0,0.5021719932556152,0.5021719932556152,0.5021719932556152,0.49782800674438477,3,2,3,post_calibration
44,5,3,6,60,1,1,1,0.5004478693008423,0.5004478693008423,0.4995521306991577,0.5004478693008423,3,2,3,post_calibration
44,6,3,7,60,0,0,1,0.501745343208313,0.501745343208313,0.501745343208313,0.4982546269893646,3,2,3,post_calibration
44,7,3,9,60,0,1,0,0.507017195224762,0.507017195224762,0.49298277497291565,0.507017195224762,3,2,3,post_calibration
44,8,3,10,60,1,1,1,0.5043001770973206,0.5043001770973206,0.49569985270500183,0.5043001770973206,3,2,3,post_calibration
44,9,3,11,60,1,1,1,0.5065353512763977,0.5065353512763977,0.4934646487236023,0.5065353512763977,3,2,3,post_calibration
44,10,3,12,60,1,0,0,0.5029857754707336,0.5029857754707336,0.5029857754707336,0.4970141649246216,3,2,3,post_calibration
44,11,3,13,60,0,1,0,0.5051549077033997,0.5051549077033997,0.49484509229660034,0.5051549077033997,3,2,3,post_calibration
44,12,3,14,60,0,1,0,0.5026340484619141,0.5026340484619141,0.49736595153808594,0.5026340484619141,3,2,3,post_calibration
44,13,3,16,60,0,1,0,0.502763032913208,0.502763032913208,0.4972369372844696,0.502763032913208,3,2,3,post_calibration
44,14,3,17,60,0,0,1,0.5013132691383362,0.5013132691383362,0.5013132691383362,0.4986867606639862,3,2,3,post_calibration
45,0,3,1,60,1,1,1,0.5032979249954224,0.5032979249954224,0.4967021048069,0.5032979249954224,3,3,3,zero_shot_paired
45,1,3,3,60,0,1,0,0.5032703280448914,0.5032703280448914,0.49672967195510864,0.5032703280448914,3,3,3,zero_shot_paired
45,2,3,4,60,1,1,1,0.502326488494873,0.502326488494873,0.49767348170280457,0.502326488494873,3,3,3,zero_shot_paired
45,3,3,5,60,1,0,0,0.5026409029960632,0.5026409029960632,0.5026409029960632,0.49735909700393677,3,3,3,zero_shot_paired
45,4,3,6,60,1,1,1,0.500612199306488,0.500612199306488,0.49938780069351196,0.500612199306488,3,3,3,zero_shot_paired
45,5,3,7,60,0,0,1,0.501829981803894,0.501829981803894,0.501829981803894,0.49816998839378357,3,3,3,zero_shot_paired
45,6,3,8,60,0,1,0,0.5028859376907349,0.5028859376907349,0.4971140921115875,0.5028859376907349,3,3,3,zero_shot_paired
45,7,3,9,60,0,1,0,0.5073534846305847,0.5073534846305847,0.4926464855670929,0.5073534846305847,3,3,3,zero_shot_paired
45,8,3,10,60,1,1,1,0.5044103264808655,0.5044103264808655,0.4955896735191345,0.5044103264808655,3,3,3,zero_shot_paired
45,9,3,11,60,1,1,1,0.5062699913978577,0.5062699913978577,0.49372997879981995,0.5062699913978577,3,3,3,zero_shot_paired
45,10,3,12,60,1,0,0,0.5030444860458374,0.5030444860458374,0.5030444860458374,0.4969554841518402,3,3,3,zero_shot_paired
45,11,3,13,60,0,1,0,0.5051298141479492,0.5051298141479492,0.4948701560497284,0.5051298141479492,3,3,3,zero_shot_paired
45,12,3,15,60,1,1,1,0.5049384832382202,0.5049384832382202,0.4950615167617798,0.5049384832382202,3,3,3,zero_shot_paired
45,13,3,16,60,0,1,0,0.5026788711547852,0.5026788711547852,0.49732115864753723,0.5026788711547852,3,3,3,zero_shot_paired
45,14,3,17,60,0,0,1,0.5014133453369141,0.5014133453369141,0.5014133453369141,0.49858662486076355,3,3,3,zero_shot_paired
45,0,3,1,60,1,1,1,0.5032834410667419,0.5032834410667419,0.49671655893325806,0.5032834410667419,3,3,3,post_calibration
45,1,3,3,60,0,1,0,0.5031194090843201,0.5031194090843201,0.49688053131103516,0.5031194090843201,3,3,3,post_calibration
45,2,3,4,60,1,1,1,0.5022551417350769,0.5022551417350769,0.4977448284626007,0.5022551417350769,3,3,3,post_calibration
45,3,3,5,60,1,0,0,0.5027534365653992,0.5027534365653992,0.5027534365653992,0.49724656343460083,3,3,3,post_calibration
45,4,3,6,60,1,1,1,0.5004187822341919,0.5004187822341919,0.4995812177658081,0.5004187822341919,3,3,3,post_calibration
45,5,3,7,60,0,0,1,0.5019389986991882,0.5019389986991882,0.5019389986991882,0.49806103110313416,3,3,3,post_calibration
45,6,3,8,60,0,1,0,0.502744197845459,0.502744197845459,0.49725577235221863,0.502744197845459,3,3,3,post_calibration
45,7,3,9,60,0,1,0,0.50746089220047,0.50746089220047,0.49253910779953003,0.50746089220047,3,3,3,post_calibration
45,8,3,10,60,1,1,1,0.5043013691902161,0.5043013691902161,0.49569863080978394,0.5043013691902161,3,3,3,post_calibration
45,9,3,11,60,1,1,1,0.5057782530784607,0.5057782530784607,0.4942217469215393,0.5057782530784607,3,3,3,post_calibration
45,10,3,12,60,1,0,0,0.5028902888298035,0.5028902888298035,0.5028902888298035,0.4971097707748413,3,3,3,post_calibration
45,11,3,13,60,0,1,0,0.5051703453063965,0.5051703453063965,0.4948296546936035,0.5051703453063965,3,3,3,post_calibration
45,12,3,15,60,1,1,1,0.5046892166137695,0.5046892166137695,0.49531081318855286,0.5046892166137695,3,3,3,post_calibration
45,13,3,16,60,0,1,0,0.502825140953064,0.502825140953064,0.49717479944229126,0.502825140953064,3,3,3,post_calibration
45,14,3,17,60,0,0,1,0.5017150044441223,0.5017150044441223,0.5017150044441223,0.4982849657535553,3,3,3,post_calibration
46,0,3,0,60,1,1,1,0.5026006102561951,0.5026006102561951,0.49739935994148254,0.5026006102561951,3,4,3,zero_shot_paired
46,1,3,1,60,1,1,1,0.5032979249954224,0.5032979249954224,0.4967021048069,0.5032979249954224,3,4,3,zero_shot_paired
46,2,3,2,60,1,1,1,0.5004153847694397,0.5004153847694397,0.4995845854282379,0.5004153847694397,3,4,3,zero_shot_paired
46,3,3,3,60,0,1,0,0.5032703280448914,0.5032703280448914,0.49672967195510864,0.5032703280448914,3,4,3,zero_shot_paired
46,4,3,5,60,1,0,0,0.5026409029960632,0.5026409029960632,0.5026409029960632,0.49735909700393677,3,4,3,zero_shot_paired
46,5,3,6,60,1,1,1,0.500612199306488,0.500612199306488,0.49938780069351196,0.500612199306488,3,4,3,zero_shot_paired
46,6,3,8,60,0,1,0,0.5028859376907349,0.5028859376907349,0.4971140921115875,0.5028859376907349,3,4,3,zero_shot_paired
46,7,3,9,60,0,1,0,0.5073534846305847,0.5073534846305847,0.4926464855670929,0.5073534846305847,3,4,3,zero_shot_paired
46,8,3,10,60,1,1,1,0.5044103264808655,0.5044103264808655,0.4955896735191345,0.5044103264808655,3,4,3,zero_shot_paired
46,9,3,12,60,1,0,0,0.5030444860458374,0.5030444860458374,0.5030444860458374,0.4969554841518402,3,4,3,zero_shot_paired
46,10,3,13,60,0,1,0,0.5051298141479492,0.5051298141479492,0.4948701560497284,0.5051298141479492,3,4,3,zero_shot_paired
46,11,3,14,60,0,1,0,0.5027104020118713,0.5027104020118713,0.49728962779045105,0.5027104020118713,3,4,3,zero_shot_paired
46,12,3,15,60,1,1,1,0.5049384832382202,0.5049384832382202,0.4950615167617798,0.5049384832382202,3,4,3,zero_shot_paired
46,13,3,16,60,0,1,0,0.5026788711547852,0.5026788711547852,0.49732115864753723,0.5026788711547852,3,4,3,zero_shot_paired
46,14,3,17,60,0,0,1,0.5014133453369141,0.5014133453369141,0.5014133453369141,0.49858662486076355,3,4,3,zero_shot_paired
46,0,3,0,60,1,1,1,0.503466784954071,0.503466784954071,0.49653321504592896,0.503466784954071,3,4,3,post_calibration
46,1,3,1,60,1,1,1,0.5041605234146118,0.5041605234146118,0.4958394467830658,0.5041605234146118,3,4,3,post_calibration
46,2,3,2,60,1,1,1,0.501373827457428,0.501373827457428,0.498626172542572,0.501373827457428,3,4,3,post_calibration
46,3,3,3,60,0,1,0,0.5044804811477661,0.5044804811477661,0.4955195188522339,0.5044804811477661,3,4,3,post_calibration
46,4,3,5,60,1,0,0,0.501670241355896,0.501670241355896,0.501670241355896,0.498329758644104,3,4,3,post_calibration
46,5,3,6,60,1,1,1,0.5009050965309143,0.5009050965309143,0.4990948736667633,0.5009050965309143,3,4,3,post_calibration
46,6,3,8,60,0,1,0,0.5038135051727295,0.5038135051727295,0.4961864948272705,0.5038135051727295,3,4,3,post_calibration
46,7,3,9,60,0,1,0,0.5076457262039185,0.5076457262039185,0.49235427379608154,0.5076457262039185,3,4,3,post_calibration
46,8,3,10,60,1,1,1,0.505199670791626,0.505199670791626,0.494800329208374,0.505199670791626,3,4,3,post_calibration
46,9,3,12,60,1,0,0,0.5019904375076294,0.5019904375076294,0.5019904375076294,0.4980095624923706,3,4,3,post_calibration
46,10,3,13,60,0,1,0,0.5059388875961304,0.5059388875961304,0.494061142206192,0.5059388875961304,3,4,3,post_calibration
46,11,3,14,60,0,1,0,0.5034920573234558,0.5034920573234558,0.4965079426765442,0.5034920573234558,3,4,3,post_calibration
46,12,3,15,60,1,1,1,0.5057770609855652,0.5057770609855652,0.4942229688167572,0.5057770609855652,3,4,3,post_calibration
46,13,3,16,60,0,1,0,0.5033892393112183,0.5033892393112183,0.49661073088645935,0.5033892393112183,3,4,3,post_calibration
46,14,3,17,60,0,0,1,0.5006335973739624,0.5006335973739624,0.5006335973739624,0.4993663728237152,3,4,3,post_calibration
47,0,3,0,60,1,1,1,0.5026006102561951,0.5026006102561951,0.49739935994148254,0.5026006102561951,3,5,3,zero_shot_paired
47,1,3,1,60,1,1,1,0.5032979249954224,0.5032979249954224,0.4967021048069,0.5032979249954224,3,5,3,zero_shot_paired
47,2,3,2,60,1,1,1,0.5004153847694397,0.5004153847694397,0.4995845854282379,0.5004153847694397,3,5,3,zero_shot_paired
47,3,3,3,60,0,1,0,0.5032703280448914,0.5032703280448914,0.49672967195510864,0.5032703280448914,3,5,3,zero_shot_paired
47,4,3,4,60,1,1,1,0.502326488494873,0.502326488494873,0.49767348170280457,0.502326488494873,3,5,3,zero_shot_paired
47,5,3,5,60,1,0,0,0.5026409029960632,0.5026409029960632,0.5026409029960632,0.49735909700393677,3,5,3,zero_shot_paired
47,6,3,7,60,0,0,1,0.501829981803894,0.501829981803894,0.501829981803894,0.49816998839378357,3,5,3,zero_shot_paired
47,7,3,8,60,0,1,0,0.5028859376907349,0.5028859376907349,0.4971140921115875,0.5028859376907349,3,5,3,zero_shot_paired
47,8,3,9,60,0,1,0,0.5073534846305847,0.5073534846305847,0.4926464855670929,0.5073534846305847,3,5,3,zero_shot_paired
47,9,3,10,60,1,1,1,0.5044103264808655,0.5044103264808655,0.4955896735191345,0.5044103264808655,3,5,3,zero_shot_paired
47,10,3,11,60,1,1,1,0.5062699913978577,0.5062699913978577,0.49372997879981995,0.5062699913978577,3,5,3,zero_shot_paired
47,11,3,12,60,1,0,0,0.5030444860458374,0.5030444860458374,0.5030444860458374,0.4969554841518402,3,5,3,zero_shot_paired
47,12,3,13,60,0,1,0,0.5051298141479492,0.5051298141479492,0.4948701560497284,0.5051298141479492,3,5,3,zero_shot_paired
47,13,3,14,60,0,1,0,0.5027104020118713,0.5027104020118713,0.49728962779045105,0.5027104020118713,3,5,3,zero_shot_paired
47,14,3,15,60,1,1,1,0.5049384832382202,0.5049384832382202,0.4950615167617798,0.5049384832382202,3,5,3,zero_shot_paired
47,0,3,0,60,1,1,1,0.5023691654205322,0.5023691654205322,0.4976308047771454,0.5023691654205322,3,5,3,post_calibration
47,1,3,1,60,1,1,1,0.5031580924987793,0.5031580924987793,0.4968419075012207,0.5031580924987793,3,5,3,post_calibration
47,2,3,2,60,1,1,1,0.5002729892730713,0.5002729892730713,0.4997269809246063,0.5002729892730713,3,5,3,post_calibration
47,3,3,3,60,0,1,0,0.5030540227890015,0.5030540227890015,0.49694594740867615,0.5030540227890015,3,5,3,post_calibration
47,4,3,4,60,1,1,1,0.5020642280578613,0.5020642280578613,0.49793577194213867,0.5020642280578613,3,5,3,post_calibration
47,5,3,5,60,1,0,0,0.5030151605606079,0.5030151605606079,0.5030151605606079,0.4969848096370697,3,5,3,post_calibration
47,6,3,7,60,0,0,1,0.5019823312759399,0.5019823312759399,0.5019823312759399,0.49801766872406006,3,5,3,post_calibration
47,7,3,8,60,0,1,0,0.5024504065513611,0.5024504065513611,0.4975495934486389,0.5024504065513611,3,5,3,post_calibration
47,8,3,9,60,0,1,0,0.5070937275886536,0.5070937275886536,0.49290624260902405,0.5070937275886536,3,5,3,post_calibration
47,9,3,10,60,1,1,1,0.5040054321289062,0.5040054321289062,0.49599456787109375,0.5040054321289062,3,5,3,post_calibration
47,10,3,11,60,1,1,1,0.5058925747871399,0.5058925747871399,0.4941074848175049,0.5058925747871399,3,5,3,post_calibration
47,11,3,12,60,1,0,0,0.5032761693000793,0.5032761693000793,0.5032761693000793,0.49672383069992065,3,5,3,post_calibration
47,12,3,13,60,0,1,0,0.5050761699676514,0.5050761699676514,0.49492380023002625,0.5050761699676514,3,5,3,post_calibration
47,13,3,14,60,0,1,0,0.5024065375328064,0.5024065375328064,0.49759340286254883,0.5024065375328064,3,5,3,post_calibration
47,14,3,15,60,1,1,1,0.5046476125717163,0.5046476125717163,0.4953523576259613,0.5046476125717163,3,5,3,post_calibration
48,0,3,0,60,1,1,1,0.5026006102561951,0.5026006102561951,0.49739935994148254,0.5026006102561951,3,6,3,zero_shot_paired
48,1,3,1,60,1,1,1,0.5032979249954224,0.5032979249954224,0.4967021048069,0.5032979249954224,3,6,3,zero_shot_paired
48,2,3,2,60,1,1,1,0.5004153847694397,0.5004153847694397,0.4995845854282379,0.5004153847694397,3,6,3,zero_shot_paired
48,3,3,3,60,0,1,0,0.5032703280448914,0.5032703280448914,0.49672967195510864,0.5032703280448914,3,6,3,zero_shot_paired
48,4,3,4,60,1,1,1,0.502326488494873,0.502326488494873,0.49767348170280457,0.502326488494873,3,6,3,zero_shot_paired
48,5,3,5,60,1,0,0,0.5026409029960632,0.5026409029960632,0.5026409029960632,0.49735909700393677,3,6,3,zero_shot_paired
48,6,3,6,60,1,1,1,0.500612199306488,0.500612199306488,0.49938780069351196,0.500612199306488,3,6,3,zero_shot_paired
48,7,3,7,60,0,0,1,0.501829981803894,0.501829981803894,0.501829981803894,0.49816998839378357,3,6,3,zero_shot_paired
48,8,3,8,60,0,1,0,0.5028859376907349,0.5028859376907349,0.4971140921115875,0.5028859376907349,3,6,3,zero_shot_paired
48,9,3,9,60,0,1,0,0.5073534846305847,0.5073534846305847,0.4926464855670929,0.5073534846305847,3,6,3,zero_shot_paired
48,10,3,11,60,1,1,1,0.5062699913978577,0.5062699913978577,0.49372997879981995,0.5062699913978577,3,6,3,zero_shot_paired
48,11,3,14,60,0,1,0,0.5027104020118713,0.5027104020118713,0.49728962779045105,0.5027104020118713,3,6,3,zero_shot_paired
48,12,3,15,60,1,1,1,0.5049384832382202,0.5049384832382202,0.4950615167617798,0.5049384832382202,3,6,3,zero_shot_paired
48,13,3,16,60,0,1,0,0.5026788711547852,0.5026788711547852,0.49732115864753723,0.5026788711547852,3,6,3,zero_shot_paired
48,14,3,17,60,0,0,1,0.5014133453369141,0.5014133453369141,0.5014133453369141,0.49858662486076355,3,6,3,zero_shot_paired
48,0,3,0,60,1,1,1,0.5030803084373474,0.5030803084373474,0.4969196915626526,0.5030803084373474,3,6,3,post_calibration
48,1,3,1,60,1,1,1,0.5035949349403381,0.5035949349403381,0.49640506505966187,0.5035949349403381,3,6,3,post_calibration
48,2,3,2,60,1,1,1,0.5008624196052551,0.5008624196052551,0.4991375505924225,0.5008624196052551,3,6,3,post_calibration
48,3,3,3,60,0,1,0,0.5037489533424377,0.5037489533424377,0.49625107645988464,0.5037489533424377,3,6,3,post_calibration
48,4,3,4,60,1,1,1,0.5027514696121216,0.5027514696121216,0.4972485899925232,0.5027514696121216,3,6,3,post_calibration
48,5,3,5,60,1,0,0,0.502221405506134,0.502221405506134,0.502221405506134,0.49777862429618835,3,6,3,post_calibration
48,6,3,6,60,1,1,1,0.5010055899620056,0.5010055899620056,0.4989944398403168,0.5010055899620056,3,6,3,post_calibration
48,7,3,7,60,0,0,1,0.501517653465271,0.501517653465271,0.501517653465271,0.498482346534729,3,6,3,post_calibration
48,8,3,8,60,0,1,0,0.5033622980117798,0.5033622980117798,0.4966377019882202,0.5033622980117798,3,6,3,post_calibration
48,9,3,9,60,0,1,0,0.5080161094665527,0.5080161094665527,0.49198389053344727,0.5080161094665527,3,6,3,post_calibration
48,10,3,11,60,1,1,1,0.5069143772125244,0.5069143772125244,0.4930856227874756,0.5069143772125244,3,6,3,post_calibration
48,11,3,14,60,0,1,0,0.5029453635215759,0.5029453635215759,0.4970546066761017,0.5029453635215759,3,6,3,post_calibration
48,12,3,15,60,1,1,1,0.5054981708526611,0.5054981708526611,0.4945017695426941,0.5054981708526611,3,6,3,post_calibration
48,13,3,16,60,0,1,0,0.5030736923217773,0.5030736923217773,0.49692630767822266,0.5030736923217773,3,6,3,post_calibration
48,14,3,17,60,0,0,1,0.5010985136032104,0.5010985136032104,0.5010985136032104,0.49890148639678955,3,6,3,post_calibration
49,0,3,0,60,1,1,1,0.5026006102561951,0.5026006102561951,0.49739935994148254,0.5026006102561951,3,1,6,zero_shot_paired
49,1,3,1,60,1,1,1,0.5032979249954224,0.5032979249954224,0.4967021048069,0.5032979249954224,3,1,6,zero_shot_paired
49,2,3,3,60,0,1,0,0.5032703280448914,0.5032703280448914,0.49672967195510864,0.5032703280448914,3,1,6,zero_shot_paired
49,3,3,4,60,1,1,1,0.502326488494873,0.502326488494873,0.49767348170280457,0.502326488494873,3,1,6,zero_shot_paired
49,4,3,5,60,1,0,0,0.5026409029960632,0.5026409029960632,0.5026409029960632,0.49735909700393677,3,1,6,zero_shot_paired
49,5,3,6,60,1,1,1,0.500612199306488,0.500612199306488,0.49938780069351196,0.500612199306488,3,1,6,zero_shot_paired
49,6,3,7,60,0,0,1,0.501829981803894,0.501829981803894,0.501829981803894,0.49816998839378357,3,1,6,zero_shot_paired
49,7,3,8,60,0,1,0,0.5028859376907349,0.5028859376907349,0.4971140921115875,0.5028859376907349,3,1,6,zero_shot_paired
49,8,3,11,60,1,1,1,0.5062699913978577,0.5062699913978577,0.49372997879981995,0.5062699913978577,3,1,6,zero_shot_paired
49,9,3,13,60,0,1,0,0.5051298141479492,0.5051298141479492,0.4948701560497284,0.5051298141479492,3,1,6,zero_shot_paired
49,10,3,15,60,1,1,1,0.5049384832382202,0.5049384832382202,0.4950615167617798,0.5049384832382202,3,1,6,zero_shot_paired
49,11,3,16,60,0,1,0,0.5026788711547852,0.5026788711547852,0.49732115864753723,0.5026788711547852,3,1,6,zero_shot_paired
49,0,3,0,60,1,1,1,0.5027568340301514,0.5027568340301514,0.49724316596984863,0.5027568340301514,3,1,6,post_calibration
49,1,3,1,60,1,1,1,0.5034573674201965,0.5034573674201965,0.49654263257980347,0.5034573674201965,3,1,6,post_calibration
49,2,3,3,60,0,1,0,0.5033208727836609,0.5033208727836609,0.4966791570186615,0.5033208727836609,3,1,6,post_calibration
49,3,3,4,60,1,1,1,0.5025266408920288,0.5025266408920288,0.4974733889102936,0.5025266408920288,3,1,6,post_calibration
49,4,3,5,60,1,0,0,0.5023787021636963,0.5023787021636963,0.5023787021636963,0.4976212978363037,3,1,6,post_calibration
49,5,3,6,60,1,1,1,0.5006536841392517,0.5006536841392517,0.4993463158607483,0.5006536841392517,3,1,6,post_calibration
49,6,3,7,60,0,0,1,0.5020540952682495,0.5020540952682495,0.5020540952682495,0.4979459047317505,3,1,6,post_calibration
49,7,3,8,60,0,1,0,0.5028188824653625,0.5028188824653625,0.49718108773231506,0.5028188824653625,3,1,6,post_calibration
49,8,3,11,60,1,1,1,0.5060049295425415,0.5060049295425415,0.4939950704574585,0.5060049295425415,3,1,6,post_calibration
49,9,3,13,60,0,1,0,0.5052520632743835,0.5052520632743835,0.49474790692329407,0.5052520632743835,3,1,6,post_calibration
49,10,3,15,60,1,1,1,0.5047041177749634,0.5047041177749634,0.495295912027359,0.5047041177749634,3,1,6,post_calibration
49,11,3,16,60,0,1,0,0.5030028820037842,0.5030028820037842,0.49699708819389343,0.5030028820037842,3,1,6,post_calibration
50,0,3,0,60,1,1,1,0.5026006102561951,0.5026006102561951,0.49739935994148254,0.5026006102561951,3,2,6,zero_shot_paired
50,1,3,2,60,1,1,1,0.5004153847694397,0.5004153847694397,0.4995845854282379,0.5004153847694397,3,2,6,zero_shot_paired
50,2,3,4,60,1,1,1,0.502326488494873,0.502326488494873,0.49767348170280457,0.502326488494873,3,2,6,zero_shot_paired
50,3,3,7,60,0,0,1,0.501829981803894,0.501829981803894,0.501829981803894,0.49816998839378357,3,2,6,zero_shot_paired
50,4,3,8,60,0,1,0,0.5028859376907349,0.5028859376907349,0.4971140921115875,0.5028859376907349,3,2,6,zero_shot_paired
50,5,3,9,60,0,1,0,0.5073534846305847,0.5073534846305847,0.4926464855670929,0.5073534846305847,3,2,6,zero_shot_paired
50,6,3,10,60,1,1,1,0.5044103264808655,0.5044103264808655,0.4955896735191345,0.5044103264808655,3,2,6,zero_shot_paired
50,7,3,11,60,1,1,1,0.5062699913978577,0.5062699913978577,0.49372997879981995,0.5062699913978577,3,2,6,zero_shot_paired
50,8,3,12,60,1,0,0,0.5030444860458374,0.5030444860458374,0.5030444860458374,0.4969554841518402,3,2,6,zero_shot_paired
50,9,3,14,60,0,1,0,0.5027104020118713,0.5027104020118713,0.49728962779045105,0.5027104020118713,3,2,6,zero_shot_paired
50,10,3,15,60,1,1,1,0.5049384832382202,0.5049384832382202,0.4950615167617798,0.5049384832382202,3,2,6,zero_shot_paired
50,11,3,17,60,0,0,1,0.5014133453369141,0.5014133453369141,0.5014133453369141,0.49858662486076355,3,2,6,zero_shot_paired
50,0,3,0,60,1,1,1,0.5033259391784668,0.5033259391784668,0.4966740906238556,0.5033259391784668,3,2,6,post_calibration
50,1,3,2,60,1,1,1,0.5013634562492371,0.5013634562492371,0.4986365735530853,0.5013634562492371,3,2,6,post_calibration
50,2,3,4,60,1,1,1,0.5031384229660034,0.5031384229660034,0.4968615174293518,0.5031384229660034,3,2,6,post_calibration
50,3,3,7,60,0,0,1,0.5009850263595581,0.5009850263595581,0.5009850263595581,0.4990149438381195,3,2,6,post_calibration
50,4,3,8,60,0,1,0,0.5037523508071899,0.5037523508071899,0.49624764919281006,0.5037523508071899,3,2,6,post_calibration
50,5,3,9,60,0,1,0,0.5078067183494568,0.5078067183494568,0.4921932816505432,0.5078067183494568,3,2,6,post_calibration
50,6,3,10,60,1,1,1,0.505183219909668,0.505183219909668,0.4948168098926544,0.505183219909668,3,2,6,post_calibration
50,7,3,11,60,1,1,1,0.5071691274642944,0.5071691274642944,0.49283087253570557,0.5071691274642944,3,2,6,post_calibration
50,8,3,12,60,1,0,0,0.5020476579666138,0.5020476579666138,0.5020476579666138,0.4979523718357086,3,2,6,post_calibration
50,9,3,14,60,0,1,0,0.5031347870826721,0.5031347870826721,0.49686524271965027,0.5031347870826721,3,2,6,post_calibration
50,10,3,15,60,1,1,1,0.5056858062744141,0.5056858062744141,0.4943142235279083,0.5056858062744141,3,2,6,post_calibration
50,11,3,17,60,0,0,1,0.5011241436004639,0.5011241436004639,0.5011241436004639,0.49887582659721375,3,2,6,post_calibration
51,0,3,1,60,1,1,1,0.5032979249954224,0.5032979249954224,0.4967021048069,0.5032979249954224,3,3,6,zero_shot_paired
51,1,3,2,60,1,1,1,0.5004153847694397,0.5004153847694397,0.4995845854282379,0.5004153847694397,3,3,6,zero_shot_paired
51,2,3,3,60,0,1,0,0.5032703280448914,0.5032703280448914,0.49672967195510864,0.5032703280448914,3,3,6,zero_shot_paired
51,3,3,5,60,1,0,0,0.5026409029960632,0.5026409029960632,0.5026409029960632,0.49735909700393677,3,3,6,zero_shot_paired
51,4,3,6,60,1,1,1,0.500612199306488,0.500612199306488,0.49938780069351196,0.500612199306488,3,3,6,zero_shot_paired
51,5,3,9,60,0,1,0,0.5073534846305847,0.5073534846305847,0.4926464855670929,0.5073534846305847,3,3,6,zero_shot_paired
51,6,3,10,60,1,1,1,0.5044103264808655,0.5044103264808655,0.4955896735191345,0.5044103264808655,3,3,6,zero_shot_paired
51,7,3,12,60,1,0,0,0.5030444860458374,0.5030444860458374,0.5030444860458374,0.4969554841518402,3,3,6,zero_shot_paired
51,8,3,13,60,0,1,0,0.5051298141479492,0.5051298141479492,0.4948701560497284,0.5051298141479492,3,3,6,zero_shot_paired
51,9,3,14,60,0,1,0,0.5027104020118713,0.5027104020118713,0.49728962779045105,0.5027104020118713,3,3,6,zero_shot_paired
51,10,3,16,60,0,1,0,0.5026788711547852,0.5026788711547852,0.49732115864753723,0.5026788711547852,3,3,6,zero_shot_paired
51,11,3,17,60,0,0,1,0.5014133453369141,0.5014133453369141,0.5014133453369141,0.49858662486076355,3,3,6,zero_shot_paired
51,0,3,1,60,1,1,1,0.5041066408157349,0.5041066408157349,0.49589332938194275,0.5041066408157349,3,3,6,post_calibration
51,1,3,2,60,1,1,1,0.501142144203186,0.501142144203186,0.49885785579681396,0.501142144203186,3,3,6,post_calibration
51,2,3,3,60,0,1,0,0.5040177702903748,0.5040177702903748,0.49598219990730286,0.5040177702903748,3,3,6,post_calibration
51,3,3,5,60,1,0,0,0.5016977787017822,0.5016977787017822,0.5016977787017822,0.4983022212982178,3,3,6,post_calibration
51,4,3,6,60,1,1,1,0.5014261603355408,0.5014261603355408,0.49857383966445923,0.5014261603355408,3,3,6,post_calibration
51,5,3,9,60,0,1,0,0.5078480243682861,0.5078480243682861,0.49215197563171387,0.5078480243682861,3,3,6,post_calibration
51,6,3,10,60,1,1,1,0.5051996111869812,0.5051996111869812,0.4948003590106964,0.5051996111869812,3,3,6,post_calibration
51,7,3,12,60,1,0,0,0.5020686984062195,0.5020686984062195,0.5020686984062195,0.4979313313961029,3,3,6,post_calibration
51,8,3,13,60,0,1,0,0.5060817003250122,0.5060817003250122,0.4939183294773102,0.5060817003250122,3,3,6,post_calibration
51,9,3,14,60,0,1,0,0.5034963488578796,0.5034963488578796,0.4965035915374756,0.5034963488578796,3,3,6,post_calibration
51,10,3,16,60,0,1,0,0.5038647055625916,0.5038647055625916,0.49613529443740845,0.5038647055625916,3,3,6,post_calibration
51,11,3,17,60,0,0,1,0.5006034970283508,0.5006034970283508,0.5006034970283508,0.49939653277397156,3,3,6,post_calibration
52,0,3,0,60,1,1,1,0.5026006698608398,0.5026006698608398,0.49739930033683777,0.5026006698608398,3,1,9,zero_shot_paired
52,1,3,3,60,0,1,0,0.5032703280448914,0.5032703280448914,0.4967297315597534,0.5032703280448914,3,1,9,zero_shot_paired
52,2,3,5,60,1,0,0,0.5026409029960632,0.5026409029960632,0.5026409029960632,0.49735912680625916,3,1,9,zero_shot_paired
52,3,3,9,60,0,1,0,0.5073535442352295,0.5073535442352295,0.4926464855670929,0.5073535442352295,3,1,9,zero_shot_paired
52,4,3,10,60,1,1,1,0.5044103264808655,0.5044103264808655,0.49558964371681213,0.5044103264808655,3,1,9,zero_shot_paired
52,5,3,11,60,1,1,1,0.5062700510025024,0.5062700510025024,0.49372994899749756,0.5062700510025024,3,1,9,zero_shot_paired
52,6,3,13,60,0,1,0,0.5051296949386597,0.5051296949386597,0.4948703348636627,0.5051296949386597,3,1,9,zero_shot_paired
52,7,3,15,60,1,1,1,0.5049386620521545,0.5049386620521545,0.4950612783432007,0.5049386620521545,3,1,9,zero_shot_paired
52,8,3,17,60,0,0,1,0.5014131665229797,0.5014131665229797,0.5014131665229797,0.49858686327934265,3,1,9,zero_shot_paired
52,0,3,0,60,1,1,1,0.5028448104858398,0.5028448104858398,0.49715521931648254,0.5028448104858398,3,1,9,post_calibration
52,1,3,3,60,0,1,0,0.5039070248603821,0.5039070248603821,0.49609294533729553,0.5039070248603821,3,1,9,post_calibration
52,2,3,5,60,1,0,0,0.5021992325782776,0.5021992325782776,0.5021992325782776,0.4978007674217224,3,1,9,post_calibration
52,3,3,9,60,0,1,0,0.5075898170471191,0.5075898170471191,0.49241015315055847,0.5075898170471191,3,1,9,post_calibration
52,4,3,10,60,1,1,1,0.5044175982475281,0.5044175982475281,0.4955824315547943,0.5044175982475281,3,1,9,post_calibration
52,5,3,11,60,1,1,1,0.5062788724899292,0.5062788724899292,0.493721067905426,0.5062788724899292,3,1,9,post_calibration
52,6,3,13,60,0,1,0,0.505258321762085,0.505258321762085,0.4947417080402374,0.505258321762085,3,1,9,post_calibration
52,7,3,15,60,1,1,1,0.505064070224762,0.505064070224762,0.49493592977523804,0.505064070224762,3,1,9,post_calibration
52,8,3,17,60,0,0,1,0.501280665397644,0.501280665397644,0.501280665397644,0.49871933460235596,3,1,9,post_calibration
53,0,3,1,60,1,1,1,0.503297746181488,0.503297746181488,0.49670225381851196,0.503297746181488,3,2,9,zero_shot_paired
53,1,3,2,60,1,1,1,0.5004153251647949,0.5004153251647949,0.49958470463752747,0.5004153251647949,3,2,9,zero_shot_paired
53,2,3,4,60,1,1,1,0.5023263692855835,0.5023263692855835,0.4976736605167389,0.5023263692855835,3,2,9,zero_shot_paired
53,3,3,6,60,1,1,1,0.5006123781204224,0.5006123781204224,0.49938762187957764,0.5006123781204224,3,2,9,zero_shot_paired
53,4,3,7,60,0,0,1,0.501829981803894,0.501829981803894,0.501829981803894,0.49817001819610596,3,2,9,zero_shot_paired
53,5,3,8,60,0,1,0,0.5028859376907349,0.5028859376907349,0.4971140921115875,0.5028859376907349,3,2,9,zero_shot_paired
53,6,3,12,60,1,0,0,0.5030444860458374,0.5030444860458374,0.5030444860458374,0.4969554841518402,3,2,9,zero_shot_paired
53,7,3,14,60,0,1,0,0.5027104020118713,0.5027104020118713,0.49728962779045105,0.5027104020118713,3,2,9,zero_shot_paired
53,8,3,16,60,0,1,0,0.5026789307594299,0.5026789307594299,0.49732106924057007,0.5026789307594299,3,2,9,zero_shot_paired
53,0,3,1,60,1,1,1,0.5038860440254211,0.5038860440254211,0.49611392617225647,0.5038860440254211,3,2,9,post_calibration
53,1,3,2,60,1,1,1,0.5009053945541382,0.5009053945541382,0.49909454584121704,0.5009053945541382,3,2,9,post_calibration
53,2,3,4,60,1,1,1,0.5030989050865173,0.5030989050865173,0.4969010353088379,0.5030989050865173,3,2,9,post_calibration
53,3,3,6,60,1,1,1,0.5008389353752136,0.5008389353752136,0.49916112422943115,0.5008389353752136,3,2,9,post_calibration
53,4,3,7,60,0,0,1,0.5015985369682312,0.5015985369682312,0.5015985369682312,0.498401403427124,3,2,9,post_calibration
53,5,3,8,60,0,1,0,0.5032601356506348,0.5032601356506348,0.49673986434936523,0.5032601356506348,3,2,9,post_calibration
53,6,3,12,60,1,0,0,0.5023874044418335,0.5023874044418335,0.5023874044418335,0.4976125955581665,3,2,9,post_calibration
53,7,3,14,60,0,1,0,0.5032274723052979,0.5032274723052979,0.4967724680900574,0.5032274723052979,3,2,9,post_calibration
53,8,3,16,60,0,1,0,0.5029994249343872,0.5029994249343872,0.4970006048679352,0.5029994249343872,3,2,9,post_calibration
54,0,3,2,60,1,1,1,0.500417172908783,0.500417172908783,0.49958282709121704,0.500417172908783,3,1,12,zero_shot_paired
54,1,3,5,60,1,0,0,0.5026413202285767,0.5026413202285767,0.5026413202285767,0.4973587095737457,3,1,12,zero_shot_paired
54,2,3,8,60,0,1,0,0.5028877854347229,0.5028877854347229,0.4971122145652771,0.5028877854347229,3,1,12,zero_shot_paired
54,3,3,12,60,1,0,0,0.503044843673706,0.503044843673706,0.503044843673706,0.49695515632629395,3,1,12,zero_shot_paired
54,4,3,13,60,0,1,0,0.5051287412643433,0.5051287412643433,0.4948713183403015,0.5051287412643433,3,1,12,zero_shot_paired
54,5,3,17,60,0,0,1,0.5014142394065857,0.5014142394065857,0.5014142394065857,0.4985857903957367,3,1,12,zero_shot_paired
54,0,3,2,60,1,1,1,0.5012101531028748,0.5012101531028748,0.49878984689712524,0.5012101531028748,3,1,12,post_calibration
54,1,3,5,60,1,0,0,0.5025196671485901,0.5025196671485901,0.5025196671485901,0.4974803030490875,3,1,12,post_calibration
54,2,3,8,60,0,1,0,0.5037614107131958,0.5037614107131958,0.4962386190891266,0.5037614107131958,3,1,12,post_calibration
54,3,3,12,60,1,0,0,0.5027787685394287,0.5027787685394287,0.5027787685394287,0.4972212314605713,3,1,12,post_calibration
54,4,3,13,60,0,1,0,0.5064042806625366,0.5064042806625366,0.493595689535141,0.5064042806625366,3,1,12,post_calibration
54,5,3,17,60,0,0,1,0.5012015700340271,0.5012015700340271,0.5012015700340271,0.4987983703613281,3,1,12,post_calibration
55,0,3,0,60,1,1,1,0.5026010274887085,0.5026010274887085,0.4973989427089691,0.5026010274887085,3,2,12,zero_shot_paired
55,1,3,5,60,1,0,0,0.5026413202285767,0.5026413202285767,0.5026413202285767,0.4973587095737457,3,2,12,zero_shot_paired
55,2,3,6,60,1,1,1,0.5006126761436462,0.5006126761436462,0.49938732385635376,0.5006126761436462,3,2,12,zero_shot_paired
55,3,3,7,60,0,0,1,0.5018315315246582,0.5018315315246582,0.5018315315246582,0.4981684982776642,3,2,12,zero_shot_paired
55,4,3,9,60,0,1,0,0.5073536038398743,0.5073536038398743,0.49264636635780334,0.5073536038398743,3,2,12,zero_shot_paired
55,5,3,14,60,0,1,0,0.5027074813842773,0.5027074813842773,0.49729254841804504,0.5027074813842773,3,2,12,zero_shot_paired
55,0,3,0,60,1,1,1,0.5026480555534363,0.5026480555534363,0.4973519742488861,0.5026480555534363,3,2,12,post_calibration
55,1,3,5,60,1,0,0,0.5026504397392273,0.5026504397392273,0.5026504397392273,0.49734950065612793,3,2,12,post_calibration
55,2,3,6,60,1,1,1,0.5006993412971497,0.5006993412971497,0.49930065870285034,0.5006993412971497,3,2,12,post_calibration
55,3,3,7,60,0,0,1,0.5018723011016846,0.5018723011016846,0.5018723011016846,0.49812769889831543,3,2,12,post_calibration
55,4,3,9,60,0,1,0,0.5078149437904358,0.5078149437904358,0.4921850264072418,0.5078149437904358,3,2,12,post_calibration
55,5,3,14,60,0,1,0,0.5031236410140991,0.5031236410140991,0.4968763589859009,0.5031236410140991,3,2,12,post_calibration
56,0,3,4,60,1,1,1,0.5023280382156372,0.5023280382156372,0.4976719319820404,0.5023280382156372,3,3,12,zero_shot_paired
56,1,3,8,60,0,1,0,0.5028877854347229,0.5028877854347229,0.4971122145652771,0.5028877854347229,3,3,12,zero_shot_paired
56,2,3,9,60,0,1,0,0.5073536038398743,0.5073536038398743,0.49264636635780334,0.5073536038398743,3,3,12,zero_shot_paired
56,3,3,11,60,1,1,1,0.5062705874443054,0.5062705874443054,0.49372944235801697,0.5062705874443054,3,3,12,zero_shot_paired
56,4,3,13,60,0,1,0,0.5051287412643433,0.5051287412643433,0.4948713183403015,0.5051287412643433,3,3,12,zero_shot_paired
56,5,3,15,60,1,1,1,0.5049381852149963,0.5049381852149963,0.49506181478500366,0.5049381852149963,3,3,12,zero_shot_paired
56,0,3,4,60,1,1,1,0.5036056041717529,0.5036056041717529,0.49639442563056946,0.5036056041717529,3,3,12,post_calibration
56,1,3,8,60,0,1,0,0.5034916996955872,0.5034916996955872,0.49650827050209045,0.5034916996955872,3,3,12,post_calibration
56,2,3,9,60,0,1,0,0.5078796744346619,0.5078796744346619,0.4921203553676605,0.5078796744346619,3,3,12,post_calibration
56,3,3,11,60,1,1,1,0.5070623159408569,0.5070623159408569,0.4929376244544983,0.5070623159408569,3,3,12,post_calibration
56,4,3,13,60,0,1,0,0.5066876411437988,0.5066876411437988,0.4933123290538788,0.5066876411437988,3,3,12,post_calibration
56,5,3,15,60,1,1,1,0.5055229067802429,0.5055229067802429,0.4944770336151123,0.5055229067802429,3,3,12,post_calibration
