fold,trial_index,subject_id,trial_id,n_windows,y_true,y_pred,correct,p_pred,confidence,p_class_0,p_class_1,target_subject,calibration_fold,calibration_shots,stage
1,0,0,0,60,1,1,1,0.500625729560852,0.500625729560852,0.49937424063682556,0.500625729560852,0,,,zero_shot_all_trials
1,1,0,1,60,1,0,0,0.5071832537651062,0.5071832537651062,0.5071832537651062,0.4928167164325714,0,,,zero_shot_all_trials
1,2,0,2,60,1,0,0,0.5080603957176208,0.5080603957176208,0.5080603957176208,0.49193957448005676,0,,,zero_shot_all_trials
1,3,0,3,60,1,0,0,0.5061682462692261,0.5061682462692261,0.5061682462692261,0.49383172392845154,0,,,zero_shot_all_trials
1,4,0,4,60,1,1,1,0.5021131038665771,0.5021131038665771,0.49788692593574524,0.5021131038665771,0,,,zero_shot_all_trials
1,5,0,5,60,0,0,1,0.5051195025444031,0.5051195025444031,0.5051195025444031,0.4948804974555969,0,,,zero_shot_all_trials
1,6,0,6,60,1,1,1,0.5003231763839722,0.5003231763839722,0.4996768832206726,0.5003231763839722,0,,,zero_shot_all_trials
1,7,0,7,60,0,0,1,0.5031728148460388,0.5031728148460388,0.5031728148460388,0.4968271851539612,0,,,zero_shot_all_trials
1,8,0,8,60,0,0,1,0.5021126866340637,0.5021126866340637,0.5021126866340637,0.49788734316825867,0,,,zero_shot_all_trials
1,9,0,9,60,1,1,1,0.5023689270019531,0.5023689270019531,0.4976310431957245,0.5023689270019531,0,,,zero_shot_all_trials
1,10,0,10,60,0,0,1,0.5035278797149658,0.5035278797149658,0.5035278797149658,0.4964721202850342,0,,,zero_shot_all_trials
1,11,0,11,60,1,1,1,0.5037863850593567,0.5037863850593567,0.49621355533599854,0.5037863850593567,0,,,zero_shot_all_trials
1,12,0,12,60,1,1,1,0.5031906366348267,0.5031906366348267,0.49680936336517334,0.5031906366348267,0,,,zero_shot_all_trials
1,13,0,13,60,0,0,1,0.5007591843605042,0.5007591843605042,0.5007591843605042,0.49924081563949585,0,,,zero_shot_all_trials
1,14,0,14,60,1,1,1,0.5018176436424255,0.5018176436424255,0.49818235635757446,0.5018176436424255,0,,,zero_shot_all_trials
1,15,0,15,60,0,0,1,0.5030516982078552,0.5030516982078552,0.5030516982078552,0.4969483017921448,0,,,zero_shot_all_trials
1,16,0,16,60,0,0,1,0.5069375038146973,0.5069375038146973,0.5069375038146973,0.49306249618530273,0,,,zero_shot_all_trials
1,17,0,17,60,1,0,0,0.5023700594902039,0.5023700594902039,0.5023700594902039,0.49762997031211853,0,,,zero_shot_all_trials
1,0,0,0,60,1,1,1,0.500625729560852,0.500625729560852,0.49937430024147034,0.500625729560852,0,1,3,zero_shot_paired
1,1,0,1,60,1,0,0,0.5071832537651062,0.5071832537651062,0.5071832537651062,0.4928167164325714,0,1,3,zero_shot_paired
1,2,0,2,60,1,0,0,0.5080604553222656,0.5080604553222656,0.5080604553222656,0.4919395446777344,0,1,3,zero_shot_paired
1,3,0,3,60,1,0,0,0.5061683058738708,0.5061683058738708,0.5061683058738708,0.49383172392845154,0,1,3,zero_shot_paired
1,4,0,5,60,0,0,1,0.5051198601722717,0.5051198601722717,0.5051198601722717,0.49488016963005066,0,1,3,zero_shot_paired
1,5,0,6,60,1,1,1,0.5003229379653931,0.5003229379653931,0.49967700242996216,0.5003229379653931,0,1,3,zero_shot_paired
1,6,0,7,60,0,0,1,0.5031729340553284,0.5031729340553284,0.5031729340553284,0.49682706594467163,0,1,3,zero_shot_paired
1,7,0,8,60,0,0,1,0.5021127462387085,0.5021127462387085,0.5021127462387085,0.4978872835636139,0,1,3,zero_shot_paired
1,8,0,10,60,0,0,1,0.5035279393196106,0.5035279393196106,0.5035279393196106,0.4964720904827118,0,1,3,zero_shot_paired
1,9,0,11,60,1,1,1,0.5037864446640015,0.5037864446640015,0.49621355533599854,0.5037864446640015,0,1,3,zero_shot_paired
1,10,0,12,60,1,1,1,0.5031907558441162,0.5031907558441162,0.496809184551239,0.5031907558441162,0,1,3,zero_shot_paired
1,11,0,14,60,1,1,1,0.5018177628517151,0.5018177628517151,0.4981822371482849,0.5018177628517151,0,1,3,zero_shot_paired
1,12,0,15,60,0,0,1,0.5030515789985657,0.5030515789985657,0.5030515789985657,0.4969484210014343,0,1,3,zero_shot_paired
1,13,0,16,60,0,0,1,0.5069376230239868,0.5069376230239868,0.5069376230239868,0.4930623769760132,0,1,3,zero_shot_paired
1,14,0,17,60,1,0,0,0.5023700594902039,0.5023700594902039,0.5023700594902039,0.49762994050979614,0,1,3,zero_shot_paired
1,0,0,0,60,1,1,1,0.5010719895362854,0.5010719895362854,0.4989280104637146,0.5010719895362854,0,1,3,post_calibration
1,1,0,1,60,1,0,0,0.5069915056228638,0.5069915056228638,0.5069915056228638,0.4930085241794586,0,1,3,post_calibration
1,2,0,2,60,1,0,0,0.5075956583023071,0.5075956583023071,0.5075956583023071,0.4924043118953705,0,1,3,post_calibration
1,3,0,3,60,1,0,0,0.5063351392745972,0.5063351392745972,0.5063351392745972,0.49366483092308044,0,1,3,post_calibration
1,4,0,5,60,0,0,1,0.5047783851623535,0.5047783851623535,0.5047783851623535,0.4952215850353241,0,1,3,post_calibration
1,5,0,6,60,1,1,1,0.5004743337631226,0.5004743337631226,0.49952566623687744,0.5004743337631226,0,1,3,post_calibration
1,6,0,7,60,0,0,1,0.5032054781913757,0.5032054781913757,0.5032054781913757,0.49679452180862427,0,1,3,post_calibration
1,7,0,8,60,0,0,1,0.5019715428352356,0.5019715428352356,0.5019715428352356,0.498028427362442,0,1,3,post_calibration
1,8,0,10,60,0,0,1,0.5033054351806641,0.5033054351806641,0.5033054351806641,0.49669453501701355,0,1,3,post_calibration
1,9,0,11,60,1,1,1,0.5040174722671509,0.5040174722671509,0.4959825277328491,0.5040174722671509,0,1,3,post_calibration
1,10,0,12,60,1,1,1,0.5038241147994995,0.5038241147994995,0.4961758553981781,0.5038241147994995,0,1,3,post_calibration
1,11,0,14,60,1,1,1,0.501970112323761,0.501970112323761,0.498029887676239,0.501970112323761,0,1,3,post_calibration
1,12,0,15,60,0,0,1,0.5032873749732971,0.5032873749732971,0.5032873749732971,0.49671265482902527,0,1,3,post_calibration
1,13,0,16,60,0,0,1,0.506455659866333,0.506455659866333,0.506455659866333,0.49354439973831177,0,1,3,post_calibration
1,14,0,17,60,1,0,0,0.5024617314338684,0.5024617314338684,0.5024617314338684,0.4975382685661316,0,1,3,post_calibration
2,0,0,0,60,1,1,1,0.500625729560852,0.500625729560852,0.49937430024147034,0.500625729560852,0,2,3,zero_shot_paired
2,1,0,2,60,1,0,0,0.5080604553222656,0.5080604553222656,0.5080604553222656,0.4919395446777344,0,2,3,zero_shot_paired
2,2,0,3,60,1,0,0,0.5061683058738708,0.5061683058738708,0.5061683058738708,0.49383172392845154,0,2,3,zero_shot_paired
2,3,0,4,60,1,1,1,0.5021129250526428,0.5021129250526428,0.4978870451450348,0.5021129250526428,0,2,3,zero_shot_paired
2,4,0,5,60,0,0,1,0.5051198601722717,0.5051198601722717,0.5051198601722717,0.49488016963005066,0,2,3,zero_shot_paired
2,5,0,6,60,1,1,1,0.5003229379653931,0.5003229379653931,0.49967700242996216,0.5003229379653931,0,2,3,zero_shot_paired
2,6,0,7,60,0,0,1,0.5031729340553284,0.5031729340553284,0.5031729340553284,0.49682706594467163,0,2,3,zero_shot_paired
2,7,0,8,60,0,0,1,0.5021127462387085,0.5021127462387085,0.5021127462387085,0.4978872835636139,0,2,3,zero_shot_paired
2,8,0,9,60,1,1,1,0.5023689270019531,0.5023689270019531,0.4976310729980469,0.5023689270019531,0,2,3,zero_shot_paired
2,9,0,10,60,0,0,1,0.5035279393196106,0.5035279393196106,0.5035279393196106,0.4964720904827118,0,2,3,zero_shot_paired
2,10,0,12,60,1,1,1,0.5031907558441162,0.5031907558441162,0.496809184551239,0.5031907558441162,0,2,3,zero_shot_paired
2,11,0,13,60,0,0,1,0.5007591843605042,0.5007591843605042,0.5007591843605042,0.49924081563949585,0,2,3,zero_shot_paired
2,12,0,14,60,1,1,1,0.5018177628517151,0.5018177628517151,0.4981822371482849,0.5018177628517151,0,2,3,zero_shot_paired
2,13,0,16,60,0,0,1,0.5069376230239868,0.5069376230239868,0.5069376230239868,0.4930623769760132,0,2,3,zero_shot_paired
2,14,0,17,60,1,0,0,0.5023700594902039,0.5023700594902039,0.5023700594902039,0.49762994050979614,0,2,3,zero_shot_paired
2,0,0,0,60,1,1,1,0.5005941390991211,0.5005941390991211,0.4994058907032013,0.5005941390991211,0,2,3,post_calibration
2,1,0,2,60,1,0,0,0.5079209804534912,0.5079209804534912,0.5079209804534912,0.4920789897441864,0,2,3,post_calibration
2,2,0,3,60,1,0,0,0.5060014724731445,0.5060014724731445,0.5060014724731445,0.49399855732917786,0,2,3,post_calibration
2,3,0,4,60,1,1,1,0.5018300414085388,0.5018300414085388,0.4981699287891388,0.5018300414085388,0,2,3,post_calibration
2,4,0,5,60,0,0,1,0.5046945214271545,0.5046945214271545,0.5046945214271545,0.49530553817749023,0,2,3,post_calibration
2,5,0,6,60,1,0,0,0.5000417232513428,0.5000417232513428,0.5000417232513428,0.49995824694633484,0,2,3,post_calibration
2,6,0,7,60,0,0,1,0.5027731657028198,0.5027731657028198,0.5027731657028198,0.4972268342971802,0,2,3,post_calibration
2,7,0,8,60,0,0,1,0.5021319389343262,0.5021319389343262,0.5021319389343262,0.49786803126335144,0,2,3,post_calibration
2,8,0,9,60,1,1,1,0.5027745366096497,0.5027745366096497,0.49722546339035034,0.5027745366096497,0,2,3,post_calibration
2,9,0,10,60,0,0,1,0.5029064416885376,0.5029064416885376,0.5029064416885376,0.4970935583114624,0,2,3,post_calibration
2,10,0,12,60,1,1,1,0.5032973885536194,0.5032973885536194,0.4967026114463806,0.5032973885536194,0,2,3,post_calibration
2,11,0,13,60,0,0,1,0.5007558465003967,0.5007558465003967,0.5007558465003967,0.4992441236972809,0,2,3,post_calibration
2,12,0,14,60,1,1,1,0.5018631219863892,0.5018631219863892,0.49813687801361084,0.5018631219863892,0,2,3,post_calibration
2,13,0,16,60,0,0,1,0.5074106454849243,0.5074106454849243,0.5074106454849243,0.49258938431739807,0,2,3,post_calibration
2,14,0,17,60,1,0,0,0.5028955936431885,0.5028955936431885,0.5028955936431885,0.4971044063568115,0,2,3,post_calibration
3,0,0,0,60,1,1,1,0.500625729560852,0.500625729560852,0.49937430024147034,0.500625729560852,0,3,3,zero_shot_paired
3,1,0,1,60,1,0,0,0.5071832537651062,0.5071832537651062,0.5071832537651062,0.4928167164325714,0,3,3,zero_shot_paired
3,2,0,3,60,1,0,0,0.5061683058738708,0.5061683058738708,0.5061683058738708,0.49383172392845154,0,3,3,zero_shot_paired
3,3,0,4,60,1,1,1,0.5021129250526428,0.5021129250526428,0.4978870451450348,0.5021129250526428,0,3,3,zero_shot_paired
3,4,0,5,60,0,0,1,0.5051198601722717,0.5051198601722717,0.5051198601722717,0.49488016963005066,0,3,3,zero_shot_paired
3,5,0,6,60,1,1,1,0.5003229379653931,0.5003229379653931,0.49967700242996216,0.5003229379653931,0,3,3,zero_shot_paired
3,6,0,7,60,0,0,1,0.5031729340553284,0.5031729340553284,0.5031729340553284,0.49682706594467163,0,3,3,zero_shot_paired
3,7,0,8,60,0,0,1,0.5021127462387085,0.5021127462387085,0.5021127462387085,0.4978872835636139,0,3,3,zero_shot_paired
3,8,0,9,60,1,1,1,0.5023689270019531,0.5023689270019531,0.4976310729980469,0.5023689270019531,0,3,3,zero_shot_paired
3,9,0,11,60,1,1,1,0.5037864446640015,0.5037864446640015,0.49621355533599854,0.5037864446640015,0,3,3,zero_shot_paired
3,10,0,12,60,1,1,1,0.5031907558441162,0.5031907558441162,0.496809184551239,0.5031907558441162,0,3,3,zero_shot_paired
3,11,0,13,60,0,0,1,0.5007591843605042,0.5007591843605042,0.5007591843605042,0.49924081563949585,0,3,3,zero_shot_paired
3,12,0,14,60,1,1,1,0.5018177628517151,0.5018177628517151,0.4981822371482849,0.5018177628517151,0,3,3,zero_shot_paired
3,13,0,15,60,0,0,1,0.5030515789985657,0.5030515789985657,0.5030515789985657,0.4969484210014343,0,3,3,zero_shot_paired
3,14,0,16,60,0,0,1,0.5069376230239868,0.5069376230239868,0.5069376230239868,0.4930623769760132,0,3,3,zero_shot_paired
3,0,0,0,60,1,1,1,0.5008023381233215,0.5008023381233215,0.49919766187667847,0.5008023381233215,0,3,3,post_calibration
3,1,0,1,60,1,0,0,0.5070918798446655,0.5070918798446655,0.5070918798446655,0.49290814995765686,0,3,3,post_calibration
3,2,0,3,60,1,0,0,0.5060749650001526,0.5060749650001526,0.5060749650001526,0.493925005197525,0,3,3,post_calibration
3,3,0,4,60,1,1,1,0.5019756555557251,0.5019756555557251,0.4980243444442749,0.5019756555557251,0,3,3,post_calibration
3,4,0,5,60,0,0,1,0.5052976012229919,0.5052976012229919,0.5052976012229919,0.49470239877700806,0,3,3,post_calibration
3,5,0,6,60,1,1,1,0.5004644989967346,0.5004644989967346,0.499535471200943,0.5004644989967346,0,3,3,post_calibration
3,6,0,7,60,0,0,1,0.5030229687690735,0.5030229687690735,0.5030229687690735,0.4969770312309265,0,3,3,post_calibration
3,7,0,8,60,0,0,1,0.5022026896476746,0.5022026896476746,0.5022026896476746,0.4977973401546478,0,3,3,post_calibration
3,8,0,9,60,1,1,1,0.5025709271430969,0.5025709271430969,0.49742910265922546,0.5025709271430969,0,3,3,post_calibration
3,9,0,11,60,1,1,1,0.503658652305603,0.503658652305603,0.496341347694397,0.503658652305603,0,3,3,post_calibration
3,10,0,12,60,1,1,1,0.5031905770301819,0.5031905770301819,0.4968094229698181,0.5031905770301819,0,3,3,post_calibration
3,11,0,13,60,0,0,1,0.5008856058120728,0.5008856058120728,0.5008856058120728,0.49911433458328247,0,3,3,post_calibration
3,12,0,14,60,1,1,1,0.5018139481544495,0.5018139481544495,0.49818605184555054,0.5018139481544495,0,3,3,post_calibration
3,13,0,15,60,0,0,1,0.5028555989265442,0.5028555989265442,0.5028555989265442,0.4971444308757782,0,3,3,post_calibration
3,14,0,16,60,0,0,1,0.5067663192749023,0.5067663192749023,0.5067663192749023,0.49323368072509766,0,3,3,post_calibration
4,0,0,1,60,1,0,0,0.5071832537651062,0.5071832537651062,0.5071832537651062,0.4928167164325714,0,4,3,zero_shot_paired
4,1,0,2,60,1,0,0,0.5080604553222656,0.5080604553222656,0.5080604553222656,0.4919395446777344,0,4,3,zero_shot_paired
4,2,0,3,60,1,0,0,0.5061683058738708,0.5061683058738708,0.5061683058738708,0.49383172392845154,0,4,3,zero_shot_paired
4,3,0,4,60,1,1,1,0.5021129250526428,0.5021129250526428,0.4978870451450348,0.5021129250526428,0,4,3,zero_shot_paired
4,4,0,5,60,0,0,1,0.5051198601722717,0.5051198601722717,0.5051198601722717,0.49488016963005066,0,4,3,zero_shot_paired
4,5,0,6,60,1,1,1,0.5003229379653931,0.5003229379653931,0.49967700242996216,0.5003229379653931,0,4,3,zero_shot_paired
4,6,0,7,60,0,0,1,0.5031729340553284,0.5031729340553284,0.5031729340553284,0.49682706594467163,0,4,3,zero_shot_paired
4,7,0,9,60,1,1,1,0.5023689270019531,0.5023689270019531,0.4976310729980469,0.5023689270019531,0,4,3,zero_shot_paired
4,8,0,10,60,0,0,1,0.5035279393196106,0.5035279393196106,0.5035279393196106,0.4964720904827118,0,4,3,zero_shot_paired
4,9,0,11,60,1,1,1,0.5037864446640015,0.5037864446640015,0.49621355533599854,0.5037864446640015,0,4,3,zero_shot_paired
4,10,0,13,60,0,0,1,0.5007591843605042,0.5007591843605042,0.5007591843605042,0.49924081563949585,0,4,3,zero_shot_paired
4,11,0,14,60,1,1,1,0.5018177628517151,0.5018177628517151,0.4981822371482849,0.5018177628517151,0,4,3,zero_shot_paired
4,12,0,15,60,0,0,1,0.5030515789985657,0.5030515789985657,0.5030515789985657,0.4969484210014343,0,4,3,zero_shot_paired
4,13,0,16,60,0,0,1,0.5069376230239868,0.5069376230239868,0.5069376230239868,0.4930623769760132,0,4,3,zero_shot_paired
4,14,0,17,60,1,0,0,0.5023700594902039,0.5023700594902039,0.5023700594902039,0.49762994050979614,0,4,3,zero_shot_paired
4,0,0,1,60,1,0,0,0.5070590376853943,0.5070590376853943,0.5070590376853943,0.4929409623146057,0,4,3,post_calibration
4,1,0,2,60,1,0,0,0.5078437328338623,0.5078437328338623,0.5078437328338623,0.4921562671661377,0,4,3,post_calibration
4,2,0,3,60,1,0,0,0.5062998533248901,0.5062998533248901,0.5062998533248901,0.49370014667510986,0,4,3,post_calibration
4,3,0,4,60,1,1,1,0.5020114779472351,0.5020114779472351,0.4979885220527649,0.5020114779472351,0,4,3,post_calibration
4,4,0,5,60,0,0,1,0.504980206489563,0.504980206489563,0.504980206489563,0.4950198233127594,0,4,3,post_calibration
4,5,0,6,60,1,1,1,0.5004869103431702,0.5004869103431702,0.4995131194591522,0.5004869103431702,0,4,3,post_calibration
4,6,0,7,60,0,0,1,0.5030953288078308,0.5030953288078308,0.5030953288078308,0.49690473079681396,0,4,3,post_calibration
4,7,0,9,60,1,1,1,0.5023901462554932,0.5023901462554932,0.4976098835468292,0.5023901462554932,0,4,3,post_calibration
4,8,0,10,60,0,0,1,0.5034893751144409,0.5034893751144409,0.5034893751144409,0.4965106248855591,0,4,3,post_calibration
4,9,0,11,60,1,1,1,0.503688633441925,0.503688633441925,0.49631133675575256,0.503688633441925,0,4,3,post_calibration
4,10,0,13,60,0,0,1,0.5006433129310608,0.5006433129310608,0.5006433129310608,0.4993566572666168,0,4,3,post_calibration
4,11,0,14,60,1,1,1,0.5017497539520264,0.5017497539520264,0.49825018644332886,0.5017497539520264,0,4,3,post_calibration
4,12,0,15,60,0,0,1,0.5031645894050598,0.5031645894050598,0.5031645894050598,0.4968354105949402,0,4,3,post_calibration
4,13,0,16,60,0,0,1,0.5067226886749268,0.5067226886749268,0.5067226886749268,0.49327731132507324,0,4,3,post_calibration
4,14,0,17,60,1,0,0,0.5020995140075684,0.5020995140075684,0.5020995140075684,0.49790048599243164,0,4,3,post_calibration
5,0,0,0,60,1,1,1,0.500625729560852,0.500625729560852,0.49937430024147034,0.500625729560852,0,5,3,zero_shot_paired
5,1,0,1,60,1,0,0,0.5071832537651062,0.5071832537651062,0.5071832537651062,0.4928167164325714,0,5,3,zero_shot_paired
5,2,0,2,60,1,0,0,0.5080604553222656,0.5080604553222656,0.5080604553222656,0.4919395446777344,0,5,3,zero_shot_paired
5,3,0,3,60,1,0,0,0.5061683058738708,0.5061683058738708,0.5061683058738708,0.49383172392845154,0,5,3,zero_shot_paired
5,4,0,4,60,1,1,1,0.5021129250526428,0.5021129250526428,0.4978870451450348,0.5021129250526428,0,5,3,zero_shot_paired
5,5,0,5,60,0,0,1,0.5051198601722717,0.5051198601722717,0.5051198601722717,0.49488016963005066,0,5,3,zero_shot_paired
5,6,0,8,60,0,0,1,0.5021127462387085,0.5021127462387085,0.5021127462387085,0.4978872835636139,0,5,3,zero_shot_paired
5,7,0,9,60,1,1,1,0.5023689270019531,0.5023689270019531,0.4976310729980469,0.5023689270019531,0,5,3,zero_shot_paired
5,8,0,10,60,0,0,1,0.5035279393196106,0.5035279393196106,0.5035279393196106,0.4964720904827118,0,5,3,zero_shot_paired
5,9,0,11,60,1,1,1,0.5037864446640015,0.5037864446640015,0.49621355533599854,0.5037864446640015,0,5,3,zero_shot_paired
5,10,0,12,60,1,1,1,0.5031907558441162,0.5031907558441162,0.496809184551239,0.5031907558441162,0,5,3,zero_shot_paired
5,11,0,13,60,0,0,1,0.5007591843605042,0.5007591843605042,0.5007591843605042,0.49924081563949585,0,5,3,zero_shot_paired
5,12,0,14,60,1,1,1,0.5018177628517151,0.5018177628517151,0.4981822371482849,0.5018177628517151,0,5,3,zero_shot_paired
5,13,0,15,60,0,0,1,0.5030515789985657,0.5030515789985657,0.5030515789985657,0.4969484210014343,0,5,3,zero_shot_paired
5,14,0,17,60,1,0,0,0.5023700594902039,0.5023700594902039,0.5023700594902039,0.49762994050979614,0,5,3,zero_shot_paired
5,0,0,0,60,1,1,1,0.5006002187728882,0.5006002187728882,0.4993997812271118,0.5006002187728882,0,5,3,post_calibration
5,1,0,1,60,1,0,0,0.5073803663253784,0.5073803663253784,0.5073803663253784,0.4926196038722992,0,5,3,post_calibration
5,2,0,2,60,1,0,0,0.5083038806915283,0.5083038806915283,0.5083038806915283,0.4916961193084717,0,5,3,post_calibration
5,3,0,3,60,1,0,0,0.5061013698577881,0.5061013698577881,0.5061013698577881,0.4938986599445343,0,5,3,post_calibration
5,4,0,4,60,1,1,1,0.5019035935401917,0.5019035935401917,0.49809643626213074,0.5019035935401917,0,5,3,post_calibration
5,5,0,5,60,0,0,1,0.5052491426467896,0.5052491426467896,0.5052491426467896,0.49475088715553284,0,5,3,post_calibration
5,6,0,8,60,0,0,1,0.5019863843917847,0.5019863843917847,0.5019863843917847,0.49801358580589294,0,5,3,post_calibration
5,7,0,9,60,1,1,1,0.5021381378173828,0.5021381378173828,0.49786192178726196,0.5021381378173828,0,5,3,post_calibration
5,8,0,10,60,0,0,1,0.503817081451416,0.503817081451416,0.503817081451416,0.49618294835090637,0,5,3,post_calibration
5,9,0,11,60,1,1,1,0.5038607120513916,0.5038607120513916,0.4961392879486084,0.5038607120513916,0,5,3,post_calibration
5,10,0,12,60,1,1,1,0.5030726194381714,0.5030726194381714,0.4969273805618286,0.5030726194381714,0,5,3,post_calibration
5,11,0,13,60,0,0,1,0.5007444024085999,0.5007444024085999,0.5007444024085999,0.4992556571960449,0,5,3,post_calibration
5,12,0,14,60,1,1,1,0.5020521879196167,0.5020521879196167,0.4979478418827057,0.5020521879196167,0,5,3,post_calibration
5,13,0,15,60,0,0,1,0.5027084350585938,0.5027084350585938,0.5027084350585938,0.49729153513908386,0,5,3,post_calibration
5,14,0,17,60,1,0,0,0.5024651288986206,0.5024651288986206,0.5024651288986206,0.497534841299057,0,5,3,post_calibration
6,0,0,0,60,1,1,1,0.500625729560852,0.500625729560852,0.49937430024147034,0.500625729560852,0,6,3,zero_shot_paired
6,1,0,1,60,1,0,0,0.5071832537651062,0.5071832537651062,0.5071832537651062,0.4928167164325714,0,6,3,zero_shot_paired
6,2,0,2,60,1,0,0,0.5080604553222656,0.5080604553222656,0.5080604553222656,0.4919395446777344,0,6,3,zero_shot_paired
6,3,0,4,60,1,1,1,0.5021129250526428,0.5021129250526428,0.4978870451450348,0.5021129250526428,0,6,3,zero_shot_paired
6,4,0,6,60,1,1,1,0.5003229379653931,0.5003229379653931,0.49967700242996216,0.5003229379653931,0,6,3,zero_shot_paired
6,5,0,7,60,0,0,1,0.5031729340553284,0.5031729340553284,0.5031729340553284,0.49682706594467163,0,6,3,zero_shot_paired
6,6,0,8,60,0,0,1,0.5021127462387085,0.5021127462387085,0.5021127462387085,0.4978872835636139,0,6,3,zero_shot_paired
6,7,0,9,60,1,1,1,0.5023689270019531,0.5023689270019531,0.4976310729980469,0.5023689270019531,0,6,3,zero_shot_paired
6,8,0,10,60,0,0,1,0.5035279393196106,0.5035279393196106,0.5035279393196106,0.4964720904827118,0,6,3,zero_shot_paired
6,9,0,11,60,1,1,1,0.5037864446640015,0.5037864446640015,0.49621355533599854,0.5037864446640015,0,6,3,zero_shot_paired
6,10,0,12,60,1,1,1,0.5031907558441162,0.5031907558441162,0.496809184551239,0.5031907558441162,0,6,3,zero_shot_paired
6,11,0,13,60,0,0,1,0.5007591843605042,0.5007591843605042,0.5007591843605042,0.49924081563949585,0,6,3,zero_shot_paired
6,12,0,15,60,0,0,1,0.5030515789985657,0.5030515789985657,0.5030515789985657,0.4969484210014343,0,6,3,zero_shot_paired
6,13,0,16,60,0,0,1,0.5069376230239868,0.5069376230239868,0.5069376230239868,0.4930623769760132,0,6,3,zero_shot_paired
6,14,0,17,60,1,0,0,0.5023700594902039,0.5023700594902039,0.5023700594902039,0.49762994050979614,0,6,3,zero_shot_paired
6,0,0,0,60,1,1,1,0.5006360411643982,0.5006360411643982,0.4993639588356018,0.5006360411643982,0,6,3,post_calibration
6,1,0,1,60,1,0,0,0.5074944496154785,0.5074944496154785,0.5074944496154785,0.4925055205821991,0,6,3,post_calibration
6,2,0,2,60,1,0,0,0.5084463953971863,0.5084463953971863,0.5084463953971863,0.4915536344051361,0,6,3,post_calibration
6,3,0,4,60,1,1,1,0.5020754933357239,0.5020754933357239,0.4979245066642761,0.5020754933357239,0,6,3,post_calibration
6,4,0,6,60,1,1,1,0.5006533861160278,0.5006533861160278,0.4993465840816498,0.5006533861160278,0,6,3,post_calibration
6,5,0,7,60,0,0,1,0.5036840438842773,0.5036840438842773,0.5036840438842773,0.49631595611572266,0,6,3,post_calibration
6,6,0,8,60,0,0,1,0.5024421811103821,0.5024421811103821,0.5024421811103821,0.49755778908729553,0,6,3,post_calibration
6,7,0,9,60,1,1,1,0.5024629235267639,0.5024629235267639,0.49753713607788086,0.5024629235267639,0,6,3,post_calibration
6,8,0,10,60,0,0,1,0.5039038062095642,0.5039038062095642,0.5039038062095642,0.4960961937904358,0,6,3,post_calibration
6,9,0,11,60,1,1,1,0.5038437843322754,0.5038437843322754,0.4961561858654022,0.5038437843322754,0,6,3,post_calibration
6,10,0,12,60,1,1,1,0.5029568672180176,0.5029568672180176,0.4970431327819824,0.5029568672180176,0,6,3,post_calibration
6,11,0,13,60,0,0,1,0.500973105430603,0.500973105430603,0.500973105430603,0.499026894569397,0,6,3,post_calibration
6,12,0,15,60,0,0,1,0.5031169056892395,0.5031169056892395,0.5031169056892395,0.4968831241130829,0,6,3,post_calibration
6,13,0,16,60,0,0,1,0.5068990588188171,0.5068990588188171,0.5068990588188171,0.4931009113788605,0,6,3,post_calibration
6,14,0,17,60,1,0,0,0.5026546716690063,0.5026546716690063,0.5026546716690063,0.49734535813331604,0,6,3,post_calibration
7,0,0,0,60,1,1,1,0.500625729560852,0.500625729560852,0.49937430024147034,0.500625729560852,0,1,6,zero_shot_paired
7,1,0,1,60,1,0,0,0.5071832537651062,0.5071832537651062,0.5071832537651062,0.4928167164325714,0,1,6,zero_shot_paired
7,2,0,4,60,1,1,1,0.5021129250526428,0.5021129250526428,0.4978870451450348,0.5021129250526428,0,1,6,zero_shot_paired
7,3,0,6,60,1,1,1,0.5003229379653931,0.5003229379653931,0.49967700242996216,0.5003229379653931,0,1,6,zero_shot_paired
7,4,0,7,60,0,0,1,0.5031729340553284,0.5031729340553284,0.5031729340553284,0.49682706594467163,0,1,6,zero_shot_paired
7,5,0,8,60,0,0,1,0.5021127462387085,0.5021127462387085,0.5021127462387085,0.4978872835636139,0,1,6,zero_shot_paired
7,6,0,9,60,1,1,1,0.5023689270019531,0.5023689270019531,0.4976310729980469,0.5023689270019531,0,1,6,zero_shot_paired
7,7,0,11,60,1,1,1,0.5037864446640015,0.5037864446640015,0.49621355533599854,0.5037864446640015,0,1,6,zero_shot_paired
7,8,0,12,60,1,1,1,0.5031907558441162,0.5031907558441162,0.496809184551239,0.5031907558441162,0,1,6,zero_shot_paired
7,9,0,13,60,0,0,1,0.5007591843605042,0.5007591843605042,0.5007591843605042,0.49924081563949585,0,1,6,zero_shot_paired
7,10,0,15,60,0,0,1,0.5030515789985657,0.5030515789985657,0.5030515789985657,0.4969484210014343,0,1,6,zero_shot_paired
7,11,0,16,60,0,0,1,0.5069376230239868,0.5069376230239868,0.5069376230239868,0.4930623769760132,0,1,6,zero_shot_paired
7,0,0,0,60,1,1,1,0.5008358359336853,0.5008358359336853,0.4991641640663147,0.5008358359336853,0,1,6,post_calibration
7,1,0,1,60,1,0,0,0.5068668723106384,0.5068668723106384,0.5068668723106384,0.4931331276893616,0,1,6,post_calibration
7,2,0,4,60,1,1,1,0.5023505687713623,0.5023505687713623,0.49764949083328247,0.5023505687713623,0,1,6,post_calibration
7,3,0,6,60,1,1,1,0.5010741353034973,0.5010741353034973,0.4989258646965027,0.5010741353034973,0,1,6,post_calibration
7,4,0,7,60,0,0,1,0.5024315714836121,0.5024315714836121,0.5024315714836121,0.49756842851638794,0,1,6,post_calibration
7,5,0,8,60,0,0,1,0.5014560222625732,0.5014560222625732,0.5014560222625732,0.49854400753974915,0,1,6,post_calibration
7,6,0,9,60,1,1,1,0.5023871064186096,0.5023871064186096,0.4976128935813904,0.5023871064186096,0,1,6,post_calibration
7,7,0,11,60,1,1,1,0.5043841600418091,0.5043841600418091,0.49561578035354614,0.5043841600418091,0,1,6,post_calibration
7,8,0,12,60,1,1,1,0.5033862590789795,0.5033862590789795,0.4966137707233429,0.5033862590789795,0,1,6,post_calibration
7,9,0,13,60,0,0,1,0.5000240206718445,0.5000240206718445,0.5000240206718445,0.49997594952583313,0,1,6,post_calibration
7,10,0,15,60,0,0,1,0.5024297833442688,0.5024297833442688,0.5024297833442688,0.4975701868534088,0,1,6,post_calibration
7,11,0,16,60,0,0,1,0.5064881443977356,0.5064881443977356,0.5064881443977356,0.49351179599761963,0,1,6,post_calibration
8,0,0,1,60,1,0,0,0.5071832537651062,0.5071832537651062,0.5071832537651062,0.4928167164325714,0,2,6,zero_shot_paired
8,1,0,2,60,1,0,0,0.5080604553222656,0.5080604553222656,0.5080604553222656,0.4919395446777344,0,2,6,zero_shot_paired
8,2,0,3,60,1,0,0,0.5061683058738708,0.5061683058738708,0.5061683058738708,0.49383172392845154,0,2,6,zero_shot_paired
8,3,0,4,60,1,1,1,0.5021129250526428,0.5021129250526428,0.4978870451450348,0.5021129250526428,0,2,6,zero_shot_paired
8,4,0,5,60,0,0,1,0.5051198601722717,0.5051198601722717,0.5051198601722717,0.49488016963005066,0,2,6,zero_shot_paired
8,5,0,8,60,0,0,1,0.5021127462387085,0.5021127462387085,0.5021127462387085,0.4978872835636139,0,2,6,zero_shot_paired
8,6,0,9,60,1,1,1,0.5023689270019531,0.5023689270019531,0.4976310729980469,0.5023689270019531,0,2,6,zero_shot_paired
8,7,0,10,60,0,0,1,0.5035279393196106,0.5035279393196106,0.5035279393196106,0.4964720904827118,0,2,6,zero_shot_paired
8,8,0,13,60,0,0,1,0.5007591843605042,0.5007591843605042,0.5007591843605042,0.49924081563949585,0,2,6,zero_shot_paired
8,9,0,14,60,1,1,1,0.5018177628517151,0.5018177628517151,0.4981822371482849,0.5018177628517151,0,2,6,zero_shot_paired
8,10,0,15,60,0,0,1,0.5030515789985657,0.5030515789985657,0.5030515789985657,0.4969484210014343,0,2,6,zero_shot_paired
8,11,0,17,60,1,0,0,0.5023700594902039,0.5023700594902039,0.5023700594902039,0.49762994050979614,0,2,6,zero_shot_paired
8,0,0,1,60,1,0,0,0.507421612739563,0.507421612739563,0.507421612739563,0.4925783574581146,0,2,6,post_calibration
8,1,0,2,60,1,0,0,0.5083809494972229,0.5083809494972229,0.5083809494972229,0.4916190803050995,0,2,6,post_calibration
8,2,0,3,60,1,0,0,0.5066794753074646,0.5066794753074646,0.5066794753074646,0.4933204650878906,0,2,6,post_calibration
8,3,0,4,60,1,1,1,0.5024750828742981,0.5024750828742981,0.4975249171257019,0.5024750828742981,0,2,6,post_calibration
8,4,0,5,60,0,0,1,0.504991352558136,0.504991352558136,0.504991352558136,0.495008647441864,0,2,6,post_calibration
8,5,0,8,60,0,0,1,0.5017712712287903,0.5017712712287903,0.5017712712287903,0.4982287585735321,0,2,6,post_calibration
8,6,0,9,60,1,1,1,0.5028069615364075,0.5028069615364075,0.49719300866127014,0.5028069615364075,0,2,6,post_calibration
8,7,0,10,60,0,0,1,0.5034493207931519,0.5034493207931519,0.5034493207931519,0.49655064940452576,0,2,6,post_calibration
8,8,0,13,60,0,0,1,0.5004322528839111,0.5004322528839111,0.5004322528839111,0.4995677173137665,0,2,6,post_calibration
8,9,0,14,60,1,1,1,0.5022227168083191,0.5022227168083191,0.4977773129940033,0.5022227168083191,0,2,6,post_calibration
8,10,0,15,60,0,0,1,0.503150463104248,0.503150463104248,0.503150463104248,0.49684950709342957,0,2,6,post_calibration
8,11,0,17,60,1,0,0,0.5024389624595642,0.5024389624595642,0.5024389624595642,0.49756109714508057,0,2,6,post_calibration
9,0,0,0,60,1,1,1,0.500625729560852,0.500625729560852,0.49937430024147034,0.500625729560852,0,3,6,zero_shot_paired
9,1,0,2,60,1,0,0,0.5080604553222656,0.5080604553222656,0.5080604553222656,0.4919395446777344,0,3,6,zero_shot_paired
9,2,0,3,60,1,0,0,0.5061683058738708,0.5061683058738708,0.5061683058738708,0.49383172392845154,0,3,6,zero_shot_paired
9,3,0,5,60,0,0,1,0.5051198601722717,0.5051198601722717,0.5051198601722717,0.49488016963005066,0,3,6,zero_shot_paired
9,4,0,6,60,1,1,1,0.5003229379653931,0.5003229379653931,0.49967700242996216,0.5003229379653931,0,3,6,zero_shot_paired
9,5,0,7,60,0,0,1,0.5031729340553284,0.5031729340553284,0.5031729340553284,0.49682706594467163,0,3,6,zero_shot_paired
9,6,0,10,60,0,0,1,0.5035279393196106,0.5035279393196106,0.5035279393196106,0.4964720904827118,0,3,6,zero_shot_paired
9,7,0,11,60,1,1,1,0.5037864446640015,0.5037864446640015,0.49621355533599854,0.5037864446640015,0,3,6,zero_shot_paired
9,8,0,12,60,1,1,1,0.5031907558441162,0.5031907558441162,0.496809184551239,0.5031907558441162,0,3,6,zero_shot_paired
9,9,0,14,60,1,1,1,0.5018177628517151,0.5018177628517151,0.4981822371482849,0.5018177628517151,0,3,6,zero_shot_paired
9,10,0,16,60,0,0,1,0.5069376230239868,0.5069376230239868,0.5069376230239868,0.4930623769760132,0,3,6,zero_shot_paired
9,11,0,17,60,1,0,0,0.5023700594902039,0.5023700594902039,0.5023700594902039,0.49762994050979614,0,3,6,zero_shot_paired
9,0,0,0,60,1,1,1,0.500592827796936,0.500592827796936,0.49940720200538635,0.500592827796936,0,3,6,post_calibration
9,1,0,2,60,1,0,0,0.5085441470146179,0.5085441470146179,0.5085441470146179,0.4914558529853821,0,3,6,post_calibration
9,2,0,3,60,1,0,0,0.5066665410995483,0.5066665410995483,0.5066665410995483,0.49333351850509644,0,3,6,post_calibration
9,3,0,5,60,0,0,1,0.5045266151428223,0.5045266151428223,0.5045266151428223,0.49547338485717773,0,3,6,post_calibration
9,4,0,6,60,1,0,0,0.5003571510314941,0.5003571510314941,0.5003571510314941,0.49964284896850586,0,3,6,post_calibration
9,5,0,7,60,0,0,1,0.5038439631462097,0.5038439631462097,0.5038439631462097,0.4961560070514679,0,3,6,post_calibration
9,6,0,10,60,0,0,1,0.502616822719574,0.502616822719574,0.502616822719574,0.497383177280426,0,3,6,post_calibration
9,7,0,11,60,1,1,1,0.5033226013183594,0.5033226013183594,0.4966773986816406,0.5033226013183594,0,3,6,post_calibration
9,8,0,12,60,1,1,1,0.50372713804245,0.50372713804245,0.49627286195755005,0.50372713804245,0,3,6,post_calibration
9,9,0,14,60,1,1,1,0.5017285346984863,0.5017285346984863,0.49827146530151367,0.5017285346984863,0,3,6,post_calibration
9,10,0,16,60,0,0,1,0.5073961615562439,0.5073961615562439,0.5073961615562439,0.4926038682460785,0,3,6,post_calibration
9,11,0,17,60,1,0,0,0.5028775334358215,0.5028775334358215,0.5028775334358215,0.4971224069595337,0,3,6,post_calibration
10,0,0,1,60,1,0,0,0.5071832537651062,0.5071832537651062,0.5071832537651062,0.4928167164325714,0,1,9,zero_shot_paired
10,1,0,2,60,1,0,0,0.5080604553222656,0.5080604553222656,0.5080604553222656,0.4919395446777344,0,1,9,zero_shot_paired
10,2,0,3,60,1,0,0,0.5061682462692261,0.5061682462692261,0.5061682462692261,0.49383172392845154,0,1,9,zero_shot_paired
10,3,0,5,60,0,0,1,0.5051195025444031,0.5051195025444031,0.5051195025444031,0.4948805272579193,0,1,9,zero_shot_paired
10,4,0,6,60,1,1,1,0.5003231167793274,0.5003231167793274,0.4996769428253174,0.5003231167793274,0,1,9,zero_shot_paired
10,5,0,12,60,1,1,1,0.503190815448761,0.503190815448761,0.496809184551239,0.503190815448761,0,1,9,zero_shot_paired
10,6,0,13,60,0,0,1,0.5007592439651489,0.5007592439651489,0.5007592439651489,0.4992407560348511,0,1,9,zero_shot_paired
10,7,0,15,60,0,0,1,0.5030515789985657,0.5030515789985657,0.5030515789985657,0.4969484210014343,0,1,9,zero_shot_paired
10,8,0,17,60,1,0,0,0.5023699402809143,0.5023699402809143,0.5023699402809143,0.4976300597190857,0,1,9,zero_shot_paired
10,0,0,1,60,1,0,0,0.5075607299804688,0.5075607299804688,0.5075607299804688,0.49243929982185364,0,1,9,post_calibration
10,1,0,2,60,1,0,0,0.5083484053611755,0.5083484053611755,0.5083484053611755,0.49165159463882446,0,1,9,post_calibration
10,2,0,3,60,1,0,0,0.5065893530845642,0.5065893530845642,0.5065893530845642,0.4934106469154358,0,1,9,post_calibration
10,3,0,5,60,0,0,1,0.5050343871116638,0.5050343871116638,0.5050343871116638,0.4949656128883362,0,1,9,post_calibration
10,4,0,6,60,1,1,1,0.5000833868980408,0.5000833868980408,0.4999166429042816,0.5000833868980408,0,1,9,post_calibration
10,5,0,12,60,1,1,1,0.5039181709289551,0.5039181709289551,0.4960818588733673,0.5039181709289551,0,1,9,post_calibration
10,6,0,13,60,0,1,0,0.5000072121620178,0.5000072121620178,0.49999281764030457,0.5000072121620178,0,1,9,post_calibration
10,7,0,15,60,0,0,1,0.5029659867286682,0.5029659867286682,0.5029659867286682,0.4970339834690094,0,1,9,post_calibration
10,8,0,17,60,1,0,0,0.5026257634162903,0.5026257634162903,0.5026257634162903,0.4973742365837097,0,1,9,post_calibration
11,0,0,0,60,1,1,1,0.5006258487701416,0.5006258487701416,0.499374121427536,0.5006258487701416,0,2,9,zero_shot_paired
11,1,0,4,60,1,1,1,0.5021130442619324,0.5021130442619324,0.4978869557380676,0.5021130442619324,0,2,9,zero_shot_paired
11,2,0,7,60,0,0,1,0.5031728148460388,0.5031728148460388,0.5031728148460388,0.4968271851539612,0,2,9,zero_shot_paired
11,3,0,8,60,0,0,1,0.5021127462387085,0.5021127462387085,0.5021127462387085,0.4978872835636139,0,2,9,zero_shot_paired
11,4,0,9,60,1,1,1,0.5023689270019531,0.5023689270019531,0.4976310431957245,0.5023689270019531,0,2,9,zero_shot_paired
11,5,0,10,60,0,0,1,0.5035278797149658,0.5035278797149658,0.5035278797149658,0.4964721202850342,0,2,9,zero_shot_paired
11,6,0,11,60,1,1,1,0.5037863850593567,0.5037863850593567,0.49621355533599854,0.5037863850593567,0,2,9,zero_shot_paired
11,7,0,14,60,1,1,1,0.5018177628517151,0.5018177628517151,0.4981822371482849,0.5018177628517151,0,2,9,zero_shot_paired
11,8,0,16,60,0,0,1,0.506937563419342,0.506937563419342,0.506937563419342,0.49306243658065796,0,2,9,zero_shot_paired
11,0,0,0,60,1,1,1,0.501118540763855,0.501118540763855,0.49888142943382263,0.501118540763855,0,2,9,post_calibration
11,1,0,4,60,1,1,1,0.5029594898223877,0.5029594898223877,0.4970405101776123,0.5029594898223877,0,2,9,post_calibration
11,2,0,7,60,0,0,1,0.5022873878479004,0.5022873878479004,0.5022873878479004,0.497712641954422,0,2,9,post_calibration
11,3,0,8,60,0,0,1,0.5010769367218018,0.5010769367218018,0.5010769367218018,0.49892303347587585,0,2,9,post_calibration
11,4,0,9,60,1,1,1,0.5022786259651184,0.5022786259651184,0.4977213144302368,0.5022786259651184,0,2,9,post_calibration
11,5,0,10,60,0,0,1,0.5035944581031799,0.5035944581031799,0.5035944581031799,0.49640554189682007,0,2,9,post_calibration
11,6,0,11,60,1,1,1,0.5039255619049072,0.5039255619049072,0.4960744082927704,0.5039255619049072,0,2,9,post_calibration
11,7,0,14,60,1,1,1,0.5018645524978638,0.5018645524978638,0.49813544750213623,0.5018645524978638,0,2,9,post_calibration
11,8,0,16,60,0,0,1,0.5061866044998169,0.5061866044998169,0.5061866044998169,0.4938134253025055,0,2,9,post_calibration
12,0,0,0,60,1,1,1,0.5006247758865356,0.5006247758865356,0.49937525391578674,0.5006247758865356,0,1,12,zero_shot_paired
12,1,0,4,60,1,1,1,0.5021131634712219,0.5021131634712219,0.4978868067264557,0.5021131634712219,0,1,12,zero_shot_paired
12,2,0,10,60,0,0,1,0.5035268068313599,0.5035268068313599,0.5035268068313599,0.49647319316864014,0,1,12,zero_shot_paired
12,3,0,11,60,1,1,1,0.5037841796875,0.5037841796875,0.4962158203125,0.5037841796875,0,1,12,zero_shot_paired
12,4,0,12,60,1,1,1,0.5031912922859192,0.5031912922859192,0.4968087375164032,0.5031912922859192,0,1,12,zero_shot_paired
12,5,0,16,60,0,0,1,0.5069363713264465,0.5069363713264465,0.5069363713264465,0.49306362867355347,0,1,12,zero_shot_paired
12,0,0,0,60,1,1,1,0.5008994340896606,0.5008994340896606,0.49910053610801697,0.5008994340896606,0,1,12,post_calibration
12,1,0,4,60,1,1,1,0.5023205280303955,0.5023205280303955,0.4976794421672821,0.5023205280303955,0,1,12,post_calibration
12,2,0,10,60,0,0,1,0.5033788681030273,0.5033788681030273,0.5033788681030273,0.49662119150161743,0,1,12,post_calibration
12,3,0,11,60,1,1,1,0.5039947628974915,0.5039947628974915,0.49600526690483093,0.5039947628974915,0,1,12,post_calibration
12,4,0,12,60,1,1,1,0.5032455325126648,0.5032455325126648,0.4967544972896576,0.5032455325126648,0,1,12,post_calibration
12,5,0,16,60,0,0,1,0.5067294836044312,0.5067294836044312,0.5067294836044312,0.49327048659324646,0,1,12,post_calibration
13,0,0,0,60,1,1,1,0.5006247758865356,0.5006247758865356,0.49937525391578674,0.5006247758865356,0,2,12,zero_shot_paired
13,1,0,2,60,1,0,0,0.508060097694397,0.508060097694397,0.508060097694397,0.49193987250328064,0,2,12,zero_shot_paired
13,2,0,5,60,0,0,1,0.5051188468933105,0.5051188468933105,0.5051188468933105,0.49488115310668945,0,2,12,zero_shot_paired
13,3,0,14,60,1,1,1,0.5018193125724792,0.5018193125724792,0.49818071722984314,0.5018193125724792,0,2,12,zero_shot_paired
13,4,0,16,60,0,0,1,0.5069363713264465,0.5069363713264465,0.5069363713264465,0.49306362867355347,0,2,12,zero_shot_paired
13,5,0,17,60,1,0,0,0.5023695230484009,0.5023695230484009,0.5023695230484009,0.4976304769515991,0,2,12,zero_shot_paired
13,0,0,0,60,1,1,1,0.5012848973274231,0.5012848973274231,0.4987151026725769,0.5012848973274231,0,2,12,post_calibration
13,1,0,2,60,1,0,0,0.5077210664749146,0.5077210664749146,0.5077210664749146,0.49227896332740784,0,2,12,post_calibration
13,2,0,5,60,0,0,1,0.5051319003105164,0.5051319003105164,0.5051319003105164,0.49486812949180603,0,2,12,post_calibration
13,3,0,14,60,1,1,1,0.5018323063850403,0.5018323063850403,0.4981677234172821,0.5018323063850403,0,2,12,post_calibration
13,4,0,16,60,0,0,1,0.506643533706665,0.506643533706665,0.506643533706665,0.49335652589797974,0,2,12,post_calibration
13,5,0,17,60,1,0,0,0.5025347471237183,0.5025347471237183,0.5025347471237183,0.49746525287628174,0,2,12,post_calibration
14,0,0,1,60,1,0,0,0.5071826577186584,0.5071826577186584,0.5071826577186584,0.49281737208366394,0,3,12,zero_shot_paired
14,1,0,2,60,1,0,0,0.508060097694397,0.508060097694397,0.508060097694397,0.49193987250328064,0,3,12,zero_shot_paired
14,2,0,7,60,0,0,1,0.5031736493110657,0.5031736493110657,0.5031736493110657,0.49682632088661194,0,3,12,zero_shot_paired
14,3,0,12,60,1,1,1,0.5031912922859192,0.5031912922859192,0.4968087375164032,0.5031912922859192,0,3,12,zero_shot_paired
14,4,0,15,60,0,0,1,0.5030529499053955,0.5030529499053955,0.5030529499053955,0.4969470798969269,0,3,12,zero_shot_paired
14,5,0,17,60,1,0,0,0.5023695230484009,0.5023695230484009,0.5023695230484009,0.4976304769515991,0,3,12,zero_shot_paired
14,0,0,1,60,1,0,0,0.5067282915115356,0.5067282915115356,0.5067282915115356,0.49327173829078674,0,3,12,post_calibration
14,1,0,2,60,1,0,0,0.5074883103370667,0.5074883103370667,0.5074883103370667,0.49251168966293335,0,3,12,post_calibration
14,2,0,7,60,0,0,1,0.5025404095649719,0.5025404095649719,0.5025404095649719,0.4974595606327057,0,3,12,post_calibration
14,3,0,12,60,1,1,1,0.5044814944267273,0.5044814944267273,0.4955185353755951,0.5044814944267273,0,3,12,post_calibration
14,4,0,15,60,0,0,1,0.5029361248016357,0.5029361248016357,0.5029361248016357,0.49706393480300903,0,3,12,post_calibration
14,5,0,17,60,1,0,0,0.5022030472755432,0.5022030472755432,0.5022030472755432,0.4977969527244568,0,3,12,post_calibration
2,0,1,0,60,0,1,0,0.5008396506309509,0.5008396506309509,0.4991603493690491,0.5008396506309509,1,,,zero_shot_all_trials
2,1,1,1,60,1,0,0,0.5001282095909119,0.5001282095909119,0.5001282095909119,0.49987179040908813,1,,,zero_shot_all_trials
2,2,1,2,60,1,1,1,0.500086784362793,0.500086784362793,0.49991321563720703,0.500086784362793,1,,,zero_shot_all_trials
2,3,1,3,60,1,1,1,0.5010773539543152,0.5010773539543152,0.4989226162433624,0.5010773539543152,1,,,zero_shot_all_trials
2,4,1,4,60,0,0,1,0.505146324634552,0.505146324634552,0.505146324634552,0.4948537349700928,1,,,zero_shot_all_trials
2,5,1,5,60,1,0,0,0.5078712105751038,0.5078712105751038,0.5078712105751038,0.49212878942489624,1,,,zero_shot_all_trials
2,6,1,6,60,0,1,0,0.5047887563705444,0.5047887563705444,0.49521127343177795,0.5047887563705444,1,,,zero_shot_all_trials
2,7,1,7,60,1,0,0,0.5037873983383179,0.5037873983383179,0.5037873983383179,0.4962126314640045,1,,,zero_shot_all_trials
2,8,1,8,60,1,0,0,0.5012045502662659,0.5012045502662659,0.5012045502662659,0.4987955093383789,1,,,zero_shot_all_trials
2,9,1,9,60,1,1,1,0.5005637407302856,0.5005637407302856,0.49943628907203674,0.5005637407302856,1,,,zero_shot_all_trials
2,10,1,10,60,0,0,1,0.5094788074493408,0.5094788074493408,0.5094788074493408,0.4905211925506592,1,,,zero_shot_all_trials
2,11,1,11,60,1,0,0,0.5022298693656921,0.5022298693656921,0.5022298693656921,0.49777016043663025,1,,,zero_shot_all_trials
2,12,1,12,60,1,1,1,0.5024166107177734,0.5024166107177734,0.49758341908454895,0.5024166107177734,1,,,zero_shot_all_trials
2,13,1,13,60,1,0,0,0.5048345923423767,0.5048345923423767,0.5048345923423767,0.4951653778553009,1,,,zero_shot_all_trials
2,14,1,14,60,1,0,0,0.5008944869041443,0.5008944869041443,0.5008944869041443,0.4991055130958557,1,,,zero_shot_all_trials
2,15,1,15,60,1,1,1,0.5001745223999023,0.5001745223999023,0.49982550740242004,0.5001745223999023,1,,,zero_shot_all_trials
2,16,1,16,60,1,1,1,0.5030826926231384,0.5030826926231384,0.4969173073768616,0.5030826926231384,1,,,zero_shot_all_trials
2,17,1,17,60,1,0,0,0.5061520934104919,0.5061520934104919,0.5061520934104919,0.49384793639183044,1,,,zero_shot_all_trials
15,0,1,0,60,0,1,0,0.5008396506309509,0.5008396506309509,0.4991603493690491,0.5008396506309509,1,1,3,zero_shot_paired
15,1,1,1,60,1,0,0,0.5001282095909119,0.5001282095909119,0.5001282095909119,0.49987179040908813,1,1,3,zero_shot_paired
15,2,1,2,60,1,1,1,0.5000867247581482,0.5000867247581482,0.4999132752418518,0.5000867247581482,1,1,3,zero_shot_paired
15,3,1,3,60,1,1,1,0.5010774731636047,0.5010774731636047,0.4989224970340729,0.5010774731636047,1,1,3,zero_shot_paired
15,4,1,4,60,0,0,1,0.505146324634552,0.505146324634552,0.505146324634552,0.4948537349700928,1,1,3,zero_shot_paired
15,5,1,5,60,1,0,0,0.5078713893890381,0.5078713893890381,0.5078713893890381,0.4921285808086395,1,1,3,zero_shot_paired
15,6,1,6,60,0,1,0,0.5047885775566101,0.5047885775566101,0.4952114522457123,0.5047885775566101,1,1,3,zero_shot_paired
15,7,1,7,60,1,0,0,0.5037872195243835,0.5037872195243835,0.5037872195243835,0.49621281027793884,1,1,3,zero_shot_paired
15,8,1,9,60,1,1,1,0.5005638599395752,0.5005638599395752,0.4994361996650696,0.5005638599395752,1,1,3,zero_shot_paired
15,9,1,10,60,0,0,1,0.5094788670539856,0.5094788670539856,0.5094788670539856,0.4905211329460144,1,1,3,zero_shot_paired
15,10,1,11,60,1,0,0,0.5022298693656921,0.5022298693656921,0.5022298693656921,0.49777016043663025,1,1,3,zero_shot_paired
15,11,1,12,60,1,1,1,0.5024163722991943,0.5024163722991943,0.4975835978984833,0.5024163722991943,1,1,3,zero_shot_paired
15,12,1,14,60,1,0,0,0.5008944272994995,0.5008944272994995,0.5008944272994995,0.4991055428981781,1,1,3,zero_shot_paired
15,13,1,16,60,1,1,1,0.5030826926231384,0.5030826926231384,0.4969173073768616,0.5030826926231384,1,1,3,zero_shot_paired
15,14,1,17,60,1,0,0,0.5061521530151367,0.5061521530151367,0.5061521530151367,0.49384790658950806,1,1,3,zero_shot_paired
15,0,1,0,60,0,1,0,0.50098717212677,0.50098717212677,0.49901282787323,0.50098717212677,1,1,3,post_calibration
15,1,1,1,60,1,0,0,0.500123143196106,0.500123143196106,0.500123143196106,0.49987685680389404,1,1,3,post_calibration
15,2,1,2,60,1,1,1,0.5007886290550232,0.5007886290550232,0.4992113411426544,0.5007886290550232,1,1,3,post_calibration
15,3,1,3,60,1,1,1,0.5006621479988098,0.5006621479988098,0.4993378520011902,0.5006621479988098,1,1,3,post_calibration
15,4,1,4,60,0,0,1,0.5050939321517944,0.5050939321517944,0.5050939321517944,0.4949060380458832,1,1,3,post_calibration
15,5,1,5,60,1,0,0,0.5073109865188599,0.5073109865188599,0.5073109865188599,0.4926890432834625,1,1,3,post_calibration
15,6,1,6,60,0,1,0,0.5053734183311462,0.5053734183311462,0.49462658166885376,0.5053734183311462,1,1,3,post_calibration
15,7,1,7,60,1,0,0,0.503937304019928,0.503937304019928,0.503937304019928,0.496062695980072,1,1,3,post_calibration
15,8,1,9,60,1,1,1,0.501345157623291,0.501345157623291,0.49865487217903137,0.501345157623291,1,1,3,post_calibration
15,9,1,10,60,0,0,1,0.5087850689888,0.5087850689888,0.5087850689888,0.49121493101119995,1,1,3,post_calibration
15,10,1,11,60,1,0,0,0.5015794038772583,0.5015794038772583,0.5015794038772583,0.4984205663204193,1,1,3,post_calibration
15,11,1,12,60,1,1,1,0.5023424029350281,0.5023424029350281,0.4976576268672943,0.5023424029350281,1,1,3,post_calibration
15,12,1,14,60,1,0,0,0.5000491738319397,0.5000491738319397,0.5000491738319397,0.4999508559703827,1,1,3,post_calibration
15,13,1,16,60,1,1,1,0.503334105014801,0.503334105014801,0.49666592478752136,0.503334105014801,1,1,3,post_calibration
15,14,1,17,60,1,0,0,0.5057233572006226,0.5057233572006226,0.5057233572006226,0.49427664279937744,1,1,3,post_calibration
16,0,1,0,60,0,1,0,0.5008396506309509,0.5008396506309509,0.4991603493690491,0.5008396506309509,1,2,3,zero_shot_paired
16,1,1,1,60,1,0,0,0.5001282095909119,0.5001282095909119,0.5001282095909119,0.49987179040908813,1,2,3,zero_shot_paired
16,2,1,2,60,1,1,1,0.5000867247581482,0.5000867247581482,0.4999132752418518,0.5000867247581482,1,2,3,zero_shot_paired
16,3,1,3,60,1,1,1,0.5010774731636047,0.5010774731636047,0.4989224970340729,0.5010774731636047,1,2,3,zero_shot_paired
16,4,1,4,60,0,0,1,0.505146324634552,0.505146324634552,0.505146324634552,0.4948537349700928,1,2,3,zero_shot_paired
16,5,1,5,60,1,0,0,0.5078713893890381,0.5078713893890381,0.5078713893890381,0.4921285808086395,1,2,3,zero_shot_paired
16,6,1,6,60,0,1,0,0.5047885775566101,0.5047885775566101,0.4952114522457123,0.5047885775566101,1,2,3,zero_shot_paired
16,7,1,7,60,1,0,0,0.5037872195243835,0.5037872195243835,0.5037872195243835,0.49621281027793884,1,2,3,zero_shot_paired
16,8,1,8,60,1,0,0,0.5012045502662659,0.5012045502662659,0.5012045502662659,0.49879544973373413,1,2,3,zero_shot_paired
16,9,1,9,60,1,1,1,0.5005638599395752,0.5005638599395752,0.4994361996650696,0.5005638599395752,1,2,3,zero_shot_paired
16,10,1,13,60,1,0,0,0.5048347115516663,0.5048347115516663,0.5048347115516663,0.49516525864601135,1,2,3,zero_shot_paired
16,11,1,14,60,1,0,0,0.5008944272994995,0.5008944272994995,0.5008944272994995,0.4991055428981781,1,2,3,zero_shot_paired
16,12,1,15,60,1,1,1,0.5001746416091919,0.5001746416091919,0.4998253881931305,0.5001746416091919,1,2,3,zero_shot_paired
16,13,1,16,60,1,1,1,0.5030826926231384,0.5030826926231384,0.4969173073768616,0.5030826926231384,1,2,3,zero_shot_paired
16,14,1,17,60,1,0,0,0.5061521530151367,0.5061521530151367,0.5061521530151367,0.49384790658950806,1,2,3,zero_shot_paired
16,0,1,0,60,0,1,0,0.5010900497436523,0.5010900497436523,0.49890992045402527,0.5010900497436523,1,2,3,post_calibration
16,1,1,1,60,1,1,1,0.5003366470336914,0.5003366470336914,0.4996633529663086,0.5003366470336914,1,2,3,post_calibration
16,2,1,2,60,1,1,1,0.5002883672714233,0.5002883672714233,0.4997116029262543,0.5002883672714233,1,2,3,post_calibration
16,3,1,3,60,1,1,1,0.501625120639801,0.501625120639801,0.498374879360199,0.501625120639801,1,2,3,post_calibration
16,4,1,4,60,0,0,1,0.5050241947174072,0.5050241947174072,0.5050241947174072,0.4949758052825928,1,2,3,post_calibration
16,5,1,5,60,1,0,0,0.5071982145309448,0.5071982145309448,0.5071982145309448,0.4928017556667328,1,2,3,post_calibration
16,6,1,6,60,0,1,0,0.5049619674682617,0.5049619674682617,0.49503806233406067,0.5049619674682617,1,2,3,post_calibration
16,7,1,7,60,1,0,0,0.5035551190376282,0.5035551190376282,0.5035551190376282,0.4964448809623718,1,2,3,post_calibration
16,8,1,8,60,1,0,0,0.5013427734375,0.5013427734375,0.5013427734375,0.4986571967601776,1,2,3,post_calibration
16,9,1,9,60,1,1,1,0.500560998916626,0.500560998916626,0.499439001083374,0.500560998916626,1,2,3,post_calibration
16,10,1,13,60,1,0,0,0.5048475861549377,0.5048475861549377,0.5048475861549377,0.49515238404273987,1,2,3,post_calibration
16,11,1,14,60,1,0,0,0.5004101395606995,0.5004101395606995,0.5004101395606995,0.4995899200439453,1,2,3,post_calibration
16,12,1,15,60,1,1,1,0.5004541873931885,0.5004541873931885,0.4995458424091339,0.5004541873931885,1,2,3,post_calibration
16,13,1,16,60,1,1,1,0.5034041404724121,0.5034041404724121,0.4965958297252655,0.5034041404724121,1,2,3,post_calibration
16,14,1,17,60,1,0,0,0.505996584892273,0.505996584892273,0.505996584892273,0.49400341510772705,1,2,3,post_calibration
17,0,1,0,60,0,1,0,0.5008396506309509,0.5008396506309509,0.4991603493690491,0.5008396506309509,1,3,3,zero_shot_paired
17,1,1,1,60,1,0,0,0.5001282095909119,0.5001282095909119,0.5001282095909119,0.49987179040908813,1,3,3,zero_shot_paired
17,2,1,2,60,1,1,1,0.5000867247581482,0.5000867247581482,0.4999132752418518,0.5000867247581482,1,3,3,zero_shot_paired
17,3,1,3,60,1,1,1,0.5010774731636047,0.5010774731636047,0.4989224970340729,0.5010774731636047,1,3,3,zero_shot_paired
17,4,1,4,60,0,0,1,0.505146324634552,0.505146324634552,0.505146324634552,0.4948537349700928,1,3,3,zero_shot_paired
17,5,1,5,60,1,0,0,0.5078713893890381,0.5078713893890381,0.5078713893890381,0.4921285808086395,1,3,3,zero_shot_paired
17,6,1,7,60,1,0,0,0.5037872195243835,0.5037872195243835,0.5037872195243835,0.49621281027793884,1,3,3,zero_shot_paired
17,7,1,8,60,1,0,0,0.5012045502662659,0.5012045502662659,0.5012045502662659,0.49879544973373413,1,3,3,zero_shot_paired
17,8,1,9,60,1,1,1,0.5005638599395752,0.5005638599395752,0.4994361996650696,0.5005638599395752,1,3,3,zero_shot_paired
17,9,1,10,60,0,0,1,0.5094788670539856,0.5094788670539856,0.5094788670539856,0.4905211329460144,1,3,3,zero_shot_paired
17,10,1,11,60,1,0,0,0.5022298693656921,0.5022298693656921,0.5022298693656921,0.49777016043663025,1,3,3,zero_shot_paired
17,11,1,12,60,1,1,1,0.5024163722991943,0.5024163722991943,0.4975835978984833,0.5024163722991943,1,3,3,zero_shot_paired
17,12,1,13,60,1,0,0,0.5048347115516663,0.5048347115516663,0.5048347115516663,0.49516525864601135,1,3,3,zero_shot_paired
17,13,1,14,60,1,0,0,0.5008944272994995,0.5008944272994995,0.5008944272994995,0.4991055428981781,1,3,3,zero_shot_paired
17,14,1,15,60,1,1,1,0.5001746416091919,0.5001746416091919,0.4998253881931305,0.5001746416091919,1,3,3,zero_shot_paired
17,0,1,0,60,0,1,0,0.5007903575897217,0.5007903575897217,0.4992096722126007,0.5007903575897217,1,3,3,post_calibration
17,1,1,1,60,1,0,0,0.5006170868873596,0.5006170868873596,0.5006170868873596,0.4993829131126404,1,3,3,post_calibration
17,2,1,2,60,1,1,1,0.5004144310951233,0.5004144310951233,0.4995855391025543,0.5004144310951233,1,3,3,post_calibration
17,3,1,3,60,1,1,1,0.5010059475898743,0.5010059475898743,0.49899405241012573,0.5010059475898743,1,3,3,post_calibration
17,4,1,4,60,0,0,1,0.5046262741088867,0.5046262741088867,0.5046262741088867,0.4953737258911133,1,3,3,post_calibration
17,5,1,5,60,1,0,0,0.5075437426567078,0.5075437426567078,0.5075437426567078,0.49245625734329224,1,3,3,post_calibration
17,6,1,7,60,1,0,0,0.5037961602210999,0.5037961602210999,0.5037961602210999,0.49620380997657776,1,3,3,post_calibration
17,7,1,8,60,1,0,0,0.5007377862930298,0.5007377862930298,0.5007377862930298,0.4992621839046478,1,3,3,post_calibration
17,8,1,9,60,1,1,1,0.5006135702133179,0.5006135702133179,0.4993864595890045,0.5006135702133179,1,3,3,post_calibration
17,9,1,10,60,0,0,1,0.5094118118286133,0.5094118118286133,0.5094118118286133,0.4905881881713867,1,3,3,post_calibration
17,10,1,11,60,1,0,0,0.5020213723182678,0.5020213723182678,0.5020213723182678,0.4979786276817322,1,3,3,post_calibration
17,11,1,12,60,1,1,1,0.5023452639579773,0.5023452639579773,0.4976547956466675,0.5023452639579773,1,3,3,post_calibration
17,12,1,13,60,1,0,0,0.5043049454689026,0.5043049454689026,0.5043049454689026,0.4956951141357422,1,3,3,post_calibration
17,13,1,14,60,1,0,0,0.5007554888725281,0.5007554888725281,0.5007554888725281,0.4992445409297943,1,3,3,post_calibration
17,14,1,15,60,1,1,1,0.5006746053695679,0.5006746053695679,0.49932536482810974,0.5006746053695679,1,3,3,post_calibration
18,0,1,0,60,0,1,0,0.5008396506309509,0.5008396506309509,0.4991603493690491,0.5008396506309509,1,4,3,zero_shot_paired
18,1,1,1,60,1,0,0,0.5001282095909119,0.5001282095909119,0.5001282095909119,0.49987179040908813,1,4,3,zero_shot_paired
18,2,1,4,60,0,0,1,0.505146324634552,0.505146324634552,0.505146324634552,0.4948537349700928,1,4,3,zero_shot_paired
18,3,1,5,60,1,0,0,0.5078713893890381,0.5078713893890381,0.5078713893890381,0.4921285808086395,1,4,3,zero_shot_paired
18,4,1,6,60,0,1,0,0.5047885775566101,0.5047885775566101,0.4952114522457123,0.5047885775566101,1,4,3,zero_shot_paired
18,5,1,8,60,1,0,0,0.5012045502662659,0.5012045502662659,0.5012045502662659,0.49879544973373413,1,4,3,zero_shot_paired
18,6,1,9,60,1,1,1,0.5005638599395752,0.5005638599395752,0.4994361996650696,0.5005638599395752,1,4,3,zero_shot_paired
18,7,1,10,60,0,0,1,0.5094788670539856,0.5094788670539856,0.5094788670539856,0.4905211329460144,1,4,3,zero_shot_paired
18,8,1,11,60,1,0,0,0.5022298693656921,0.5022298693656921,0.5022298693656921,0.49777016043663025,1,4,3,zero_shot_paired
18,9,1,12,60,1,1,1,0.5024163722991943,0.5024163722991943,0.4975835978984833,0.5024163722991943,1,4,3,zero_shot_paired
18,10,1,13,60,1,0,0,0.5048347115516663,0.5048347115516663,0.5048347115516663,0.49516525864601135,1,4,3,zero_shot_paired
18,11,1,14,60,1,0,0,0.5008944272994995,0.5008944272994995,0.5008944272994995,0.4991055428981781,1,4,3,zero_shot_paired
18,12,1,15,60,1,1,1,0.5001746416091919,0.5001746416091919,0.4998253881931305,0.5001746416091919,1,4,3,zero_shot_paired
18,13,1,16,60,1,1,1,0.5030826926231384,0.5030826926231384,0.4969173073768616,0.5030826926231384,1,4,3,zero_shot_paired
18,14,1,17,60,1,0,0,0.5061521530151367,0.5061521530151367,0.5061521530151367,0.49384790658950806,1,4,3,zero_shot_paired
18,0,1,0,60,0,1,0,0.5011016726493835,0.5011016726493835,0.49889835715293884,0.5011016726493835,1,4,3,post_calibration
18,1,1,1,60,1,1,1,0.5005864500999451,0.5005864500999451,0.49941354990005493,0.5005864500999451,1,4,3,post_calibration
18,2,1,4,60,0,0,1,0.5043585300445557,0.5043585300445557,0.5043585300445557,0.4956414997577667,1,4,3,post_calibration
18,3,1,5,60,1,0,0,0.5073902606964111,0.5073902606964111,0.5073902606964111,0.4926097095012665,1,4,3,post_calibration
18,4,1,6,60,0,1,0,0.5045287013053894,0.5045287013053894,0.4954712688922882,0.5045287013053894,1,4,3,post_calibration
18,5,1,8,60,1,0,0,0.5014547109603882,0.5014547109603882,0.5014547109603882,0.49854525923728943,1,4,3,post_calibration
18,6,1,9,60,1,1,1,0.5006967782974243,0.5006967782974243,0.4993031919002533,0.5006967782974243,1,4,3,post_calibration
18,7,1,10,60,0,0,1,0.5091897249221802,0.5091897249221802,0.5091897249221802,0.4908102750778198,1,4,3,post_calibration
18,8,1,11,60,1,0,0,0.5018435120582581,0.5018435120582581,0.5018435120582581,0.49815648794174194,1,4,3,post_calibration
18,9,1,12,60,1,1,1,0.5030003190040588,0.5030003190040588,0.4969996511936188,0.5030003190040588,1,4,3,post_calibration
18,10,1,13,60,1,0,0,0.5049442052841187,0.5049442052841187,0.5049442052841187,0.49505582451820374,1,4,3,post_calibration
18,11,1,14,60,1,0,0,0.5006775259971619,0.5006775259971619,0.5006775259971619,0.49932244420051575,1,4,3,post_calibration
18,12,1,15,60,1,1,1,0.5000225901603699,0.5000225901603699,0.4999774396419525,0.5000225901603699,1,4,3,post_calibration
18,13,1,16,60,1,1,1,0.5038512945175171,0.5038512945175171,0.4961487352848053,0.5038512945175171,1,4,3,post_calibration
18,14,1,17,60,1,0,0,0.506126880645752,0.506126880645752,0.506126880645752,0.49387311935424805,1,4,3,post_calibration
19,0,1,0,60,0,1,0,0.5008396506309509,0.5008396506309509,0.4991603493690491,0.5008396506309509,1,5,3,zero_shot_paired
19,1,1,2,60,1,1,1,0.5000867247581482,0.5000867247581482,0.4999132752418518,0.5000867247581482,1,5,3,zero_shot_paired
19,2,1,3,60,1,1,1,0.5010774731636047,0.5010774731636047,0.4989224970340729,0.5010774731636047,1,5,3,zero_shot_paired
19,3,1,5,60,1,0,0,0.5078713893890381,0.5078713893890381,0.5078713893890381,0.4921285808086395,1,5,3,zero_shot_paired
19,4,1,6,60,0,1,0,0.5047885775566101,0.5047885775566101,0.4952114522457123,0.5047885775566101,1,5,3,zero_shot_paired
19,5,1,7,60,1,0,0,0.5037872195243835,0.5037872195243835,0.5037872195243835,0.49621281027793884,1,5,3,zero_shot_paired
19,6,1,8,60,1,0,0,0.5012045502662659,0.5012045502662659,0.5012045502662659,0.49879544973373413,1,5,3,zero_shot_paired
19,7,1,9,60,1,1,1,0.5005638599395752,0.5005638599395752,0.4994361996650696,0.5005638599395752,1,5,3,zero_shot_paired
19,8,1,10,60,0,0,1,0.5094788670539856,0.5094788670539856,0.5094788670539856,0.4905211329460144,1,5,3,zero_shot_paired
19,9,1,11,60,1,0,0,0.5022298693656921,0.5022298693656921,0.5022298693656921,0.49777016043663025,1,5,3,zero_shot_paired
19,10,1,12,60,1,1,1,0.5024163722991943,0.5024163722991943,0.4975835978984833,0.5024163722991943,1,5,3,zero_shot_paired
19,11,1,13,60,1,0,0,0.5048347115516663,0.5048347115516663,0.5048347115516663,0.49516525864601135,1,5,3,zero_shot_paired
19,12,1,15,60,1,1,1,0.5001746416091919,0.5001746416091919,0.4998253881931305,0.5001746416091919,1,5,3,zero_shot_paired
19,13,1,16,60,1,1,1,0.5030826926231384,0.5030826926231384,0.4969173073768616,0.5030826926231384,1,5,3,zero_shot_paired
19,14,1,17,60,1,0,0,0.5061521530151367,0.5061521530151367,0.5061521530151367,0.49384790658950806,1,5,3,zero_shot_paired
19,0,1,0,60,0,1,0,0.5008386969566345,0.5008386969566345,0.49916136264801025,0.5008386969566345,1,5,3,post_calibration
19,1,1,2,60,1,0,0,0.5003014206886292,0.5003014206886292,0.5003014206886292,0.49969860911369324,1,5,3,post_calibration
19,2,1,3,60,1,1,1,0.5010778903961182,0.5010778903961182,0.49892210960388184,0.5010778903961182,1,5,3,post_calibration
19,3,1,5,60,1,0,0,0.5081498026847839,0.5081498026847839,0.5081498026847839,0.4918501675128937,1,5,3,post_calibration
19,4,1,6,60,0,1,0,0.5047953724861145,0.5047953724861145,0.4952046275138855,0.5047953724861145,1,5,3,post_calibration
19,5,1,7,60,1,0,0,0.503902018070221,0.503902018070221,0.503902018070221,0.49609798192977905,1,5,3,post_calibration
19,6,1,8,60,1,0,0,0.5013609528541565,0.5013609528541565,0.5013609528541565,0.4986390173435211,1,5,3,post_calibration
19,7,1,9,60,1,1,1,0.5003024935722351,0.5003024935722351,0.4996974766254425,0.5003024935722351,1,5,3,post_calibration
19,8,1,10,60,0,0,1,0.5097100734710693,0.5097100734710693,0.5097100734710693,0.4902898669242859,1,5,3,post_calibration
19,9,1,11,60,1,0,0,0.5023068189620972,0.5023068189620972,0.5023068189620972,0.49769318103790283,1,5,3,post_calibration
19,10,1,12,60,1,1,1,0.5022782683372498,0.5022782683372498,0.49772173166275024,0.5022782683372498,1,5,3,post_calibration
19,11,1,13,60,1,0,0,0.5051257014274597,0.5051257014274597,0.5051257014274597,0.49487435817718506,1,5,3,post_calibration
19,12,1,15,60,1,0,0,0.5002094507217407,0.5002094507217407,0.5002094507217407,0.4997904896736145,1,5,3,post_calibration
19,13,1,16,60,1,1,1,0.5032129883766174,0.5032129883766174,0.49678704142570496,0.5032129883766174,1,5,3,post_calibration
19,14,1,17,60,1,0,0,0.5062077641487122,0.5062077641487122,0.5062077641487122,0.49379226565361023,1,5,3,post_calibration
20,0,1,1,60,1,0,0,0.5001282095909119,0.5001282095909119,0.5001282095909119,0.49987179040908813,1,6,3,zero_shot_paired
20,1,1,2,60,1,1,1,0.5000867247581482,0.5000867247581482,0.4999132752418518,0.5000867247581482,1,6,3,zero_shot_paired
20,2,1,3,60,1,1,1,0.5010774731636047,0.5010774731636047,0.4989224970340729,0.5010774731636047,1,6,3,zero_shot_paired
20,3,1,4,60,0,0,1,0.505146324634552,0.505146324634552,0.505146324634552,0.4948537349700928,1,6,3,zero_shot_paired
20,4,1,6,60,0,1,0,0.5047885775566101,0.5047885775566101,0.4952114522457123,0.5047885775566101,1,6,3,zero_shot_paired
20,5,1,7,60,1,0,0,0.5037872195243835,0.5037872195243835,0.5037872195243835,0.49621281027793884,1,6,3,zero_shot_paired
20,6,1,8,60,1,0,0,0.5012045502662659,0.5012045502662659,0.5012045502662659,0.49879544973373413,1,6,3,zero_shot_paired
20,7,1,10,60,0,0,1,0.5094788670539856,0.5094788670539856,0.5094788670539856,0.4905211329460144,1,6,3,zero_shot_paired
20,8,1,11,60,1,0,0,0.5022298693656921,0.5022298693656921,0.5022298693656921,0.49777016043663025,1,6,3,zero_shot_paired
20,9,1,12,60,1,1,1,0.5024163722991943,0.5024163722991943,0.4975835978984833,0.5024163722991943,1,6,3,zero_shot_paired
20,10,1,13,60,1,0,0,0.5048347115516663,0.5048347115516663,0.5048347115516663,0.49516525864601135,1,6,3,zero_shot_paired
20,11,1,14,60,1,0,0,0.5008944272994995,0.5008944272994995,0.5008944272994995,0.4991055428981781,1,6,3,zero_shot_paired
20,12,1,15,60,1,1,1,0.5001746416091919,0.5001746416091919,0.4998253881931305,0.5001746416091919,1,6,3,zero_shot_paired
20,13,1,16,60,1,1,1,0.5030826926231384,0.5030826926231384,0.4969173073768616,0.5030826926231384,1,6,3,zero_shot_paired
20,14,1,17,60,1,0,0,0.5061521530151367,0.5061521530151367,0.5061521530151367,0.49384790658950806,1,6,3,zero_shot_paired
20,0,1,1,60,1,0,0,0.5003001093864441,0.5003001093864441,0.5003001093864441,0.4996998608112335,1,6,3,post_calibration
20,1,1,2,60,1,1,1,0.5003842711448669,0.5003842711448669,0.49961575865745544,0.5003842711448669,1,6,3,post_calibration
20,2,1,3,60,1,1,1,0.5007356405258179,0.5007356405258179,0.49926432967185974,0.5007356405258179,1,6,3,post_calibration
20,3,1,4,60,0,0,1,0.5046027898788452,0.5046027898788452,0.5046027898788452,0.4953971803188324,1,6,3,post_calibration
20,4,1,6,60,0,1,0,0.5044798254966736,0.5044798254966736,0.49552011489868164,0.5044798254966736,1,6,3,post_calibration
20,5,1,7,60,1,0,0,0.503847062587738,0.503847062587738,0.503847062587738,0.49615293741226196,1,6,3,post_calibration
20,6,1,8,60,1,0,0,0.5008798241615295,0.5008798241615295,0.5008798241615295,0.49912017583847046,1,6,3,post_calibration
20,7,1,10,60,0,0,1,0.5090146064758301,0.5090146064758301,0.5090146064758301,0.49098533391952515,1,6,3,post_calibration
20,8,1,11,60,1,0,0,0.5017407536506653,0.5017407536506653,0.5017407536506653,0.49825918674468994,1,6,3,post_calibration
20,9,1,12,60,1,1,1,0.5022844672203064,0.5022844672203064,0.4977155327796936,0.5022844672203064,1,6,3,post_calibration
20,10,1,13,60,1,0,0,0.5047322511672974,0.5047322511672974,0.5047322511672974,0.49526774883270264,1,6,3,post_calibration
20,11,1,14,60,1,0,0,0.5008795261383057,0.5008795261383057,0.5008795261383057,0.4991205036640167,1,6,3,post_calibration
20,12,1,15,60,1,1,1,0.5001962184906006,0.5001962184906006,0.49980372190475464,0.5001962184906006,1,6,3,post_calibration
20,13,1,16,60,1,1,1,0.5028977394104004,0.5028977394104004,0.4971022605895996,0.5028977394104004,1,6,3,post_calibration
20,14,1,17,60,1,0,0,0.5062993764877319,0.5062993764877319,0.5062993764877319,0.4937005937099457,1,6,3,post_calibration
21,0,1,0,60,0,1,0,0.5008396506309509,0.5008396506309509,0.4991603493690491,0.5008396506309509,1,1,6,zero_shot_paired
21,1,1,1,60,1,0,0,0.5001282095909119,0.5001282095909119,0.5001282095909119,0.49987179040908813,1,1,6,zero_shot_paired
21,2,1,3,60,1,1,1,0.5010774731636047,0.5010774731636047,0.4989224970340729,0.5010774731636047,1,1,6,zero_shot_paired
21,3,1,4,60,0,0,1,0.505146324634552,0.505146324634552,0.505146324634552,0.4948537349700928,1,1,6,zero_shot_paired
21,4,1,5,60,1,0,0,0.5078713893890381,0.5078713893890381,0.5078713893890381,0.4921285808086395,1,1,6,zero_shot_paired
21,5,1,6,60,0,1,0,0.5047885775566101,0.5047885775566101,0.4952114522457123,0.5047885775566101,1,1,6,zero_shot_paired
21,6,1,11,60,1,0,0,0.5022298693656921,0.5022298693656921,0.5022298693656921,0.49777016043663025,1,1,6,zero_shot_paired
21,7,1,12,60,1,1,1,0.5024163722991943,0.5024163722991943,0.4975835978984833,0.5024163722991943,1,1,6,zero_shot_paired
21,8,1,13,60,1,0,0,0.5048347115516663,0.5048347115516663,0.5048347115516663,0.49516525864601135,1,1,6,zero_shot_paired
21,9,1,15,60,1,1,1,0.5001746416091919,0.5001746416091919,0.4998253881931305,0.5001746416091919,1,1,6,zero_shot_paired
21,10,1,16,60,1,1,1,0.5030826926231384,0.5030826926231384,0.4969173073768616,0.5030826926231384,1,1,6,zero_shot_paired
21,11,1,17,60,1,0,0,0.5061521530151367,0.5061521530151367,0.5061521530151367,0.49384790658950806,1,1,6,zero_shot_paired
21,0,1,0,60,0,1,0,0.5006675720214844,0.5006675720214844,0.49933239817619324,0.5006675720214844,1,1,6,post_calibration
21,1,1,1,60,1,1,1,0.500650942325592,0.500650942325592,0.49934908747673035,0.500650942325592,1,1,6,post_calibration
21,2,1,3,60,1,1,1,0.501410961151123,0.501410961151123,0.49858906865119934,0.501410961151123,1,1,6,post_calibration
21,3,1,4,60,0,0,1,0.5045846700668335,0.5045846700668335,0.5045846700668335,0.4954153597354889,1,1,6,post_calibration
21,4,1,5,60,1,0,0,0.5073405504226685,0.5073405504226685,0.5073405504226685,0.49265947937965393,1,1,6,post_calibration
21,5,1,6,60,0,1,0,0.5052527189254761,0.5052527189254761,0.4947472810745239,0.5052527189254761,1,1,6,post_calibration
21,6,1,11,60,1,0,0,0.5015676021575928,0.5015676021575928,0.5015676021575928,0.4984324276447296,1,1,6,post_calibration
21,7,1,12,60,1,1,1,0.5030360221862793,0.5030360221862793,0.4969639778137207,0.5030360221862793,1,1,6,post_calibration
21,8,1,13,60,1,0,0,0.5044489502906799,0.5044489502906799,0.5044489502906799,0.4955509901046753,1,1,6,post_calibration
21,9,1,15,60,1,1,1,0.5007873177528381,0.5007873177528381,0.49921271204948425,0.5007873177528381,1,1,6,post_calibration
21,10,1,16,60,1,1,1,0.5039057731628418,0.5039057731628418,0.4960941970348358,0.5039057731628418,1,1,6,post_calibration
21,11,1,17,60,1,0,0,0.5063239336013794,0.5063239336013794,0.5063239336013794,0.493676096200943,1,1,6,post_calibration
22,0,1,1,60,1,0,0,0.5001282095909119,0.5001282095909119,0.5001282095909119,0.49987179040908813,1,2,6,zero_shot_paired
22,1,1,2,60,1,1,1,0.5000867247581482,0.5000867247581482,0.4999132752418518,0.5000867247581482,1,2,6,zero_shot_paired
22,2,1,4,60,0,0,1,0.505146324634552,0.505146324634552,0.505146324634552,0.4948537349700928,1,2,6,zero_shot_paired
22,3,1,6,60,0,1,0,0.5047885775566101,0.5047885775566101,0.4952114522457123,0.5047885775566101,1,2,6,zero_shot_paired
22,4,1,7,60,1,0,0,0.5037872195243835,0.5037872195243835,0.5037872195243835,0.49621281027793884,1,2,6,zero_shot_paired
22,5,1,8,60,1,0,0,0.5012045502662659,0.5012045502662659,0.5012045502662659,0.49879544973373413,1,2,6,zero_shot_paired
22,6,1,9,60,1,1,1,0.5005638599395752,0.5005638599395752,0.4994361996650696,0.5005638599395752,1,2,6,zero_shot_paired
22,7,1,10,60,0,0,1,0.5094788670539856,0.5094788670539856,0.5094788670539856,0.4905211329460144,1,2,6,zero_shot_paired
22,8,1,13,60,1,0,0,0.5048347115516663,0.5048347115516663,0.5048347115516663,0.49516525864601135,1,2,6,zero_shot_paired
22,9,1,14,60,1,0,0,0.5008944272994995,0.5008944272994995,0.5008944272994995,0.4991055428981781,1,2,6,zero_shot_paired
22,10,1,15,60,1,1,1,0.5001746416091919,0.5001746416091919,0.4998253881931305,0.5001746416091919,1,2,6,zero_shot_paired
22,11,1,17,60,1,0,0,0.5061521530151367,0.5061521530151367,0.5061521530151367,0.49384790658950806,1,2,6,zero_shot_paired
22,0,1,1,60,1,1,1,0.5007511377334595,0.5007511377334595,0.4992488920688629,0.5007511377334595,1,2,6,post_calibration
22,1,1,2,60,1,1,1,0.5014575123786926,0.5014575123786926,0.4985424876213074,0.5014575123786926,1,2,6,post_calibration
22,2,1,4,60,0,0,1,0.5040794014930725,0.5040794014930725,0.5040794014930725,0.4959205687046051,1,2,6,post_calibration
22,3,1,6,60,0,1,0,0.5044824481010437,0.5044824481010437,0.4955175220966339,0.5044824481010437,1,2,6,post_calibration
22,4,1,7,60,1,0,0,0.5032007098197937,0.5032007098197937,0.5032007098197937,0.4967992901802063,1,2,6,post_calibration
22,5,1,8,60,1,0,0,0.5014911890029907,0.5014911890029907,0.5014911890029907,0.4985087811946869,1,2,6,post_calibration
22,6,1,9,60,1,1,1,0.5011799335479736,0.5011799335479736,0.49882006645202637,0.5011799335479736,1,2,6,post_calibration
22,7,1,10,60,0,0,1,0.5094653964042664,0.5094653964042664,0.5094653964042664,0.49053454399108887,1,2,6,post_calibration
22,8,1,13,60,1,0,0,0.5044212341308594,0.5044212341308594,0.5044212341308594,0.495578795671463,1,2,6,post_calibration
22,9,1,14,60,1,0,0,0.5003843307495117,0.5003843307495117,0.5003843307495117,0.49961569905281067,1,2,6,post_calibration
22,10,1,15,60,1,1,1,0.500684380531311,0.500684380531311,0.49931564927101135,0.500684380531311,1,2,6,post_calibration
22,11,1,17,60,1,0,0,0.5064079165458679,0.5064079165458679,0.5064079165458679,0.4935920834541321,1,2,6,post_calibration
23,0,1,0,60,0,1,0,0.5008396506309509,0.5008396506309509,0.4991603493690491,0.5008396506309509,1,3,6,zero_shot_paired
23,1,1,2,60,1,1,1,0.5000867247581482,0.5000867247581482,0.4999132752418518,0.5000867247581482,1,3,6,zero_shot_paired
23,2,1,3,60,1,1,1,0.5010774731636047,0.5010774731636047,0.4989224970340729,0.5010774731636047,1,3,6,zero_shot_paired
23,3,1,5,60,1,0,0,0.5078713893890381,0.5078713893890381,0.5078713893890381,0.4921285808086395,1,3,6,zero_shot_paired
23,4,1,7,60,1,0,0,0.5037872195243835,0.5037872195243835,0.5037872195243835,0.49621281027793884,1,3,6,zero_shot_paired
23,5,1,8,60,1,0,0,0.5012045502662659,0.5012045502662659,0.5012045502662659,0.49879544973373413,1,3,6,zero_shot_paired
23,6,1,9,60,1,1,1,0.5005638599395752,0.5005638599395752,0.4994361996650696,0.5005638599395752,1,3,6,zero_shot_paired
23,7,1,10,60,0,0,1,0.5094788670539856,0.5094788670539856,0.5094788670539856,0.4905211329460144,1,3,6,zero_shot_paired
23,8,1,11,60,1,0,0,0.5022298693656921,0.5022298693656921,0.5022298693656921,0.49777016043663025,1,3,6,zero_shot_paired
23,9,1,12,60,1,1,1,0.5024163722991943,0.5024163722991943,0.4975835978984833,0.5024163722991943,1,3,6,zero_shot_paired
23,10,1,14,60,1,0,0,0.5008944272994995,0.5008944272994995,0.5008944272994995,0.4991055428981781,1,3,6,zero_shot_paired
23,11,1,16,60,1,1,1,0.5030826926231384,0.5030826926231384,0.4969173073768616,0.5030826926231384,1,3,6,zero_shot_paired
23,0,1,0,60,0,1,0,0.5013986229896545,0.5013986229896545,0.49860134720802307,0.5013986229896545,1,3,6,post_calibration
23,1,1,2,60,1,0,0,0.5005145072937012,0.5005145072937012,0.5005145072937012,0.49948546290397644,1,3,6,post_calibration
23,2,1,3,60,1,1,1,0.5011376738548279,0.5011376738548279,0.49886226654052734,0.5011376738548279,1,3,6,post_calibration
23,3,1,5,60,1,0,0,0.5077145099639893,0.5077145099639893,0.5077145099639893,0.49228549003601074,1,3,6,post_calibration
23,4,1,7,60,1,0,0,0.5037598013877869,0.5037598013877869,0.5037598013877869,0.49624019861221313,1,3,6,post_calibration
23,5,1,8,60,1,0,0,0.5017884969711304,0.5017884969711304,0.5017884969711304,0.49821147322654724,1,3,6,post_calibration
23,6,1,9,60,1,1,1,0.5005069971084595,0.5005069971084595,0.4994930028915405,0.5005069971084595,1,3,6,post_calibration
23,7,1,10,60,0,0,1,0.5097401142120361,0.5097401142120361,0.5097401142120361,0.4902598559856415,1,3,6,post_calibration
23,8,1,11,60,1,0,0,0.5022945404052734,0.5022945404052734,0.5022945404052734,0.4977054297924042,1,3,6,post_calibration
23,9,1,12,60,1,1,1,0.5024620890617371,0.5024620890617371,0.49753791093826294,0.5024620890617371,1,3,6,post_calibration
23,10,1,14,60,1,0,0,0.5007290840148926,0.5007290840148926,0.5007290840148926,0.4992709457874298,1,3,6,post_calibration
23,11,1,16,60,1,1,1,0.5030451416969299,0.5030451416969299,0.4969548285007477,0.5030451416969299,1,3,6,post_calibration
24,0,1,0,60,0,1,0,0.5008395910263062,0.5008395910263062,0.49916040897369385,0.5008395910263062,1,1,9,zero_shot_paired
24,1,1,1,60,1,0,0,0.5001281499862671,0.5001281499862671,0.5001281499862671,0.4998718500137329,1,1,9,zero_shot_paired
24,2,1,2,60,1,1,1,0.500086784362793,0.500086784362793,0.49991321563720703,0.500086784362793,1,1,9,zero_shot_paired
24,3,1,5,60,1,0,0,0.5078712701797485,0.5078712701797485,0.5078712701797485,0.49212872982025146,1,1,9,zero_shot_paired
24,4,1,10,60,0,0,1,0.5094788670539856,0.5094788670539856,0.5094788670539856,0.4905211329460144,1,1,9,zero_shot_paired
24,5,1,11,60,1,0,0,0.5022298097610474,0.5022298097610474,0.5022298097610474,0.497770220041275,1,1,9,zero_shot_paired
24,6,1,13,60,1,0,0,0.5048347115516663,0.5048347115516663,0.5048347115516663,0.49516531825065613,1,1,9,zero_shot_paired
24,7,1,16,60,1,1,1,0.5030826330184937,0.5030826330184937,0.49691733717918396,0.5030826330184937,1,1,9,zero_shot_paired
24,8,1,17,60,1,0,0,0.5061520934104919,0.5061520934104919,0.5061520934104919,0.49384793639183044,1,1,9,zero_shot_paired
24,0,1,0,60,0,1,0,0.5008785128593445,0.5008785128593445,0.49912145733833313,0.5008785128593445,1,1,9,post_calibration
24,1,1,1,60,1,1,1,0.5001481771469116,0.5001481771469116,0.4998518228530884,0.5001481771469116,1,1,9,post_calibration
24,2,1,2,60,1,1,1,0.5002331137657166,0.5002331137657166,0.49976685643196106,0.5002331137657166,1,1,9,post_calibration
24,3,1,5,60,1,0,0,0.5078203678131104,0.5078203678131104,0.5078203678131104,0.49217963218688965,1,1,9,post_calibration
24,4,1,10,60,0,0,1,0.5092077851295471,0.5092077851295471,0.5092077851295471,0.4907922148704529,1,1,9,post_calibration
24,5,1,11,60,1,0,0,0.5017011165618896,0.5017011165618896,0.5017011165618896,0.49829885363578796,1,1,9,post_calibration
24,6,1,13,60,1,0,0,0.5045621991157532,0.5045621991157532,0.5045621991157532,0.49543777108192444,1,1,9,post_calibration
24,7,1,16,60,1,1,1,0.5037147402763367,0.5037147402763367,0.4962853193283081,0.5037147402763367,1,1,9,post_calibration
24,8,1,17,60,1,0,0,0.5061349868774414,0.5061349868774414,0.5061349868774414,0.493865042924881,1,1,9,post_calibration
25,0,1,3,60,1,1,1,0.5010775327682495,0.5010775327682495,0.4989224374294281,0.5010775327682495,1,2,9,zero_shot_paired
25,1,1,4,60,0,0,1,0.5051463842391968,0.5051463842391968,0.5051463842391968,0.494853675365448,1,2,9,zero_shot_paired
25,2,1,6,60,0,1,0,0.5047887563705444,0.5047887563705444,0.4952112138271332,0.5047887563705444,1,2,9,zero_shot_paired
25,3,1,7,60,1,0,0,0.5037872195243835,0.5037872195243835,0.5037872195243835,0.49621281027793884,1,2,9,zero_shot_paired
25,4,1,8,60,1,0,0,0.5012045502662659,0.5012045502662659,0.5012045502662659,0.49879544973373413,1,2,9,zero_shot_paired
25,5,1,9,60,1,1,1,0.5005638003349304,0.5005638003349304,0.4994361996650696,0.5005638003349304,1,2,9,zero_shot_paired
25,6,1,12,60,1,1,1,0.5024166107177734,0.5024166107177734,0.49758341908454895,0.5024166107177734,1,2,9,zero_shot_paired
25,7,1,14,60,1,0,0,0.5008944869041443,0.5008944869041443,0.5008944869041443,0.4991055130958557,1,2,9,zero_shot_paired
25,8,1,15,60,1,1,1,0.5001745820045471,0.5001745820045471,0.4998253881931305,0.5001745820045471,1,2,9,zero_shot_paired
25,0,1,3,60,1,1,1,0.5011183619499207,0.5011183619499207,0.49888160824775696,0.5011183619499207,1,2,9,post_calibration
25,1,1,4,60,0,0,1,0.504196286201477,0.504196286201477,0.504196286201477,0.49580368399620056,1,2,9,post_calibration
25,2,1,6,60,0,1,0,0.5048825144767761,0.5048825144767761,0.49511751532554626,0.5048825144767761,1,2,9,post_calibration
25,3,1,7,60,1,0,0,0.5033248662948608,0.5033248662948608,0.5033248662948608,0.49667513370513916,1,2,9,post_calibration
25,4,1,8,60,1,0,0,0.501223087310791,0.501223087310791,0.501223087310791,0.49877694249153137,1,2,9,post_calibration
25,5,1,9,60,1,1,1,0.5008739233016968,0.5008739233016968,0.4991260766983032,0.5008739233016968,1,2,9,post_calibration
25,6,1,12,60,1,1,1,0.5030316710472107,0.5030316710472107,0.4969683289527893,0.5030316710472107,1,2,9,post_calibration
25,7,1,14,60,1,0,0,0.5005301237106323,0.5005301237106323,0.5005301237106323,0.4994698166847229,1,2,9,post_calibration
25,8,1,15,60,1,1,1,0.5006049275398254,0.5006049275398254,0.4993950128555298,0.5006049275398254,1,2,9,post_calibration
26,0,1,0,60,0,1,0,0.5008400082588196,0.5008400082588196,0.4991599917411804,0.5008400082588196,1,1,12,zero_shot_paired
26,1,1,8,60,1,0,0,0.5012062788009644,0.5012062788009644,0.5012062788009644,0.4987937808036804,1,1,12,zero_shot_paired
26,2,1,12,60,1,1,1,0.5024147629737854,0.5024147629737854,0.4975852966308594,0.5024147629737854,1,1,12,zero_shot_paired
26,3,1,13,60,1,0,0,0.5048333406448364,0.5048333406448364,0.5048333406448364,0.4951665997505188,1,1,12,zero_shot_paired
26,4,1,14,60,1,0,0,0.5008925199508667,0.5008925199508667,0.5008925199508667,0.4991074800491333,1,1,12,zero_shot_paired
26,5,1,16,60,1,1,1,0.5030830502510071,0.5030830502510071,0.4969169795513153,0.5030830502510071,1,1,12,zero_shot_paired
26,0,1,0,60,0,1,0,0.5022290945053101,0.5022290945053101,0.49777087569236755,0.5022290945053101,1,1,12,post_calibration
26,1,1,8,60,1,0,0,0.5012502074241638,0.5012502074241638,0.5012502074241638,0.4987497925758362,1,1,12,post_calibration
26,2,1,12,60,1,1,1,0.5043092966079712,0.5043092966079712,0.4956906735897064,0.5043092966079712,1,1,12,post_calibration
26,3,1,13,60,1,0,0,0.5039145350456238,0.5039145350456238,0.5039145350456238,0.49608543515205383,1,1,12,post_calibration
26,4,1,14,60,1,1,1,0.5001481771469116,0.5001481771469116,0.4998518228530884,0.5001481771469116,1,1,12,post_calibration
26,5,1,16,60,1,1,1,0.5046376585960388,0.5046376585960388,0.49536237120628357,0.5046376585960388,1,1,12,post_calibration
27,0,1,1,60,1,0,0,0.500127375125885,0.500127375125885,0.500127375125885,0.499872624874115,1,2,12,zero_shot_paired
27,1,1,3,60,1,1,1,0.5010758638381958,0.5010758638381958,0.4989241063594818,0.5010758638381958,1,2,12,zero_shot_paired
27,2,1,10,60,0,0,1,0.5094797611236572,0.5094797611236572,0.5094797611236572,0.490520179271698,1,2,12,zero_shot_paired
27,3,1,12,60,1,1,1,0.5024147629737854,0.5024147629737854,0.4975852966308594,0.5024147629737854,1,2,12,zero_shot_paired
27,4,1,15,60,1,1,1,0.5001721382141113,0.5001721382141113,0.49982786178588867,0.5001721382141113,1,2,12,zero_shot_paired
27,5,1,16,60,1,1,1,0.5030830502510071,0.5030830502510071,0.4969169795513153,0.5030830502510071,1,2,12,zero_shot_paired
27,0,1,1,60,1,0,0,0.500647783279419,0.500647783279419,0.500647783279419,0.49935218691825867,1,2,12,post_calibration
27,1,1,3,60,1,1,1,0.5009474158287048,0.5009474158287048,0.49905261397361755,0.5009474158287048,1,2,12,post_calibration
27,2,1,10,60,0,0,1,0.5085746049880981,0.5085746049880981,0.5085746049880981,0.49142539501190186,1,2,12,post_calibration
27,3,1,12,60,1,1,1,0.5026116371154785,0.5026116371154785,0.4973883628845215,0.5026116371154785,1,2,12,post_calibration
27,4,1,15,60,1,1,1,0.5012089610099792,0.5012089610099792,0.49879106879234314,0.5012089610099792,1,2,12,post_calibration
27,5,1,16,60,1,1,1,0.5031487345695496,0.5031487345695496,0.49685126543045044,0.5031487345695496,1,2,12,post_calibration
28,0,1,1,60,1,0,0,0.500127375125885,0.500127375125885,0.500127375125885,0.499872624874115,1,3,12,zero_shot_paired
28,1,1,7,60,1,0,0,0.5037855505943298,0.5037855505943298,0.5037855505943298,0.49621447920799255,1,3,12,zero_shot_paired
28,2,1,10,60,0,0,1,0.5094797611236572,0.5094797611236572,0.5094797611236572,0.490520179271698,1,3,12,zero_shot_paired
28,3,1,12,60,1,1,1,0.5024147629737854,0.5024147629737854,0.4975852966308594,0.5024147629737854,1,3,12,zero_shot_paired
28,4,1,14,60,1,0,0,0.5008925199508667,0.5008925199508667,0.5008925199508667,0.4991074800491333,1,3,12,zero_shot_paired
28,5,1,17,60,1,0,0,0.5061536431312561,0.5061536431312561,0.5061536431312561,0.4938463568687439,1,3,12,zero_shot_paired
28,0,1,1,60,1,1,1,0.5001964569091797,0.5001964569091797,0.4998035132884979,0.5001964569091797,1,3,12,post_calibration
28,1,1,7,60,1,0,0,0.5036969184875488,0.5036969184875488,0.5036969184875488,0.49630311131477356,1,3,12,post_calibration
28,2,1,10,60,0,0,1,0.5085681080818176,0.5085681080818176,0.5085681080818176,0.49143186211586,1,3,12,post_calibration
28,3,1,12,60,1,1,1,0.5033391714096069,0.5033391714096069,0.49666082859039307,0.5033391714096069,1,3,12,post_calibration
28,4,1,14,60,1,1,1,0.500411868095398,0.500411868095398,0.4995881915092468,0.500411868095398,1,3,12,post_calibration
28,5,1,17,60,1,0,0,0.5061177611351013,0.5061177611351013,0.5061177611351013,0.49388226866722107,1,3,12,post_calibration
3,0,2,0,60,1,0,0,0.5040797591209412,0.5040797591209412,0.5040797591209412,0.49592024087905884,2,,,zero_shot_all_trials
3,1,2,1,60,1,0,0,0.5003439784049988,0.5003439784049988,0.5003439784049988,0.49965599179267883,2,,,zero_shot_all_trials
3,2,2,2,60,1,0,0,0.50809645652771,0.50809645652771,0.50809645652771,0.4919036030769348,2,,,zero_shot_all_trials
3,3,2,3,60,1,1,1,0.5038354396820068,0.5038354396820068,0.49616456031799316,0.5038354396820068,2,,,zero_shot_all_trials
3,4,2,4,60,1,1,1,0.507142961025238,0.507142961025238,0.4928570091724396,0.507142961025238,2,,,zero_shot_all_trials
3,5,2,5,60,1,0,0,0.5080865025520325,0.5080865025520325,0.5080865025520325,0.49191346764564514,2,,,zero_shot_all_trials
3,6,2,6,60,1,1,1,0.502301037311554,0.502301037311554,0.49769893288612366,0.502301037311554,2,,,zero_shot_all_trials
3,7,2,7,60,1,1,1,0.5002274513244629,0.5002274513244629,0.4997725486755371,0.5002274513244629,2,,,zero_shot_all_trials
3,8,2,8,60,0,1,0,0.5027132630348206,0.5027132630348206,0.49728676676750183,0.5027132630348206,2,,,zero_shot_all_trials
3,9,2,9,60,0,0,1,0.510298490524292,0.510298490524292,0.510298490524292,0.489701509475708,2,,,zero_shot_all_trials
3,10,2,10,60,0,0,1,0.5095319747924805,0.5095319747924805,0.5095319747924805,0.4904680550098419,2,,,zero_shot_all_trials
3,11,2,11,60,1,0,0,0.5036787986755371,0.5036787986755371,0.5036787986755371,0.4963212013244629,2,,,zero_shot_all_trials
3,12,2,12,60,1,0,0,0.5077298283576965,0.5077298283576965,0.5077298283576965,0.4922701418399811,2,,,zero_shot_all_trials
3,13,2,13,60,0,1,0,0.5013558864593506,0.5013558864593506,0.4986441135406494,0.5013558864593506,2,,,zero_shot_all_trials
3,14,2,14,60,0,0,1,0.5015657544136047,0.5015657544136047,0.5015657544136047,0.49843424558639526,2,,,zero_shot_all_trials
3,15,2,15,60,0,0,1,0.5019887685775757,0.5019887685775757,0.5019887685775757,0.49801120162010193,2,,,zero_shot_all_trials
3,16,2,16,60,0,0,1,0.5071907639503479,0.5071907639503479,0.5071907639503479,0.4928092062473297,2,,,zero_shot_all_trials
3,17,2,17,60,1,0,0,0.503399133682251,0.503399133682251,0.503399133682251,0.496600866317749,2,,,zero_shot_all_trials
29,0,2,0,60,1,0,0,0.5040797591209412,0.5040797591209412,0.5040797591209412,0.49592021107673645,2,1,3,zero_shot_paired
29,1,2,2,60,1,0,0,0.50809645652771,0.50809645652771,0.50809645652771,0.49190354347229004,2,1,3,zero_shot_paired
29,2,2,3,60,1,1,1,0.5038354992866516,0.5038354992866516,0.4961645305156708,0.5038354992866516,2,1,3,zero_shot_paired
29,3,2,4,60,1,1,1,0.5071430802345276,0.5071430802345276,0.4928569495677948,0.5071430802345276,2,1,3,zero_shot_paired
29,4,2,5,60,1,0,0,0.5080865025520325,0.5080865025520325,0.5080865025520325,0.49191346764564514,2,1,3,zero_shot_paired
29,5,2,6,60,1,1,1,0.5023007392883301,0.5023007392883301,0.4976992607116699,0.5023007392883301,2,1,3,zero_shot_paired
29,6,2,7,60,1,1,1,0.5002275109291077,0.5002275109291077,0.49977248907089233,0.5002275109291077,2,1,3,zero_shot_paired
29,7,2,8,60,0,1,0,0.5027130842208862,0.5027130842208862,0.49728697538375854,0.5027130842208862,2,1,3,zero_shot_paired
29,8,2,9,60,0,0,1,0.510298490524292,0.510298490524292,0.510298490524292,0.4897014796733856,2,1,3,zero_shot_paired
29,9,2,10,60,0,0,1,0.5095317959785461,0.5095317959785461,0.5095317959785461,0.49046820402145386,2,1,3,zero_shot_paired
29,10,2,11,60,1,0,0,0.5036787986755371,0.5036787986755371,0.5036787986755371,0.4963212013244629,2,1,3,zero_shot_paired
29,11,2,12,60,1,0,0,0.5077298283576965,0.5077298283576965,0.5077298283576965,0.4922701418399811,2,1,3,zero_shot_paired
29,12,2,13,60,0,1,0,0.5013558864593506,0.5013558864593506,0.4986441135406494,0.5013558864593506,2,1,3,zero_shot_paired
29,13,2,16,60,0,0,1,0.5071906447410583,0.5071906447410583,0.5071906447410583,0.4928092956542969,2,1,3,zero_shot_paired
29,14,2,17,60,1,0,0,0.503399133682251,0.503399133682251,0.503399133682251,0.496600866317749,2,1,3,zero_shot_paired
29,0,2,0,60,1,0,0,0.5042000412940979,0.5042000412940979,0.5042000412940979,0.4957999587059021,2,1,3,post_calibration
29,1,2,2,60,1,0,0,0.5083043575286865,0.5083043575286865,0.5083043575286865,0.4916956126689911,2,1,3,post_calibration
29,2,2,3,60,1,1,1,0.5038508176803589,0.5038508176803589,0.4961491823196411,0.5038508176803589,2,1,3,post_calibration
29,3,2,4,60,1,1,1,0.506833553314209,0.506833553314209,0.4931664764881134,0.506833553314209,2,1,3,post_calibration
29,4,2,5,60,1,0,0,0.508251965045929,0.508251965045929,0.508251965045929,0.49174800515174866,2,1,3,post_calibration
29,5,2,6,60,1,1,1,0.5023702383041382,0.5023702383041382,0.4976297616958618,0.5023702383041382,2,1,3,post_calibration
29,6,2,7,60,1,0,0,0.5001186728477478,0.5001186728477478,0.5001186728477478,0.4998813271522522,2,1,3,post_calibration
29,7,2,8,60,0,1,0,0.5022229552268982,0.5022229552268982,0.4977770745754242,0.5022229552268982,2,1,3,post_calibration
29,8,2,9,60,0,0,1,0.5107936263084412,0.5107936263084412,0.5107936263084412,0.4892064034938812,2,1,3,post_calibration
29,9,2,10,60,0,0,1,0.5095834732055664,0.5095834732055664,0.5095834732055664,0.4904164969921112,2,1,3,post_calibration
29,10,2,11,60,1,0,0,0.5038415789604187,0.5038415789604187,0.5038415789604187,0.4961584210395813,2,1,3,post_calibration
29,11,2,12,60,1,0,0,0.507739245891571,0.507739245891571,0.507739245891571,0.49226072430610657,2,1,3,post_calibration
29,12,2,13,60,0,1,0,0.5014221668243408,0.5014221668243408,0.49857789278030396,0.5014221668243408,2,1,3,post_calibration
29,13,2,16,60,0,0,1,0.5073848366737366,0.5073848366737366,0.5073848366737366,0.49261510372161865,2,1,3,post_calibration
29,14,2,17,60,1,0,0,0.5035141706466675,0.5035141706466675,0.5035141706466675,0.4964858293533325,2,1,3,post_calibration
30,0,2,0,60,1,0,0,0.5040797591209412,0.5040797591209412,0.5040797591209412,0.49592021107673645,2,2,3,zero_shot_paired
30,1,2,1,60,1,0,0,0.5003440976142883,0.5003440976142883,0.5003440976142883,0.4996558725833893,2,2,3,zero_shot_paired
30,2,2,3,60,1,1,1,0.5038354992866516,0.5038354992866516,0.4961645305156708,0.5038354992866516,2,2,3,zero_shot_paired
30,3,2,4,60,1,1,1,0.5071430802345276,0.5071430802345276,0.4928569495677948,0.5071430802345276,2,2,3,zero_shot_paired
30,4,2,5,60,1,0,0,0.5080865025520325,0.5080865025520325,0.5080865025520325,0.49191346764564514,2,2,3,zero_shot_paired
30,5,2,6,60,1,1,1,0.5023007392883301,0.5023007392883301,0.4976992607116699,0.5023007392883301,2,2,3,zero_shot_paired
30,6,2,7,60,1,1,1,0.5002275109291077,0.5002275109291077,0.49977248907089233,0.5002275109291077,2,2,3,zero_shot_paired
30,7,2,9,60,0,0,1,0.510298490524292,0.510298490524292,0.510298490524292,0.4897014796733856,2,2,3,zero_shot_paired
30,8,2,10,60,0,0,1,0.5095317959785461,0.5095317959785461,0.5095317959785461,0.49046820402145386,2,2,3,zero_shot_paired
30,9,2,12,60,1,0,0,0.5077298283576965,0.5077298283576965,0.5077298283576965,0.4922701418399811,2,2,3,zero_shot_paired
30,10,2,13,60,0,1,0,0.5013558864593506,0.5013558864593506,0.4986441135406494,0.5013558864593506,2,2,3,zero_shot_paired
30,11,2,14,60,0,0,1,0.5015656352043152,0.5015656352043152,0.5015656352043152,0.4984343349933624,2,2,3,zero_shot_paired
30,12,2,15,60,0,0,1,0.5019887089729309,0.5019887089729309,0.5019887089729309,0.4980112910270691,2,2,3,zero_shot_paired
30,13,2,16,60,0,0,1,0.5071906447410583,0.5071906447410583,0.5071906447410583,0.4928092956542969,2,2,3,zero_shot_paired
30,14,2,17,60,1,0,0,0.503399133682251,0.503399133682251,0.503399133682251,0.496600866317749,2,2,3,zero_shot_paired
30,0,2,0,60,1,0,0,0.5040488839149475,0.5040488839149475,0.5040488839149475,0.49595117568969727,2,2,3,post_calibration
30,1,2,1,60,1,0,0,0.500133752822876,0.500133752822876,0.500133752822876,0.499866247177124,2,2,3,post_calibration
30,2,2,3,60,1,1,1,0.5039271116256714,0.5039271116256714,0.4960728883743286,0.5039271116256714,2,2,3,post_calibration
30,3,2,4,60,1,1,1,0.5069993734359741,0.5069993734359741,0.4930005967617035,0.5069993734359741,2,2,3,post_calibration
30,4,2,5,60,1,0,0,0.5080368518829346,0.5080368518829346,0.5080368518829346,0.49196314811706543,2,2,3,post_calibration
30,5,2,6,60,1,1,1,0.5021997094154358,0.5021997094154358,0.4978003203868866,0.5021997094154358,2,2,3,post_calibration
30,6,2,7,60,1,1,1,0.500126302242279,0.500126302242279,0.49987369775772095,0.500126302242279,2,2,3,post_calibration
30,7,2,9,60,0,0,1,0.5100149512290955,0.5100149512290955,0.5100149512290955,0.48998504877090454,2,2,3,post_calibration
30,8,2,10,60,0,0,1,0.5093017220497131,0.5093017220497131,0.5093017220497131,0.49069827795028687,2,2,3,post_calibration
30,9,2,12,60,1,0,0,0.5073809027671814,0.5073809027671814,0.5073809027671814,0.4926190674304962,2,2,3,post_calibration
30,10,2,13,60,0,1,0,0.5012492537498474,0.5012492537498474,0.498750776052475,0.5012492537498474,2,2,3,post_calibration
30,11,2,14,60,0,0,1,0.5015444159507751,0.5015444159507751,0.5015444159507751,0.49845558404922485,2,2,3,post_calibration
30,12,2,15,60,0,0,1,0.5020520687103271,0.5020520687103271,0.5020520687103271,0.4979479908943176,2,2,3,post_calibration
30,13,2,16,60,0,0,1,0.5071869492530823,0.5071869492530823,0.5071869492530823,0.4928130507469177,2,2,3,post_calibration
30,14,2,17,60,1,0,0,0.5033516883850098,0.5033516883850098,0.5033516883850098,0.49664828181266785,2,2,3,post_calibration
31,0,2,0,60,1,0,0,0.5040797591209412,0.5040797591209412,0.5040797591209412,0.49592021107673645,2,3,3,zero_shot_paired
31,1,2,1,60,1,0,0,0.5003440976142883,0.5003440976142883,0.5003440976142883,0.4996558725833893,2,3,3,zero_shot_paired
31,2,2,2,60,1,0,0,0.50809645652771,0.50809645652771,0.50809645652771,0.49190354347229004,2,3,3,zero_shot_paired
31,3,2,4,60,1,1,1,0.5071430802345276,0.5071430802345276,0.4928569495677948,0.5071430802345276,2,3,3,zero_shot_paired
31,4,2,5,60,1,0,0,0.5080865025520325,0.5080865025520325,0.5080865025520325,0.49191346764564514,2,3,3,zero_shot_paired
31,5,2,6,60,1,1,1,0.5023007392883301,0.5023007392883301,0.4976992607116699,0.5023007392883301,2,3,3,zero_shot_paired
31,6,2,7,60,1,1,1,0.5002275109291077,0.5002275109291077,0.49977248907089233,0.5002275109291077,2,3,3,zero_shot_paired
31,7,2,8,60,0,1,0,0.5027130842208862,0.5027130842208862,0.49728697538375854,0.5027130842208862,2,3,3,zero_shot_paired
31,8,2,9,60,0,0,1,0.510298490524292,0.510298490524292,0.510298490524292,0.4897014796733856,2,3,3,zero_shot_paired
31,9,2,11,60,1,0,0,0.5036787986755371,0.5036787986755371,0.5036787986755371,0.4963212013244629,2,3,3,zero_shot_paired
31,10,2,13,60,0,1,0,0.5013558864593506,0.5013558864593506,0.4986441135406494,0.5013558864593506,2,3,3,zero_shot_paired
31,11,2,14,60,0,0,1,0.5015656352043152,0.5015656352043152,0.5015656352043152,0.4984343349933624,2,3,3,zero_shot_paired
31,12,2,15,60,0,0,1,0.5019887089729309,0.5019887089729309,0.5019887089729309,0.4980112910270691,2,3,3,zero_shot_paired
31,13,2,16,60,0,0,1,0.5071906447410583,0.5071906447410583,0.5071906447410583,0.4928092956542969,2,3,3,zero_shot_paired
31,14,2,17,60,1,0,0,0.503399133682251,0.503399133682251,0.503399133682251,0.496600866317749,2,3,3,zero_shot_paired
31,0,2,0,60,1,0,0,0.504339337348938,0.504339337348938,0.504339337348938,0.4956606328487396,2,3,3,post_calibration
31,1,2,1,60,1,0,0,0.500281572341919,0.500281572341919,0.500281572341919,0.49971848726272583,2,3,3,post_calibration
31,2,2,2,60,1,0,0,0.5080564618110657,0.5080564618110657,0.5080564618110657,0.4919435381889343,2,3,3,post_calibration
31,3,2,4,60,1,1,1,0.5074204206466675,0.5074204206466675,0.4925796091556549,0.5074204206466675,2,3,3,post_calibration
31,4,2,5,60,1,0,0,0.5078290104866028,0.5078290104866028,0.5078290104866028,0.4921709895133972,2,3,3,post_calibration
31,5,2,6,60,1,1,1,0.5023431777954102,0.5023431777954102,0.49765679240226746,0.5023431777954102,2,3,3,post_calibration
31,6,2,7,60,1,1,1,0.5004180073738098,0.5004180073738098,0.4995820224285126,0.5004180073738098,2,3,3,post_calibration
31,7,2,8,60,0,1,0,0.5023781657218933,0.5023781657218933,0.4976218342781067,0.5023781657218933,2,3,3,post_calibration
31,8,2,9,60,0,0,1,0.5103623867034912,0.5103623867034912,0.5103623867034912,0.4896376132965088,2,3,3,post_calibration
31,9,2,11,60,1,0,0,0.5036081075668335,0.5036081075668335,0.5036081075668335,0.4963918924331665,2,3,3,post_calibration
31,10,2,13,60,0,1,0,0.5013944506645203,0.5013944506645203,0.4986055791378021,0.5013944506645203,2,3,3,post_calibration
31,11,2,14,60,0,0,1,0.5015808939933777,0.5015808939933777,0.5015808939933777,0.4984191358089447,2,3,3,post_calibration
31,12,2,15,60,0,0,1,0.5019835233688354,0.5019835233688354,0.5019835233688354,0.4980164170265198,2,3,3,post_calibration
31,13,2,16,60,0,0,1,0.5070403814315796,0.5070403814315796,0.5070403814315796,0.492959588766098,2,3,3,post_calibration
31,14,2,17,60,1,0,0,0.5034232139587402,0.5034232139587402,0.5034232139587402,0.49657678604125977,2,3,3,post_calibration
32,0,2,0,60,1,0,0,0.5040797591209412,0.5040797591209412,0.5040797591209412,0.49592021107673645,2,4,3,zero_shot_paired
32,1,2,1,60,1,0,0,0.5003440976142883,0.5003440976142883,0.5003440976142883,0.4996558725833893,2,4,3,zero_shot_paired
32,2,2,2,60,1,0,0,0.50809645652771,0.50809645652771,0.50809645652771,0.49190354347229004,2,4,3,zero_shot_paired
32,3,2,3,60,1,1,1,0.5038354992866516,0.5038354992866516,0.4961645305156708,0.5038354992866516,2,4,3,zero_shot_paired
32,4,2,4,60,1,1,1,0.5071430802345276,0.5071430802345276,0.4928569495677948,0.5071430802345276,2,4,3,zero_shot_paired
32,5,2,6,60,1,1,1,0.5023007392883301,0.5023007392883301,0.4976992607116699,0.5023007392883301,2,4,3,zero_shot_paired
32,6,2,8,60,0,1,0,0.5027130842208862,0.5027130842208862,0.49728697538375854,0.5027130842208862,2,4,3,zero_shot_paired
32,7,2,9,60,0,0,1,0.510298490524292,0.510298490524292,0.510298490524292,0.4897014796733856,2,4,3,zero_shot_paired
32,8,2,10,60,0,0,1,0.5095317959785461,0.5095317959785461,0.5095317959785461,0.49046820402145386,2,4,3,zero_shot_paired
32,9,2,11,60,1,0,0,0.5036787986755371,0.5036787986755371,0.5036787986755371,0.4963212013244629,2,4,3,zero_shot_paired
32,10,2,12,60,1,0,0,0.5077298283576965,0.5077298283576965,0.5077298283576965,0.4922701418399811,2,4,3,zero_shot_paired
32,11,2,14,60,0,0,1,0.5015656352043152,0.5015656352043152,0.5015656352043152,0.4984343349933624,2,4,3,zero_shot_paired
32,12,2,15,60,0,0,1,0.5019887089729309,0.5019887089729309,0.5019887089729309,0.4980112910270691,2,4,3,zero_shot_paired
32,13,2,16,60,0,0,1,0.5071906447410583,0.5071906447410583,0.5071906447410583,0.4928092956542969,2,4,3,zero_shot_paired
32,14,2,17,60,1,0,0,0.503399133682251,0.503399133682251,0.503399133682251,0.496600866317749,2,4,3,zero_shot_paired
32,0,2,0,60,1,0,0,0.503916323184967,0.503916323184967,0.503916323184967,0.49608367681503296,2,4,3,post_calibration
32,1,2,1,60,1,1,1,0.5001145601272583,0.5001145601272583,0.4998854398727417,0.5001145601272583,2,4,3,post_calibration
32,2,2,2,60,1,0,0,0.5077915787696838,0.5077915787696838,0.5077915787696838,0.4922083914279938,2,4,3,post_calibration
32,3,2,3,60,1,1,1,0.5041093230247498,0.5041093230247498,0.49589064717292786,0.5041093230247498,2,4,3,post_calibration
32,4,2,4,60,1,1,1,0.5075835585594177,0.5075835585594177,0.4924164116382599,0.5075835585594177,2,4,3,post_calibration
32,5,2,6,60,1,1,1,0.5027072429656982,0.5027072429656982,0.49729275703430176,0.5027072429656982,2,4,3,post_calibration
32,6,2,8,60,0,1,0,0.5025923252105713,0.5025923252105713,0.49740761518478394,0.5025923252105713,2,4,3,post_calibration
32,7,2,9,60,0,0,1,0.5100899338722229,0.5100899338722229,0.5100899338722229,0.4899100661277771,2,4,3,post_calibration
32,8,2,10,60,0,0,1,0.5092712044715881,0.5092712044715881,0.5092712044715881,0.49072882533073425,2,4,3,post_calibration
32,9,2,11,60,1,0,0,0.5028998255729675,0.5028998255729675,0.5028998255729675,0.49710020422935486,2,4,3,post_calibration
32,10,2,12,60,1,0,0,0.5072548985481262,0.5072548985481262,0.5072548985481262,0.49274513125419617,2,4,3,post_calibration
32,11,2,14,60,0,0,1,0.5013628602027893,0.5013628602027893,0.5013628602027893,0.4986371099948883,2,4,3,post_calibration
32,12,2,15,60,0,0,1,0.5014719367027283,0.5014719367027283,0.5014719367027283,0.49852806329727173,2,4,3,post_calibration
32,13,2,16,60,0,0,1,0.5067240595817566,0.5067240595817566,0.5067240595817566,0.493275910615921,2,4,3,post_calibration
32,14,2,17,60,1,0,0,0.5032074451446533,0.5032074451446533,0.5032074451446533,0.4967925548553467,2,4,3,post_calibration
33,0,2,1,60,1,0,0,0.5003440976142883,0.5003440976142883,0.5003440976142883,0.4996558725833893,2,5,3,zero_shot_paired
33,1,2,2,60,1,0,0,0.50809645652771,0.50809645652771,0.50809645652771,0.49190354347229004,2,5,3,zero_shot_paired
33,2,2,3,60,1,1,1,0.5038354992866516,0.5038354992866516,0.4961645305156708,0.5038354992866516,2,5,3,zero_shot_paired
33,3,2,5,60,1,0,0,0.5080865025520325,0.5080865025520325,0.5080865025520325,0.49191346764564514,2,5,3,zero_shot_paired
33,4,2,6,60,1,1,1,0.5023007392883301,0.5023007392883301,0.4976992607116699,0.5023007392883301,2,5,3,zero_shot_paired
33,5,2,7,60,1,1,1,0.5002275109291077,0.5002275109291077,0.49977248907089233,0.5002275109291077,2,5,3,zero_shot_paired
33,6,2,8,60,0,1,0,0.5027130842208862,0.5027130842208862,0.49728697538375854,0.5027130842208862,2,5,3,zero_shot_paired
33,7,2,10,60,0,0,1,0.5095317959785461,0.5095317959785461,0.5095317959785461,0.49046820402145386,2,5,3,zero_shot_paired
33,8,2,11,60,1,0,0,0.5036787986755371,0.5036787986755371,0.5036787986755371,0.4963212013244629,2,5,3,zero_shot_paired
33,9,2,12,60,1,0,0,0.5077298283576965,0.5077298283576965,0.5077298283576965,0.4922701418399811,2,5,3,zero_shot_paired
33,10,2,13,60,0,1,0,0.5013558864593506,0.5013558864593506,0.4986441135406494,0.5013558864593506,2,5,3,zero_shot_paired
33,11,2,14,60,0,0,1,0.5015656352043152,0.5015656352043152,0.5015656352043152,0.4984343349933624,2,5,3,zero_shot_paired
33,12,2,15,60,0,0,1,0.5019887089729309,0.5019887089729309,0.5019887089729309,0.4980112910270691,2,5,3,zero_shot_paired
33,13,2,16,60,0,0,1,0.5071906447410583,0.5071906447410583,0.5071906447410583,0.4928092956542969,2,5,3,zero_shot_paired
33,14,2,17,60,1,0,0,0.503399133682251,0.503399133682251,0.503399133682251,0.496600866317749,2,5,3,zero_shot_paired
33,0,2,1,60,1,0,0,0.5004199743270874,0.5004199743270874,0.5004199743270874,0.4995799958705902,2,5,3,post_calibration
33,1,2,2,60,1,0,0,0.50809246301651,0.50809246301651,0.50809246301651,0.49190753698349,2,5,3,post_calibration
33,2,2,3,60,1,1,1,0.5038930177688599,0.5038930177688599,0.49610698223114014,0.5038930177688599,2,5,3,post_calibration
33,3,2,5,60,1,0,0,0.5080857276916504,0.5080857276916504,0.5080857276916504,0.4919142723083496,2,5,3,post_calibration
33,4,2,6,60,1,1,1,0.502052903175354,0.502052903175354,0.4979470670223236,0.502052903175354,2,5,3,post_calibration
33,5,2,7,60,1,1,1,0.5002768039703369,0.5002768039703369,0.4997231960296631,0.5002768039703369,2,5,3,post_calibration
33,6,2,8,60,0,1,0,0.5023629665374756,0.5023629665374756,0.497637003660202,0.5023629665374756,2,5,3,post_calibration
33,7,2,10,60,0,0,1,0.510123074054718,0.510123074054718,0.510123074054718,0.4898768663406372,2,5,3,post_calibration
33,8,2,11,60,1,0,0,0.5036864280700684,0.5036864280700684,0.5036864280700684,0.49631357192993164,2,5,3,post_calibration
33,9,2,12,60,1,0,0,0.5077391266822815,0.5077391266822815,0.5077391266822815,0.4922609031200409,2,5,3,post_calibration
33,10,2,13,60,0,1,0,0.5013758540153503,0.5013758540153503,0.49862414598464966,0.5013758540153503,2,5,3,post_calibration
33,11,2,14,60,0,0,1,0.5019333362579346,0.5019333362579346,0.5019333362579346,0.4980666935443878,2,5,3,post_calibration
33,12,2,15,60,0,0,1,0.5021560192108154,0.5021560192108154,0.5021560192108154,0.4978439211845398,2,5,3,post_calibration
33,13,2,16,60,0,0,1,0.5071914792060852,0.5071914792060852,0.5071914792060852,0.4928085207939148,2,5,3,post_calibration
33,14,2,17,60,1,0,0,0.5034586787223816,0.5034586787223816,0.5034586787223816,0.4965413510799408,2,5,3,post_calibration
34,0,2,0,60,1,0,0,0.5040797591209412,0.5040797591209412,0.5040797591209412,0.49592021107673645,2,6,3,zero_shot_paired
34,1,2,1,60,1,0,0,0.5003440976142883,0.5003440976142883,0.5003440976142883,0.4996558725833893,2,6,3,zero_shot_paired
34,2,2,2,60,1,0,0,0.50809645652771,0.50809645652771,0.50809645652771,0.49190354347229004,2,6,3,zero_shot_paired
34,3,2,3,60,1,1,1,0.5038354992866516,0.5038354992866516,0.4961645305156708,0.5038354992866516,2,6,3,zero_shot_paired
34,4,2,4,60,1,1,1,0.5071430802345276,0.5071430802345276,0.4928569495677948,0.5071430802345276,2,6,3,zero_shot_paired
34,5,2,5,60,1,0,0,0.5080865025520325,0.5080865025520325,0.5080865025520325,0.49191346764564514,2,6,3,zero_shot_paired
34,6,2,7,60,1,1,1,0.5002275109291077,0.5002275109291077,0.49977248907089233,0.5002275109291077,2,6,3,zero_shot_paired
34,7,2,8,60,0,1,0,0.5027130842208862,0.5027130842208862,0.49728697538375854,0.5027130842208862,2,6,3,zero_shot_paired
34,8,2,9,60,0,0,1,0.510298490524292,0.510298490524292,0.510298490524292,0.4897014796733856,2,6,3,zero_shot_paired
34,9,2,10,60,0,0,1,0.5095317959785461,0.5095317959785461,0.5095317959785461,0.49046820402145386,2,6,3,zero_shot_paired
34,10,2,11,60,1,0,0,0.5036787986755371,0.5036787986755371,0.5036787986755371,0.4963212013244629,2,6,3,zero_shot_paired
34,11,2,12,60,1,0,0,0.5077298283576965,0.5077298283576965,0.5077298283576965,0.4922701418399811,2,6,3,zero_shot_paired
34,12,2,13,60,0,1,0,0.5013558864593506,0.5013558864593506,0.4986441135406494,0.5013558864593506,2,6,3,zero_shot_paired
34,13,2,14,60,0,0,1,0.5015656352043152,0.5015656352043152,0.5015656352043152,0.4984343349933624,2,6,3,zero_shot_paired
34,14,2,15,60,0,0,1,0.5019887089729309,0.5019887089729309,0.5019887089729309,0.4980112910270691,2,6,3,zero_shot_paired
34,0,2,0,60,1,0,0,0.503787100315094,0.503787100315094,0.503787100315094,0.496212899684906,2,6,3,post_calibration
34,1,2,1,60,1,0,0,0.5001856088638306,0.5001856088638306,0.5001856088638306,0.4998144209384918,2,6,3,post_calibration
34,2,2,2,60,1,0,0,0.507875919342041,0.507875919342041,0.507875919342041,0.492124080657959,2,6,3,post_calibration
34,3,2,3,60,1,1,1,0.5039068460464478,0.5039068460464478,0.49609318375587463,0.5039068460464478,2,6,3,post_calibration
34,4,2,4,60,1,1,1,0.5073661804199219,0.5073661804199219,0.4926338195800781,0.5073661804199219,2,6,3,post_calibration
34,5,2,5,60,1,0,0,0.5079120397567749,0.5079120397567749,0.5079120397567749,0.4920879900455475,2,6,3,post_calibration
34,6,2,7,60,1,1,1,0.5001994967460632,0.5001994967460632,0.49980050325393677,0.5001994967460632,2,6,3,post_calibration
34,7,2,8,60,0,1,0,0.5028908252716064,0.5028908252716064,0.49710914492607117,0.5028908252716064,2,6,3,post_calibration
34,8,2,9,60,0,0,1,0.5101112723350525,0.5101112723350525,0.5101112723350525,0.4898887574672699,2,6,3,post_calibration
34,9,2,10,60,0,0,1,0.5090120434761047,0.5090120434761047,0.5090120434761047,0.4909879267215729,2,6,3,post_calibration
34,10,2,11,60,1,0,0,0.503564715385437,0.503564715385437,0.503564715385437,0.4964352548122406,2,6,3,post_calibration
34,11,2,12,60,1,0,0,0.5078363418579102,0.5078363418579102,0.5078363418579102,0.4921637177467346,2,6,3,post_calibration
34,12,2,13,60,0,1,0,0.5017592906951904,0.5017592906951904,0.4982406795024872,0.5017592906951904,2,6,3,post_calibration
34,13,2,14,60,0,0,1,0.5014150738716125,0.5014150738716125,0.5014150738716125,0.49858492612838745,2,6,3,post_calibration
34,14,2,15,60,0,0,1,0.5022341012954712,0.5022341012954712,0.5022341012954712,0.4977658987045288,2,6,3,post_calibration
35,0,2,1,60,1,0,0,0.5003440976142883,0.5003440976142883,0.5003440976142883,0.4996558725833893,2,1,6,zero_shot_paired
35,1,2,3,60,1,1,1,0.5038354992866516,0.5038354992866516,0.4961645305156708,0.5038354992866516,2,1,6,zero_shot_paired
35,2,2,5,60,1,0,0,0.5080865025520325,0.5080865025520325,0.5080865025520325,0.49191346764564514,2,1,6,zero_shot_paired
35,3,2,6,60,1,1,1,0.5023007392883301,0.5023007392883301,0.4976992607116699,0.5023007392883301,2,1,6,zero_shot_paired
35,4,2,7,60,1,1,1,0.5002275109291077,0.5002275109291077,0.49977248907089233,0.5002275109291077,2,1,6,zero_shot_paired
35,5,2,8,60,0,1,0,0.5027130842208862,0.5027130842208862,0.49728697538375854,0.5027130842208862,2,1,6,zero_shot_paired
35,6,2,9,60,0,0,1,0.510298490524292,0.510298490524292,0.510298490524292,0.4897014796733856,2,1,6,zero_shot_paired
35,7,2,11,60,1,0,0,0.5036787986755371,0.5036787986755371,0.5036787986755371,0.4963212013244629,2,1,6,zero_shot_paired
35,8,2,12,60,1,0,0,0.5077298283576965,0.5077298283576965,0.5077298283576965,0.4922701418399811,2,1,6,zero_shot_paired
35,9,2,13,60,0,1,0,0.5013558864593506,0.5013558864593506,0.4986441135406494,0.5013558864593506,2,1,6,zero_shot_paired
35,10,2,15,60,0,0,1,0.5019887089729309,0.5019887089729309,0.5019887089729309,0.4980112910270691,2,1,6,zero_shot_paired
35,11,2,16,60,0,0,1,0.5071906447410583,0.5071906447410583,0.5071906447410583,0.4928092956542969,2,1,6,zero_shot_paired
35,0,2,1,60,1,0,0,0.5003758668899536,0.5003758668899536,0.5003758668899536,0.4996241629123688,2,1,6,post_calibration
35,1,2,3,60,1,1,1,0.5039379596710205,0.5039379596710205,0.4960620105266571,0.5039379596710205,2,1,6,post_calibration
35,2,2,5,60,1,0,0,0.5077648162841797,0.5077648162841797,0.5077648162841797,0.4922352135181427,2,1,6,post_calibration
35,3,2,6,60,1,1,1,0.5024957656860352,0.5024957656860352,0.49750420451164246,0.5024957656860352,2,1,6,post_calibration
35,4,2,7,60,1,1,1,0.5001822710037231,0.5001822710037231,0.49981775879859924,0.5001822710037231,2,1,6,post_calibration
35,5,2,8,60,0,1,0,0.5031613111495972,0.5031613111495972,0.49683868885040283,0.5031613111495972,2,1,6,post_calibration
35,6,2,9,60,0,0,1,0.5099342465400696,0.5099342465400696,0.5099342465400696,0.49006572365760803,2,1,6,post_calibration
35,7,2,11,60,1,0,0,0.5034543871879578,0.5034543871879578,0.5034543871879578,0.4965456426143646,2,1,6,post_calibration
35,8,2,12,60,1,0,0,0.5074333548545837,0.5074333548545837,0.5074333548545837,0.49256661534309387,2,1,6,post_calibration
35,9,2,13,60,0,1,0,0.5016443133354187,0.5016443133354187,0.4983556270599365,0.5016443133354187,2,1,6,post_calibration
35,10,2,15,60,0,0,1,0.502140998840332,0.502140998840332,0.502140998840332,0.49785900115966797,2,1,6,post_calibration
35,11,2,16,60,0,0,1,0.5073337554931641,0.5073337554931641,0.5073337554931641,0.49266624450683594,2,1,6,post_calibration
36,0,2,0,60,1,0,0,0.5040797591209412,0.5040797591209412,0.5040797591209412,0.49592021107673645,2,2,6,zero_shot_paired
36,1,2,2,60,1,0,0,0.50809645652771,0.50809645652771,0.50809645652771,0.49190354347229004,2,2,6,zero_shot_paired
36,2,2,4,60,1,1,1,0.5071430802345276,0.5071430802345276,0.4928569495677948,0.5071430802345276,2,2,6,zero_shot_paired
36,3,2,5,60,1,0,0,0.5080865025520325,0.5080865025520325,0.5080865025520325,0.49191346764564514,2,2,6,zero_shot_paired
36,4,2,7,60,1,1,1,0.5002275109291077,0.5002275109291077,0.49977248907089233,0.5002275109291077,2,2,6,zero_shot_paired
36,5,2,10,60,0,0,1,0.5095317959785461,0.5095317959785461,0.5095317959785461,0.49046820402145386,2,2,6,zero_shot_paired
36,6,2,11,60,1,0,0,0.5036787986755371,0.5036787986755371,0.5036787986755371,0.4963212013244629,2,2,6,zero_shot_paired
36,7,2,12,60,1,0,0,0.5077298283576965,0.5077298283576965,0.5077298283576965,0.4922701418399811,2,2,6,zero_shot_paired
36,8,2,14,60,0,0,1,0.5015656352043152,0.5015656352043152,0.5015656352043152,0.4984343349933624,2,2,6,zero_shot_paired
36,9,2,15,60,0,0,1,0.5019887089729309,0.5019887089729309,0.5019887089729309,0.4980112910270691,2,2,6,zero_shot_paired
36,10,2,16,60,0,0,1,0.5071906447410583,0.5071906447410583,0.5071906447410583,0.4928092956542969,2,2,6,zero_shot_paired
36,11,2,17,60,1,0,0,0.503399133682251,0.503399133682251,0.503399133682251,0.496600866317749,2,2,6,zero_shot_paired
36,0,2,0,60,1,0,0,0.5041517019271851,0.5041517019271851,0.5041517019271851,0.49584829807281494,2,2,6,post_calibration
36,1,2,2,60,1,0,0,0.5079545974731445,0.5079545974731445,0.5079545974731445,0.4920453727245331,2,2,6,post_calibration
36,2,2,4,60,1,1,1,0.5072515606880188,0.5072515606880188,0.4927484691143036,0.5072515606880188,2,2,6,post_calibration
36,3,2,5,60,1,0,0,0.5079671144485474,0.5079671144485474,0.5079671144485474,0.49203282594680786,2,2,6,post_calibration
36,4,2,7,60,1,1,1,0.5004663467407227,0.5004663467407227,0.49953365325927734,0.5004663467407227,2,2,6,post_calibration
36,5,2,10,60,0,0,1,0.5099037885665894,0.5099037885665894,0.5099037885665894,0.49009615182876587,2,2,6,post_calibration
36,6,2,11,60,1,0,0,0.5032529830932617,0.5032529830932617,0.5032529830932617,0.4967469871044159,2,2,6,post_calibration
36,7,2,12,60,1,0,0,0.5077500343322754,0.5077500343322754,0.5077500343322754,0.4922500252723694,2,2,6,post_calibration
36,8,2,14,60,0,0,1,0.5017566680908203,0.5017566680908203,0.5017566680908203,0.4982433617115021,2,2,6,post_calibration
36,9,2,15,60,0,0,1,0.5020103454589844,0.5020103454589844,0.5020103454589844,0.497989684343338,2,2,6,post_calibration
36,10,2,16,60,0,0,1,0.5075321197509766,0.5075321197509766,0.5075321197509766,0.49246782064437866,2,2,6,post_calibration
36,11,2,17,60,1,0,0,0.5039027333259583,0.5039027333259583,0.5039027333259583,0.49609729647636414,2,2,6,post_calibration
37,0,2,0,60,1,0,0,0.5040797591209412,0.5040797591209412,0.5040797591209412,0.49592021107673645,2,3,6,zero_shot_paired
37,1,2,1,60,1,0,0,0.5003440976142883,0.5003440976142883,0.5003440976142883,0.4996558725833893,2,3,6,zero_shot_paired
37,2,2,2,60,1,0,0,0.50809645652771,0.50809645652771,0.50809645652771,0.49190354347229004,2,3,6,zero_shot_paired
37,3,2,3,60,1,1,1,0.5038354992866516,0.5038354992866516,0.4961645305156708,0.5038354992866516,2,3,6,zero_shot_paired
37,4,2,4,60,1,1,1,0.5071430802345276,0.5071430802345276,0.4928569495677948,0.5071430802345276,2,3,6,zero_shot_paired
37,5,2,6,60,1,1,1,0.5023007392883301,0.5023007392883301,0.4976992607116699,0.5023007392883301,2,3,6,zero_shot_paired
37,6,2,8,60,0,1,0,0.5027130842208862,0.5027130842208862,0.49728697538375854,0.5027130842208862,2,3,6,zero_shot_paired
37,7,2,9,60,0,0,1,0.510298490524292,0.510298490524292,0.510298490524292,0.4897014796733856,2,3,6,zero_shot_paired
37,8,2,10,60,0,0,1,0.5095317959785461,0.5095317959785461,0.5095317959785461,0.49046820402145386,2,3,6,zero_shot_paired
37,9,2,13,60,0,1,0,0.5013558864593506,0.5013558864593506,0.4986441135406494,0.5013558864593506,2,3,6,zero_shot_paired
37,10,2,14,60,0,0,1,0.5015656352043152,0.5015656352043152,0.5015656352043152,0.4984343349933624,2,3,6,zero_shot_paired
37,11,2,17,60,1,0,0,0.503399133682251,0.503399133682251,0.503399133682251,0.496600866317749,2,3,6,zero_shot_paired
37,0,2,0,60,1,0,0,0.5034310221672058,0.5034310221672058,0.5034310221672058,0.4965689480304718,2,3,6,post_calibration
37,1,2,1,60,1,1,1,0.500016450881958,0.500016450881958,0.4999835789203644,0.500016450881958,2,3,6,post_calibration
37,2,2,2,60,1,0,0,0.5072574019432068,0.5072574019432068,0.5072574019432068,0.4927425682544708,2,3,6,post_calibration
37,3,2,3,60,1,1,1,0.5039600729942322,0.5039600729942322,0.4960399270057678,0.5039600729942322,2,3,6,post_calibration
37,4,2,4,60,1,1,1,0.507348358631134,0.507348358631134,0.49265164136886597,0.507348358631134,2,3,6,post_calibration
37,5,2,6,60,1,1,1,0.5023363828659058,0.5023363828659058,0.49766361713409424,0.5023363828659058,2,3,6,post_calibration
37,6,2,8,60,0,1,0,0.5024540424346924,0.5024540424346924,0.49754598736763,0.5024540424346924,2,3,6,post_calibration
37,7,2,9,60,0,0,1,0.5096383094787598,0.5096383094787598,0.5096383094787598,0.49036169052124023,2,3,6,post_calibration
37,8,2,10,60,0,0,1,0.5088033080101013,0.5088033080101013,0.5088033080101013,0.4911966919898987,2,3,6,post_calibration
37,9,2,13,60,0,1,0,0.5013656616210938,0.5013656616210938,0.49863433837890625,0.5013656616210938,2,3,6,post_calibration
37,10,2,14,60,0,0,1,0.5012930631637573,0.5012930631637573,0.5012930631637573,0.49870696663856506,2,3,6,post_calibration
37,11,2,17,60,1,0,0,0.5032727718353271,0.5032727718353271,0.5032727718353271,0.49672722816467285,2,3,6,post_calibration
38,0,2,0,60,1,0,0,0.5040797591209412,0.5040797591209412,0.5040797591209412,0.49592021107673645,2,1,9,zero_shot_paired
38,1,2,2,60,1,0,0,0.50809645652771,0.50809645652771,0.50809645652771,0.49190354347229004,2,1,9,zero_shot_paired
38,2,2,3,60,1,1,1,0.5038354992866516,0.5038354992866516,0.4961645305156708,0.5038354992866516,2,1,9,zero_shot_paired
38,3,2,4,60,1,1,1,0.5071430802345276,0.5071430802345276,0.4928569495677948,0.5071430802345276,2,1,9,zero_shot_paired
38,4,2,5,60,1,0,0,0.5080865025520325,0.5080865025520325,0.5080865025520325,0.49191349744796753,2,1,9,zero_shot_paired
38,5,2,8,60,0,1,0,0.5027133226394653,0.5027133226394653,0.49728667736053467,0.5027133226394653,2,1,9,zero_shot_paired
38,6,2,14,60,0,0,1,0.5015657544136047,0.5015657544136047,0.5015657544136047,0.49843424558639526,2,1,9,zero_shot_paired
38,7,2,16,60,0,0,1,0.5071907639503479,0.5071907639503479,0.5071907639503479,0.4928092360496521,2,1,9,zero_shot_paired
38,8,2,17,60,1,0,0,0.503399133682251,0.503399133682251,0.503399133682251,0.496600866317749,2,1,9,zero_shot_paired
38,0,2,0,60,1,0,0,0.5040609836578369,0.5040609836578369,0.5040609836578369,0.4959389865398407,2,1,9,post_calibration
38,1,2,2,60,1,0,0,0.5078980922698975,0.5078980922698975,0.5078980922698975,0.4921019673347473,2,1,9,post_calibration
38,2,2,3,60,1,1,1,0.5042544007301331,0.5042544007301331,0.49574562907218933,0.5042544007301331,2,1,9,post_calibration
38,3,2,4,60,1,1,1,0.506985068321228,0.506985068321228,0.49301499128341675,0.506985068321228,2,1,9,post_calibration
38,4,2,5,60,1,0,0,0.507931113243103,0.507931113243103,0.507931113243103,0.492068886756897,2,1,9,post_calibration
38,5,2,8,60,0,1,0,0.502261221408844,0.502261221408844,0.4977387487888336,0.502261221408844,2,1,9,post_calibration
38,6,2,14,60,0,0,1,0.5021091103553772,0.5021091103553772,0.5021091103553772,0.4978909194469452,2,1,9,post_calibration
38,7,2,16,60,0,0,1,0.5068874955177307,0.5068874955177307,0.5068874955177307,0.4931124746799469,2,1,9,post_calibration
38,8,2,17,60,1,0,0,0.5034764409065247,0.5034764409065247,0.5034764409065247,0.49652355909347534,2,1,9,post_calibration
39,0,2,1,60,1,0,0,0.5003440976142883,0.5003440976142883,0.5003440976142883,0.4996558725833893,2,2,9,zero_shot_paired
39,1,2,6,60,1,1,1,0.5023009777069092,0.5023009777069092,0.4976990520954132,0.5023009777069092,2,2,9,zero_shot_paired
39,2,2,7,60,1,1,1,0.5002274513244629,0.5002274513244629,0.4997725486755371,0.5002274513244629,2,2,9,zero_shot_paired
39,3,2,9,60,0,0,1,0.5102983713150024,0.5102983713150024,0.5102983713150024,0.48970159888267517,2,2,9,zero_shot_paired
39,4,2,10,60,0,0,1,0.5095317363739014,0.5095317363739014,0.5095317363739014,0.490468293428421,2,2,9,zero_shot_paired
39,5,2,11,60,1,0,0,0.5036787986755371,0.5036787986755371,0.5036787986755371,0.4963211715221405,2,2,9,zero_shot_paired
39,6,2,12,60,1,0,0,0.5077296495437622,0.5077296495437622,0.5077296495437622,0.4922703504562378,2,2,9,zero_shot_paired
39,7,2,13,60,0,1,0,0.5013558268547058,0.5013558268547058,0.4986442029476166,0.5013558268547058,2,2,9,zero_shot_paired
39,8,2,15,60,0,0,1,0.5019887089729309,0.5019887089729309,0.5019887089729309,0.4980112910270691,2,2,9,zero_shot_paired
39,0,2,1,60,1,1,1,0.500007152557373,0.500007152557373,0.49999284744262695,0.500007152557373,2,2,9,post_calibration
39,1,2,6,60,1,1,1,0.5021220445632935,0.5021220445632935,0.49787789583206177,0.5021220445632935,2,2,9,post_calibration
39,2,2,7,60,1,1,1,0.5004260540008545,0.5004260540008545,0.4995739758014679,0.5004260540008545,2,2,9,post_calibration
39,3,2,9,60,0,0,1,0.5103492140769958,0.5103492140769958,0.5103492140769958,0.48965081572532654,2,2,9,post_calibration
39,4,2,10,60,0,0,1,0.5095309019088745,0.5095309019088745,0.5095309019088745,0.4904690682888031,2,2,9,post_calibration
39,5,2,11,60,1,0,0,0.5038188695907593,0.5038188695907593,0.5038188695907593,0.4961811602115631,2,2,9,post_calibration
39,6,2,12,60,1,0,0,0.5069597959518433,0.5069597959518433,0.5069597959518433,0.49304020404815674,2,2,9,post_calibration
39,7,2,13,60,0,1,0,0.5013232231140137,0.5013232231140137,0.49867677688598633,0.5013232231140137,2,2,9,post_calibration
39,8,2,15,60,0,0,1,0.5021331310272217,0.5021331310272217,0.5021331310272217,0.49786683917045593,2,2,9,post_calibration
40,0,2,1,60,1,0,0,0.5003437995910645,0.5003437995910645,0.5003437995910645,0.49965623021125793,2,1,12,zero_shot_paired
40,1,2,4,60,1,1,1,0.5071438550949097,0.5071438550949097,0.49285611510276794,0.5071438550949097,2,1,12,zero_shot_paired
40,2,2,6,60,1,1,1,0.5023003816604614,0.5023003816604614,0.49769967794418335,0.5023003816604614,2,1,12,zero_shot_paired
40,3,2,12,60,1,0,0,0.5077294111251831,0.5077294111251831,0.5077294111251831,0.4922705888748169,2,1,12,zero_shot_paired
40,4,2,14,60,0,0,1,0.5015650987625122,0.5015650987625122,0.5015650987625122,0.4984349012374878,2,1,12,zero_shot_paired
40,5,2,15,60,0,0,1,0.5019908547401428,0.5019908547401428,0.5019908547401428,0.4980091154575348,2,1,12,zero_shot_paired
40,0,2,1,60,1,1,1,0.5004326701164246,0.5004326701164246,0.49956732988357544,0.5004326701164246,2,1,12,post_calibration
40,1,2,4,60,1,1,1,0.5075433850288391,0.5075433850288391,0.4924565851688385,0.5075433850288391,2,1,12,post_calibration
40,2,2,6,60,1,1,1,0.5017328262329102,0.5017328262329102,0.49826717376708984,0.5017328262329102,2,1,12,post_calibration
40,3,2,12,60,1,0,0,0.5073709487915039,0.5073709487915039,0.5073709487915039,0.4926290512084961,2,1,12,post_calibration
40,4,2,14,60,0,0,1,0.5011844038963318,0.5011844038963318,0.5011844038963318,0.4988155663013458,2,1,12,post_calibration
40,5,2,15,60,0,0,1,0.5016447305679321,0.5016447305679321,0.5016447305679321,0.4983552396297455,2,1,12,post_calibration
41,0,2,5,60,1,0,0,0.508086085319519,0.508086085319519,0.508086085319519,0.49191391468048096,2,2,12,zero_shot_paired
41,1,2,6,60,1,1,1,0.5023003816604614,0.5023003816604614,0.49769967794418335,0.5023003816604614,2,2,12,zero_shot_paired
41,2,2,8,60,0,1,0,0.5027114748954773,0.5027114748954773,0.4972885251045227,0.5027114748954773,2,2,12,zero_shot_paired
41,3,2,11,60,1,0,0,0.5036777257919312,0.5036777257919312,0.5036777257919312,0.49632230401039124,2,2,12,zero_shot_paired
41,4,2,12,60,1,0,0,0.5077294111251831,0.5077294111251831,0.5077294111251831,0.4922705888748169,2,2,12,zero_shot_paired
41,5,2,14,60,0,0,1,0.5015650987625122,0.5015650987625122,0.5015650987625122,0.4984349012374878,2,2,12,zero_shot_paired
41,0,2,5,60,1,0,0,0.5074463486671448,0.5074463486671448,0.5074463486671448,0.4925536811351776,2,2,12,post_calibration
41,1,2,6,60,1,1,1,0.5018876194953918,0.5018876194953918,0.49811238050460815,0.5018876194953918,2,2,12,post_calibration
41,2,2,8,60,0,1,0,0.5025809407234192,0.5025809407234192,0.49741899967193604,0.5025809407234192,2,2,12,post_calibration
41,3,2,11,60,1,0,0,0.5035624504089355,0.5035624504089355,0.5035624504089355,0.49643757939338684,2,2,12,post_calibration
41,4,2,12,60,1,0,0,0.5076197981834412,0.5076197981834412,0.5076197981834412,0.4923802316188812,2,2,12,post_calibration
41,5,2,14,60,0,0,1,0.5013929605484009,0.5013929605484009,0.5013929605484009,0.49860700964927673,2,2,12,post_calibration
42,0,2,1,60,1,0,0,0.5003437995910645,0.5003437995910645,0.5003437995910645,0.49965623021125793,2,3,12,zero_shot_paired
42,1,2,6,60,1,1,1,0.5023003816604614,0.5023003816604614,0.49769967794418335,0.5023003816604614,2,3,12,zero_shot_paired
42,2,2,7,60,1,1,1,0.5002297163009644,0.5002297163009644,0.49977025389671326,0.5002297163009644,2,3,12,zero_shot_paired
42,3,2,11,60,1,0,0,0.5036777257919312,0.5036777257919312,0.5036777257919312,0.49632230401039124,2,3,12,zero_shot_paired
42,4,2,13,60,0,1,0,0.5013529062271118,0.5013529062271118,0.49864712357521057,0.5013529062271118,2,3,12,zero_shot_paired
42,5,2,14,60,0,0,1,0.5015650987625122,0.5015650987625122,0.5015650987625122,0.4984349012374878,2,3,12,zero_shot_paired
42,0,2,1,60,1,1,1,0.5002700090408325,0.5002700090408325,0.4997299909591675,0.5002700090408325,2,3,12,post_calibration
42,1,2,6,60,1,1,1,0.5017997026443481,0.5017997026443481,0.49820026755332947,0.5017997026443481,2,3,12,post_calibration
42,2,2,7,60,1,1,1,0.5003376007080078,0.5003376007080078,0.4996623992919922,0.5003376007080078,2,3,12,post_calibration
42,3,2,11,60,1,0,0,0.5042790174484253,0.5042790174484253,0.5042790174484253,0.4957210123538971,2,3,12,post_calibration
42,4,2,13,60,0,1,0,0.5015631318092346,0.5015631318092346,0.4984368681907654,0.5015631318092346,2,3,12,post_calibration
42,5,2,14,60,0,0,1,0.5003790259361267,0.5003790259361267,0.5003790259361267,0.4996209442615509,2,3,12,post_calibration
4,0,3,0,60,1,1,1,0.5020048022270203,0.5020048022270203,0.49799513816833496,0.5020048022270203,3,,,zero_shot_all_trials
4,1,3,1,60,1,0,0,0.5019304156303406,0.5019304156303406,0.5019304156303406,0.4980696141719818,3,,,zero_shot_all_trials
4,2,3,2,60,1,0,0,0.5007092952728271,0.5007092952728271,0.5007092952728271,0.49929067492485046,3,,,zero_shot_all_trials
4,3,3,3,60,1,0,0,0.5010323524475098,0.5010323524475098,0.5010323524475098,0.49896764755249023,3,,,zero_shot_all_trials
4,4,3,4,60,1,1,1,0.5003944635391235,0.5003944635391235,0.4996055066585541,0.5003944635391235,3,,,zero_shot_all_trials
4,5,3,5,60,1,1,1,0.5021787881851196,0.5021787881851196,0.49782124161720276,0.5021787881851196,3,,,zero_shot_all_trials
4,6,3,6,60,1,1,1,0.5043292045593262,0.5043292045593262,0.49567073583602905,0.5043292045593262,3,,,zero_shot_all_trials
4,7,3,7,60,1,1,1,0.5006740689277649,0.5006740689277649,0.4993259310722351,0.5006740689277649,3,,,zero_shot_all_trials
4,8,3,8,60,1,0,0,0.5009468197822571,0.5009468197822571,0.5009468197822571,0.4990532100200653,3,,,zero_shot_all_trials
4,9,3,9,60,1,1,1,0.5026310086250305,0.5026310086250305,0.4973689615726471,0.5026310086250305,3,,,zero_shot_all_trials
4,10,3,10,60,0,0,1,0.5114203095436096,0.5114203095436096,0.5114203095436096,0.48857972025871277,3,,,zero_shot_all_trials
4,11,3,11,60,0,1,0,0.5007174015045166,0.5007174015045166,0.4992826282978058,0.5007174015045166,3,,,zero_shot_all_trials
4,12,3,12,60,0,1,0,0.5066474080085754,0.5066474080085754,0.4933525323867798,0.5066474080085754,3,,,zero_shot_all_trials
4,13,3,13,60,0,0,1,0.5021225810050964,0.5021225810050964,0.5021225810050964,0.49787747859954834,3,,,zero_shot_all_trials
4,14,3,14,60,0,1,0,0.500078022480011,0.500078022480011,0.499921977519989,0.500078022480011,3,,,zero_shot_all_trials
4,15,3,15,60,0,0,1,0.5018109083175659,0.5018109083175659,0.5018109083175659,0.4981890916824341,3,,,zero_shot_all_trials
4,16,3,16,60,1,1,1,0.5008768439292908,0.5008768439292908,0.49912312626838684,0.5008768439292908,3,,,zero_shot_all_trials
4,17,3,17,60,1,0,0,0.5003255009651184,0.5003255009651184,0.5003255009651184,0.49967455863952637,3,,,zero_shot_all_trials
43,0,3,1,60,1,0,0,0.5019304752349854,0.5019304752349854,0.5019304752349854,0.4980695843696594,3,1,3,zero_shot_paired
43,1,3,2,60,1,0,0,0.5007094144821167,0.5007094144821167,0.5007094144821167,0.4992905855178833,3,1,3,zero_shot_paired
43,2,3,3,60,1,0,0,0.5010324120521545,0.5010324120521545,0.5010324120521545,0.49896761775016785,3,1,3,zero_shot_paired
43,3,3,4,60,1,1,1,0.5003944635391235,0.5003944635391235,0.49960556626319885,0.5003944635391235,3,1,3,zero_shot_paired
43,4,3,6,60,1,1,1,0.5043291449546814,0.5043291449546814,0.4956708252429962,0.5043291449546814,3,1,3,zero_shot_paired
43,5,3,7,60,1,1,1,0.5006741881370544,0.5006741881370544,0.49932584166526794,0.5006741881370544,3,1,3,zero_shot_paired
43,6,3,8,60,1,0,0,0.5009468197822571,0.5009468197822571,0.5009468197822571,0.49905315041542053,3,1,3,zero_shot_paired
43,7,3,9,60,1,1,1,0.5026310086250305,0.5026310086250305,0.4973689615726471,0.5026310086250305,3,1,3,zero_shot_paired
43,8,3,10,60,0,0,1,0.5114201903343201,0.5114201903343201,0.5114201903343201,0.48857975006103516,3,1,3,zero_shot_paired
43,9,3,11,60,0,1,0,0.5007174611091614,0.5007174611091614,0.499282568693161,0.5007174611091614,3,1,3,zero_shot_paired
43,10,3,12,60,0,1,0,0.5066474080085754,0.5066474080085754,0.4933525323867798,0.5066474080085754,3,1,3,zero_shot_paired
43,11,3,13,60,0,0,1,0.5021225810050964,0.5021225810050964,0.5021225810050964,0.49787741899490356,3,1,3,zero_shot_paired
43,12,3,15,60,0,0,1,0.5018109679222107,0.5018109679222107,0.5018109679222107,0.4981890320777893,3,1,3,zero_shot_paired
43,13,3,16,60,1,1,1,0.500876784324646,0.500876784324646,0.4991232752799988,0.500876784324646,3,1,3,zero_shot_paired
43,14,3,17,60,1,0,0,0.5003254413604736,0.5003254413604736,0.5003254413604736,0.49967455863952637,3,1,3,zero_shot_paired
43,0,3,1,60,1,0,0,0.501757800579071,0.501757800579071,0.501757800579071,0.4982421398162842,3,1,3,post_calibration
43,1,3,2,60,1,0,0,0.5003777146339417,0.5003777146339417,0.5003777146339417,0.49962228536605835,3,1,3,post_calibration
43,2,3,3,60,1,0,0,0.500935971736908,0.500935971736908,0.500935971736908,0.49906399846076965,3,1,3,post_calibration
43,3,3,4,60,1,1,1,0.500708281993866,0.500708281993866,0.49929168820381165,0.500708281993866,3,1,3,post_calibration
43,4,3,6,60,1,1,1,0.5041995048522949,0.5041995048522949,0.4958004653453827,0.5041995048522949,3,1,3,post_calibration
43,5,3,7,60,1,1,1,0.5006911754608154,0.5006911754608154,0.49930885434150696,0.5006911754608154,3,1,3,post_calibration
43,6,3,8,60,1,0,0,0.5008054375648499,0.5008054375648499,0.5008054375648499,0.49919459223747253,3,1,3,post_calibration
43,7,3,9,60,1,1,1,0.5026648044586182,0.5026648044586182,0.49733516573905945,0.5026648044586182,3,1,3,post_calibration
43,8,3,10,60,0,0,1,0.5114668011665344,0.5114668011665344,0.5114668011665344,0.48853322863578796,3,1,3,post_calibration
43,9,3,11,60,0,1,0,0.500939667224884,0.500939667224884,0.49906033277511597,0.500939667224884,3,1,3,post_calibration
43,10,3,12,60,0,1,0,0.5067580938339233,0.5067580938339233,0.49324193596839905,0.5067580938339233,3,1,3,post_calibration
43,11,3,13,60,0,0,1,0.5019161701202393,0.5019161701202393,0.5019161701202393,0.49808382987976074,3,1,3,post_calibration
43,12,3,15,60,0,0,1,0.5019741058349609,0.5019741058349609,0.5019741058349609,0.49802589416503906,3,1,3,post_calibration
43,13,3,16,60,1,1,1,0.501118540763855,0.501118540763855,0.49888142943382263,0.501118540763855,3,1,3,post_calibration
43,14,3,17,60,1,0,0,0.5004467964172363,0.5004467964172363,0.5004467964172363,0.49955320358276367,3,1,3,post_calibration
44,0,3,0,60,1,1,1,0.5020047426223755,0.5020047426223755,0.4979952275753021,0.5020047426223755,3,2,3,zero_shot_paired
44,1,3,3,60,1,0,0,0.5010324120521545,0.5010324120521545,0.5010324120521545,0.49896761775016785,3,2,3,zero_shot_paired
44,2,3,4,60,1,1,1,0.5003944635391235,0.5003944635391235,0.49960556626319885,0.5003944635391235,3,2,3,zero_shot_paired
44,3,3,5,60,1,1,1,0.5021787881851196,0.5021787881851196,0.49782127141952515,0.5021787881851196,3,2,3,zero_shot_paired
44,4,3,6,60,1,1,1,0.5043291449546814,0.5043291449546814,0.4956708252429962,0.5043291449546814,3,2,3,zero_shot_paired
44,5,3,7,60,1,1,1,0.5006741881370544,0.5006741881370544,0.49932584166526794,0.5006741881370544,3,2,3,zero_shot_paired
44,6,3,8,60,1,0,0,0.5009468197822571,0.5009468197822571,0.5009468197822571,0.49905315041542053,3,2,3,zero_shot_paired
44,7,3,9,60,1,1,1,0.5026310086250305,0.5026310086250305,0.4973689615726471,0.5026310086250305,3,2,3,zero_shot_paired
44,8,3,10,60,0,0,1,0.5114201903343201,0.5114201903343201,0.5114201903343201,0.48857975006103516,3,2,3,zero_shot_paired
44,9,3,11,60,0,1,0,0.5007174611091614,0.5007174611091614,0.499282568693161,0.5007174611091614,3,2,3,zero_shot_paired
44,10,3,12,60,0,1,0,0.5066474080085754,0.5066474080085754,0.4933525323867798,0.5066474080085754,3,2,3,zero_shot_paired
44,11,3,13,60,0,0,1,0.5021225810050964,0.5021225810050964,0.5021225810050964,0.49787741899490356,3,2,3,zero_shot_paired
44,12,3,14,60,0,1,0,0.5000780820846558,0.5000780820846558,0.49992188811302185,0.5000780820846558,3,2,3,zero_shot_paired
44,13,3,16,60,1,1,1,0.500876784324646,0.500876784324646,0.4991232752799988,0.500876784324646,3,2,3,zero_shot_paired
44,14,3,17,60,1,0,0,0.5003254413604736,0.5003254413604736,0.5003254413604736,0.49967455863952637,3,2,3,zero_shot_paired
44,0,3,0,60,1,1,1,0.5027881264686584,0.5027881264686584,0.4972118139266968,0.5027881264686584,3,2,3,post_calibration
44,1,3,3,60,1,0,0,0.5003666877746582,0.5003666877746582,0.5003666877746582,0.4996333718299866,3,2,3,post_calibration
44,2,3,4,60,1,1,1,0.5009804368019104,0.5009804368019104,0.4990195333957672,0.5009804368019104,3,2,3,post_calibration
44,3,3,5,60,1,1,1,0.5026563405990601,0.5026563405990601,0.49734368920326233,0.5026563405990601,3,2,3,post_calibration
44,4,3,6,60,1,1,1,0.5043787360191345,0.5043787360191345,0.4956212341785431,0.5043787360191345,3,2,3,post_calibration
44,5,3,7,60,1,1,1,0.5007640719413757,0.5007640719413757,0.49923592805862427,0.5007640719413757,3,2,3,post_calibration
44,6,3,8,60,1,0,0,0.5006117820739746,0.5006117820739746,0.5006117820739746,0.4993882179260254,3,2,3,post_calibration
44,7,3,9,60,1,1,1,0.5026733875274658,0.5026733875274658,0.4973266124725342,0.5026733875274658,3,2,3,post_calibration
44,8,3,10,60,0,0,1,0.5112499594688416,0.5112499594688416,0.5112499594688416,0.48875007033348083,3,2,3,post_calibration
44,9,3,11,60,0,1,0,0.5008604526519775,0.5008604526519775,0.4991395175457001,0.5008604526519775,3,2,3,post_calibration
44,10,3,12,60,0,1,0,0.5066632628440857,0.5066632628440857,0.4933367669582367,0.5066632628440857,3,2,3,post_calibration
44,11,3,13,60,0,0,1,0.5016278624534607,0.5016278624534607,0.5016278624534607,0.4983721971511841,3,2,3,post_calibration
44,12,3,14,60,0,1,0,0.500361442565918,0.500361442565918,0.49963849782943726,0.500361442565918,3,2,3,post_calibration
44,13,3,16,60,1,1,1,0.5012274384498596,0.5012274384498596,0.4987725615501404,0.5012274384498596,3,2,3,post_calibration
44,14,3,17,60,1,0,0,0.5004166960716248,0.5004166960716248,0.5004166960716248,0.49958327412605286,3,2,3,post_calibration
45,0,3,0,60,1,1,1,0.5020047426223755,0.5020047426223755,0.4979952275753021,0.5020047426223755,3,3,3,zero_shot_paired
45,1,3,1,60,1,0,0,0.5019304752349854,0.5019304752349854,0.5019304752349854,0.4980695843696594,3,3,3,zero_shot_paired
45,2,3,2,60,1,0,0,0.5007094144821167,0.5007094144821167,0.5007094144821167,0.4992905855178833,3,3,3,zero_shot_paired
45,3,3,3,60,1,0,0,0.5010324120521545,0.5010324120521545,0.5010324120521545,0.49896761775016785,3,3,3,zero_shot_paired
45,4,3,4,60,1,1,1,0.5003944635391235,0.5003944635391235,0.49960556626319885,0.5003944635391235,3,3,3,zero_shot_paired
45,5,3,5,60,1,1,1,0.5021787881851196,0.5021787881851196,0.49782127141952515,0.5021787881851196,3,3,3,zero_shot_paired
45,6,3,6,60,1,1,1,0.5043291449546814,0.5043291449546814,0.4956708252429962,0.5043291449546814,3,3,3,zero_shot_paired
45,7,3,8,60,1,0,0,0.5009468197822571,0.5009468197822571,0.5009468197822571,0.49905315041542053,3,3,3,zero_shot_paired
45,8,3,9,60,1,1,1,0.5026310086250305,0.5026310086250305,0.4973689615726471,0.5026310086250305,3,3,3,zero_shot_paired
45,9,3,11,60,0,1,0,0.5007174611091614,0.5007174611091614,0.499282568693161,0.5007174611091614,3,3,3,zero_shot_paired
45,10,3,12,60,0,1,0,0.5066474080085754,0.5066474080085754,0.4933525323867798,0.5066474080085754,3,3,3,zero_shot_paired
45,11,3,13,60,0,0,1,0.5021225810050964,0.5021225810050964,0.5021225810050964,0.49787741899490356,3,3,3,zero_shot_paired
45,12,3,14,60,0,1,0,0.5000780820846558,0.5000780820846558,0.49992188811302185,0.5000780820846558,3,3,3,zero_shot_paired
45,13,3,15,60,0,0,1,0.5018109679222107,0.5018109679222107,0.5018109679222107,0.4981890320777893,3,3,3,zero_shot_paired
45,14,3,16,60,1,1,1,0.500876784324646,0.500876784324646,0.4991232752799988,0.500876784324646,3,3,3,zero_shot_paired
45,0,3,0,60,1,1,1,0.5018742084503174,0.5018742084503174,0.4981257915496826,0.5018742084503174,3,3,3,post_calibration
45,1,3,1,60,1,0,0,0.5019448399543762,0.5019448399543762,0.5019448399543762,0.4980551302433014,3,3,3,post_calibration
45,2,3,2,60,1,0,0,0.5002869367599487,0.5002869367599487,0.5002869367599487,0.4997130334377289,3,3,3,post_calibration
45,3,3,3,60,1,0,0,0.5004122853279114,0.5004122853279114,0.5004122853279114,0.4995877742767334,3,3,3,post_calibration
45,4,3,4,60,1,1,1,0.5005195140838623,0.5005195140838623,0.4994805157184601,0.5005195140838623,3,3,3,post_calibration
45,5,3,5,60,1,1,1,0.5027492046356201,0.5027492046356201,0.4972507655620575,0.5027492046356201,3,3,3,post_calibration
45,6,3,6,60,1,1,1,0.5052550435066223,0.5052550435066223,0.4947449862957001,0.5052550435066223,3,3,3,post_calibration
45,7,3,8,60,1,0,0,0.500460684299469,0.500460684299469,0.500460684299469,0.499539315700531,3,3,3,post_calibration
45,8,3,9,60,1,1,1,0.5030084848403931,0.5030084848403931,0.49699151515960693,0.5030084848403931,3,3,3,post_calibration
45,9,3,11,60,0,1,0,0.500718891620636,0.500718891620636,0.4992810785770416,0.500718891620636,3,3,3,post_calibration
45,10,3,12,60,0,1,0,0.5068536400794983,0.5068536400794983,0.4931463301181793,0.5068536400794983,3,3,3,post_calibration
45,11,3,13,60,0,0,1,0.5023431181907654,0.5023431181907654,0.5023431181907654,0.4976568818092346,3,3,3,post_calibration
45,12,3,14,60,0,1,0,0.5003827214241028,0.5003827214241028,0.4996172785758972,0.5003827214241028,3,3,3,post_calibration
45,13,3,15,60,0,0,1,0.5012823343276978,0.5012823343276978,0.5012823343276978,0.49871769547462463,3,3,3,post_calibration
45,14,3,16,60,1,1,1,0.5011489987373352,0.5011489987373352,0.4988509714603424,0.5011489987373352,3,3,3,post_calibration
46,0,3,0,60,1,1,1,0.5020047426223755,0.5020047426223755,0.4979952275753021,0.5020047426223755,3,4,3,zero_shot_paired
46,1,3,1,60,1,0,0,0.5019304752349854,0.5019304752349854,0.5019304752349854,0.4980695843696594,3,4,3,zero_shot_paired
46,2,3,2,60,1,0,0,0.5007094144821167,0.5007094144821167,0.5007094144821167,0.4992905855178833,3,4,3,zero_shot_paired
46,3,3,3,60,1,0,0,0.5010324120521545,0.5010324120521545,0.5010324120521545,0.49896761775016785,3,4,3,zero_shot_paired
46,4,3,4,60,1,1,1,0.5003944635391235,0.5003944635391235,0.49960556626319885,0.5003944635391235,3,4,3,zero_shot_paired
46,5,3,5,60,1,1,1,0.5021787881851196,0.5021787881851196,0.49782127141952515,0.5021787881851196,3,4,3,zero_shot_paired
46,6,3,7,60,1,1,1,0.5006741881370544,0.5006741881370544,0.49932584166526794,0.5006741881370544,3,4,3,zero_shot_paired
46,7,3,9,60,1,1,1,0.5026310086250305,0.5026310086250305,0.4973689615726471,0.5026310086250305,3,4,3,zero_shot_paired
46,8,3,10,60,0,0,1,0.5114201903343201,0.5114201903343201,0.5114201903343201,0.48857975006103516,3,4,3,zero_shot_paired
46,9,3,11,60,0,1,0,0.5007174611091614,0.5007174611091614,0.499282568693161,0.5007174611091614,3,4,3,zero_shot_paired
46,10,3,13,60,0,0,1,0.5021225810050964,0.5021225810050964,0.5021225810050964,0.49787741899490356,3,4,3,zero_shot_paired
46,11,3,14,60,0,1,0,0.5000780820846558,0.5000780820846558,0.49992188811302185,0.5000780820846558,3,4,3,zero_shot_paired
46,12,3,15,60,0,0,1,0.5018109679222107,0.5018109679222107,0.5018109679222107,0.4981890320777893,3,4,3,zero_shot_paired
46,13,3,16,60,1,1,1,0.500876784324646,0.500876784324646,0.4991232752799988,0.500876784324646,3,4,3,zero_shot_paired
46,14,3,17,60,1,0,0,0.5003254413604736,0.5003254413604736,0.5003254413604736,0.49967455863952637,3,4,3,zero_shot_paired
46,0,3,0,60,1,1,1,0.5017187595367432,0.5017187595367432,0.49828124046325684,0.5017187595367432,3,4,3,post_calibration
46,1,3,1,60,1,0,0,0.5013942122459412,0.5013942122459412,0.5013942122459412,0.4986058175563812,3,4,3,post_calibration
46,2,3,2,60,1,0,0,0.5003902912139893,0.5003902912139893,0.5003902912139893,0.49960970878601074,3,4,3,post_calibration
46,3,3,3,60,1,0,0,0.500609815120697,0.500609815120697,0.500609815120697,0.4993901252746582,3,4,3,post_calibration
46,4,3,4,60,1,1,1,0.5008171796798706,0.5008171796798706,0.4991828203201294,0.5008171796798706,3,4,3,post_calibration
46,5,3,5,60,1,1,1,0.5024470686912537,0.5024470686912537,0.49755293130874634,0.5024470686912537,3,4,3,post_calibration
46,6,3,7,60,1,1,1,0.5007959008216858,0.5007959008216858,0.4992040991783142,0.5007959008216858,3,4,3,post_calibration
46,7,3,9,60,1,1,1,0.5027465224266052,0.5027465224266052,0.4972534775733948,0.5027465224266052,3,4,3,post_calibration
46,8,3,10,60,0,0,1,0.5114620327949524,0.5114620327949524,0.5114620327949524,0.4885379672050476,3,4,3,post_calibration
46,9,3,11,60,0,1,0,0.5009695887565613,0.5009695887565613,0.4990304112434387,0.5009695887565613,3,4,3,post_calibration
46,10,3,13,60,0,0,1,0.5024248361587524,0.5024248361587524,0.5024248361587524,0.49757516384124756,3,4,3,post_calibration
46,11,3,14,60,0,1,0,0.5002478361129761,0.5002478361129761,0.49975213408470154,0.5002478361129761,3,4,3,post_calibration
46,12,3,15,60,0,0,1,0.5013425946235657,0.5013425946235657,0.5013425946235657,0.49865734577178955,3,4,3,post_calibration
46,13,3,16,60,1,1,1,0.5010473132133484,0.5010473132133484,0.498952716588974,0.5010473132133484,3,4,3,post_calibration
46,14,3,17,60,1,0,0,0.5000151991844177,0.5000151991844177,0.5000151991844177,0.49998483061790466,3,4,3,post_calibration
47,0,3,0,60,1,1,1,0.5020047426223755,0.5020047426223755,0.4979952275753021,0.5020047426223755,3,5,3,zero_shot_paired
47,1,3,1,60,1,0,0,0.5019304752349854,0.5019304752349854,0.5019304752349854,0.4980695843696594,3,5,3,zero_shot_paired
47,2,3,2,60,1,0,0,0.5007094144821167,0.5007094144821167,0.5007094144821167,0.4992905855178833,3,5,3,zero_shot_paired
47,3,3,3,60,1,0,0,0.5010324120521545,0.5010324120521545,0.5010324120521545,0.49896761775016785,3,5,3,zero_shot_paired
47,4,3,4,60,1,1,1,0.5003944635391235,0.5003944635391235,0.49960556626319885,0.5003944635391235,3,5,3,zero_shot_paired
47,5,3,5,60,1,1,1,0.5021787881851196,0.5021787881851196,0.49782127141952515,0.5021787881851196,3,5,3,zero_shot_paired
47,6,3,6,60,1,1,1,0.5043291449546814,0.5043291449546814,0.4956708252429962,0.5043291449546814,3,5,3,zero_shot_paired
47,7,3,7,60,1,1,1,0.5006741881370544,0.5006741881370544,0.49932584166526794,0.5006741881370544,3,5,3,zero_shot_paired
47,8,3,8,60,1,0,0,0.5009468197822571,0.5009468197822571,0.5009468197822571,0.49905315041542053,3,5,3,zero_shot_paired
47,9,3,10,60,0,0,1,0.5114201903343201,0.5114201903343201,0.5114201903343201,0.48857975006103516,3,5,3,zero_shot_paired
47,10,3,11,60,0,1,0,0.5007174611091614,0.5007174611091614,0.499282568693161,0.5007174611091614,3,5,3,zero_shot_paired
47,11,3,12,60,0,1,0,0.5066474080085754,0.5066474080085754,0.4933525323867798,0.5066474080085754,3,5,3,zero_shot_paired
47,12,3,14,60,0,1,0,0.5000780820846558,0.5000780820846558,0.49992188811302185,0.5000780820846558,3,5,3,zero_shot_paired
47,13,3,15,60,0,0,1,0.5018109679222107,0.5018109679222107,0.5018109679222107,0.4981890320777893,3,5,3,zero_shot_paired
47,14,3,17,60,1,0,0,0.5003254413604736,0.5003254413604736,0.5003254413604736,0.49967455863952637,3,5,3,zero_shot_paired
47,0,3,0,60,1,1,1,0.5019091963768005,0.5019091963768005,0.4980907738208771,0.5019091963768005,3,5,3,post_calibration
47,1,3,1,60,1,0,0,0.5019780397415161,0.5019780397415161,0.5019780397415161,0.4980219304561615,3,5,3,post_calibration
47,2,3,2,60,1,0,0,0.5004495978355408,0.5004495978355408,0.5004495978355408,0.49955037236213684,3,5,3,post_calibration
47,3,3,3,60,1,0,0,0.5006198287010193,0.5006198287010193,0.5006198287010193,0.4993801414966583,3,5,3,post_calibration
47,4,3,4,60,1,1,1,0.5005600452423096,0.5005600452423096,0.4994399845600128,0.5005600452423096,3,5,3,post_calibration
47,5,3,5,60,1,1,1,0.5020939707756042,0.5020939707756042,0.49790602922439575,0.5020939707756042,3,5,3,post_calibration
47,6,3,6,60,1,1,1,0.5049623250961304,0.5049623250961304,0.49503764510154724,0.5049623250961304,3,5,3,post_calibration
47,7,3,7,60,1,1,1,0.5008715391159058,0.5008715391159058,0.49912846088409424,0.5008715391159058,3,5,3,post_calibration
47,8,3,8,60,1,0,0,0.5007877349853516,0.5007877349853516,0.5007877349853516,0.49921226501464844,3,5,3,post_calibration
47,9,3,10,60,0,0,1,0.5112033486366272,0.5112033486366272,0.5112033486366272,0.488796591758728,3,5,3,post_calibration
47,10,3,11,60,0,1,0,0.5009145140647888,0.5009145140647888,0.4990854561328888,0.5009145140647888,3,5,3,post_calibration
47,11,3,12,60,0,1,0,0.506784975528717,0.506784975528717,0.49321499466896057,0.506784975528717,3,5,3,post_calibration
47,12,3,14,60,0,1,0,0.5000312328338623,0.5000312328338623,0.4999687969684601,0.5000312328338623,3,5,3,post_calibration
47,13,3,15,60,0,0,1,0.5017213821411133,0.5017213821411133,0.5017213821411133,0.4982786476612091,3,5,3,post_calibration
47,14,3,17,60,1,0,0,0.5000994205474854,0.5000994205474854,0.5000994205474854,0.49990054965019226,3,5,3,post_calibration
48,0,3,0,60,1,1,1,0.5020047426223755,0.5020047426223755,0.4979952275753021,0.5020047426223755,3,6,3,zero_shot_paired
48,1,3,1,60,1,0,0,0.5019304752349854,0.5019304752349854,0.5019304752349854,0.4980695843696594,3,6,3,zero_shot_paired
48,2,3,2,60,1,0,0,0.5007094144821167,0.5007094144821167,0.5007094144821167,0.4992905855178833,3,6,3,zero_shot_paired
48,3,3,5,60,1,1,1,0.5021787881851196,0.5021787881851196,0.49782127141952515,0.5021787881851196,3,6,3,zero_shot_paired
48,4,3,6,60,1,1,1,0.5043291449546814,0.5043291449546814,0.4956708252429962,0.5043291449546814,3,6,3,zero_shot_paired
48,5,3,7,60,1,1,1,0.5006741881370544,0.5006741881370544,0.49932584166526794,0.5006741881370544,3,6,3,zero_shot_paired
48,6,3,8,60,1,0,0,0.5009468197822571,0.5009468197822571,0.5009468197822571,0.49905315041542053,3,6,3,zero_shot_paired
48,7,3,9,60,1,1,1,0.5026310086250305,0.5026310086250305,0.4973689615726471,0.5026310086250305,3,6,3,zero_shot_paired
48,8,3,10,60,0,0,1,0.5114201903343201,0.5114201903343201,0.5114201903343201,0.48857975006103516,3,6,3,zero_shot_paired
48,9,3,12,60,0,1,0,0.5066474080085754,0.5066474080085754,0.4933525323867798,0.5066474080085754,3,6,3,zero_shot_paired
48,10,3,13,60,0,0,1,0.5021225810050964,0.5021225810050964,0.5021225810050964,0.49787741899490356,3,6,3,zero_shot_paired
48,11,3,14,60,0,1,0,0.5000780820846558,0.5000780820846558,0.49992188811302185,0.5000780820846558,3,6,3,zero_shot_paired
48,12,3,15,60,0,0,1,0.5018109679222107,0.5018109679222107,0.5018109679222107,0.4981890320777893,3,6,3,zero_shot_paired
48,13,3,16,60,1,1,1,0.500876784324646,0.500876784324646,0.4991232752799988,0.500876784324646,3,6,3,zero_shot_paired
48,14,3,17,60,1,0,0,0.5003254413604736,0.5003254413604736,0.5003254413604736,0.49967455863952637,3,6,3,zero_shot_paired
48,0,3,0,60,1,1,1,0.5022948384284973,0.5022948384284973,0.4977051317691803,0.5022948384284973,3,6,3,post_calibration
48,1,3,1,60,1,0,0,0.5013382434844971,0.5013382434844971,0.5013382434844971,0.4986617863178253,3,6,3,post_calibration
48,2,3,2,60,1,1,1,0.5005432367324829,0.5005432367324829,0.4994567334651947,0.5005432367324829,3,6,3,post_calibration
48,3,3,5,60,1,1,1,0.502203643321991,0.502203643321991,0.49779632687568665,0.502203643321991,3,6,3,post_calibration
48,4,3,6,60,1,1,1,0.5048397779464722,0.5048397779464722,0.49516016244888306,0.5048397779464722,3,6,3,post_calibration
48,5,3,7,60,1,1,1,0.5012726783752441,0.5012726783752441,0.49872732162475586,0.5012726783752441,3,6,3,post_calibration
48,6,3,8,60,1,0,0,0.500560462474823,0.500560462474823,0.500560462474823,0.4994395971298218,3,6,3,post_calibration
48,7,3,9,60,1,1,1,0.5030196309089661,0.5030196309089661,0.49698033928871155,0.5030196309089661,3,6,3,post_calibration
48,8,3,10,60,0,0,1,0.5112918019294739,0.5112918019294739,0.5112918019294739,0.48870816826820374,3,6,3,post_calibration
48,9,3,12,60,0,1,0,0.5066623091697693,0.5066623091697693,0.4933377206325531,0.5066623091697693,3,6,3,post_calibration
48,10,3,13,60,0,0,1,0.5019517540931702,0.5019517540931702,0.5019517540931702,0.49804821610450745,3,6,3,post_calibration
48,11,3,14,60,0,1,0,0.5001567006111145,0.5001567006111145,0.4998432695865631,0.5001567006111145,3,6,3,post_calibration
48,12,3,15,60,0,0,1,0.5017473697662354,0.5017473697662354,0.5017473697662354,0.49825260043144226,3,6,3,post_calibration
48,13,3,16,60,1,1,1,0.5010523796081543,0.5010523796081543,0.4989476203918457,0.5010523796081543,3,6,3,post_calibration
48,14,3,17,60,1,0,0,0.500171959400177,0.500171959400177,0.500171959400177,0.4998280704021454,3,6,3,post_calibration
49,0,3,3,60,1,0,0,0.5010324120521545,0.5010324120521545,0.5010324120521545,0.49896761775016785,3,1,6,zero_shot_paired
49,1,3,4,60,1,1,1,0.5003944635391235,0.5003944635391235,0.49960556626319885,0.5003944635391235,3,1,6,zero_shot_paired
49,2,3,5,60,1,1,1,0.5021787881851196,0.5021787881851196,0.49782127141952515,0.5021787881851196,3,1,6,zero_shot_paired
49,3,3,7,60,1,1,1,0.5006741881370544,0.5006741881370544,0.49932584166526794,0.5006741881370544,3,1,6,zero_shot_paired
49,4,3,8,60,1,0,0,0.5009468197822571,0.5009468197822571,0.5009468197822571,0.49905315041542053,3,1,6,zero_shot_paired
49,5,3,9,60,1,1,1,0.5026310086250305,0.5026310086250305,0.4973689615726471,0.5026310086250305,3,1,6,zero_shot_paired
49,6,3,10,60,0,0,1,0.5114201903343201,0.5114201903343201,0.5114201903343201,0.48857975006103516,3,1,6,zero_shot_paired
49,7,3,11,60,0,1,0,0.5007174611091614,0.5007174611091614,0.499282568693161,0.5007174611091614,3,1,6,zero_shot_paired
49,8,3,12,60,0,1,0,0.5066474080085754,0.5066474080085754,0.4933525323867798,0.5066474080085754,3,1,6,zero_shot_paired
49,9,3,14,60,0,1,0,0.5000780820846558,0.5000780820846558,0.49992188811302185,0.5000780820846558,3,1,6,zero_shot_paired
49,10,3,16,60,1,1,1,0.500876784324646,0.500876784324646,0.4991232752799988,0.500876784324646,3,1,6,zero_shot_paired
49,11,3,17,60,1,0,0,0.5003254413604736,0.5003254413604736,0.5003254413604736,0.49967455863952637,3,1,6,zero_shot_paired
49,0,3,3,60,1,1,1,0.5002927780151367,0.5002927780151367,0.4997072219848633,0.5002927780151367,3,1,6,post_calibration
49,1,3,4,60,1,1,1,0.5012737512588501,0.5012737512588501,0.4987262487411499,0.5012737512588501,3,1,6,post_calibration
49,2,3,5,60,1,1,1,0.5026873350143433,0.5026873350143433,0.49731266498565674,0.5026873350143433,3,1,6,post_calibration
49,3,3,7,60,1,1,1,0.5013885498046875,0.5013885498046875,0.4986115097999573,0.5013885498046875,3,1,6,post_calibration
49,4,3,8,60,1,0,0,0.5004822611808777,0.5004822611808777,0.5004822611808777,0.4995177686214447,3,1,6,post_calibration
49,5,3,9,60,1,1,1,0.5029351711273193,0.5029351711273193,0.4970647990703583,0.5029351711273193,3,1,6,post_calibration
49,6,3,10,60,0,0,1,0.5115218758583069,0.5115218758583069,0.5115218758583069,0.4884781241416931,3,1,6,post_calibration
49,7,3,11,60,0,1,0,0.5008028745651245,0.5008028745651245,0.49919718503952026,0.5008028745651245,3,1,6,post_calibration
49,8,3,12,60,0,1,0,0.5069037079811096,0.5069037079811096,0.4930962920188904,0.5069037079811096,3,1,6,post_calibration
49,9,3,14,60,0,1,0,0.500129759311676,0.500129759311676,0.499870240688324,0.500129759311676,3,1,6,post_calibration
49,10,3,16,60,1,1,1,0.501347541809082,0.501347541809082,0.49865245819091797,0.501347541809082,3,1,6,post_calibration
49,11,3,17,60,1,0,0,0.5000208020210266,0.5000208020210266,0.5000208020210266,0.4999792277812958,3,1,6,post_calibration
50,0,3,0,60,1,1,1,0.5020047426223755,0.5020047426223755,0.4979952275753021,0.5020047426223755,3,2,6,zero_shot_paired
50,1,3,1,60,1,0,0,0.5019304752349854,0.5019304752349854,0.5019304752349854,0.4980695843696594,3,2,6,zero_shot_paired
50,2,3,2,60,1,0,0,0.5007094144821167,0.5007094144821167,0.5007094144821167,0.4992905855178833,3,2,6,zero_shot_paired
50,3,3,3,60,1,0,0,0.5010324120521545,0.5010324120521545,0.5010324120521545,0.49896761775016785,3,2,6,zero_shot_paired
50,4,3,6,60,1,1,1,0.5043291449546814,0.5043291449546814,0.4956708252429962,0.5043291449546814,3,2,6,zero_shot_paired
50,5,3,7,60,1,1,1,0.5006741881370544,0.5006741881370544,0.49932584166526794,0.5006741881370544,3,2,6,zero_shot_paired
50,6,3,9,60,1,1,1,0.5026310086250305,0.5026310086250305,0.4973689615726471,0.5026310086250305,3,2,6,zero_shot_paired
50,7,3,11,60,0,1,0,0.5007174611091614,0.5007174611091614,0.499282568693161,0.5007174611091614,3,2,6,zero_shot_paired
50,8,3,13,60,0,0,1,0.5021225810050964,0.5021225810050964,0.5021225810050964,0.49787741899490356,3,2,6,zero_shot_paired
50,9,3,14,60,0,1,0,0.5000780820846558,0.5000780820846558,0.49992188811302185,0.5000780820846558,3,2,6,zero_shot_paired
50,10,3,15,60,0,0,1,0.5018109679222107,0.5018109679222107,0.5018109679222107,0.4981890320777893,3,2,6,zero_shot_paired
50,11,3,17,60,1,0,0,0.5003254413604736,0.5003254413604736,0.5003254413604736,0.49967455863952637,3,2,6,zero_shot_paired
50,0,3,0,60,1,1,1,0.5021673440933228,0.5021673440933228,0.49783265590667725,0.5021673440933228,3,2,6,post_calibration
50,1,3,1,60,1,0,0,0.5011741518974304,0.5011741518974304,0.5011741518974304,0.49882587790489197,3,2,6,post_calibration
50,2,3,2,60,1,1,1,0.5001768469810486,0.5001768469810486,0.4998231828212738,0.5001768469810486,3,2,6,post_calibration
50,3,3,3,60,1,0,0,0.5000597834587097,0.5000597834587097,0.5000597834587097,0.4999401867389679,3,2,6,post_calibration
50,4,3,6,60,1,1,1,0.5049737095832825,0.5049737095832825,0.49502626061439514,0.5049737095832825,3,2,6,post_calibration
50,5,3,7,60,1,1,1,0.5011849999427795,0.5011849999427795,0.49881502985954285,0.5011849999427795,3,2,6,post_calibration
50,6,3,9,60,1,1,1,0.5025577545166016,0.5025577545166016,0.49744224548339844,0.5025577545166016,3,2,6,post_calibration
50,7,3,11,60,0,1,0,0.5008999109268188,0.5008999109268188,0.49910011887550354,0.5008999109268188,3,2,6,post_calibration
50,8,3,13,60,0,0,1,0.5020532608032227,0.5020532608032227,0.5020532608032227,0.49794673919677734,3,2,6,post_calibration
50,9,3,14,60,0,1,0,0.5002132058143616,0.5002132058143616,0.4997867941856384,0.5002132058143616,3,2,6,post_calibration
50,10,3,15,60,0,0,1,0.501625120639801,0.501625120639801,0.501625120639801,0.4983748495578766,3,2,6,post_calibration
50,11,3,17,60,1,0,0,0.5002957582473755,0.5002957582473755,0.5002957582473755,0.4997042119503021,3,2,6,post_calibration
51,0,3,0,60,1,1,1,0.5020047426223755,0.5020047426223755,0.4979952275753021,0.5020047426223755,3,3,6,zero_shot_paired
51,1,3,1,60,1,0,0,0.5019304752349854,0.5019304752349854,0.5019304752349854,0.4980695843696594,3,3,6,zero_shot_paired
51,2,3,2,60,1,0,0,0.5007094144821167,0.5007094144821167,0.5007094144821167,0.4992905855178833,3,3,6,zero_shot_paired
51,3,3,4,60,1,1,1,0.5003944635391235,0.5003944635391235,0.49960556626319885,0.5003944635391235,3,3,6,zero_shot_paired
51,4,3,5,60,1,1,1,0.5021787881851196,0.5021787881851196,0.49782127141952515,0.5021787881851196,3,3,6,zero_shot_paired
51,5,3,6,60,1,1,1,0.5043291449546814,0.5043291449546814,0.4956708252429962,0.5043291449546814,3,3,6,zero_shot_paired
51,6,3,8,60,1,0,0,0.5009468197822571,0.5009468197822571,0.5009468197822571,0.49905315041542053,3,3,6,zero_shot_paired
51,7,3,10,60,0,0,1,0.5114201903343201,0.5114201903343201,0.5114201903343201,0.48857975006103516,3,3,6,zero_shot_paired
51,8,3,12,60,0,1,0,0.5066474080085754,0.5066474080085754,0.4933525323867798,0.5066474080085754,3,3,6,zero_shot_paired
51,9,3,13,60,0,0,1,0.5021225810050964,0.5021225810050964,0.5021225810050964,0.49787741899490356,3,3,6,zero_shot_paired
51,10,3,15,60,0,0,1,0.5018109679222107,0.5018109679222107,0.5018109679222107,0.4981890320777893,3,3,6,zero_shot_paired
51,11,3,16,60,1,1,1,0.500876784324646,0.500876784324646,0.4991232752799988,0.500876784324646,3,3,6,zero_shot_paired
51,0,3,0,60,1,1,1,0.5019077658653259,0.5019077658653259,0.49809226393699646,0.5019077658653259,3,3,6,post_calibration
51,1,3,1,60,1,0,0,0.5017845034599304,0.5017845034599304,0.5017845034599304,0.4982154965400696,3,3,6,post_calibration
51,2,3,2,60,1,1,1,0.5002583861351013,0.5002583861351013,0.49974164366722107,0.5002583861351013,3,3,6,post_calibration
51,3,3,4,60,1,1,1,0.5005868673324585,0.5005868673324585,0.4994131624698639,0.5005868673324585,3,3,6,post_calibration
51,4,3,5,60,1,1,1,0.5025787353515625,0.5025787353515625,0.4974212944507599,0.5025787353515625,3,3,6,post_calibration
51,5,3,6,60,1,1,1,0.5050580501556396,0.5050580501556396,0.49494192004203796,0.5050580501556396,3,3,6,post_calibration
51,6,3,8,60,1,0,0,0.5008572340011597,0.5008572340011597,0.5008572340011597,0.4991427958011627,3,3,6,post_calibration
51,7,3,10,60,0,0,1,0.511420488357544,0.511420488357544,0.511420488357544,0.48857951164245605,3,3,6,post_calibration
51,8,3,12,60,0,1,0,0.5068599581718445,0.5068599581718445,0.4931400418281555,0.5068599581718445,3,3,6,post_calibration
51,9,3,13,60,0,0,1,0.5021762251853943,0.5021762251853943,0.5021762251853943,0.4978237748146057,3,3,6,post_calibration
51,10,3,15,60,0,0,1,0.5015376806259155,0.5015376806259155,0.5015376806259155,0.49846234917640686,3,3,6,post_calibration
51,11,3,16,60,1,1,1,0.5010283589363098,0.5010283589363098,0.4989716410636902,0.5010283589363098,3,3,6,post_calibration
52,0,3,0,60,1,1,1,0.5020047426223755,0.5020047426223755,0.4979952573776245,0.5020047426223755,3,1,9,zero_shot_paired
52,1,3,4,60,1,1,1,0.5003944635391235,0.5003944635391235,0.4996055066585541,0.5003944635391235,3,1,9,zero_shot_paired
52,2,3,6,60,1,1,1,0.5043289661407471,0.5043289661407471,0.49567097425460815,0.5043289661407471,3,1,9,zero_shot_paired
52,3,3,7,60,1,1,1,0.5006740689277649,0.5006740689277649,0.4993259608745575,0.5006740689277649,3,1,9,zero_shot_paired
52,4,3,9,60,1,1,1,0.5026310682296753,0.5026310682296753,0.4973689019680023,0.5026310682296753,3,1,9,zero_shot_paired
52,5,3,11,60,0,1,0,0.5007174611091614,0.5007174611091614,0.49928250908851624,0.5007174611091614,3,1,9,zero_shot_paired
52,6,3,14,60,0,1,0,0.500078022480011,0.500078022480011,0.4999219477176666,0.500078022480011,3,1,9,zero_shot_paired
52,7,3,15,60,0,0,1,0.5018110275268555,0.5018110275268555,0.5018110275268555,0.4981890022754669,3,1,9,zero_shot_paired
52,8,3,17,60,1,0,0,0.5003255009651184,0.5003255009651184,0.5003255009651184,0.49967455863952637,3,1,9,zero_shot_paired
52,0,3,0,60,1,1,1,0.5019218921661377,0.5019218921661377,0.4980780780315399,0.5019218921661377,3,1,9,post_calibration
52,1,3,4,60,1,1,1,0.5016883611679077,0.5016883611679077,0.4983116388320923,0.5016883611679077,3,1,9,post_calibration
52,2,3,6,60,1,1,1,0.5051057934761047,0.5051057934761047,0.49489423632621765,0.5051057934761047,3,1,9,post_calibration
52,3,3,7,60,1,1,1,0.5013806819915771,0.5013806819915771,0.49861931800842285,0.5013806819915771,3,1,9,post_calibration
52,4,3,9,60,1,1,1,0.5025479197502136,0.5025479197502136,0.4974520802497864,0.5025479197502136,3,1,9,post_calibration
52,5,3,11,60,0,1,0,0.5008636116981506,0.5008636116981506,0.499136358499527,0.5008636116981506,3,1,9,post_calibration
52,6,3,14,60,0,1,0,0.5005974173545837,0.5005974173545837,0.49940258264541626,0.5005974173545837,3,1,9,post_calibration
52,7,3,15,60,0,0,1,0.501679539680481,0.501679539680481,0.501679539680481,0.49832043051719666,3,1,9,post_calibration
52,8,3,17,60,1,0,0,0.5000118613243103,0.5000118613243103,0.5000118613243103,0.4999881088733673,3,1,9,post_calibration
53,0,3,1,60,1,0,0,0.5019305348396301,0.5019305348396301,0.5019305348396301,0.49806949496269226,3,2,9,zero_shot_paired
53,1,3,2,60,1,0,0,0.5007094740867615,0.5007094740867615,0.5007094740867615,0.49929049611091614,3,2,9,zero_shot_paired
53,2,3,3,60,1,0,0,0.5010324716567993,0.5010324716567993,0.5010324716567993,0.49896758794784546,3,2,9,zero_shot_paired
53,3,3,5,60,1,1,1,0.5021788477897644,0.5021788477897644,0.4978211522102356,0.5021788477897644,3,2,9,zero_shot_paired
53,4,3,8,60,1,0,0,0.5009468197822571,0.5009468197822571,0.5009468197822571,0.49905315041542053,3,2,9,zero_shot_paired
53,5,3,10,60,0,0,1,0.5114203095436096,0.5114203095436096,0.5114203095436096,0.48857975006103516,3,2,9,zero_shot_paired
53,6,3,12,60,0,1,0,0.5066474080085754,0.5066474080085754,0.49335262179374695,0.5066474080085754,3,2,9,zero_shot_paired
53,7,3,13,60,0,0,1,0.5021225214004517,0.5021225214004517,0.5021225214004517,0.49787747859954834,3,2,9,zero_shot_paired
53,8,3,16,60,1,1,1,0.500876784324646,0.500876784324646,0.4991232454776764,0.500876784324646,3,2,9,zero_shot_paired
53,0,3,1,60,1,0,0,0.5010104775428772,0.5010104775428772,0.5010104775428772,0.4989895224571228,3,2,9,post_calibration
53,1,3,2,60,1,1,1,0.5010067224502563,0.5010067224502563,0.49899324774742126,0.5010067224502563,3,2,9,post_calibration
53,2,3,3,60,1,1,1,0.501031756401062,0.501031756401062,0.4989682734012604,0.501031756401062,3,2,9,post_calibration
53,3,3,5,60,1,1,1,0.50294429063797,0.50294429063797,0.49705570936203003,0.50294429063797,3,2,9,post_calibration
53,4,3,8,60,1,0,0,0.5000723600387573,0.5000723600387573,0.5000723600387573,0.49992766976356506,3,2,9,post_calibration
53,5,3,10,60,0,0,1,0.5107940435409546,0.5107940435409546,0.5107940435409546,0.4892059862613678,3,2,9,post_calibration
53,6,3,12,60,0,1,0,0.5074798464775085,0.5074798464775085,0.49252021312713623,0.5074798464775085,3,2,9,post_calibration
53,7,3,13,60,0,0,1,0.5017263293266296,0.5017263293266296,0.5017263293266296,0.49827373027801514,3,2,9,post_calibration
53,8,3,16,60,1,1,1,0.5018267631530762,0.5018267631530762,0.49817323684692383,0.5018267631530762,3,2,9,post_calibration
54,0,3,2,60,1,0,0,0.5007083415985107,0.5007083415985107,0.5007083415985107,0.49929165840148926,3,1,12,zero_shot_paired
54,1,3,4,60,1,1,1,0.5003975033760071,0.5003975033760071,0.49960246682167053,0.5003975033760071,3,1,12,zero_shot_paired
54,2,3,12,60,0,1,0,0.5066453814506531,0.5066453814506531,0.49335458874702454,0.5066453814506531,3,1,12,zero_shot_paired
54,3,3,14,60,0,1,0,0.500079333782196,0.500079333782196,0.49992063641548157,0.500079333782196,3,1,12,zero_shot_paired
54,4,3,16,60,1,1,1,0.5008760690689087,0.5008760690689087,0.4991239905357361,0.5008760690689087,3,1,12,zero_shot_paired
54,5,3,17,60,1,0,0,0.5003247857093811,0.5003247857093811,0.5003247857093811,0.4996752142906189,3,1,12,zero_shot_paired
54,0,3,2,60,1,1,1,0.5017602443695068,0.5017602443695068,0.49823975563049316,0.5017602443695068,3,1,12,post_calibration
54,1,3,4,60,1,1,1,0.502133309841156,0.502133309841156,0.4978666603565216,0.502133309841156,3,1,12,post_calibration
54,2,3,12,60,0,1,0,0.5074493288993835,0.5074493288993835,0.49255067110061646,0.5074493288993835,3,1,12,post_calibration
54,3,3,14,60,0,1,0,0.5000370740890503,0.5000370740890503,0.4999628961086273,0.5000370740890503,3,1,12,post_calibration
54,4,3,16,60,1,1,1,0.5020217299461365,0.5020217299461365,0.4979782998561859,0.5020217299461365,3,1,12,post_calibration
54,5,3,17,60,1,0,0,0.5000583529472351,0.5000583529472351,0.5000583529472351,0.4999416470527649,3,1,12,post_calibration
55,0,3,0,60,1,1,1,0.5020039081573486,0.5020039081573486,0.49799612164497375,0.5020039081573486,3,2,12,zero_shot_paired
55,1,3,4,60,1,1,1,0.5003975033760071,0.5003975033760071,0.49960246682167053,0.5003975033760071,3,2,12,zero_shot_paired
55,2,3,5,60,1,1,1,0.5021783113479614,0.5021783113479614,0.4978216886520386,0.5021783113479614,3,2,12,zero_shot_paired
55,3,3,7,60,1,1,1,0.5006788969039917,0.5006788969039917,0.4993210434913635,0.5006788969039917,3,2,12,zero_shot_paired
55,4,3,11,60,0,1,0,0.5007184743881226,0.5007184743881226,0.49928146600723267,0.5007184743881226,3,2,12,zero_shot_paired
55,5,3,13,60,0,0,1,0.5021229386329651,0.5021229386329651,0.5021229386329651,0.4978770613670349,3,2,12,zero_shot_paired
55,0,3,0,60,1,1,1,0.5033082962036133,0.5033082962036133,0.4966917335987091,0.5033082962036133,3,2,12,post_calibration
55,1,3,4,60,1,1,1,0.5026337504386902,0.5026337504386902,0.4973662495613098,0.5026337504386902,3,2,12,post_calibration
55,2,3,5,60,1,1,1,0.5032466650009155,0.5032466650009155,0.4967533349990845,0.5032466650009155,3,2,12,post_calibration
55,3,3,7,60,1,1,1,0.5025763511657715,0.5025763511657715,0.4974236786365509,0.5025763511657715,3,2,12,post_calibration
55,4,3,11,60,0,1,0,0.5006533265113831,0.5006533265113831,0.49934661388397217,0.5006533265113831,3,2,12,post_calibration
55,5,3,13,60,0,0,1,0.5015315413475037,0.5015315413475037,0.5015315413475037,0.49846845865249634,3,2,12,post_calibration
56,0,3,2,60,1,0,0,0.5007083415985107,0.5007083415985107,0.5007083415985107,0.49929165840148926,3,3,12,zero_shot_paired
56,1,3,7,60,1,1,1,0.5006788969039917,0.5006788969039917,0.4993210434913635,0.5006788969039917,3,3,12,zero_shot_paired
56,2,3,9,60,1,1,1,0.5026305913925171,0.5026305913925171,0.4973694086074829,0.5026305913925171,3,3,12,zero_shot_paired
56,3,3,13,60,0,0,1,0.5021229386329651,0.5021229386329651,0.5021229386329651,0.4978770613670349,3,3,12,zero_shot_paired
56,4,3,14,60,0,1,0,0.500079333782196,0.500079333782196,0.49992063641548157,0.500079333782196,3,3,12,zero_shot_paired
56,5,3,16,60,1,1,1,0.5008760690689087,0.5008760690689087,0.4991239905357361,0.5008760690689087,3,3,12,zero_shot_paired
56,0,3,2,60,1,1,1,0.5004771947860718,0.5004771947860718,0.4995228052139282,0.5004771947860718,3,3,12,post_calibration
56,1,3,7,60,1,1,1,0.501420259475708,0.501420259475708,0.4985797107219696,0.501420259475708,3,3,12,post_calibration
56,2,3,9,60,1,1,1,0.5025562644004822,0.5025562644004822,0.4974437654018402,0.5025562644004822,3,3,12,post_calibration
56,3,3,13,60,0,0,1,0.501818060874939,0.501818060874939,0.501818060874939,0.49818193912506104,3,3,12,post_calibration
56,4,3,14,60,0,1,0,0.50034499168396,0.50034499168396,0.4996550381183624,0.50034499168396,3,3,12,post_calibration
56,5,3,16,60,1,1,1,0.5010370016098022,0.5010370016098022,0.49896302819252014,0.5010370016098022,3,3,12,post_calibration
