fold,trial_index,subject_id,trial_id,n_windows,y_true,y_pred,correct,p_pred,confidence,p_class_0,p_class_1,target_subject,calibration_fold,calibration_shots,stage
1,0,0,0,60,1,0,0,0.500103771686554,0.500103771686554,0.500103771686554,0.49989622831344604,0,,,zero_shot_all_trials
1,1,0,1,60,1,0,0,0.5013420581817627,0.5013420581817627,0.5013420581817627,0.4986579120159149,0,,,zero_shot_all_trials
1,2,0,2,60,1,1,1,0.5010706782341003,0.5010706782341003,0.4989292621612549,0.5010706782341003,0,,,zero_shot_all_trials
1,3,0,3,60,1,0,0,0.5052796602249146,0.5052796602249146,0.5052796602249146,0.49472033977508545,0,,,zero_shot_all_trials
1,4,0,4,60,1,0,0,0.5039792656898499,0.5039792656898499,0.5039792656898499,0.49602073431015015,0,,,zero_shot_all_trials
1,5,0,5,60,0,0,1,0.5010689496994019,0.5010689496994019,0.5010689496994019,0.49893102049827576,0,,,zero_shot_all_trials
1,6,0,6,60,1,1,1,0.5002034306526184,0.5002034306526184,0.4997965693473816,0.5002034306526184,0,,,zero_shot_all_trials
1,7,0,7,60,0,0,1,0.507093608379364,0.507093608379364,0.507093608379364,0.4929063618183136,0,,,zero_shot_all_trials
1,8,0,8,60,0,0,1,0.5012510418891907,0.5012510418891907,0.5012510418891907,0.49874889850616455,0,,,zero_shot_all_trials
1,9,0,9,60,1,0,0,0.5002556443214417,0.5002556443214417,0.5002556443214417,0.49974435567855835,0,,,zero_shot_all_trials
1,10,0,10,60,1,1,1,0.5003992319107056,0.5003992319107056,0.49960073828697205,0.5003992319107056,0,,,zero_shot_all_trials
1,11,0,11,60,1,0,0,0.5058488249778748,0.5058488249778748,0.5058488249778748,0.49415120482444763,0,,,zero_shot_all_trials
1,12,0,12,60,1,0,0,0.5045799016952515,0.5045799016952515,0.5045799016952515,0.49542009830474854,0,,,zero_shot_all_trials
1,13,0,13,60,1,0,0,0.5012480020523071,0.5012480020523071,0.5012480020523071,0.49875202775001526,0,,,zero_shot_all_trials
1,14,0,14,60,0,0,1,0.5071010589599609,0.5071010589599609,0.5071010589599609,0.4928989112377167,0,,,zero_shot_all_trials
1,15,0,15,60,1,0,0,0.5024638175964355,0.5024638175964355,0.5024638175964355,0.49753621220588684,0,,,zero_shot_all_trials
1,16,0,16,60,0,0,1,0.5001130104064941,0.5001130104064941,0.5001130104064941,0.49988698959350586,0,,,zero_shot_all_trials
1,17,0,17,60,1,1,1,0.5007472634315491,0.5007472634315491,0.4992527365684509,0.5007472634315491,0,,,zero_shot_all_trials
1,0,0,0,60,1,0,0,0.500103771686554,0.500103771686554,0.500103771686554,0.49989622831344604,0,1,3,zero_shot_paired
1,1,0,1,60,1,0,0,0.5013419985771179,0.5013419985771179,0.5013419985771179,0.4986580014228821,0,1,3,zero_shot_paired
1,2,0,2,60,1,1,1,0.5010706782341003,0.5010706782341003,0.49892932176589966,0.5010706782341003,0,1,3,zero_shot_paired
1,3,0,3,60,1,0,0,0.5052797198295593,0.5052797198295593,0.5052797198295593,0.49472030997276306,0,1,3,zero_shot_paired
1,4,0,4,60,1,0,0,0.5039792656898499,0.5039792656898499,0.5039792656898499,0.49602076411247253,0,1,3,zero_shot_paired
1,5,0,5,60,0,0,1,0.5010688900947571,0.5010688900947571,0.5010688900947571,0.4989311099052429,0,1,3,zero_shot_paired
1,6,0,6,60,1,1,1,0.5002034306526184,0.5002034306526184,0.4997965395450592,0.5002034306526184,0,1,3,zero_shot_paired
1,7,0,7,60,0,0,1,0.507093608379364,0.507093608379364,0.507093608379364,0.4929064214229584,0,1,3,zero_shot_paired
1,8,0,8,60,0,0,1,0.5012511014938354,0.5012511014938354,0.5012511014938354,0.49874889850616455,0,1,3,zero_shot_paired
1,9,0,9,60,1,0,0,0.5002556443214417,0.5002556443214417,0.5002556443214417,0.49974432587623596,0,1,3,zero_shot_paired
1,10,0,10,60,1,1,1,0.5003992915153503,0.5003992915153503,0.49960070848464966,0.5003992915153503,0,1,3,zero_shot_paired
1,11,0,11,60,1,0,0,0.5058488249778748,0.5058488249778748,0.5058488249778748,0.49415120482444763,0,1,3,zero_shot_paired
1,12,0,13,60,1,0,0,0.5012480020523071,0.5012480020523071,0.5012480020523071,0.49875202775001526,0,1,3,zero_shot_paired
1,13,0,15,60,1,0,0,0.5024638772010803,0.5024638772010803,0.5024638772010803,0.4975361227989197,0,1,3,zero_shot_paired
1,14,0,16,60,0,0,1,0.5001129508018494,0.5001129508018494,0.5001129508018494,0.49988698959350586,0,1,3,zero_shot_paired
1,0,0,0,60,1,1,1,0.5001317262649536,0.5001317262649536,0.4998682737350464,0.5001317262649536,0,1,3,post_calibration
1,1,0,1,60,1,0,0,0.5013391971588135,0.5013391971588135,0.5013391971588135,0.4986608326435089,0,1,3,post_calibration
1,2,0,2,60,1,1,1,0.5010946393013,0.5010946393013,0.49890539050102234,0.5010946393013,0,1,3,post_calibration
1,3,0,3,60,1,0,0,0.5053071975708008,0.5053071975708008,0.5053071975708008,0.4946928322315216,0,1,3,post_calibration
1,4,0,4,60,1,0,0,0.5036770105361938,0.5036770105361938,0.5036770105361938,0.49632298946380615,0,1,3,post_calibration
1,5,0,5,60,0,0,1,0.5003656148910522,0.5003656148910522,0.5003656148910522,0.499634325504303,0,1,3,post_calibration
1,6,0,6,60,1,0,0,0.5003501176834106,0.5003501176834106,0.5003501176834106,0.49964991211891174,0,1,3,post_calibration
1,7,0,7,60,0,0,1,0.5068390369415283,0.5068390369415283,0.5068390369415283,0.4931609034538269,0,1,3,post_calibration
1,8,0,8,60,0,0,1,0.5009270310401917,0.5009270310401917,0.5009270310401917,0.49907296895980835,0,1,3,post_calibration
1,9,0,9,60,1,0,0,0.5003392696380615,0.5003392696380615,0.5003392696380615,0.4996607005596161,0,1,3,post_calibration
1,10,0,10,60,1,1,1,0.5008448362350464,0.5008448362350464,0.4991551339626312,0.5008448362350464,0,1,3,post_calibration
1,11,0,11,60,1,0,0,0.5053191184997559,0.5053191184997559,0.5053191184997559,0.49468082189559937,0,1,3,post_calibration
1,12,0,13,60,1,0,0,0.5010501742362976,0.5010501742362976,0.5010501742362976,0.49894979596138,0,1,3,post_calibration
1,13,0,15,60,1,0,0,0.5020873546600342,0.5020873546600342,0.5020873546600342,0.4979127049446106,0,1,3,post_calibration
1,14,0,16,60,0,1,0,0.5003313422203064,0.5003313422203064,0.4996686577796936,0.5003313422203064,0,1,3,post_calibration
2,0,0,0,60,1,0,0,0.500103771686554,0.500103771686554,0.500103771686554,0.49989622831344604,0,2,3,zero_shot_paired
2,1,0,1,60,1,0,0,0.5013419985771179,0.5013419985771179,0.5013419985771179,0.4986580014228821,0,2,3,zero_shot_paired
2,2,0,2,60,1,1,1,0.5010706782341003,0.5010706782341003,0.49892932176589966,0.5010706782341003,0,2,3,zero_shot_paired
2,3,0,3,60,1,0,0,0.5052797198295593,0.5052797198295593,0.5052797198295593,0.49472030997276306,0,2,3,zero_shot_paired
2,4,0,5,60,0,0,1,0.5010688900947571,0.5010688900947571,0.5010688900947571,0.4989311099052429,0,2,3,zero_shot_paired
2,5,0,6,60,1,1,1,0.5002034306526184,0.5002034306526184,0.4997965395450592,0.5002034306526184,0,2,3,zero_shot_paired
2,6,0,7,60,0,0,1,0.507093608379364,0.507093608379364,0.507093608379364,0.4929064214229584,0,2,3,zero_shot_paired
2,7,0,8,60,0,0,1,0.5012511014938354,0.5012511014938354,0.5012511014938354,0.49874889850616455,0,2,3,zero_shot_paired
2,8,0,9,60,1,0,0,0.5002556443214417,0.5002556443214417,0.5002556443214417,0.49974432587623596,0,2,3,zero_shot_paired
2,9,0,10,60,1,1,1,0.5003992915153503,0.5003992915153503,0.49960070848464966,0.5003992915153503,0,2,3,zero_shot_paired
2,10,0,11,60,1,0,0,0.5058488249778748,0.5058488249778748,0.5058488249778748,0.49415120482444763,0,2,3,zero_shot_paired
2,11,0,12,60,1,0,0,0.5045799016952515,0.5045799016952515,0.5045799016952515,0.49542009830474854,0,2,3,zero_shot_paired
2,12,0,13,60,1,0,0,0.5012480020523071,0.5012480020523071,0.5012480020523071,0.49875202775001526,0,2,3,zero_shot_paired
2,13,0,14,60,0,0,1,0.5071011781692505,0.5071011781692505,0.5071011781692505,0.4928987920284271,0,2,3,zero_shot_paired
2,14,0,17,60,1,1,1,0.5007472634315491,0.5007472634315491,0.4992527365684509,0.5007472634315491,0,2,3,zero_shot_paired
2,0,0,0,60,1,0,0,0.5000706315040588,0.5000706315040588,0.5000706315040588,0.4999293386936188,0,2,3,post_calibration
2,1,0,1,60,1,0,0,0.501464307308197,0.501464307308197,0.501464307308197,0.49853575229644775,0,2,3,post_calibration
2,2,0,2,60,1,1,1,0.5011581778526306,0.5011581778526306,0.498841792345047,0.5011581778526306,0,2,3,post_calibration
2,3,0,3,60,1,0,0,0.5052347779273987,0.5052347779273987,0.5052347779273987,0.4947652518749237,0,2,3,post_calibration
2,4,0,5,60,0,0,1,0.5008638501167297,0.5008638501167297,0.5008638501167297,0.49913614988327026,0,2,3,post_calibration
2,5,0,6,60,1,1,1,0.5001683235168457,0.5001683235168457,0.4998316466808319,0.5001683235168457,0,2,3,post_calibration
2,6,0,7,60,0,0,1,0.506499171257019,0.506499171257019,0.506499171257019,0.49350085854530334,0,2,3,post_calibration
2,7,0,8,60,0,0,1,0.5010614395141602,0.5010614395141602,0.5010614395141602,0.49893859028816223,0,2,3,post_calibration
2,8,0,9,60,1,1,1,0.5006573796272278,0.5006573796272278,0.49934256076812744,0.5006573796272278,0,2,3,post_calibration
2,9,0,10,60,1,1,1,0.5009942650794983,0.5009942650794983,0.4990057051181793,0.5009942650794983,0,2,3,post_calibration
2,10,0,11,60,1,0,0,0.5058229565620422,0.5058229565620422,0.5058229565620422,0.49417704343795776,0,2,3,post_calibration
2,11,0,12,60,1,0,0,0.5045788884162903,0.5045788884162903,0.5045788884162903,0.49542108178138733,0,2,3,post_calibration
2,12,0,13,60,1,0,0,0.5007032155990601,0.5007032155990601,0.5007032155990601,0.49929678440093994,0,2,3,post_calibration
2,13,0,14,60,0,0,1,0.5069995522499084,0.5069995522499084,0.5069995522499084,0.4930003881454468,0,2,3,post_calibration
2,14,0,17,60,1,1,1,0.5009348392486572,0.5009348392486572,0.4990651309490204,0.5009348392486572,0,2,3,post_calibration
3,0,0,0,60,1,0,0,0.500103771686554,0.500103771686554,0.500103771686554,0.49989622831344604,0,3,3,zero_shot_paired
3,1,0,1,60,1,0,0,0.5013419985771179,0.5013419985771179,0.5013419985771179,0.4986580014228821,0,3,3,zero_shot_paired
3,2,0,2,60,1,1,1,0.5010706782341003,0.5010706782341003,0.49892932176589966,0.5010706782341003,0,3,3,zero_shot_paired
3,3,0,3,60,1,0,0,0.5052797198295593,0.5052797198295593,0.5052797198295593,0.49472030997276306,0,3,3,zero_shot_paired
3,4,0,4,60,1,0,0,0.5039792656898499,0.5039792656898499,0.5039792656898499,0.49602076411247253,0,3,3,zero_shot_paired
3,5,0,5,60,0,0,1,0.5010688900947571,0.5010688900947571,0.5010688900947571,0.4989311099052429,0,3,3,zero_shot_paired
3,6,0,8,60,0,0,1,0.5012511014938354,0.5012511014938354,0.5012511014938354,0.49874889850616455,0,3,3,zero_shot_paired
3,7,0,10,60,1,1,1,0.5003992915153503,0.5003992915153503,0.49960070848464966,0.5003992915153503,0,3,3,zero_shot_paired
3,8,0,11,60,1,0,0,0.5058488249778748,0.5058488249778748,0.5058488249778748,0.49415120482444763,0,3,3,zero_shot_paired
3,9,0,12,60,1,0,0,0.5045799016952515,0.5045799016952515,0.5045799016952515,0.49542009830474854,0,3,3,zero_shot_paired
3,10,0,13,60,1,0,0,0.5012480020523071,0.5012480020523071,0.5012480020523071,0.49875202775001526,0,3,3,zero_shot_paired
3,11,0,14,60,0,0,1,0.5071011781692505,0.5071011781692505,0.5071011781692505,0.4928987920284271,0,3,3,zero_shot_paired
3,12,0,15,60,1,0,0,0.5024638772010803,0.5024638772010803,0.5024638772010803,0.4975361227989197,0,3,3,zero_shot_paired
3,13,0,16,60,0,0,1,0.5001129508018494,0.5001129508018494,0.5001129508018494,0.49988698959350586,0,3,3,zero_shot_paired
3,14,0,17,60,1,1,1,0.5007472634315491,0.5007472634315491,0.4992527365684509,0.5007472634315491,0,3,3,zero_shot_paired
3,0,0,0,60,1,1,1,0.5000550150871277,0.5000550150871277,0.4999450147151947,0.5000550150871277,0,3,3,post_calibration
3,1,0,1,60,1,0,0,0.5013955235481262,0.5013955235481262,0.5013955235481262,0.49860450625419617,0,3,3,post_calibration
3,2,0,2,60,1,1,1,0.5012195110321045,0.5012195110321045,0.4987804889678955,0.5012195110321045,0,3,3,post_calibration
3,3,0,3,60,1,0,0,0.5052773356437683,0.5052773356437683,0.5052773356437683,0.4947226643562317,0,3,3,post_calibration
3,4,0,4,60,1,0,0,0.503576934337616,0.503576934337616,0.503576934337616,0.49642303586006165,0,3,3,post_calibration
3,5,0,5,60,0,0,1,0.5011288523674011,0.5011288523674011,0.5011288523674011,0.49887120723724365,0,3,3,post_calibration
3,6,0,8,60,0,0,1,0.5007694363594055,0.5007694363594055,0.5007694363594055,0.4992305636405945,0,3,3,post_calibration
3,7,0,10,60,1,1,1,0.5003296732902527,0.5003296732902527,0.4996703565120697,0.5003296732902527,0,3,3,post_calibration
3,8,0,11,60,1,0,0,0.505833625793457,0.505833625793457,0.505833625793457,0.49416637420654297,0,3,3,post_calibration
3,9,0,12,60,1,0,0,0.504520058631897,0.504520058631897,0.504520058631897,0.495479941368103,0,3,3,post_calibration
3,10,0,13,60,1,0,0,0.5013307332992554,0.5013307332992554,0.5013307332992554,0.49866923689842224,0,3,3,post_calibration
3,11,0,14,60,0,0,1,0.5070427060127258,0.5070427060127258,0.5070427060127258,0.49295732378959656,0,3,3,post_calibration
3,12,0,15,60,1,0,0,0.502328097820282,0.502328097820282,0.502328097820282,0.4976719319820404,0,3,3,post_calibration
3,13,0,16,60,0,1,0,0.5000349879264832,0.5000349879264832,0.49996498227119446,0.5000349879264832,0,3,3,post_calibration
3,14,0,17,60,1,1,1,0.5010057091712952,0.5010057091712952,0.49899429082870483,0.5010057091712952,0,3,3,post_calibration
4,0,0,0,60,1,0,0,0.500103771686554,0.500103771686554,0.500103771686554,0.49989622831344604,0,4,3,zero_shot_paired
4,1,0,1,60,1,0,0,0.5013419985771179,0.5013419985771179,0.5013419985771179,0.4986580014228821,0,4,3,zero_shot_paired
4,2,0,3,60,1,0,0,0.5052797198295593,0.5052797198295593,0.5052797198295593,0.49472030997276306,0,4,3,zero_shot_paired
4,3,0,4,60,1,0,0,0.5039792656898499,0.5039792656898499,0.5039792656898499,0.49602076411247253,0,4,3,zero_shot_paired
4,4,0,6,60,1,1,1,0.5002034306526184,0.5002034306526184,0.4997965395450592,0.5002034306526184,0,4,3,zero_shot_paired
4,5,0,7,60,0,0,1,0.507093608379364,0.507093608379364,0.507093608379364,0.4929064214229584,0,4,3,zero_shot_paired
4,6,0,8,60,0,0,1,0.5012511014938354,0.5012511014938354,0.5012511014938354,0.49874889850616455,0,4,3,zero_shot_paired
4,7,0,9,60,1,0,0,0.5002556443214417,0.5002556443214417,0.5002556443214417,0.49974432587623596,0,4,3,zero_shot_paired
4,8,0,10,60,1,1,1,0.5003992915153503,0.5003992915153503,0.49960070848464966,0.5003992915153503,0,4,3,zero_shot_paired
4,9,0,11,60,1,0,0,0.5058488249778748,0.5058488249778748,0.5058488249778748,0.49415120482444763,0,4,3,zero_shot_paired
4,10,0,12,60,1,0,0,0.5045799016952515,0.5045799016952515,0.5045799016952515,0.49542009830474854,0,4,3,zero_shot_paired
4,11,0,14,60,0,0,1,0.5071011781692505,0.5071011781692505,0.5071011781692505,0.4928987920284271,0,4,3,zero_shot_paired
4,12,0,15,60,1,0,0,0.5024638772010803,0.5024638772010803,0.5024638772010803,0.4975361227989197,0,4,3,zero_shot_paired
4,13,0,16,60,0,0,1,0.5001129508018494,0.5001129508018494,0.5001129508018494,0.49988698959350586,0,4,3,zero_shot_paired
4,14,0,17,60,1,1,1,0.5007472634315491,0.5007472634315491,0.4992527365684509,0.5007472634315491,0,4,3,zero_shot_paired
4,0,0,0,60,1,0,0,0.5000535845756531,0.5000535845756531,0.5000535845756531,0.4999464154243469,0,4,3,post_calibration
4,1,0,1,60,1,0,0,0.5013110637664795,0.5013110637664795,0.5013110637664795,0.4986889660358429,0,4,3,post_calibration
4,2,0,3,60,1,0,0,0.5049647092819214,0.5049647092819214,0.5049647092819214,0.4950352609157562,0,4,3,post_calibration
4,3,0,4,60,1,0,0,0.5039508938789368,0.5039508938789368,0.5039508938789368,0.496049165725708,0,4,3,post_calibration
4,4,0,6,60,1,1,1,0.5004788637161255,0.5004788637161255,0.4995211362838745,0.5004788637161255,0,4,3,post_calibration
4,5,0,7,60,0,0,1,0.5065920948982239,0.5065920948982239,0.5065920948982239,0.4934079349040985,0,4,3,post_calibration
4,6,0,8,60,0,0,1,0.501031756401062,0.501031756401062,0.501031756401062,0.49896830320358276,0,4,3,post_calibration
4,7,0,9,60,1,0,0,0.500228226184845,0.500228226184845,0.500228226184845,0.4997718036174774,0,4,3,post_calibration
4,8,0,10,60,1,1,1,0.5002159476280212,0.5002159476280212,0.49978405237197876,0.5002159476280212,0,4,3,post_calibration
4,9,0,11,60,1,0,0,0.5057252645492554,0.5057252645492554,0.5057252645492554,0.49427473545074463,0,4,3,post_calibration
4,10,0,12,60,1,0,0,0.504706084728241,0.504706084728241,0.504706084728241,0.49529391527175903,0,4,3,post_calibration
4,11,0,14,60,0,0,1,0.5071534514427185,0.5071534514427185,0.5071534514427185,0.4928465485572815,0,4,3,post_calibration
4,12,0,15,60,1,0,0,0.502429723739624,0.502429723739624,0.502429723739624,0.497570276260376,0,4,3,post_calibration
4,13,0,16,60,0,0,1,0.5000306963920593,0.5000306963920593,0.5000306963920593,0.49996933341026306,0,4,3,post_calibration
4,14,0,17,60,1,1,1,0.500926673412323,0.500926673412323,0.4990732967853546,0.500926673412323,0,4,3,post_calibration
5,0,0,1,60,1,0,0,0.5013419985771179,0.5013419985771179,0.5013419985771179,0.4986580014228821,0,5,3,zero_shot_paired
5,1,0,2,60,1,1,1,0.5010706782341003,0.5010706782341003,0.49892932176589966,0.5010706782341003,0,5,3,zero_shot_paired
5,2,0,3,60,1,0,0,0.5052797198295593,0.5052797198295593,0.5052797198295593,0.49472030997276306,0,5,3,zero_shot_paired
5,3,0,4,60,1,0,0,0.5039792656898499,0.5039792656898499,0.5039792656898499,0.49602076411247253,0,5,3,zero_shot_paired
5,4,0,5,60,0,0,1,0.5010688900947571,0.5010688900947571,0.5010688900947571,0.4989311099052429,0,5,3,zero_shot_paired
5,5,0,6,60,1,1,1,0.5002034306526184,0.5002034306526184,0.4997965395450592,0.5002034306526184,0,5,3,zero_shot_paired
5,6,0,7,60,0,0,1,0.507093608379364,0.507093608379364,0.507093608379364,0.4929064214229584,0,5,3,zero_shot_paired
5,7,0,9,60,1,0,0,0.5002556443214417,0.5002556443214417,0.5002556443214417,0.49974432587623596,0,5,3,zero_shot_paired
5,8,0,10,60,1,1,1,0.5003992915153503,0.5003992915153503,0.49960070848464966,0.5003992915153503,0,5,3,zero_shot_paired
5,9,0,12,60,1,0,0,0.5045799016952515,0.5045799016952515,0.5045799016952515,0.49542009830474854,0,5,3,zero_shot_paired
5,10,0,13,60,1,0,0,0.5012480020523071,0.5012480020523071,0.5012480020523071,0.49875202775001526,0,5,3,zero_shot_paired
5,11,0,14,60,0,0,1,0.5071011781692505,0.5071011781692505,0.5071011781692505,0.4928987920284271,0,5,3,zero_shot_paired
5,12,0,15,60,1,0,0,0.5024638772010803,0.5024638772010803,0.5024638772010803,0.4975361227989197,0,5,3,zero_shot_paired
5,13,0,16,60,0,0,1,0.5001129508018494,0.5001129508018494,0.5001129508018494,0.49988698959350586,0,5,3,zero_shot_paired
5,14,0,17,60,1,1,1,0.5007472634315491,0.5007472634315491,0.4992527365684509,0.5007472634315491,0,5,3,zero_shot_paired
5,0,0,1,60,1,0,0,0.5009109973907471,0.5009109973907471,0.5009109973907471,0.49908900260925293,0,5,3,post_calibration
5,1,0,2,60,1,1,1,0.5014703273773193,0.5014703273773193,0.4985296130180359,0.5014703273773193,0,5,3,post_calibration
5,2,0,3,60,1,0,0,0.5051918625831604,0.5051918625831604,0.5051918625831604,0.494808167219162,0,5,3,post_calibration
5,3,0,4,60,1,0,0,0.5035337209701538,0.5035337209701538,0.5035337209701538,0.4964663088321686,0,5,3,post_calibration
5,4,0,5,60,0,0,1,0.5005435943603516,0.5005435943603516,0.5005435943603516,0.49945640563964844,0,5,3,post_calibration
5,5,0,6,60,1,1,1,0.5001793503761292,0.5001793503761292,0.49982067942619324,0.5001793503761292,0,5,3,post_calibration
5,6,0,7,60,0,0,1,0.506791889667511,0.506791889667511,0.506791889667511,0.493208110332489,0,5,3,post_calibration
5,7,0,9,60,1,1,1,0.5000326037406921,0.5000326037406921,0.49996742606163025,0.5000326037406921,0,5,3,post_calibration
5,8,0,10,60,1,1,1,0.5006255507469177,0.5006255507469177,0.49937447905540466,0.5006255507469177,0,5,3,post_calibration
5,9,0,12,60,1,0,0,0.5043766498565674,0.5043766498565674,0.5043766498565674,0.495623379945755,0,5,3,post_calibration
5,10,0,13,60,1,0,0,0.5010574460029602,0.5010574460029602,0.5010574460029602,0.498942494392395,0,5,3,post_calibration
5,11,0,14,60,0,0,1,0.50690758228302,0.50690758228302,0.50690758228302,0.49309244751930237,0,5,3,post_calibration
5,12,0,15,60,1,0,0,0.5021701455116272,0.5021701455116272,0.5021701455116272,0.4978298246860504,0,5,3,post_calibration
5,13,0,16,60,0,1,0,0.5001658797264099,0.5001658797264099,0.4998341500759125,0.5001658797264099,0,5,3,post_calibration
5,14,0,17,60,1,1,1,0.5008174777030945,0.5008174777030945,0.49918249249458313,0.5008174777030945,0,5,3,post_calibration
6,0,0,0,60,1,0,0,0.500103771686554,0.500103771686554,0.500103771686554,0.49989622831344604,0,6,3,zero_shot_paired
6,1,0,2,60,1,1,1,0.5010706782341003,0.5010706782341003,0.49892932176589966,0.5010706782341003,0,6,3,zero_shot_paired
6,2,0,4,60,1,0,0,0.5039792656898499,0.5039792656898499,0.5039792656898499,0.49602076411247253,0,6,3,zero_shot_paired
6,3,0,5,60,0,0,1,0.5010688900947571,0.5010688900947571,0.5010688900947571,0.4989311099052429,0,6,3,zero_shot_paired
6,4,0,6,60,1,1,1,0.5002034306526184,0.5002034306526184,0.4997965395450592,0.5002034306526184,0,6,3,zero_shot_paired
6,5,0,7,60,0,0,1,0.507093608379364,0.507093608379364,0.507093608379364,0.4929064214229584,0,6,3,zero_shot_paired
6,6,0,8,60,0,0,1,0.5012511014938354,0.5012511014938354,0.5012511014938354,0.49874889850616455,0,6,3,zero_shot_paired
6,7,0,9,60,1,0,0,0.5002556443214417,0.5002556443214417,0.5002556443214417,0.49974432587623596,0,6,3,zero_shot_paired
6,8,0,11,60,1,0,0,0.5058488249778748,0.5058488249778748,0.5058488249778748,0.49415120482444763,0,6,3,zero_shot_paired
6,9,0,12,60,1,0,0,0.5045799016952515,0.5045799016952515,0.5045799016952515,0.49542009830474854,0,6,3,zero_shot_paired
6,10,0,13,60,1,0,0,0.5012480020523071,0.5012480020523071,0.5012480020523071,0.49875202775001526,0,6,3,zero_shot_paired
6,11,0,14,60,0,0,1,0.5071011781692505,0.5071011781692505,0.5071011781692505,0.4928987920284271,0,6,3,zero_shot_paired
6,12,0,15,60,1,0,0,0.5024638772010803,0.5024638772010803,0.5024638772010803,0.4975361227989197,0,6,3,zero_shot_paired
6,13,0,16,60,0,0,1,0.5001129508018494,0.5001129508018494,0.5001129508018494,0.49988698959350586,0,6,3,zero_shot_paired
6,14,0,17,60,1,1,1,0.5007472634315491,0.5007472634315491,0.4992527365684509,0.5007472634315491,0,6,3,zero_shot_paired
6,0,0,0,60,1,1,1,0.5005157589912415,0.5005157589912415,0.49948421120643616,0.5005157589912415,0,6,3,post_calibration
6,1,0,2,60,1,1,1,0.5029797554016113,0.5029797554016113,0.4970202147960663,0.5029797554016113,0,6,3,post_calibration
6,2,0,4,60,1,0,0,0.5034233927726746,0.5034233927726746,0.5034233927726746,0.49657660722732544,0,6,3,post_calibration
6,3,0,5,60,0,1,0,0.5006038546562195,0.5006038546562195,0.4993961453437805,0.5006038546562195,0,6,3,post_calibration
6,4,0,6,60,1,1,1,0.5015268921852112,0.5015268921852112,0.49847307801246643,0.5015268921852112,0,6,3,post_calibration
6,5,0,7,60,0,0,1,0.5051741003990173,0.5051741003990173,0.5051741003990173,0.49482592940330505,0,6,3,post_calibration
6,6,0,8,60,0,1,0,0.5000593662261963,0.5000593662261963,0.4999406635761261,0.5000593662261963,0,6,3,post_calibration
6,7,0,9,60,1,1,1,0.5007754564285278,0.5007754564285278,0.49922457337379456,0.5007754564285278,0,6,3,post_calibration
6,8,0,11,60,1,0,0,0.5050181746482849,0.5050181746482849,0.5050181746482849,0.4949818551540375,0,6,3,post_calibration
6,9,0,12,60,1,0,0,0.5037437081336975,0.5037437081336975,0.5037437081336975,0.4962562620639801,0,6,3,post_calibration
6,10,0,13,60,1,0,0,0.5003557801246643,0.5003557801246643,0.5003557801246643,0.4996442198753357,0,6,3,post_calibration
6,11,0,14,60,0,0,1,0.5066510438919067,0.5066510438919067,0.5066510438919067,0.49334895610809326,0,6,3,post_calibration
6,12,0,15,60,1,0,0,0.5014597177505493,0.5014597177505493,0.5014597177505493,0.4985402822494507,0,6,3,post_calibration
6,13,0,16,60,0,1,0,0.5015692114830017,0.5015692114830017,0.4984307587146759,0.5015692114830017,0,6,3,post_calibration
6,14,0,17,60,1,1,1,0.5020822286605835,0.5020822286605835,0.4979177415370941,0.5020822286605835,0,6,3,post_calibration
7,0,0,0,60,1,0,0,0.500103771686554,0.500103771686554,0.500103771686554,0.49989622831344604,0,1,6,zero_shot_paired
7,1,0,1,60,1,0,0,0.5013419985771179,0.5013419985771179,0.5013419985771179,0.4986580014228821,0,1,6,zero_shot_paired
7,2,0,3,60,1,0,0,0.5052797198295593,0.5052797198295593,0.5052797198295593,0.49472030997276306,0,1,6,zero_shot_paired
7,3,0,5,60,0,0,1,0.5010688900947571,0.5010688900947571,0.5010688900947571,0.4989311099052429,0,1,6,zero_shot_paired
7,4,0,6,60,1,1,1,0.5002034306526184,0.5002034306526184,0.4997965395450592,0.5002034306526184,0,1,6,zero_shot_paired
7,5,0,8,60,0,0,1,0.5012511014938354,0.5012511014938354,0.5012511014938354,0.49874889850616455,0,1,6,zero_shot_paired
7,6,0,9,60,1,0,0,0.5002556443214417,0.5002556443214417,0.5002556443214417,0.49974432587623596,0,1,6,zero_shot_paired
7,7,0,10,60,1,1,1,0.5003992915153503,0.5003992915153503,0.49960070848464966,0.5003992915153503,0,1,6,zero_shot_paired
7,8,0,11,60,1,0,0,0.5058488249778748,0.5058488249778748,0.5058488249778748,0.49415120482444763,0,1,6,zero_shot_paired
7,9,0,14,60,0,0,1,0.5071011781692505,0.5071011781692505,0.5071011781692505,0.4928987920284271,0,1,6,zero_shot_paired
7,10,0,15,60,1,0,0,0.5024638772010803,0.5024638772010803,0.5024638772010803,0.4975361227989197,0,1,6,zero_shot_paired
7,11,0,17,60,1,1,1,0.5007472634315491,0.5007472634315491,0.4992527365684509,0.5007472634315491,0,1,6,zero_shot_paired
7,0,0,0,60,1,1,1,0.500292181968689,0.500292181968689,0.49970778822898865,0.500292181968689,0,1,6,post_calibration
7,1,0,1,60,1,0,0,0.5018560886383057,0.5018560886383057,0.5018560886383057,0.4981439411640167,0,1,6,post_calibration
7,2,0,3,60,1,0,0,0.5059049725532532,0.5059049725532532,0.5059049725532532,0.49409499764442444,0,1,6,post_calibration
7,3,0,5,60,0,0,1,0.5008943676948547,0.5008943676948547,0.5008943676948547,0.49910563230514526,0,1,6,post_calibration
7,4,0,6,60,1,0,0,0.5006354451179504,0.5006354451179504,0.5006354451179504,0.49936455488204956,0,1,6,post_calibration
7,5,0,8,60,0,0,1,0.5011250376701355,0.5011250376701355,0.5011250376701355,0.4988749325275421,0,1,6,post_calibration
7,6,0,9,60,1,1,1,0.500649631023407,0.500649631023407,0.499350368976593,0.500649631023407,0,1,6,post_calibration
7,7,0,10,60,1,1,1,0.5006998181343079,0.5006998181343079,0.49930018186569214,0.5006998181343079,0,1,6,post_calibration
7,8,0,11,60,1,0,0,0.5057535171508789,0.5057535171508789,0.5057535171508789,0.4942465126514435,0,1,6,post_calibration
7,9,0,14,60,0,0,1,0.5072870254516602,0.5072870254516602,0.5072870254516602,0.49271297454833984,0,1,6,post_calibration
7,10,0,15,60,1,0,0,0.5028100609779358,0.5028100609779358,0.5028100609779358,0.49718987941741943,0,1,6,post_calibration
7,11,0,17,60,1,1,1,0.5008000731468201,0.5008000731468201,0.49919986724853516,0.5008000731468201,0,1,6,post_calibration
8,0,0,1,60,1,0,0,0.5013419985771179,0.5013419985771179,0.5013419985771179,0.4986580014228821,0,2,6,zero_shot_paired
8,1,0,2,60,1,1,1,0.5010706782341003,0.5010706782341003,0.49892932176589966,0.5010706782341003,0,2,6,zero_shot_paired
8,2,0,4,60,1,0,0,0.5039792656898499,0.5039792656898499,0.5039792656898499,0.49602076411247253,0,2,6,zero_shot_paired
8,3,0,5,60,0,0,1,0.5010688900947571,0.5010688900947571,0.5010688900947571,0.4989311099052429,0,2,6,zero_shot_paired
8,4,0,6,60,1,1,1,0.5002034306526184,0.5002034306526184,0.4997965395450592,0.5002034306526184,0,2,6,zero_shot_paired
8,5,0,7,60,0,0,1,0.507093608379364,0.507093608379364,0.507093608379364,0.4929064214229584,0,2,6,zero_shot_paired
8,6,0,12,60,1,0,0,0.5045799016952515,0.5045799016952515,0.5045799016952515,0.49542009830474854,0,2,6,zero_shot_paired
8,7,0,13,60,1,0,0,0.5012480020523071,0.5012480020523071,0.5012480020523071,0.49875202775001526,0,2,6,zero_shot_paired
8,8,0,14,60,0,0,1,0.5071011781692505,0.5071011781692505,0.5071011781692505,0.4928987920284271,0,2,6,zero_shot_paired
8,9,0,15,60,1,0,0,0.5024638772010803,0.5024638772010803,0.5024638772010803,0.4975361227989197,0,2,6,zero_shot_paired
8,10,0,16,60,0,0,1,0.5001129508018494,0.5001129508018494,0.5001129508018494,0.49988698959350586,0,2,6,zero_shot_paired
8,11,0,17,60,1,1,1,0.5007472634315491,0.5007472634315491,0.4992527365684509,0.5007472634315491,0,2,6,zero_shot_paired
8,0,0,1,60,1,1,1,0.5005879402160645,0.5005879402160645,0.4994121193885803,0.5005879402160645,0,2,6,post_calibration
8,1,0,2,60,1,1,1,0.5036097168922424,0.5036097168922424,0.4963902533054352,0.5036097168922424,0,2,6,post_calibration
8,2,0,4,60,1,0,0,0.501312255859375,0.501312255859375,0.501312255859375,0.498687744140625,0,2,6,post_calibration
8,3,0,5,60,0,1,0,0.5010364651679993,0.5010364651679993,0.4989635646343231,0.5010364651679993,0,2,6,post_calibration
8,4,0,6,60,1,1,1,0.5022741556167603,0.5022741556167603,0.49772587418556213,0.5022741556167603,0,2,6,post_calibration
8,5,0,7,60,0,0,1,0.5048336982727051,0.5048336982727051,0.5048336982727051,0.49516627192497253,0,2,6,post_calibration
8,6,0,12,60,1,0,0,0.501710057258606,0.501710057258606,0.501710057258606,0.49828991293907166,0,2,6,post_calibration
8,7,0,13,60,1,1,1,0.5008549094200134,0.5008549094200134,0.4991450309753418,0.5008549094200134,0,2,6,post_calibration
8,8,0,14,60,0,0,1,0.5048352479934692,0.5048352479934692,0.5048352479934692,0.49516478180885315,0,2,6,post_calibration
8,9,0,15,60,1,0,0,0.5004993677139282,0.5004993677139282,0.5004993677139282,0.4995006322860718,0,2,6,post_calibration
8,10,0,16,60,0,1,0,0.5021479725837708,0.5021479725837708,0.49785199761390686,0.5021479725837708,0,2,6,post_calibration
8,11,0,17,60,1,1,1,0.5029041767120361,0.5029041767120361,0.4970957636833191,0.5029041767120361,0,2,6,post_calibration
9,0,0,0,60,1,0,0,0.500103771686554,0.500103771686554,0.500103771686554,0.49989622831344604,0,3,6,zero_shot_paired
9,1,0,2,60,1,1,1,0.5010706782341003,0.5010706782341003,0.49892932176589966,0.5010706782341003,0,3,6,zero_shot_paired
9,2,0,3,60,1,0,0,0.5052797198295593,0.5052797198295593,0.5052797198295593,0.49472030997276306,0,3,6,zero_shot_paired
9,3,0,4,60,1,0,0,0.5039792656898499,0.5039792656898499,0.5039792656898499,0.49602076411247253,0,3,6,zero_shot_paired
9,4,0,7,60,0,0,1,0.507093608379364,0.507093608379364,0.507093608379364,0.4929064214229584,0,3,6,zero_shot_paired
9,5,0,8,60,0,0,1,0.5012511014938354,0.5012511014938354,0.5012511014938354,0.49874889850616455,0,3,6,zero_shot_paired
9,6,0,9,60,1,0,0,0.5002556443214417,0.5002556443214417,0.5002556443214417,0.49974432587623596,0,3,6,zero_shot_paired
9,7,0,10,60,1,1,1,0.5003992915153503,0.5003992915153503,0.49960070848464966,0.5003992915153503,0,3,6,zero_shot_paired
9,8,0,11,60,1,0,0,0.5058488249778748,0.5058488249778748,0.5058488249778748,0.49415120482444763,0,3,6,zero_shot_paired
9,9,0,12,60,1,0,0,0.5045799016952515,0.5045799016952515,0.5045799016952515,0.49542009830474854,0,3,6,zero_shot_paired
9,10,0,13,60,1,0,0,0.5012480020523071,0.5012480020523071,0.5012480020523071,0.49875202775001526,0,3,6,zero_shot_paired
9,11,0,16,60,0,0,1,0.5001129508018494,0.5001129508018494,0.5001129508018494,0.49988698959350586,0,3,6,zero_shot_paired
9,0,0,0,60,1,1,1,0.5002691745758057,0.5002691745758057,0.49973082542419434,0.5002691745758057,0,3,6,post_calibration
9,1,0,2,60,1,1,1,0.5017976760864258,0.5017976760864258,0.4982023537158966,0.5017976760864258,0,3,6,post_calibration
9,2,0,3,60,1,0,0,0.5046772956848145,0.5046772956848145,0.5046772956848145,0.49532264471054077,0,3,6,post_calibration
9,3,0,4,60,1,0,0,0.5032208561897278,0.5032208561897278,0.5032208561897278,0.49677911400794983,0,3,6,post_calibration
9,4,0,7,60,0,0,1,0.506750762462616,0.506750762462616,0.506750762462616,0.49324920773506165,0,3,6,post_calibration
9,5,0,8,60,0,0,1,0.5006776452064514,0.5006776452064514,0.5006776452064514,0.4993223547935486,0,3,6,post_calibration
9,6,0,9,60,1,1,1,0.5000953674316406,0.5000953674316406,0.4999046325683594,0.5000953674316406,0,3,6,post_calibration
9,7,0,10,60,1,1,1,0.5008057355880737,0.5008057355880737,0.49919426441192627,0.5008057355880737,0,3,6,post_calibration
9,8,0,11,60,1,0,0,0.5057644844055176,0.5057644844055176,0.5057644844055176,0.4942355155944824,0,3,6,post_calibration
9,9,0,12,60,1,0,0,0.5044098496437073,0.5044098496437073,0.5044098496437073,0.4955901503562927,0,3,6,post_calibration
9,10,0,13,60,1,0,0,0.5007611513137817,0.5007611513137817,0.5007611513137817,0.4992388188838959,0,3,6,post_calibration
9,11,0,16,60,0,1,0,0.5007153153419495,0.5007153153419495,0.49928465485572815,0.5007153153419495,0,3,6,post_calibration
10,0,0,0,60,1,0,0,0.500103771686554,0.500103771686554,0.500103771686554,0.49989622831344604,0,1,9,zero_shot_paired
10,1,0,1,60,1,0,0,0.5013420581817627,0.5013420581817627,0.5013420581817627,0.4986579120159149,0,1,9,zero_shot_paired
10,2,0,3,60,1,0,0,0.5052793622016907,0.5052793622016907,0.5052793622016907,0.4947206377983093,0,1,9,zero_shot_paired
10,3,0,4,60,1,0,0,0.5039792656898499,0.5039792656898499,0.5039792656898499,0.49602073431015015,0,1,9,zero_shot_paired
10,4,0,5,60,0,0,1,0.5010689496994019,0.5010689496994019,0.5010689496994019,0.49893102049827576,0,1,9,zero_shot_paired
10,5,0,9,60,1,0,0,0.5002556443214417,0.5002556443214417,0.5002556443214417,0.49974435567855835,0,1,9,zero_shot_paired
10,6,0,10,60,1,1,1,0.5003992319107056,0.5003992319107056,0.49960073828697205,0.5003992319107056,0,1,9,zero_shot_paired
10,7,0,11,60,1,0,0,0.5058488249778748,0.5058488249778748,0.5058488249778748,0.49415120482444763,0,1,9,zero_shot_paired
10,8,0,16,60,0,0,1,0.5001128911972046,0.5001128911972046,0.5001128911972046,0.49988704919815063,0,1,9,zero_shot_paired
10,0,0,0,60,1,1,1,0.5004658699035645,0.5004658699035645,0.49953413009643555,0.5004658699035645,0,1,9,post_calibration
10,1,0,1,60,1,0,0,0.5003616213798523,0.5003616213798523,0.5003616213798523,0.49963831901550293,0,1,9,post_calibration
10,2,0,3,60,1,0,0,0.5050726532936096,0.5050726532936096,0.5050726532936096,0.49492740631103516,0,1,9,post_calibration
10,3,0,4,60,1,0,0,0.5038086771965027,0.5038086771965027,0.5038086771965027,0.4961913526058197,0,1,9,post_calibration
10,4,0,5,60,0,0,1,0.5000620484352112,0.5000620484352112,0.5000620484352112,0.4999379515647888,0,1,9,post_calibration
10,5,0,9,60,1,1,1,0.5003660917282104,0.5003660917282104,0.49963390827178955,0.5003660917282104,0,1,9,post_calibration
10,6,0,10,60,1,1,1,0.5008288621902466,0.5008288621902466,0.49917110800743103,0.5008288621902466,0,1,9,post_calibration
10,7,0,11,60,1,0,0,0.5052577257156372,0.5052577257156372,0.5052577257156372,0.4947423040866852,0,1,9,post_calibration
10,8,0,16,60,0,1,0,0.5012674331665039,0.5012674331665039,0.4987325966358185,0.5012674331665039,0,1,9,post_calibration
11,0,0,2,60,1,1,1,0.5010708570480347,0.5010708570480347,0.49892914295196533,0.5010708570480347,0,2,9,zero_shot_paired
11,1,0,6,60,1,1,1,0.5002034902572632,0.5002034902572632,0.4997965097427368,0.5002034902572632,0,2,9,zero_shot_paired
11,2,0,7,60,0,0,1,0.507093608379364,0.507093608379364,0.507093608379364,0.4929063618183136,0,2,9,zero_shot_paired
11,3,0,8,60,0,0,1,0.5012511014938354,0.5012511014938354,0.5012511014938354,0.49874889850616455,0,2,9,zero_shot_paired
11,4,0,12,60,1,0,0,0.5045799016952515,0.5045799016952515,0.5045799016952515,0.49542009830474854,0,2,9,zero_shot_paired
11,5,0,13,60,1,0,0,0.5012480020523071,0.5012480020523071,0.5012480020523071,0.49875202775001526,0,2,9,zero_shot_paired
11,6,0,14,60,0,0,1,0.5071011185646057,0.5071011185646057,0.5071011185646057,0.4928988814353943,0,2,9,zero_shot_paired
11,7,0,15,60,1,0,0,0.5024638175964355,0.5024638175964355,0.5024638175964355,0.49753621220588684,0,2,9,zero_shot_paired
11,8,0,17,60,1,1,1,0.5007473230361938,0.5007473230361938,0.4992527365684509,0.5007473230361938,0,2,9,zero_shot_paired
11,0,0,2,60,1,1,1,0.5026801228523254,0.5026801228523254,0.49731990694999695,0.5026801228523254,0,2,9,post_calibration
11,1,0,6,60,1,1,1,0.5015537142753601,0.5015537142753601,0.4984462559223175,0.5015537142753601,0,2,9,post_calibration
11,2,0,7,60,0,0,1,0.5057938694953918,0.5057938694953918,0.5057938694953918,0.49420610070228577,0,2,9,post_calibration
11,3,0,8,60,0,1,0,0.5007220506668091,0.5007220506668091,0.49927788972854614,0.5007220506668091,0,2,9,post_calibration
11,4,0,12,60,1,0,0,0.5027913451194763,0.5027913451194763,0.5027913451194763,0.4972086250782013,0,2,9,post_calibration
11,5,0,13,60,1,1,1,0.5003095865249634,0.5003095865249634,0.49969038367271423,0.5003095865249634,0,2,9,post_calibration
11,6,0,14,60,0,0,1,0.5055167078971863,0.5055167078971863,0.5055167078971863,0.49448326230049133,0,2,9,post_calibration
11,7,0,15,60,1,0,0,0.5012719631195068,0.5012719631195068,0.5012719631195068,0.49872806668281555,0,2,9,post_calibration
11,8,0,17,60,1,1,1,0.5018104314804077,0.5018104314804077,0.4981895685195923,0.5018104314804077,0,2,9,post_calibration
12,0,0,3,60,1,0,0,0.5052799582481384,0.5052799582481384,0.5052799582481384,0.49472007155418396,0,1,12,zero_shot_paired
12,1,0,4,60,1,0,0,0.503979504108429,0.503979504108429,0.503979504108429,0.49602046608924866,0,1,12,zero_shot_paired
12,2,0,9,60,1,0,0,0.500256359577179,0.500256359577179,0.500256359577179,0.49974367022514343,0,1,12,zero_shot_paired
12,3,0,10,60,1,1,1,0.5004008412361145,0.5004008412361145,0.4995991289615631,0.5004008412361145,0,1,12,zero_shot_paired
12,4,0,14,60,0,0,1,0.5071009993553162,0.5071009993553162,0.5071009993553162,0.49289900064468384,0,1,12,zero_shot_paired
12,5,0,16,60,0,0,1,0.5001126527786255,0.5001126527786255,0.5001126527786255,0.4998873174190521,0,1,12,zero_shot_paired
12,0,0,3,60,1,0,0,0.5043325424194336,0.5043325424194336,0.5043325424194336,0.49566739797592163,0,1,12,post_calibration
12,1,0,4,60,1,0,0,0.5032225251197815,0.5032225251197815,0.5032225251197815,0.4967775046825409,0,1,12,post_calibration
12,2,0,9,60,1,1,1,0.5007803440093994,0.5007803440093994,0.4992195963859558,0.5007803440093994,0,1,12,post_calibration
12,3,0,10,60,1,1,1,0.5007377862930298,0.5007377862930298,0.4992621839046478,0.5007377862930298,0,1,12,post_calibration
12,4,0,14,60,0,0,1,0.506152868270874,0.506152868270874,0.506152868270874,0.4938471019268036,0,1,12,post_calibration
12,5,0,16,60,0,1,0,0.5011907815933228,0.5011907815933228,0.49880915880203247,0.5011907815933228,0,1,12,post_calibration
13,0,0,0,60,1,0,0,0.5001062750816345,0.5001062750816345,0.5001062750816345,0.4998937249183655,0,2,12,zero_shot_paired
13,1,0,4,60,1,0,0,0.503979504108429,0.503979504108429,0.503979504108429,0.49602046608924866,0,2,12,zero_shot_paired
13,2,0,5,60,0,0,1,0.5010668635368347,0.5010668635368347,0.5010668635368347,0.49893316626548767,0,2,12,zero_shot_paired
13,3,0,12,60,1,0,0,0.504578709602356,0.504578709602356,0.504578709602356,0.49542132019996643,0,2,12,zero_shot_paired
13,4,0,14,60,0,0,1,0.5071009993553162,0.5071009993553162,0.5071009993553162,0.49289900064468384,0,2,12,zero_shot_paired
13,5,0,17,60,1,1,1,0.5007456541061401,0.5007456541061401,0.49925437569618225,0.5007456541061401,0,2,12,zero_shot_paired
13,0,0,0,60,1,1,1,0.5012670159339905,0.5012670159339905,0.4987330138683319,0.5012670159339905,0,2,12,post_calibration
13,1,0,4,60,1,0,0,0.5023549795150757,0.5023549795150757,0.5023549795150757,0.4976450502872467,0,2,12,post_calibration
13,2,0,5,60,0,0,1,0.5000306367874146,0.5000306367874146,0.5000306367874146,0.49996936321258545,0,2,12,post_calibration
13,3,0,12,60,1,0,0,0.503573477268219,0.503573477268219,0.503573477268219,0.4964264929294586,0,2,12,post_calibration
13,4,0,14,60,0,0,1,0.50608229637146,0.50608229637146,0.50608229637146,0.49391767382621765,0,2,12,post_calibration
13,5,0,17,60,1,1,1,0.5021687150001526,0.5021687150001526,0.4978313148021698,0.5021687150001526,0,2,12,post_calibration
14,0,0,1,60,1,0,0,0.5013428330421448,0.5013428330421448,0.5013428330421448,0.49865713715553284,0,3,12,zero_shot_paired
14,1,0,2,60,1,1,1,0.5010719299316406,0.5010719299316406,0.4989280700683594,0.5010719299316406,0,3,12,zero_shot_paired
14,2,0,7,60,0,0,1,0.5070938467979431,0.5070938467979431,0.5070938467979431,0.4929061233997345,0,3,12,zero_shot_paired
14,3,0,10,60,1,1,1,0.5004008412361145,0.5004008412361145,0.4995991289615631,0.5004008412361145,0,3,12,zero_shot_paired
14,4,0,11,60,1,0,0,0.5058491230010986,0.5058491230010986,0.5058491230010986,0.49415087699890137,0,3,12,zero_shot_paired
14,5,0,16,60,0,0,1,0.5001126527786255,0.5001126527786255,0.5001126527786255,0.4998873174190521,0,3,12,zero_shot_paired
14,0,0,1,60,1,0,0,0.5000315308570862,0.5000315308570862,0.5000315308570862,0.4999684691429138,0,3,12,post_calibration
14,1,0,2,60,1,1,1,0.5027493238449097,0.5027493238449097,0.4972507059574127,0.5027493238449097,0,3,12,post_calibration
14,2,0,7,60,0,0,1,0.505703330039978,0.505703330039978,0.505703330039978,0.49429669976234436,0,3,12,post_calibration
14,3,0,10,60,1,1,1,0.5014074444770813,0.5014074444770813,0.4985925257205963,0.5014074444770813,0,3,12,post_calibration
14,4,0,11,60,1,0,0,0.5041756629943848,0.5041756629943848,0.5041756629943848,0.49582433700561523,0,3,12,post_calibration
14,5,0,16,60,0,1,0,0.5017139315605164,0.5017139315605164,0.49828606843948364,0.5017139315605164,0,3,12,post_calibration
2,0,1,0,60,1,0,0,0.5033934712409973,0.5033934712409973,0.5033934712409973,0.4966065287590027,1,,,zero_shot_all_trials
2,1,1,1,60,0,0,1,0.5025017857551575,0.5025017857551575,0.5025017857551575,0.49749821424484253,1,,,zero_shot_all_trials
2,2,1,2,60,1,1,1,0.5026738047599792,0.5026738047599792,0.4973262548446655,0.5026738047599792,1,,,zero_shot_all_trials
2,3,1,3,60,0,0,1,0.5099154710769653,0.5099154710769653,0.5099154710769653,0.4900844991207123,1,,,zero_shot_all_trials
2,4,1,4,60,0,1,0,0.5019323825836182,0.5019323825836182,0.49806761741638184,0.5019323825836182,1,,,zero_shot_all_trials
2,5,1,5,60,0,1,0,0.5041565895080566,0.5041565895080566,0.49584341049194336,0.5041565895080566,1,,,zero_shot_all_trials
2,6,1,6,60,1,0,0,0.5012755990028381,0.5012755990028381,0.5012755990028381,0.4987243711948395,1,,,zero_shot_all_trials
2,7,1,7,60,0,0,1,0.5000806450843811,0.5000806450843811,0.5000806450843811,0.4999193847179413,1,,,zero_shot_all_trials
2,8,1,8,60,0,1,0,0.5046268105506897,0.5046268105506897,0.4953732192516327,0.5046268105506897,1,,,zero_shot_all_trials
2,9,1,9,60,0,1,0,0.502497136592865,0.502497136592865,0.4975028932094574,0.502497136592865,1,,,zero_shot_all_trials
2,10,1,10,60,1,1,1,0.5001720190048218,0.5001720190048218,0.49982795119285583,0.5001720190048218,1,,,zero_shot_all_trials
2,11,1,11,60,1,1,1,0.503296971321106,0.503296971321106,0.49670296907424927,0.503296971321106,1,,,zero_shot_all_trials
2,12,1,12,60,1,0,0,0.5002232193946838,0.5002232193946838,0.5002232193946838,0.49977678060531616,1,,,zero_shot_all_trials
2,13,1,13,60,0,0,1,0.5003446340560913,0.5003446340560913,0.5003446340560913,0.4996553361415863,1,,,zero_shot_all_trials
2,14,1,14,60,0,1,0,0.5007930397987366,0.5007930397987366,0.49920693039894104,0.5007930397987366,1,,,zero_shot_all_trials
2,15,1,15,60,0,1,0,0.5024073719978333,0.5024073719978333,0.4975926876068115,0.5024073719978333,1,,,zero_shot_all_trials
2,16,1,16,60,0,1,0,0.500064492225647,0.500064492225647,0.4999355375766754,0.500064492225647,1,,,zero_shot_all_trials
2,17,1,17,60,1,0,0,0.5010000467300415,0.5010000467300415,0.5010000467300415,0.4989999532699585,1,,,zero_shot_all_trials
15,0,1,0,60,1,0,0,0.5033933520317078,0.5033933520317078,0.5033933520317078,0.49660661816596985,1,1,3,zero_shot_paired
15,1,1,1,60,0,0,1,0.5025017857551575,0.5025017857551575,0.5025017857551575,0.49749821424484253,1,1,3,zero_shot_paired
15,2,1,2,60,1,1,1,0.5026733875274658,0.5026733875274658,0.4973266124725342,0.5026733875274658,1,1,3,zero_shot_paired
15,3,1,3,60,0,0,1,0.5099155306816101,0.5099155306816101,0.5099155306816101,0.4900844395160675,1,1,3,zero_shot_paired
15,4,1,4,60,0,1,0,0.5019323825836182,0.5019323825836182,0.49806758761405945,0.5019323825836182,1,1,3,zero_shot_paired
15,5,1,5,60,0,1,0,0.5041565895080566,0.5041565895080566,0.49584344029426575,0.5041565895080566,1,1,3,zero_shot_paired
15,6,1,6,60,1,0,0,0.5012755393981934,0.5012755393981934,0.5012755393981934,0.49872440099716187,1,1,3,zero_shot_paired
15,7,1,9,60,0,1,0,0.5024971961975098,0.5024971961975098,0.4975028336048126,0.5024971961975098,1,1,3,zero_shot_paired
15,8,1,11,60,1,1,1,0.5032970905303955,0.5032970905303955,0.4967029094696045,0.5032970905303955,1,1,3,zero_shot_paired
15,9,1,12,60,1,0,0,0.5002233386039734,0.5002233386039734,0.5002233386039734,0.499776691198349,1,1,3,zero_shot_paired
15,10,1,13,60,0,0,1,0.5003446340560913,0.5003446340560913,0.5003446340560913,0.4996553361415863,1,1,3,zero_shot_paired
15,11,1,14,60,0,1,0,0.5007930994033813,0.5007930994033813,0.49920690059661865,0.5007930994033813,1,1,3,zero_shot_paired
15,12,1,15,60,0,1,0,0.5024073123931885,0.5024073123931885,0.4975927174091339,0.5024073123931885,1,1,3,zero_shot_paired
15,13,1,16,60,0,1,0,0.500064492225647,0.500064492225647,0.4999355375766754,0.500064492225647,1,1,3,zero_shot_paired
15,14,1,17,60,1,0,0,0.5009999871253967,0.5009999871253967,0.5009999871253967,0.4989999532699585,1,1,3,zero_shot_paired
15,0,1,0,60,1,0,0,0.5033403635025024,0.5033403635025024,0.5033403635025024,0.49665960669517517,1,1,3,post_calibration
15,1,1,1,60,0,0,1,0.5027313232421875,0.5027313232421875,0.5027313232421875,0.4972686767578125,1,1,3,post_calibration
15,2,1,2,60,1,1,1,0.5029728412628174,0.5029728412628174,0.497027188539505,0.5029728412628174,1,1,3,post_calibration
15,3,1,3,60,0,0,1,0.510114848613739,0.510114848613739,0.510114848613739,0.4898851215839386,1,1,3,post_calibration
15,4,1,4,60,0,1,0,0.5020392537117004,0.5020392537117004,0.4979607164859772,0.5020392537117004,1,1,3,post_calibration
15,5,1,5,60,0,1,0,0.5042404532432556,0.5042404532432556,0.4957594871520996,0.5042404532432556,1,1,3,post_calibration
15,6,1,6,60,1,0,0,0.5017747282981873,0.5017747282981873,0.5017747282981873,0.49822524189949036,1,1,3,post_calibration
15,7,1,9,60,0,1,0,0.5027181506156921,0.5027181506156921,0.49728190898895264,0.5027181506156921,1,1,3,post_calibration
15,8,1,11,60,1,1,1,0.5033615231513977,0.5033615231513977,0.4966385066509247,0.5033615231513977,1,1,3,post_calibration
15,9,1,12,60,1,0,0,0.5003085136413574,0.5003085136413574,0.5003085136413574,0.4996914863586426,1,1,3,post_calibration
15,10,1,13,60,0,0,1,0.5003366470336914,0.5003366470336914,0.5003366470336914,0.4996633231639862,1,1,3,post_calibration
15,11,1,14,60,0,1,0,0.5006412863731384,0.5006412863731384,0.49935874342918396,0.5006412863731384,1,1,3,post_calibration
15,12,1,15,60,0,1,0,0.5023770928382874,0.5023770928382874,0.49762290716171265,0.5023770928382874,1,1,3,post_calibration
15,13,1,16,60,0,0,1,0.5001158714294434,0.5001158714294434,0.5001158714294434,0.49988412857055664,1,1,3,post_calibration
15,14,1,17,60,1,0,0,0.5011417269706726,0.5011417269706726,0.5011417269706726,0.4988582730293274,1,1,3,post_calibration
16,0,1,0,60,1,0,0,0.5033933520317078,0.5033933520317078,0.5033933520317078,0.49660661816596985,1,2,3,zero_shot_paired
16,1,1,1,60,0,0,1,0.5025017857551575,0.5025017857551575,0.5025017857551575,0.49749821424484253,1,2,3,zero_shot_paired
16,2,1,4,60,0,1,0,0.5019323825836182,0.5019323825836182,0.49806758761405945,0.5019323825836182,1,2,3,zero_shot_paired
16,3,1,6,60,1,0,0,0.5012755393981934,0.5012755393981934,0.5012755393981934,0.49872440099716187,1,2,3,zero_shot_paired
16,4,1,7,60,0,0,1,0.5000807642936707,0.5000807642936707,0.5000807642936707,0.49991926550865173,1,2,3,zero_shot_paired
16,5,1,8,60,0,1,0,0.5046268105506897,0.5046268105506897,0.4953731894493103,0.5046268105506897,1,2,3,zero_shot_paired
16,6,1,9,60,0,1,0,0.5024971961975098,0.5024971961975098,0.4975028336048126,0.5024971961975098,1,2,3,zero_shot_paired
16,7,1,10,60,1,1,1,0.5001720190048218,0.5001720190048218,0.4998279809951782,0.5001720190048218,1,2,3,zero_shot_paired
16,8,1,11,60,1,1,1,0.5032970905303955,0.5032970905303955,0.4967029094696045,0.5032970905303955,1,2,3,zero_shot_paired
16,9,1,12,60,1,0,0,0.5002233386039734,0.5002233386039734,0.5002233386039734,0.499776691198349,1,2,3,zero_shot_paired
16,10,1,13,60,0,0,1,0.5003446340560913,0.5003446340560913,0.5003446340560913,0.4996553361415863,1,2,3,zero_shot_paired
16,11,1,14,60,0,1,0,0.5007930994033813,0.5007930994033813,0.49920690059661865,0.5007930994033813,1,2,3,zero_shot_paired
16,12,1,15,60,0,1,0,0.5024073123931885,0.5024073123931885,0.4975927174091339,0.5024073123931885,1,2,3,zero_shot_paired
16,13,1,16,60,0,1,0,0.500064492225647,0.500064492225647,0.4999355375766754,0.500064492225647,1,2,3,zero_shot_paired
16,14,1,17,60,1,0,0,0.5009999871253967,0.5009999871253967,0.5009999871253967,0.4989999532699585,1,2,3,zero_shot_paired
16,0,1,0,60,1,0,0,0.5035792589187622,0.5035792589187622,0.5035792589187622,0.4964207112789154,1,2,3,post_calibration
16,1,1,1,60,0,0,1,0.5023022890090942,0.5023022890090942,0.5023022890090942,0.49769774079322815,1,2,3,post_calibration
16,2,1,4,60,0,1,0,0.5021812915802002,0.5021812915802002,0.4978186786174774,0.5021812915802002,1,2,3,post_calibration
16,3,1,6,60,1,0,0,0.5013570189476013,0.5013570189476013,0.5013570189476013,0.49864301085472107,1,2,3,post_calibration
16,4,1,7,60,0,0,1,0.5000044703483582,0.5000044703483582,0.5000044703483582,0.49999552965164185,1,2,3,post_calibration
16,5,1,8,60,0,1,0,0.50428307056427,0.50428307056427,0.49571692943573,0.50428307056427,1,2,3,post_calibration
16,6,1,9,60,0,1,0,0.5022408366203308,0.5022408366203308,0.4977591931819916,0.5022408366203308,1,2,3,post_calibration
16,7,1,10,60,1,0,0,0.5002025961875916,0.5002025961875916,0.5002025961875916,0.49979734420776367,1,2,3,post_calibration
16,8,1,11,60,1,1,1,0.5031402707099915,0.5031402707099915,0.49685975909233093,0.5031402707099915,1,2,3,post_calibration
16,9,1,12,60,1,0,0,0.5001126527786255,0.5001126527786255,0.5001126527786255,0.4998873174190521,1,2,3,post_calibration
16,10,1,13,60,0,0,1,0.5005607604980469,0.5005607604980469,0.5005607604980469,0.4994392395019531,1,2,3,post_calibration
16,11,1,14,60,0,1,0,0.5006837844848633,0.5006837844848633,0.4993162751197815,0.5006837844848633,1,2,3,post_calibration
16,12,1,15,60,0,1,0,0.5019730925559998,0.5019730925559998,0.49802690744400024,0.5019730925559998,1,2,3,post_calibration
16,13,1,16,60,0,1,0,0.500434398651123,0.500434398651123,0.49956560134887695,0.500434398651123,1,2,3,post_calibration
16,14,1,17,60,1,0,0,0.5011799335479736,0.5011799335479736,0.5011799335479736,0.49882006645202637,1,2,3,post_calibration
17,0,1,0,60,1,0,0,0.5033933520317078,0.5033933520317078,0.5033933520317078,0.49660661816596985,1,3,3,zero_shot_paired
17,1,1,2,60,1,1,1,0.5026733875274658,0.5026733875274658,0.4973266124725342,0.5026733875274658,1,3,3,zero_shot_paired
17,2,1,3,60,0,0,1,0.5099155306816101,0.5099155306816101,0.5099155306816101,0.4900844395160675,1,3,3,zero_shot_paired
17,3,1,4,60,0,1,0,0.5019323825836182,0.5019323825836182,0.49806758761405945,0.5019323825836182,1,3,3,zero_shot_paired
17,4,1,5,60,0,1,0,0.5041565895080566,0.5041565895080566,0.49584344029426575,0.5041565895080566,1,3,3,zero_shot_paired
17,5,1,6,60,1,0,0,0.5012755393981934,0.5012755393981934,0.5012755393981934,0.49872440099716187,1,3,3,zero_shot_paired
17,6,1,7,60,0,0,1,0.5000807642936707,0.5000807642936707,0.5000807642936707,0.49991926550865173,1,3,3,zero_shot_paired
17,7,1,8,60,0,1,0,0.5046268105506897,0.5046268105506897,0.4953731894493103,0.5046268105506897,1,3,3,zero_shot_paired
17,8,1,9,60,0,1,0,0.5024971961975098,0.5024971961975098,0.4975028336048126,0.5024971961975098,1,3,3,zero_shot_paired
17,9,1,10,60,1,1,1,0.5001720190048218,0.5001720190048218,0.4998279809951782,0.5001720190048218,1,3,3,zero_shot_paired
17,10,1,13,60,0,0,1,0.5003446340560913,0.5003446340560913,0.5003446340560913,0.4996553361415863,1,3,3,zero_shot_paired
17,11,1,14,60,0,1,0,0.5007930994033813,0.5007930994033813,0.49920690059661865,0.5007930994033813,1,3,3,zero_shot_paired
17,12,1,15,60,0,1,0,0.5024073123931885,0.5024073123931885,0.4975927174091339,0.5024073123931885,1,3,3,zero_shot_paired
17,13,1,16,60,0,1,0,0.500064492225647,0.500064492225647,0.4999355375766754,0.500064492225647,1,3,3,zero_shot_paired
17,14,1,17,60,1,0,0,0.5009999871253967,0.5009999871253967,0.5009999871253967,0.4989999532699585,1,3,3,zero_shot_paired
17,0,1,0,60,1,0,0,0.5030110478401184,0.5030110478401184,0.5030110478401184,0.4969888925552368,1,3,3,post_calibration
17,1,1,2,60,1,1,1,0.5026316046714783,0.5026316046714783,0.49736839532852173,0.5026316046714783,1,3,3,post_calibration
17,2,1,3,60,0,0,1,0.509368360042572,0.509368360042572,0.509368360042572,0.4906316101551056,1,3,3,post_calibration
17,3,1,4,60,0,1,0,0.5017963647842407,0.5017963647842407,0.4982036054134369,0.5017963647842407,1,3,3,post_calibration
17,4,1,5,60,0,1,0,0.5040185451507568,0.5040185451507568,0.49598145484924316,0.5040185451507568,1,3,3,post_calibration
17,5,1,6,60,1,0,0,0.5012079477310181,0.5012079477310181,0.5012079477310181,0.49879205226898193,1,3,3,post_calibration
17,6,1,7,60,0,0,1,0.5001071691513062,0.5001071691513062,0.5001071691513062,0.49989283084869385,1,3,3,post_calibration
17,7,1,8,60,0,1,0,0.5043148398399353,0.5043148398399353,0.4956851303577423,0.5043148398399353,1,3,3,post_calibration
17,8,1,9,60,0,1,0,0.5021551847457886,0.5021551847457886,0.4978448152542114,0.5021551847457886,1,3,3,post_calibration
17,9,1,10,60,1,0,0,0.5000569820404053,0.5000569820404053,0.5000569820404053,0.4999430477619171,1,3,3,post_calibration
17,10,1,13,60,0,0,1,0.5004578232765198,0.5004578232765198,0.5004578232765198,0.4995421767234802,1,3,3,post_calibration
17,11,1,14,60,0,1,0,0.5011003017425537,0.5011003017425537,0.4988996982574463,0.5011003017425537,1,3,3,post_calibration
17,12,1,15,60,0,1,0,0.5023883581161499,0.5023883581161499,0.4976116418838501,0.5023883581161499,1,3,3,post_calibration
17,13,1,16,60,0,1,0,0.5001563429832458,0.5001563429832458,0.49984362721443176,0.5001563429832458,1,3,3,post_calibration
17,14,1,17,60,1,0,0,0.5007965564727783,0.5007965564727783,0.5007965564727783,0.4992034435272217,1,3,3,post_calibration
18,0,1,0,60,1,0,0,0.5033933520317078,0.5033933520317078,0.5033933520317078,0.49660661816596985,1,4,3,zero_shot_paired
18,1,1,1,60,0,0,1,0.5025017857551575,0.5025017857551575,0.5025017857551575,0.49749821424484253,1,4,3,zero_shot_paired
18,2,1,2,60,1,1,1,0.5026733875274658,0.5026733875274658,0.4973266124725342,0.5026733875274658,1,4,3,zero_shot_paired
18,3,1,3,60,0,0,1,0.5099155306816101,0.5099155306816101,0.5099155306816101,0.4900844395160675,1,4,3,zero_shot_paired
18,4,1,4,60,0,1,0,0.5019323825836182,0.5019323825836182,0.49806758761405945,0.5019323825836182,1,4,3,zero_shot_paired
18,5,1,5,60,0,1,0,0.5041565895080566,0.5041565895080566,0.49584344029426575,0.5041565895080566,1,4,3,zero_shot_paired
18,6,1,6,60,1,0,0,0.5012755393981934,0.5012755393981934,0.5012755393981934,0.49872440099716187,1,4,3,zero_shot_paired
18,7,1,7,60,0,0,1,0.5000807642936707,0.5000807642936707,0.5000807642936707,0.49991926550865173,1,4,3,zero_shot_paired
18,8,1,8,60,0,1,0,0.5046268105506897,0.5046268105506897,0.4953731894493103,0.5046268105506897,1,4,3,zero_shot_paired
18,9,1,10,60,1,1,1,0.5001720190048218,0.5001720190048218,0.4998279809951782,0.5001720190048218,1,4,3,zero_shot_paired
18,10,1,11,60,1,1,1,0.5032970905303955,0.5032970905303955,0.4967029094696045,0.5032970905303955,1,4,3,zero_shot_paired
18,11,1,12,60,1,0,0,0.5002233386039734,0.5002233386039734,0.5002233386039734,0.499776691198349,1,4,3,zero_shot_paired
18,12,1,13,60,0,0,1,0.5003446340560913,0.5003446340560913,0.5003446340560913,0.4996553361415863,1,4,3,zero_shot_paired
18,13,1,14,60,0,1,0,0.5007930994033813,0.5007930994033813,0.49920690059661865,0.5007930994033813,1,4,3,zero_shot_paired
18,14,1,16,60,0,1,0,0.500064492225647,0.500064492225647,0.4999355375766754,0.500064492225647,1,4,3,zero_shot_paired
18,0,1,0,60,1,0,0,0.5036808848381042,0.5036808848381042,0.5036808848381042,0.496319055557251,1,4,3,post_calibration
18,1,1,1,60,0,0,1,0.5027910470962524,0.5027910470962524,0.5027910470962524,0.49720898270606995,1,4,3,post_calibration
18,2,1,2,60,1,1,1,0.502036988735199,0.502036988735199,0.4979630410671234,0.502036988735199,1,4,3,post_calibration
18,3,1,3,60,0,0,1,0.5101747512817383,0.5101747512817383,0.5101747512817383,0.48982518911361694,1,4,3,post_calibration
18,4,1,4,60,0,1,0,0.5017335414886475,0.5017335414886475,0.49826639890670776,0.5017335414886475,1,4,3,post_calibration
18,5,1,5,60,0,1,0,0.5036318302154541,0.5036318302154541,0.4963681399822235,0.5036318302154541,1,4,3,post_calibration
18,6,1,6,60,1,0,0,0.5016191005706787,0.5016191005706787,0.5016191005706787,0.4983809292316437,1,4,3,post_calibration
18,7,1,7,60,0,0,1,0.500355064868927,0.500355064868927,0.500355064868927,0.499644935131073,1,4,3,post_calibration
18,8,1,8,60,0,1,0,0.5042133927345276,0.5042133927345276,0.4957866072654724,0.5042133927345276,1,4,3,post_calibration
18,9,1,10,60,1,0,0,0.5004593133926392,0.5004593133926392,0.5004593133926392,0.49954068660736084,1,4,3,post_calibration
18,10,1,11,60,1,1,1,0.5027068257331848,0.5027068257331848,0.4972931742668152,0.5027068257331848,1,4,3,post_calibration
18,11,1,12,60,1,0,0,0.500429630279541,0.500429630279541,0.500429630279541,0.49957039952278137,1,4,3,post_calibration
18,12,1,13,60,0,0,1,0.5007567405700684,0.5007567405700684,0.5007567405700684,0.49924322962760925,1,4,3,post_calibration
18,13,1,14,60,0,1,0,0.5008143186569214,0.5008143186569214,0.4991856813430786,0.5008143186569214,1,4,3,post_calibration
18,14,1,16,60,0,0,1,0.5002228617668152,0.5002228617668152,0.5002228617668152,0.4997771382331848,1,4,3,post_calibration
19,0,1,0,60,1,0,0,0.5033933520317078,0.5033933520317078,0.5033933520317078,0.49660661816596985,1,5,3,zero_shot_paired
19,1,1,1,60,0,0,1,0.5025017857551575,0.5025017857551575,0.5025017857551575,0.49749821424484253,1,5,3,zero_shot_paired
19,2,1,2,60,1,1,1,0.5026733875274658,0.5026733875274658,0.4973266124725342,0.5026733875274658,1,5,3,zero_shot_paired
19,3,1,3,60,0,0,1,0.5099155306816101,0.5099155306816101,0.5099155306816101,0.4900844395160675,1,5,3,zero_shot_paired
19,4,1,4,60,0,1,0,0.5019323825836182,0.5019323825836182,0.49806758761405945,0.5019323825836182,1,5,3,zero_shot_paired
19,5,1,5,60,0,1,0,0.5041565895080566,0.5041565895080566,0.49584344029426575,0.5041565895080566,1,5,3,zero_shot_paired
19,6,1,7,60,0,0,1,0.5000807642936707,0.5000807642936707,0.5000807642936707,0.49991926550865173,1,5,3,zero_shot_paired
19,7,1,8,60,0,1,0,0.5046268105506897,0.5046268105506897,0.4953731894493103,0.5046268105506897,1,5,3,zero_shot_paired
19,8,1,9,60,0,1,0,0.5024971961975098,0.5024971961975098,0.4975028336048126,0.5024971961975098,1,5,3,zero_shot_paired
19,9,1,10,60,1,1,1,0.5001720190048218,0.5001720190048218,0.4998279809951782,0.5001720190048218,1,5,3,zero_shot_paired
19,10,1,11,60,1,1,1,0.5032970905303955,0.5032970905303955,0.4967029094696045,0.5032970905303955,1,5,3,zero_shot_paired
19,11,1,12,60,1,0,0,0.5002233386039734,0.5002233386039734,0.5002233386039734,0.499776691198349,1,5,3,zero_shot_paired
19,12,1,13,60,0,0,1,0.5003446340560913,0.5003446340560913,0.5003446340560913,0.4996553361415863,1,5,3,zero_shot_paired
19,13,1,15,60,0,1,0,0.5024073123931885,0.5024073123931885,0.4975927174091339,0.5024073123931885,1,5,3,zero_shot_paired
19,14,1,17,60,1,0,0,0.5009999871253967,0.5009999871253967,0.5009999871253967,0.4989999532699585,1,5,3,zero_shot_paired
19,0,1,0,60,1,0,0,0.5033297538757324,0.5033297538757324,0.5033297538757324,0.49667027592658997,1,5,3,post_calibration
19,1,1,1,60,0,0,1,0.5032082796096802,0.5032082796096802,0.5032082796096802,0.49679169058799744,1,5,3,post_calibration
19,2,1,2,60,1,1,1,0.5025165677070618,0.5025165677070618,0.49748343229293823,0.5025165677070618,1,5,3,post_calibration
19,3,1,3,60,0,0,1,0.5101297497749329,0.5101297497749329,0.5101297497749329,0.48987025022506714,1,5,3,post_calibration
19,4,1,4,60,0,1,0,0.5018689036369324,0.5018689036369324,0.4981310963630676,0.5018689036369324,1,5,3,post_calibration
19,5,1,5,60,0,1,0,0.5039084553718567,0.5039084553718567,0.4960915744304657,0.5039084553718567,1,5,3,post_calibration
19,6,1,7,60,0,0,1,0.5004759430885315,0.5004759430885315,0.5004759430885315,0.4995241165161133,1,5,3,post_calibration
19,7,1,8,60,0,1,0,0.5044052004814148,0.5044052004814148,0.4955947995185852,0.5044052004814148,1,5,3,post_calibration
19,8,1,9,60,0,1,0,0.5021589398384094,0.5021589398384094,0.4978410601615906,0.5021589398384094,1,5,3,post_calibration
19,9,1,10,60,1,1,1,0.5000531673431396,0.5000531673431396,0.49994686245918274,0.5000531673431396,1,5,3,post_calibration
19,10,1,11,60,1,1,1,0.5031953454017639,0.5031953454017639,0.4968046545982361,0.5031953454017639,1,5,3,post_calibration
19,11,1,12,60,1,0,0,0.50076824426651,0.50076824426651,0.50076824426651,0.49923175573349,1,5,3,post_calibration
19,12,1,13,60,0,0,1,0.500450074672699,0.500450074672699,0.500450074672699,0.49954989552497864,1,5,3,post_calibration
19,13,1,15,60,0,1,0,0.5021345019340515,0.5021345019340515,0.4978654682636261,0.5021345019340515,1,5,3,post_calibration
19,14,1,17,60,1,0,0,0.5013174414634705,0.5013174414634705,0.5013174414634705,0.49868258833885193,1,5,3,post_calibration
20,0,1,1,60,0,0,1,0.5025017857551575,0.5025017857551575,0.5025017857551575,0.49749821424484253,1,6,3,zero_shot_paired
20,1,1,2,60,1,1,1,0.5026733875274658,0.5026733875274658,0.4973266124725342,0.5026733875274658,1,6,3,zero_shot_paired
20,2,1,3,60,0,0,1,0.5099155306816101,0.5099155306816101,0.5099155306816101,0.4900844395160675,1,6,3,zero_shot_paired
20,3,1,5,60,0,1,0,0.5041565895080566,0.5041565895080566,0.49584344029426575,0.5041565895080566,1,6,3,zero_shot_paired
20,4,1,6,60,1,0,0,0.5012755393981934,0.5012755393981934,0.5012755393981934,0.49872440099716187,1,6,3,zero_shot_paired
20,5,1,7,60,0,0,1,0.5000807642936707,0.5000807642936707,0.5000807642936707,0.49991926550865173,1,6,3,zero_shot_paired
20,6,1,8,60,0,1,0,0.5046268105506897,0.5046268105506897,0.4953731894493103,0.5046268105506897,1,6,3,zero_shot_paired
20,7,1,9,60,0,1,0,0.5024971961975098,0.5024971961975098,0.4975028336048126,0.5024971961975098,1,6,3,zero_shot_paired
20,8,1,10,60,1,1,1,0.5001720190048218,0.5001720190048218,0.4998279809951782,0.5001720190048218,1,6,3,zero_shot_paired
20,9,1,11,60,1,1,1,0.5032970905303955,0.5032970905303955,0.4967029094696045,0.5032970905303955,1,6,3,zero_shot_paired
20,10,1,12,60,1,0,0,0.5002233386039734,0.5002233386039734,0.5002233386039734,0.499776691198349,1,6,3,zero_shot_paired
20,11,1,14,60,0,1,0,0.5007930994033813,0.5007930994033813,0.49920690059661865,0.5007930994033813,1,6,3,zero_shot_paired
20,12,1,15,60,0,1,0,0.5024073123931885,0.5024073123931885,0.4975927174091339,0.5024073123931885,1,6,3,zero_shot_paired
20,13,1,16,60,0,1,0,0.500064492225647,0.500064492225647,0.4999355375766754,0.500064492225647,1,6,3,zero_shot_paired
20,14,1,17,60,1,0,0,0.5009999871253967,0.5009999871253967,0.5009999871253967,0.4989999532699585,1,6,3,zero_shot_paired
20,0,1,1,60,0,0,1,0.5026946663856506,0.5026946663856506,0.5026946663856506,0.49730533361434937,1,6,3,post_calibration
20,1,1,2,60,1,1,1,0.5018399953842163,0.5018399953842163,0.4981599748134613,0.5018399953842163,1,6,3,post_calibration
20,2,1,3,60,0,0,1,0.5097872018814087,0.5097872018814087,0.5097872018814087,0.49021273851394653,1,6,3,post_calibration
20,3,1,5,60,0,1,0,0.5037776231765747,0.5037776231765747,0.4962224066257477,0.5037776231765747,1,6,3,post_calibration
20,4,1,6,60,1,0,0,0.5013949871063232,0.5013949871063232,0.5013949871063232,0.49860504269599915,1,6,3,post_calibration
20,5,1,7,60,0,0,1,0.5009243488311768,0.5009243488311768,0.5009243488311768,0.49907565116882324,1,6,3,post_calibration
20,6,1,8,60,0,1,0,0.504511833190918,0.504511833190918,0.4954881966114044,0.504511833190918,1,6,3,post_calibration
20,7,1,9,60,0,1,0,0.5020641088485718,0.5020641088485718,0.4979358911514282,0.5020641088485718,1,6,3,post_calibration
20,8,1,10,60,1,0,0,0.5004972219467163,0.5004972219467163,0.5004972219467163,0.4995027482509613,1,6,3,post_calibration
20,9,1,11,60,1,1,1,0.5032110810279846,0.5032110810279846,0.496788889169693,0.5032110810279846,1,6,3,post_calibration
20,10,1,12,60,1,0,0,0.5001475214958191,0.5001475214958191,0.5001475214958191,0.4998524785041809,1,6,3,post_calibration
20,11,1,14,60,0,1,0,0.5004156231880188,0.5004156231880188,0.4995844066143036,0.5004156231880188,1,6,3,post_calibration
20,12,1,15,60,0,1,0,0.5020960569381714,0.5020960569381714,0.4979039430618286,0.5020960569381714,1,6,3,post_calibration
20,13,1,16,60,0,0,1,0.500304102897644,0.500304102897644,0.500304102897644,0.49969589710235596,1,6,3,post_calibration
20,14,1,17,60,1,0,0,0.5014053583145142,0.5014053583145142,0.5014053583145142,0.4985946714878082,1,6,3,post_calibration
21,0,1,0,60,1,0,0,0.5033933520317078,0.5033933520317078,0.5033933520317078,0.49660661816596985,1,1,6,zero_shot_paired
21,1,1,1,60,0,0,1,0.5025017857551575,0.5025017857551575,0.5025017857551575,0.49749821424484253,1,1,6,zero_shot_paired
21,2,1,4,60,0,1,0,0.5019323825836182,0.5019323825836182,0.49806758761405945,0.5019323825836182,1,1,6,zero_shot_paired
21,3,1,6,60,1,0,0,0.5012755393981934,0.5012755393981934,0.5012755393981934,0.49872440099716187,1,1,6,zero_shot_paired
21,4,1,7,60,0,0,1,0.5000807642936707,0.5000807642936707,0.5000807642936707,0.49991926550865173,1,1,6,zero_shot_paired
21,5,1,9,60,0,1,0,0.5024971961975098,0.5024971961975098,0.4975028336048126,0.5024971961975098,1,1,6,zero_shot_paired
21,6,1,10,60,1,1,1,0.5001720190048218,0.5001720190048218,0.4998279809951782,0.5001720190048218,1,1,6,zero_shot_paired
21,7,1,11,60,1,1,1,0.5032970905303955,0.5032970905303955,0.4967029094696045,0.5032970905303955,1,1,6,zero_shot_paired
21,8,1,12,60,1,0,0,0.5002233386039734,0.5002233386039734,0.5002233386039734,0.499776691198349,1,1,6,zero_shot_paired
21,9,1,14,60,0,1,0,0.5007930994033813,0.5007930994033813,0.49920690059661865,0.5007930994033813,1,1,6,zero_shot_paired
21,10,1,15,60,0,1,0,0.5024073123931885,0.5024073123931885,0.4975927174091339,0.5024073123931885,1,1,6,zero_shot_paired
21,11,1,16,60,0,1,0,0.500064492225647,0.500064492225647,0.4999355375766754,0.500064492225647,1,1,6,zero_shot_paired
21,0,1,0,60,1,0,0,0.5042746067047119,0.5042746067047119,0.5042746067047119,0.4957253932952881,1,1,6,post_calibration
21,1,1,1,60,0,0,1,0.5028735399246216,0.5028735399246216,0.5028735399246216,0.4971264600753784,1,1,6,post_calibration
21,2,1,4,60,0,1,0,0.5017356872558594,0.5017356872558594,0.4982643127441406,0.5017356872558594,1,1,6,post_calibration
21,3,1,6,60,1,0,0,0.5016728043556213,0.5016728043556213,0.5016728043556213,0.49832719564437866,1,1,6,post_calibration
21,4,1,7,60,0,0,1,0.5002111196517944,0.5002111196517944,0.5002111196517944,0.4997888505458832,1,1,6,post_calibration
21,5,1,9,60,0,1,0,0.5016003847122192,0.5016003847122192,0.49839961528778076,0.5016003847122192,1,1,6,post_calibration
21,6,1,10,60,1,0,0,0.5003740191459656,0.5003740191459656,0.5003740191459656,0.4996260106563568,1,1,6,post_calibration
21,7,1,11,60,1,1,1,0.5024285912513733,0.5024285912513733,0.4975713789463043,0.5024285912513733,1,1,6,post_calibration
21,8,1,12,60,1,0,0,0.5006334185600281,0.5006334185600281,0.5006334185600281,0.4993665814399719,1,1,6,post_calibration
21,9,1,14,60,0,1,0,0.5007407069206238,0.5007407069206238,0.4992592930793762,0.5007407069206238,1,1,6,post_calibration
21,10,1,15,60,0,1,0,0.502011775970459,0.502011775970459,0.497988224029541,0.502011775970459,1,1,6,post_calibration
21,11,1,16,60,0,0,1,0.5000682473182678,0.5000682473182678,0.5000682473182678,0.4999317526817322,1,1,6,post_calibration
22,0,1,0,60,1,0,0,0.5033933520317078,0.5033933520317078,0.5033933520317078,0.49660661816596985,1,2,6,zero_shot_paired
22,1,1,1,60,0,0,1,0.5025017857551575,0.5025017857551575,0.5025017857551575,0.49749821424484253,1,2,6,zero_shot_paired
22,2,1,2,60,1,1,1,0.5026733875274658,0.5026733875274658,0.4973266124725342,0.5026733875274658,1,2,6,zero_shot_paired
22,3,1,3,60,0,0,1,0.5099155306816101,0.5099155306816101,0.5099155306816101,0.4900844395160675,1,2,6,zero_shot_paired
22,4,1,5,60,0,1,0,0.5041565895080566,0.5041565895080566,0.49584344029426575,0.5041565895080566,1,2,6,zero_shot_paired
22,5,1,8,60,0,1,0,0.5046268105506897,0.5046268105506897,0.4953731894493103,0.5046268105506897,1,2,6,zero_shot_paired
22,6,1,9,60,0,1,0,0.5024971961975098,0.5024971961975098,0.4975028336048126,0.5024971961975098,1,2,6,zero_shot_paired
22,7,1,10,60,1,1,1,0.5001720190048218,0.5001720190048218,0.4998279809951782,0.5001720190048218,1,2,6,zero_shot_paired
22,8,1,12,60,1,0,0,0.5002233386039734,0.5002233386039734,0.5002233386039734,0.499776691198349,1,2,6,zero_shot_paired
22,9,1,13,60,0,0,1,0.5003446340560913,0.5003446340560913,0.5003446340560913,0.4996553361415863,1,2,6,zero_shot_paired
22,10,1,15,60,0,1,0,0.5024073123931885,0.5024073123931885,0.4975927174091339,0.5024073123931885,1,2,6,zero_shot_paired
22,11,1,17,60,1,0,0,0.5009999871253967,0.5009999871253967,0.5009999871253967,0.4989999532699585,1,2,6,zero_shot_paired
22,0,1,0,60,1,0,0,0.5036017894744873,0.5036017894744873,0.5036017894744873,0.4963981807231903,1,2,6,post_calibration
22,1,1,1,60,0,0,1,0.5025374293327332,0.5025374293327332,0.5025374293327332,0.49746254086494446,1,2,6,post_calibration
22,2,1,2,60,1,1,1,0.5022154450416565,0.5022154450416565,0.4977845847606659,0.5022154450416565,1,2,6,post_calibration
22,3,1,3,60,0,0,1,0.5103124380111694,0.5103124380111694,0.5103124380111694,0.48968756198883057,1,2,6,post_calibration
22,4,1,5,60,0,1,0,0.5040302872657776,0.5040302872657776,0.4959697127342224,0.5040302872657776,1,2,6,post_calibration
22,5,1,8,60,0,1,0,0.5046147108078003,0.5046147108078003,0.4953853189945221,0.5046147108078003,1,2,6,post_calibration
22,6,1,9,60,0,1,0,0.5029401779174805,0.5029401779174805,0.49705982208251953,0.5029401779174805,1,2,6,post_calibration
22,7,1,10,60,1,0,0,0.5000813007354736,0.5000813007354736,0.5000813007354736,0.49991872906684875,1,2,6,post_calibration
22,8,1,12,60,1,0,0,0.5006937384605408,0.5006937384605408,0.5006937384605408,0.4993062913417816,1,2,6,post_calibration
22,9,1,13,60,0,0,1,0.5004650950431824,0.5004650950431824,0.5004650950431824,0.4995349049568176,1,2,6,post_calibration
22,10,1,15,60,0,1,0,0.5023890733718872,0.5023890733718872,0.49761098623275757,0.5023890733718872,1,2,6,post_calibration
22,11,1,17,60,1,0,0,0.501157820224762,0.501157820224762,0.501157820224762,0.49884217977523804,1,2,6,post_calibration
23,0,1,2,60,1,1,1,0.5026733875274658,0.5026733875274658,0.4973266124725342,0.5026733875274658,1,3,6,zero_shot_paired
23,1,1,3,60,0,0,1,0.5099155306816101,0.5099155306816101,0.5099155306816101,0.4900844395160675,1,3,6,zero_shot_paired
23,2,1,4,60,0,1,0,0.5019323825836182,0.5019323825836182,0.49806758761405945,0.5019323825836182,1,3,6,zero_shot_paired
23,3,1,5,60,0,1,0,0.5041565895080566,0.5041565895080566,0.49584344029426575,0.5041565895080566,1,3,6,zero_shot_paired
23,4,1,6,60,1,0,0,0.5012755393981934,0.5012755393981934,0.5012755393981934,0.49872440099716187,1,3,6,zero_shot_paired
23,5,1,7,60,0,0,1,0.5000807642936707,0.5000807642936707,0.5000807642936707,0.49991926550865173,1,3,6,zero_shot_paired
23,6,1,8,60,0,1,0,0.5046268105506897,0.5046268105506897,0.4953731894493103,0.5046268105506897,1,3,6,zero_shot_paired
23,7,1,11,60,1,1,1,0.5032970905303955,0.5032970905303955,0.4967029094696045,0.5032970905303955,1,3,6,zero_shot_paired
23,8,1,13,60,0,0,1,0.5003446340560913,0.5003446340560913,0.5003446340560913,0.4996553361415863,1,3,6,zero_shot_paired
23,9,1,14,60,0,1,0,0.5007930994033813,0.5007930994033813,0.49920690059661865,0.5007930994033813,1,3,6,zero_shot_paired
23,10,1,16,60,0,1,0,0.500064492225647,0.500064492225647,0.4999355375766754,0.500064492225647,1,3,6,zero_shot_paired
23,11,1,17,60,1,0,0,0.5009999871253967,0.5009999871253967,0.5009999871253967,0.4989999532699585,1,3,6,zero_shot_paired
23,0,1,2,60,1,1,1,0.5027251839637756,0.5027251839637756,0.49727481603622437,0.5027251839637756,1,3,6,post_calibration
23,1,1,3,60,0,0,1,0.5099783539772034,0.5099783539772034,0.5099783539772034,0.49002164602279663,1,3,6,post_calibration
23,2,1,4,60,0,1,0,0.5017086863517761,0.5017086863517761,0.49829137325286865,0.5017086863517761,1,3,6,post_calibration
23,3,1,5,60,0,1,0,0.5041911602020264,0.5041911602020264,0.49580883979797363,0.5041911602020264,1,3,6,post_calibration
23,4,1,6,60,1,0,0,0.5015115737915039,0.5015115737915039,0.5015115737915039,0.4984883964061737,1,3,6,post_calibration
23,5,1,7,60,0,0,1,0.5003348588943481,0.5003348588943481,0.5003348588943481,0.49966511130332947,1,3,6,post_calibration
23,6,1,8,60,0,1,0,0.5046126842498779,0.5046126842498779,0.4953872859477997,0.5046126842498779,1,3,6,post_calibration
23,7,1,11,60,1,1,1,0.5031896233558655,0.5031896233558655,0.4968104064464569,0.5031896233558655,1,3,6,post_calibration
23,8,1,13,60,0,0,1,0.500586211681366,0.500586211681366,0.500586211681366,0.49941378831863403,1,3,6,post_calibration
23,9,1,14,60,0,1,0,0.5008768439292908,0.5008768439292908,0.49912312626838684,0.5008768439292908,1,3,6,post_calibration
23,10,1,16,60,0,0,1,0.5003322958946228,0.5003322958946228,0.5003322958946228,0.4996677339076996,1,3,6,post_calibration
23,11,1,17,60,1,0,0,0.5013376474380493,0.5013376474380493,0.5013376474380493,0.4986623227596283,1,3,6,post_calibration
24,0,1,0,60,1,0,0,0.5033934712409973,0.5033934712409973,0.5033934712409973,0.4966065287590027,1,1,9,zero_shot_paired
24,1,1,1,60,0,0,1,0.5025017857551575,0.5025017857551575,0.5025017857551575,0.49749818444252014,1,1,9,zero_shot_paired
24,2,1,2,60,1,1,1,0.502673864364624,0.502673864364624,0.49732616543769836,0.502673864364624,1,1,9,zero_shot_paired
24,3,1,3,60,0,0,1,0.5099153518676758,0.5099153518676758,0.5099153518676758,0.4900846481323242,1,1,9,zero_shot_paired
24,4,1,4,60,0,1,0,0.5019323825836182,0.5019323825836182,0.49806761741638184,0.5019323825836182,1,1,9,zero_shot_paired
24,5,1,10,60,1,1,1,0.5001720786094666,0.5001720786094666,0.49982789158821106,0.5001720786094666,1,1,9,zero_shot_paired
24,6,1,13,60,0,0,1,0.5003445744514465,0.5003445744514465,0.5003445744514465,0.4996553957462311,1,1,9,zero_shot_paired
24,7,1,14,60,0,1,0,0.5007930397987366,0.5007930397987366,0.49920693039894104,0.5007930397987366,1,1,9,zero_shot_paired
24,8,1,15,60,0,1,0,0.5024073123931885,0.5024073123931885,0.4975927174091339,0.5024073123931885,1,1,9,zero_shot_paired
24,0,1,0,60,1,0,0,0.5035893321037292,0.5035893321037292,0.5035893321037292,0.49641066789627075,1,1,9,post_calibration
24,1,1,1,60,0,0,1,0.5028294920921326,0.5028294920921326,0.5028294920921326,0.49717050790786743,1,1,9,post_calibration
24,2,1,2,60,1,1,1,0.5019350051879883,0.5019350051879883,0.49806496500968933,0.5019350051879883,1,1,9,post_calibration
24,3,1,3,60,0,0,1,0.5098946690559387,0.5098946690559387,0.5098946690559387,0.4901053309440613,1,1,9,post_calibration
24,4,1,4,60,0,1,0,0.5013417601585388,0.5013417601585388,0.4986582100391388,0.5013417601585388,1,1,9,post_calibration
24,5,1,10,60,1,0,0,0.5012367963790894,0.5012367963790894,0.5012367963790894,0.49876323342323303,1,1,9,post_calibration
24,6,1,13,60,0,0,1,0.5009767413139343,0.5009767413139343,0.5009767413139343,0.49902328848838806,1,1,9,post_calibration
24,7,1,14,60,0,1,0,0.5003758668899536,0.5003758668899536,0.4996241629123688,0.5003758668899536,1,1,9,post_calibration
24,8,1,15,60,0,1,0,0.5018922090530396,0.5018922090530396,0.49810779094696045,0.5018922090530396,1,1,9,post_calibration
25,0,1,5,60,0,1,0,0.5041562914848328,0.5041562914848328,0.49584370851516724,0.5041562914848328,1,2,9,zero_shot_paired
25,1,1,6,60,1,0,0,0.5012755990028381,0.5012755990028381,0.5012755990028381,0.4987243413925171,1,2,9,zero_shot_paired
25,2,1,7,60,0,0,1,0.5000806450843811,0.5000806450843811,0.5000806450843811,0.4999193847179413,1,2,9,zero_shot_paired
25,3,1,8,60,0,1,0,0.5046268105506897,0.5046268105506897,0.4953732192516327,0.5046268105506897,1,2,9,zero_shot_paired
25,4,1,9,60,0,1,0,0.5024974346160889,0.5024974346160889,0.49750256538391113,0.5024974346160889,1,2,9,zero_shot_paired
25,5,1,11,60,1,1,1,0.503296971321106,0.503296971321106,0.49670302867889404,0.503296971321106,1,2,9,zero_shot_paired
25,6,1,12,60,1,0,0,0.5002232789993286,0.5002232789993286,0.5002232789993286,0.4997767210006714,1,2,9,zero_shot_paired
25,7,1,16,60,0,1,0,0.5000644326210022,0.5000644326210022,0.4999355375766754,0.5000644326210022,1,2,9,zero_shot_paired
25,8,1,17,60,1,0,0,0.5009999871253967,0.5009999871253967,0.5009999871253967,0.49900001287460327,1,2,9,zero_shot_paired
25,0,1,5,60,0,1,0,0.5043461322784424,0.5043461322784424,0.4956538677215576,0.5043461322784424,1,2,9,post_calibration
25,1,1,6,60,1,0,0,0.5016429424285889,0.5016429424285889,0.5016429424285889,0.49835699796676636,1,2,9,post_calibration
25,2,1,7,60,0,0,1,0.5003434419631958,0.5003434419631958,0.5003434419631958,0.4996565282344818,1,2,9,post_calibration
25,3,1,8,60,0,1,0,0.5043884515762329,0.5043884515762329,0.4956115782260895,0.5043884515762329,1,2,9,post_calibration
25,4,1,9,60,0,1,0,0.5022715926170349,0.5022715926170349,0.4977284073829651,0.5022715926170349,1,2,9,post_calibration
25,5,1,11,60,1,1,1,0.5032426118850708,0.5032426118850708,0.4967574179172516,0.5032426118850708,1,2,9,post_calibration
25,6,1,12,60,1,0,0,0.5004562735557556,0.5004562735557556,0.5004562735557556,0.4995437264442444,1,2,9,post_calibration
25,7,1,16,60,0,0,1,0.500650942325592,0.500650942325592,0.500650942325592,0.49934908747673035,1,2,9,post_calibration
25,8,1,17,60,1,0,0,0.5013112425804138,0.5013112425804138,0.5013112425804138,0.49868881702423096,1,2,9,post_calibration
26,0,1,1,60,0,0,1,0.5025017857551575,0.5025017857551575,0.5025017857551575,0.49749818444252014,1,1,12,zero_shot_paired
26,1,1,3,60,0,0,1,0.5099133849143982,0.5099133849143982,0.5099133849143982,0.4900866150856018,1,1,12,zero_shot_paired
26,2,1,7,60,0,0,1,0.5000798106193542,0.5000798106193542,0.5000798106193542,0.49992021918296814,1,1,12,zero_shot_paired
26,3,1,10,60,1,1,1,0.5001712441444397,0.5001712441444397,0.4998287260532379,0.5001712441444397,1,1,12,zero_shot_paired
26,4,1,14,60,0,1,0,0.5007936954498291,0.5007936954498291,0.4992063343524933,0.5007936954498291,1,1,12,zero_shot_paired
26,5,1,17,60,1,0,0,0.5009999871253967,0.5009999871253967,0.5009999871253967,0.49900001287460327,1,1,12,zero_shot_paired
26,0,1,1,60,0,0,1,0.5032936334609985,0.5032936334609985,0.5032936334609985,0.49670636653900146,1,1,12,post_calibration
26,1,1,3,60,0,0,1,0.5100130438804626,0.5100130438804626,0.5100130438804626,0.48998695611953735,1,1,12,post_calibration
26,2,1,7,60,0,0,1,0.5012401938438416,0.5012401938438416,0.5012401938438416,0.49875974655151367,1,1,12,post_calibration
26,3,1,10,60,1,0,0,0.5016939043998718,0.5016939043998718,0.5016939043998718,0.4983060956001282,1,1,12,post_calibration
26,4,1,14,60,0,0,1,0.5001997351646423,0.5001997351646423,0.5001997351646423,0.4998002350330353,1,1,12,post_calibration
26,5,1,17,60,1,0,0,0.5019019246101379,0.5019019246101379,0.5019019246101379,0.4980980455875397,1,1,12,post_calibration
27,0,1,1,60,0,0,1,0.5025017857551575,0.5025017857551575,0.5025017857551575,0.49749818444252014,1,2,12,zero_shot_paired
27,1,1,5,60,0,1,0,0.5041561722755432,0.5041561722755432,0.4958438575267792,0.5041561722755432,1,2,12,zero_shot_paired
27,2,1,9,60,0,1,0,0.5024974942207336,0.5024974942207336,0.49750247597694397,0.5024974942207336,1,2,12,zero_shot_paired
27,3,1,11,60,1,1,1,0.5032963156700134,0.5032963156700134,0.4967036545276642,0.5032963156700134,1,2,12,zero_shot_paired
27,4,1,15,60,0,1,0,0.5024104714393616,0.5024104714393616,0.4975895583629608,0.5024104714393616,1,2,12,zero_shot_paired
27,5,1,17,60,1,0,0,0.5009999871253967,0.5009999871253967,0.5009999871253967,0.49900001287460327,1,2,12,zero_shot_paired
27,0,1,1,60,0,0,1,0.5025364756584167,0.5025364756584167,0.5025364756584167,0.49746349453926086,1,2,12,post_calibration
27,1,1,5,60,0,1,0,0.504875123500824,0.504875123500824,0.49512484669685364,0.504875123500824,1,2,12,post_calibration
27,2,1,9,60,0,1,0,0.5029537081718445,0.5029537081718445,0.4970462918281555,0.5029537081718445,1,2,12,post_calibration
27,3,1,11,60,1,1,1,0.5037810206413269,0.5037810206413269,0.4962190091609955,0.5037810206413269,1,2,12,post_calibration
27,4,1,15,60,0,1,0,0.502832293510437,0.502832293510437,0.497167706489563,0.502832293510437,1,2,12,post_calibration
27,5,1,17,60,1,0,0,0.500898540019989,0.500898540019989,0.500898540019989,0.4991014897823334,1,2,12,post_calibration
28,0,1,2,60,1,1,1,0.5026710033416748,0.5026710033416748,0.4973289668560028,0.5026710033416748,1,3,12,zero_shot_paired
28,1,1,3,60,0,0,1,0.5099133849143982,0.5099133849143982,0.5099133849143982,0.4900866150856018,1,3,12,zero_shot_paired
28,2,1,4,60,0,1,0,0.501932680606842,0.501932680606842,0.49806728959083557,0.501932680606842,1,3,12,zero_shot_paired
28,3,1,11,60,1,1,1,0.5032963156700134,0.5032963156700134,0.4967036545276642,0.5032963156700134,1,3,12,zero_shot_paired
28,4,1,13,60,0,0,1,0.5003434419631958,0.5003434419631958,0.5003434419631958,0.4996565282344818,1,3,12,zero_shot_paired
28,5,1,16,60,0,1,0,0.5000624656677246,0.5000624656677246,0.4999375343322754,0.5000624656677246,1,3,12,zero_shot_paired
28,0,1,2,60,1,1,1,0.5018872022628784,0.5018872022628784,0.4981127977371216,0.5018872022628784,1,3,12,post_calibration
28,1,1,3,60,0,0,1,0.5098944902420044,0.5098944902420044,0.5098944902420044,0.49010545015335083,1,3,12,post_calibration
28,2,1,4,60,0,1,0,0.501120924949646,0.501120924949646,0.4988790452480316,0.501120924949646,1,3,12,post_calibration
28,3,1,11,60,1,1,1,0.5020666122436523,0.5020666122436523,0.49793341755867004,0.5020666122436523,1,3,12,post_calibration
28,4,1,13,60,0,0,1,0.5010238289833069,0.5010238289833069,0.5010238289833069,0.4989761412143707,1,3,12,post_calibration
28,5,1,16,60,0,0,1,0.5010178685188293,0.5010178685188293,0.5010178685188293,0.49898219108581543,1,3,12,post_calibration
3,0,2,0,60,1,0,0,0.5008992552757263,0.5008992552757263,0.5008992552757263,0.4991007149219513,2,,,zero_shot_all_trials
3,1,2,1,60,1,0,0,0.5003343224525452,0.5003343224525452,0.5003343224525452,0.49966567754745483,2,,,zero_shot_all_trials
3,2,2,2,60,1,0,0,0.5012331008911133,0.5012331008911133,0.5012331008911133,0.49876686930656433,2,,,zero_shot_all_trials
3,3,2,3,60,0,1,0,0.5045936107635498,0.5045936107635498,0.4954063892364502,0.5045936107635498,2,,,zero_shot_all_trials
3,4,2,4,60,1,1,1,0.5092793107032776,0.5092793107032776,0.4907207489013672,0.5092793107032776,2,,,zero_shot_all_trials
3,5,2,5,60,1,1,1,0.504610002040863,0.504610002040863,0.49538999795913696,0.504610002040863,2,,,zero_shot_all_trials
3,6,2,6,60,1,1,1,0.5051771998405457,0.5051771998405457,0.49482280015945435,0.5051771998405457,2,,,zero_shot_all_trials
3,7,2,7,60,0,1,0,0.5065202116966248,0.5065202116966248,0.49347978830337524,0.5065202116966248,2,,,zero_shot_all_trials
3,8,2,8,60,0,1,0,0.5079014301300049,0.5079014301300049,0.4920985698699951,0.5079014301300049,2,,,zero_shot_all_trials
3,9,2,9,60,1,1,1,0.5052562952041626,0.5052562952041626,0.4947437047958374,0.5052562952041626,2,,,zero_shot_all_trials
3,10,2,10,60,1,0,0,0.500230610370636,0.500230610370636,0.500230610370636,0.4997693598270416,2,,,zero_shot_all_trials
3,11,2,11,60,1,1,1,0.5079677700996399,0.5079677700996399,0.4920322000980377,0.5079677700996399,2,,,zero_shot_all_trials
3,12,2,12,60,1,1,1,0.5050474405288696,0.5050474405288696,0.49495255947113037,0.5050474405288696,2,,,zero_shot_all_trials
3,13,2,13,60,1,0,0,0.5002336502075195,0.5002336502075195,0.5002336502075195,0.4997663199901581,2,,,zero_shot_all_trials
3,14,2,14,60,1,1,1,0.5042010545730591,0.5042010545730591,0.49579891562461853,0.5042010545730591,2,,,zero_shot_all_trials
3,15,2,15,60,1,1,1,0.5063954591751099,0.5063954591751099,0.49360454082489014,0.5063954591751099,2,,,zero_shot_all_trials
3,16,2,16,60,0,1,0,0.5067437887191772,0.5067437887191772,0.49325621128082275,0.5067437887191772,2,,,zero_shot_all_trials
3,17,2,17,60,1,1,1,0.5046421885490417,0.5046421885490417,0.49535781145095825,0.5046421885490417,2,,,zero_shot_all_trials
29,0,2,0,60,1,0,0,0.5008992552757263,0.5008992552757263,0.5008992552757263,0.4991007149219513,2,1,3,zero_shot_paired
29,1,2,1,60,1,0,0,0.5003343224525452,0.5003343224525452,0.5003343224525452,0.49966567754745483,2,1,3,zero_shot_paired
29,2,2,2,60,1,0,0,0.5012332201004028,0.5012332201004028,0.5012332201004028,0.4987667500972748,2,1,3,zero_shot_paired
29,3,2,5,60,1,1,1,0.504610002040863,0.504610002040863,0.49538999795913696,0.504610002040863,2,1,3,zero_shot_paired
29,4,2,6,60,1,1,1,0.5051771402359009,0.5051771402359009,0.4948228597640991,0.5051771402359009,2,1,3,zero_shot_paired
29,5,2,7,60,0,1,0,0.5065202713012695,0.5065202713012695,0.4934796988964081,0.5065202713012695,2,1,3,zero_shot_paired
29,6,2,8,60,0,1,0,0.5079014301300049,0.5079014301300049,0.4920985698699951,0.5079014301300049,2,1,3,zero_shot_paired
29,7,2,9,60,1,1,1,0.5052562355995178,0.5052562355995178,0.4947437345981598,0.5052562355995178,2,1,3,zero_shot_paired
29,8,2,10,60,1,0,0,0.500230610370636,0.500230610370636,0.500230610370636,0.4997693598270416,2,1,3,zero_shot_paired
29,9,2,11,60,1,1,1,0.5079677700996399,0.5079677700996399,0.4920322000980377,0.5079677700996399,2,1,3,zero_shot_paired
29,10,2,13,60,1,0,0,0.5002337098121643,0.5002337098121643,0.5002337098121643,0.4997662603855133,2,1,3,zero_shot_paired
29,11,2,14,60,1,1,1,0.5042010545730591,0.5042010545730591,0.4957989454269409,0.5042010545730591,2,1,3,zero_shot_paired
29,12,2,15,60,1,1,1,0.5063954591751099,0.5063954591751099,0.49360454082489014,0.5063954591751099,2,1,3,zero_shot_paired
29,13,2,16,60,0,1,0,0.506743848323822,0.506743848323822,0.49325618147850037,0.506743848323822,2,1,3,zero_shot_paired
29,14,2,17,60,1,1,1,0.5046422481536865,0.5046422481536865,0.4953577220439911,0.5046422481536865,2,1,3,zero_shot_paired
29,0,2,0,60,1,0,0,0.5002058148384094,0.5002058148384094,0.5002058148384094,0.4997941553592682,2,1,3,post_calibration
29,1,2,1,60,1,1,1,0.5001689791679382,0.5001689791679382,0.4998309910297394,0.5001689791679382,2,1,3,post_calibration
29,2,2,2,60,1,0,0,0.5008507966995239,0.5008507966995239,0.5008507966995239,0.4991491734981537,2,1,3,post_calibration
29,3,2,5,60,1,1,1,0.5055314898490906,0.5055314898490906,0.4944685101509094,0.5055314898490906,2,1,3,post_calibration
29,4,2,6,60,1,1,1,0.5057190656661987,0.5057190656661987,0.49428096413612366,0.5057190656661987,2,1,3,post_calibration
29,5,2,7,60,0,1,0,0.5069110989570618,0.5069110989570618,0.49308887124061584,0.5069110989570618,2,1,3,post_calibration
29,6,2,8,60,0,1,0,0.5084991455078125,0.5084991455078125,0.4915008246898651,0.5084991455078125,2,1,3,post_calibration
29,7,2,9,60,1,1,1,0.5059682726860046,0.5059682726860046,0.49403175711631775,0.5059682726860046,2,1,3,post_calibration
29,8,2,10,60,1,1,1,0.5002828240394592,0.5002828240394592,0.49971717596054077,0.5002828240394592,2,1,3,post_calibration
29,9,2,11,60,1,1,1,0.5082944631576538,0.5082944631576538,0.4917055666446686,0.5082944631576538,2,1,3,post_calibration
29,10,2,13,60,1,1,1,0.5005806088447571,0.5005806088447571,0.4994193911552429,0.5005806088447571,2,1,3,post_calibration
29,11,2,14,60,1,1,1,0.505032479763031,0.505032479763031,0.4949674606323242,0.505032479763031,2,1,3,post_calibration
29,12,2,15,60,1,1,1,0.507006824016571,0.507006824016571,0.49299323558807373,0.507006824016571,2,1,3,post_calibration
29,13,2,16,60,0,1,0,0.5072258114814758,0.5072258114814758,0.4927741587162018,0.5072258114814758,2,1,3,post_calibration
29,14,2,17,60,1,1,1,0.5050970911979675,0.5050970911979675,0.49490290880203247,0.5050970911979675,2,1,3,post_calibration
30,0,2,0,60,1,0,0,0.5008992552757263,0.5008992552757263,0.5008992552757263,0.4991007149219513,2,2,3,zero_shot_paired
30,1,2,1,60,1,0,0,0.5003343224525452,0.5003343224525452,0.5003343224525452,0.49966567754745483,2,2,3,zero_shot_paired
30,2,2,2,60,1,0,0,0.5012332201004028,0.5012332201004028,0.5012332201004028,0.4987667500972748,2,2,3,zero_shot_paired
30,3,2,3,60,0,1,0,0.5045936107635498,0.5045936107635498,0.4954063892364502,0.5045936107635498,2,2,3,zero_shot_paired
30,4,2,4,60,1,1,1,0.5092793703079224,0.5092793703079224,0.49072062969207764,0.5092793703079224,2,2,3,zero_shot_paired
30,5,2,5,60,1,1,1,0.504610002040863,0.504610002040863,0.49538999795913696,0.504610002040863,2,2,3,zero_shot_paired
30,6,2,7,60,0,1,0,0.5065202713012695,0.5065202713012695,0.4934796988964081,0.5065202713012695,2,2,3,zero_shot_paired
30,7,2,9,60,1,1,1,0.5052562355995178,0.5052562355995178,0.4947437345981598,0.5052562355995178,2,2,3,zero_shot_paired
30,8,2,10,60,1,0,0,0.500230610370636,0.500230610370636,0.500230610370636,0.4997693598270416,2,2,3,zero_shot_paired
30,9,2,11,60,1,1,1,0.5079677700996399,0.5079677700996399,0.4920322000980377,0.5079677700996399,2,2,3,zero_shot_paired
30,10,2,12,60,1,1,1,0.5050474405288696,0.5050474405288696,0.49495255947113037,0.5050474405288696,2,2,3,zero_shot_paired
30,11,2,14,60,1,1,1,0.5042010545730591,0.5042010545730591,0.4957989454269409,0.5042010545730591,2,2,3,zero_shot_paired
30,12,2,15,60,1,1,1,0.5063954591751099,0.5063954591751099,0.49360454082489014,0.5063954591751099,2,2,3,zero_shot_paired
30,13,2,16,60,0,1,0,0.506743848323822,0.506743848323822,0.49325618147850037,0.506743848323822,2,2,3,zero_shot_paired
30,14,2,17,60,1,1,1,0.5046422481536865,0.5046422481536865,0.4953577220439911,0.5046422481536865,2,2,3,zero_shot_paired
30,0,2,0,60,1,0,0,0.500581681728363,0.500581681728363,0.500581681728363,0.49941831827163696,2,2,3,post_calibration
30,1,2,1,60,1,0,0,0.5000545978546143,0.5000545978546143,0.5000545978546143,0.49994543194770813,2,2,3,post_calibration
30,2,2,2,60,1,0,0,0.5009898543357849,0.5009898543357849,0.5009898543357849,0.4990101754665375,2,2,3,post_calibration
30,3,2,3,60,0,1,0,0.5046646595001221,0.5046646595001221,0.49533534049987793,0.5046646595001221,2,2,3,post_calibration
30,4,2,4,60,1,1,1,0.5096230506896973,0.5096230506896973,0.4903770089149475,0.5096230506896973,2,2,3,post_calibration
30,5,2,5,60,1,1,1,0.5048577189445496,0.5048577189445496,0.4951423108577728,0.5048577189445496,2,2,3,post_calibration
30,6,2,7,60,0,1,0,0.5066697597503662,0.5066697597503662,0.4933302700519562,0.5066697597503662,2,2,3,post_calibration
30,7,2,9,60,1,1,1,0.5056285262107849,0.5056285262107849,0.4943715035915375,0.5056285262107849,2,2,3,post_calibration
30,8,2,10,60,1,1,1,0.500076174736023,0.500076174736023,0.49992382526397705,0.500076174736023,2,2,3,post_calibration
30,9,2,11,60,1,1,1,0.5081310272216797,0.5081310272216797,0.4918689727783203,0.5081310272216797,2,2,3,post_calibration
30,10,2,12,60,1,1,1,0.5051349997520447,0.5051349997520447,0.4948650002479553,0.5051349997520447,2,2,3,post_calibration
30,11,2,14,60,1,1,1,0.5043411254882812,0.5043411254882812,0.49565890431404114,0.5043411254882812,2,2,3,post_calibration
30,12,2,15,60,1,1,1,0.5064323544502258,0.5064323544502258,0.49356764554977417,0.5064323544502258,2,2,3,post_calibration
30,13,2,16,60,0,1,0,0.5070362687110901,0.5070362687110901,0.4929637610912323,0.5070362687110901,2,2,3,post_calibration
30,14,2,17,60,1,1,1,0.5049687027931213,0.5049687027931213,0.49503132700920105,0.5049687027931213,2,2,3,post_calibration
31,0,2,0,60,1,0,0,0.5008992552757263,0.5008992552757263,0.5008992552757263,0.4991007149219513,2,3,3,zero_shot_paired
31,1,2,2,60,1,0,0,0.5012332201004028,0.5012332201004028,0.5012332201004028,0.4987667500972748,2,3,3,zero_shot_paired
31,2,2,3,60,0,1,0,0.5045936107635498,0.5045936107635498,0.4954063892364502,0.5045936107635498,2,3,3,zero_shot_paired
31,3,2,4,60,1,1,1,0.5092793703079224,0.5092793703079224,0.49072062969207764,0.5092793703079224,2,3,3,zero_shot_paired
31,4,2,5,60,1,1,1,0.504610002040863,0.504610002040863,0.49538999795913696,0.504610002040863,2,3,3,zero_shot_paired
31,5,2,6,60,1,1,1,0.5051771402359009,0.5051771402359009,0.4948228597640991,0.5051771402359009,2,3,3,zero_shot_paired
31,6,2,8,60,0,1,0,0.5079014301300049,0.5079014301300049,0.4920985698699951,0.5079014301300049,2,3,3,zero_shot_paired
31,7,2,9,60,1,1,1,0.5052562355995178,0.5052562355995178,0.4947437345981598,0.5052562355995178,2,3,3,zero_shot_paired
31,8,2,11,60,1,1,1,0.5079677700996399,0.5079677700996399,0.4920322000980377,0.5079677700996399,2,3,3,zero_shot_paired
31,9,2,12,60,1,1,1,0.5050474405288696,0.5050474405288696,0.49495255947113037,0.5050474405288696,2,3,3,zero_shot_paired
31,10,2,13,60,1,0,0,0.5002337098121643,0.5002337098121643,0.5002337098121643,0.4997662603855133,2,3,3,zero_shot_paired
31,11,2,14,60,1,1,1,0.5042010545730591,0.5042010545730591,0.4957989454269409,0.5042010545730591,2,3,3,zero_shot_paired
31,12,2,15,60,1,1,1,0.5063954591751099,0.5063954591751099,0.49360454082489014,0.5063954591751099,2,3,3,zero_shot_paired
31,13,2,16,60,0,1,0,0.506743848323822,0.506743848323822,0.49325618147850037,0.506743848323822,2,3,3,zero_shot_paired
31,14,2,17,60,1,1,1,0.5046422481536865,0.5046422481536865,0.4953577220439911,0.5046422481536865,2,3,3,zero_shot_paired
31,0,2,0,60,1,0,0,0.5008975267410278,0.5008975267410278,0.5008975267410278,0.49910247325897217,2,3,3,post_calibration
31,1,2,2,60,1,0,0,0.5011866092681885,0.5011866092681885,0.5011866092681885,0.49881336092948914,2,3,3,post_calibration
31,2,2,3,60,0,1,0,0.5046770572662354,0.5046770572662354,0.49532291293144226,0.5046770572662354,2,3,3,post_calibration
31,3,2,4,60,1,1,1,0.5093881487846375,0.5093881487846375,0.49061182141304016,0.5093881487846375,2,3,3,post_calibration
31,4,2,5,60,1,1,1,0.5047014951705933,0.5047014951705933,0.49529850482940674,0.5047014951705933,2,3,3,post_calibration
31,5,2,6,60,1,1,1,0.5055800676345825,0.5055800676345825,0.4944199025630951,0.5055800676345825,2,3,3,post_calibration
31,6,2,8,60,0,1,0,0.5080969333648682,0.5080969333648682,0.4919030964374542,0.5080969333648682,2,3,3,post_calibration
31,7,2,9,60,1,1,1,0.505192220211029,0.505192220211029,0.49480777978897095,0.505192220211029,2,3,3,post_calibration
31,8,2,11,60,1,1,1,0.5081446766853333,0.5081446766853333,0.49185535311698914,0.5081446766853333,2,3,3,post_calibration
31,9,2,12,60,1,1,1,0.5050420761108398,0.5050420761108398,0.49495792388916016,0.5050420761108398,2,3,3,post_calibration
31,10,2,13,60,1,1,1,0.5002208352088928,0.5002208352088928,0.4997791647911072,0.5002208352088928,2,3,3,post_calibration
31,11,2,14,60,1,1,1,0.5045512914657593,0.5045512914657593,0.49544867873191833,0.5045512914657593,2,3,3,post_calibration
31,12,2,15,60,1,1,1,0.5064229965209961,0.5064229965209961,0.4935770034790039,0.5064229965209961,2,3,3,post_calibration
31,13,2,16,60,0,1,0,0.506902813911438,0.506902813911438,0.493097186088562,0.506902813911438,2,3,3,post_calibration
31,14,2,17,60,1,1,1,0.5048136711120605,0.5048136711120605,0.49518632888793945,0.5048136711120605,2,3,3,post_calibration
32,0,2,0,60,1,0,0,0.5008992552757263,0.5008992552757263,0.5008992552757263,0.4991007149219513,2,4,3,zero_shot_paired
32,1,2,1,60,1,0,0,0.5003343224525452,0.5003343224525452,0.5003343224525452,0.49966567754745483,2,4,3,zero_shot_paired
32,2,2,3,60,0,1,0,0.5045936107635498,0.5045936107635498,0.4954063892364502,0.5045936107635498,2,4,3,zero_shot_paired
32,3,2,4,60,1,1,1,0.5092793703079224,0.5092793703079224,0.49072062969207764,0.5092793703079224,2,4,3,zero_shot_paired
32,4,2,5,60,1,1,1,0.504610002040863,0.504610002040863,0.49538999795913696,0.504610002040863,2,4,3,zero_shot_paired
32,5,2,6,60,1,1,1,0.5051771402359009,0.5051771402359009,0.4948228597640991,0.5051771402359009,2,4,3,zero_shot_paired
32,6,2,7,60,0,1,0,0.5065202713012695,0.5065202713012695,0.4934796988964081,0.5065202713012695,2,4,3,zero_shot_paired
32,7,2,8,60,0,1,0,0.5079014301300049,0.5079014301300049,0.4920985698699951,0.5079014301300049,2,4,3,zero_shot_paired
32,8,2,9,60,1,1,1,0.5052562355995178,0.5052562355995178,0.4947437345981598,0.5052562355995178,2,4,3,zero_shot_paired
32,9,2,10,60,1,0,0,0.500230610370636,0.500230610370636,0.500230610370636,0.4997693598270416,2,4,3,zero_shot_paired
32,10,2,12,60,1,1,1,0.5050474405288696,0.5050474405288696,0.49495255947113037,0.5050474405288696,2,4,3,zero_shot_paired
32,11,2,13,60,1,0,0,0.5002337098121643,0.5002337098121643,0.5002337098121643,0.4997662603855133,2,4,3,zero_shot_paired
32,12,2,14,60,1,1,1,0.5042010545730591,0.5042010545730591,0.4957989454269409,0.5042010545730591,2,4,3,zero_shot_paired
32,13,2,15,60,1,1,1,0.5063954591751099,0.5063954591751099,0.49360454082489014,0.5063954591751099,2,4,3,zero_shot_paired
32,14,2,16,60,0,1,0,0.506743848323822,0.506743848323822,0.49325618147850037,0.506743848323822,2,4,3,zero_shot_paired
32,0,2,0,60,1,0,0,0.5004076957702637,0.5004076957702637,0.5004076957702637,0.49959230422973633,2,4,3,post_calibration
32,1,2,1,60,1,1,1,0.5008337497711182,0.5008337497711182,0.49916625022888184,0.5008337497711182,2,4,3,post_calibration
32,2,2,3,60,0,1,0,0.5053187608718872,0.5053187608718872,0.4946812093257904,0.5053187608718872,2,4,3,post_calibration
32,3,2,4,60,1,1,1,0.5100330710411072,0.5100330710411072,0.4899669289588928,0.5100330710411072,2,4,3,post_calibration
32,4,2,5,60,1,1,1,0.5050483345985413,0.5050483345985413,0.49495166540145874,0.5050483345985413,2,4,3,post_calibration
32,5,2,6,60,1,1,1,0.5064980387687683,0.5064980387687683,0.49350202083587646,0.5064980387687683,2,4,3,post_calibration
32,6,2,7,60,0,1,0,0.5072391033172607,0.5072391033172607,0.49276086688041687,0.5072391033172607,2,4,3,post_calibration
32,7,2,8,60,0,1,0,0.5088870525360107,0.5088870525360107,0.49111297726631165,0.5088870525360107,2,4,3,post_calibration
32,8,2,9,60,1,1,1,0.5058624744415283,0.5058624744415283,0.4941374957561493,0.5058624744415283,2,4,3,post_calibration
32,9,2,10,60,1,1,1,0.5004859566688538,0.5004859566688538,0.49951407313346863,0.5004859566688538,2,4,3,post_calibration
32,10,2,12,60,1,1,1,0.5058387517929077,0.5058387517929077,0.4941612780094147,0.5058387517929077,2,4,3,post_calibration
32,11,2,13,60,1,1,1,0.500798225402832,0.500798225402832,0.49920177459716797,0.500798225402832,2,4,3,post_calibration
32,12,2,14,60,1,1,1,0.5048643350601196,0.5048643350601196,0.49513566493988037,0.5048643350601196,2,4,3,post_calibration
32,13,2,15,60,1,1,1,0.5074132084846497,0.5074132084846497,0.49258679151535034,0.5074132084846497,2,4,3,post_calibration
32,14,2,16,60,0,1,0,0.5075816512107849,0.5075816512107849,0.4924183189868927,0.5075816512107849,2,4,3,post_calibration
33,0,2,0,60,1,0,0,0.5008992552757263,0.5008992552757263,0.5008992552757263,0.4991007149219513,2,5,3,zero_shot_paired
33,1,2,1,60,1,0,0,0.5003343224525452,0.5003343224525452,0.5003343224525452,0.49966567754745483,2,5,3,zero_shot_paired
33,2,2,2,60,1,0,0,0.5012332201004028,0.5012332201004028,0.5012332201004028,0.4987667500972748,2,5,3,zero_shot_paired
33,3,2,3,60,0,1,0,0.5045936107635498,0.5045936107635498,0.4954063892364502,0.5045936107635498,2,5,3,zero_shot_paired
33,4,2,4,60,1,1,1,0.5092793703079224,0.5092793703079224,0.49072062969207764,0.5092793703079224,2,5,3,zero_shot_paired
33,5,2,5,60,1,1,1,0.504610002040863,0.504610002040863,0.49538999795913696,0.504610002040863,2,5,3,zero_shot_paired
33,6,2,6,60,1,1,1,0.5051771402359009,0.5051771402359009,0.4948228597640991,0.5051771402359009,2,5,3,zero_shot_paired
33,7,2,7,60,0,1,0,0.5065202713012695,0.5065202713012695,0.4934796988964081,0.5065202713012695,2,5,3,zero_shot_paired
33,8,2,8,60,0,1,0,0.5079014301300049,0.5079014301300049,0.4920985698699951,0.5079014301300049,2,5,3,zero_shot_paired
33,9,2,10,60,1,0,0,0.500230610370636,0.500230610370636,0.500230610370636,0.4997693598270416,2,5,3,zero_shot_paired
33,10,2,11,60,1,1,1,0.5079677700996399,0.5079677700996399,0.4920322000980377,0.5079677700996399,2,5,3,zero_shot_paired
33,11,2,12,60,1,1,1,0.5050474405288696,0.5050474405288696,0.49495255947113037,0.5050474405288696,2,5,3,zero_shot_paired
33,12,2,13,60,1,0,0,0.5002337098121643,0.5002337098121643,0.5002337098121643,0.4997662603855133,2,5,3,zero_shot_paired
33,13,2,14,60,1,1,1,0.5042010545730591,0.5042010545730591,0.4957989454269409,0.5042010545730591,2,5,3,zero_shot_paired
33,14,2,17,60,1,1,1,0.5046422481536865,0.5046422481536865,0.4953577220439911,0.5046422481536865,2,5,3,zero_shot_paired
33,0,2,0,60,1,0,0,0.5010061264038086,0.5010061264038086,0.5010061264038086,0.498993843793869,2,5,3,post_calibration
33,1,2,1,60,1,0,0,0.5003839731216431,0.5003839731216431,0.5003839731216431,0.49961599707603455,2,5,3,post_calibration
33,2,2,2,60,1,0,0,0.5013231039047241,0.5013231039047241,0.5013231039047241,0.4986768960952759,2,5,3,post_calibration
33,3,2,3,60,0,1,0,0.5045266151428223,0.5045266151428223,0.49547338485717773,0.5045266151428223,2,5,3,post_calibration
33,4,2,4,60,1,1,1,0.5094327330589294,0.5094327330589294,0.49056726694107056,0.5094327330589294,2,5,3,post_calibration
33,5,2,5,60,1,1,1,0.5044659376144409,0.5044659376144409,0.4955340623855591,0.5044659376144409,2,5,3,post_calibration
33,6,2,6,60,1,1,1,0.5052186250686646,0.5052186250686646,0.49478137493133545,0.5052186250686646,2,5,3,post_calibration
33,7,2,7,60,0,1,0,0.5062078833580017,0.5062078833580017,0.4937920570373535,0.5062078833580017,2,5,3,post_calibration
33,8,2,8,60,0,1,0,0.5076502561569214,0.5076502561569214,0.4923497140407562,0.5076502561569214,2,5,3,post_calibration
33,9,2,10,60,1,0,0,0.500153124332428,0.500153124332428,0.500153124332428,0.49984684586524963,2,5,3,post_calibration
33,10,2,11,60,1,1,1,0.50798499584198,0.50798499584198,0.49201497435569763,0.50798499584198,2,5,3,post_calibration
33,11,2,12,60,1,1,1,0.5048223733901978,0.5048223733901978,0.49517765641212463,0.5048223733901978,2,5,3,post_calibration
33,12,2,13,60,1,0,0,0.5003886818885803,0.5003886818885803,0.5003886818885803,0.4996112883090973,2,5,3,post_calibration
33,13,2,14,60,1,1,1,0.5041676163673401,0.5041676163673401,0.4958323538303375,0.5041676163673401,2,5,3,post_calibration
33,14,2,17,60,1,1,1,0.5045387148857117,0.5045387148857117,0.49546128511428833,0.5045387148857117,2,5,3,post_calibration
34,0,2,1,60,1,0,0,0.5003343224525452,0.5003343224525452,0.5003343224525452,0.49966567754745483,2,6,3,zero_shot_paired
34,1,2,2,60,1,0,0,0.5012332201004028,0.5012332201004028,0.5012332201004028,0.4987667500972748,2,6,3,zero_shot_paired
34,2,2,3,60,0,1,0,0.5045936107635498,0.5045936107635498,0.4954063892364502,0.5045936107635498,2,6,3,zero_shot_paired
34,3,2,4,60,1,1,1,0.5092793703079224,0.5092793703079224,0.49072062969207764,0.5092793703079224,2,6,3,zero_shot_paired
34,4,2,6,60,1,1,1,0.5051771402359009,0.5051771402359009,0.4948228597640991,0.5051771402359009,2,6,3,zero_shot_paired
34,5,2,7,60,0,1,0,0.5065202713012695,0.5065202713012695,0.4934796988964081,0.5065202713012695,2,6,3,zero_shot_paired
34,6,2,8,60,0,1,0,0.5079014301300049,0.5079014301300049,0.4920985698699951,0.5079014301300049,2,6,3,zero_shot_paired
34,7,2,9,60,1,1,1,0.5052562355995178,0.5052562355995178,0.4947437345981598,0.5052562355995178,2,6,3,zero_shot_paired
34,8,2,10,60,1,0,0,0.500230610370636,0.500230610370636,0.500230610370636,0.4997693598270416,2,6,3,zero_shot_paired
34,9,2,11,60,1,1,1,0.5079677700996399,0.5079677700996399,0.4920322000980377,0.5079677700996399,2,6,3,zero_shot_paired
34,10,2,12,60,1,1,1,0.5050474405288696,0.5050474405288696,0.49495255947113037,0.5050474405288696,2,6,3,zero_shot_paired
34,11,2,13,60,1,0,0,0.5002337098121643,0.5002337098121643,0.5002337098121643,0.4997662603855133,2,6,3,zero_shot_paired
34,12,2,15,60,1,1,1,0.5063954591751099,0.5063954591751099,0.49360454082489014,0.5063954591751099,2,6,3,zero_shot_paired
34,13,2,16,60,0,1,0,0.506743848323822,0.506743848323822,0.49325618147850037,0.506743848323822,2,6,3,zero_shot_paired
34,14,2,17,60,1,1,1,0.5046422481536865,0.5046422481536865,0.4953577220439911,0.5046422481536865,2,6,3,zero_shot_paired
34,0,2,1,60,1,1,1,0.5005425214767456,0.5005425214767456,0.4994575083255768,0.5005425214767456,2,6,3,post_calibration
34,1,2,2,60,1,0,0,0.500184953212738,0.500184953212738,0.500184953212738,0.49981504678726196,2,6,3,post_calibration
34,2,2,3,60,0,1,0,0.5053799748420715,0.5053799748420715,0.4946199953556061,0.5053799748420715,2,6,3,post_calibration
34,3,2,4,60,1,1,1,0.5103487968444824,0.5103487968444824,0.4896512031555176,0.5103487968444824,2,6,3,post_calibration
34,4,2,6,60,1,1,1,0.5062214136123657,0.5062214136123657,0.4937785863876343,0.5062214136123657,2,6,3,post_calibration
34,5,2,7,60,0,1,0,0.5075860023498535,0.5075860023498535,0.4924139678478241,0.5075860023498535,2,6,3,post_calibration
34,6,2,8,60,0,1,0,0.5087760090827942,0.5087760090827942,0.4912240207195282,0.5087760090827942,2,6,3,post_calibration
34,7,2,9,60,1,1,1,0.5064487457275391,0.5064487457275391,0.49355125427246094,0.5064487457275391,2,6,3,post_calibration
34,8,2,10,60,1,1,1,0.5006147027015686,0.5006147027015686,0.49938535690307617,0.5006147027015686,2,6,3,post_calibration
34,9,2,11,60,1,1,1,0.5087429285049438,0.5087429285049438,0.49125704169273376,0.5087429285049438,2,6,3,post_calibration
34,10,2,12,60,1,1,1,0.506110668182373,0.506110668182373,0.49388930201530457,0.506110668182373,2,6,3,post_calibration
34,11,2,13,60,1,1,1,0.5006723403930664,0.5006723403930664,0.499327689409256,0.5006723403930664,2,6,3,post_calibration
34,12,2,15,60,1,1,1,0.5072207450866699,0.5072207450866699,0.49277928471565247,0.5072207450866699,2,6,3,post_calibration
34,13,2,16,60,0,1,0,0.5075182914733887,0.5075182914733887,0.4924817383289337,0.5075182914733887,2,6,3,post_calibration
34,14,2,17,60,1,1,1,0.5055683255195618,0.5055683255195618,0.4944317042827606,0.5055683255195618,2,6,3,post_calibration
35,0,2,1,60,1,0,0,0.5003343224525452,0.5003343224525452,0.5003343224525452,0.49966567754745483,2,1,6,zero_shot_paired
35,1,2,3,60,0,1,0,0.5045936107635498,0.5045936107635498,0.4954063892364502,0.5045936107635498,2,1,6,zero_shot_paired
35,2,2,6,60,1,1,1,0.5051771402359009,0.5051771402359009,0.4948228597640991,0.5051771402359009,2,1,6,zero_shot_paired
35,3,2,7,60,0,1,0,0.5065202713012695,0.5065202713012695,0.4934796988964081,0.5065202713012695,2,1,6,zero_shot_paired
35,4,2,9,60,1,1,1,0.5052562355995178,0.5052562355995178,0.4947437345981598,0.5052562355995178,2,1,6,zero_shot_paired
35,5,2,10,60,1,0,0,0.500230610370636,0.500230610370636,0.500230610370636,0.4997693598270416,2,1,6,zero_shot_paired
35,6,2,11,60,1,1,1,0.5079677700996399,0.5079677700996399,0.4920322000980377,0.5079677700996399,2,1,6,zero_shot_paired
35,7,2,12,60,1,1,1,0.5050474405288696,0.5050474405288696,0.49495255947113037,0.5050474405288696,2,1,6,zero_shot_paired
35,8,2,14,60,1,1,1,0.5042010545730591,0.5042010545730591,0.4957989454269409,0.5042010545730591,2,1,6,zero_shot_paired
35,9,2,15,60,1,1,1,0.5063954591751099,0.5063954591751099,0.49360454082489014,0.5063954591751099,2,1,6,zero_shot_paired
35,10,2,16,60,0,1,0,0.506743848323822,0.506743848323822,0.49325618147850037,0.506743848323822,2,1,6,zero_shot_paired
35,11,2,17,60,1,1,1,0.5046422481536865,0.5046422481536865,0.4953577220439911,0.5046422481536865,2,1,6,zero_shot_paired
35,0,2,1,60,1,1,1,0.5007884502410889,0.5007884502410889,0.49921151995658875,0.5007884502410889,2,1,6,post_calibration
35,1,2,3,60,0,1,0,0.5055171847343445,0.5055171847343445,0.4944828450679779,0.5055171847343445,2,1,6,post_calibration
35,2,2,6,60,1,1,1,0.5065909028053284,0.5065909028053284,0.493409126996994,0.5065909028053284,2,1,6,post_calibration
35,3,2,7,60,0,1,0,0.5075762271881104,0.5075762271881104,0.49242377281188965,0.5075762271881104,2,1,6,post_calibration
35,4,2,9,60,1,1,1,0.5066546201705933,0.5066546201705933,0.49334537982940674,0.5066546201705933,2,1,6,post_calibration
35,5,2,10,60,1,1,1,0.5008690357208252,0.5008690357208252,0.4991309642791748,0.5008690357208252,2,1,6,post_calibration
35,6,2,11,60,1,1,1,0.5092276334762573,0.5092276334762573,0.4907723665237427,0.5092276334762573,2,1,6,post_calibration
35,7,2,12,60,1,1,1,0.5062820911407471,0.5062820911407471,0.49371787905693054,0.5062820911407471,2,1,6,post_calibration
35,8,2,14,60,1,1,1,0.5057299733161926,0.5057299733161926,0.49427005648612976,0.5057299733161926,2,1,6,post_calibration
35,9,2,15,60,1,1,1,0.5076300501823425,0.5076300501823425,0.49236997961997986,0.5076300501823425,2,1,6,post_calibration
35,10,2,16,60,0,1,0,0.5076386332511902,0.5076386332511902,0.4923613667488098,0.5076386332511902,2,1,6,post_calibration
35,11,2,17,60,1,1,1,0.5054769515991211,0.5054769515991211,0.4945231080055237,0.5054769515991211,2,1,6,post_calibration
36,0,2,0,60,1,0,0,0.5008992552757263,0.5008992552757263,0.5008992552757263,0.4991007149219513,2,2,6,zero_shot_paired
36,1,2,2,60,1,0,0,0.5012332201004028,0.5012332201004028,0.5012332201004028,0.4987667500972748,2,2,6,zero_shot_paired
36,2,2,4,60,1,1,1,0.5092793703079224,0.5092793703079224,0.49072062969207764,0.5092793703079224,2,2,6,zero_shot_paired
36,3,2,5,60,1,1,1,0.504610002040863,0.504610002040863,0.49538999795913696,0.504610002040863,2,2,6,zero_shot_paired
36,4,2,6,60,1,1,1,0.5051771402359009,0.5051771402359009,0.4948228597640991,0.5051771402359009,2,2,6,zero_shot_paired
36,5,2,8,60,0,1,0,0.5079014301300049,0.5079014301300049,0.4920985698699951,0.5079014301300049,2,2,6,zero_shot_paired
36,6,2,9,60,1,1,1,0.5052562355995178,0.5052562355995178,0.4947437345981598,0.5052562355995178,2,2,6,zero_shot_paired
36,7,2,10,60,1,0,0,0.500230610370636,0.500230610370636,0.500230610370636,0.4997693598270416,2,2,6,zero_shot_paired
36,8,2,12,60,1,1,1,0.5050474405288696,0.5050474405288696,0.49495255947113037,0.5050474405288696,2,2,6,zero_shot_paired
36,9,2,13,60,1,0,0,0.5002337098121643,0.5002337098121643,0.5002337098121643,0.4997662603855133,2,2,6,zero_shot_paired
36,10,2,14,60,1,1,1,0.5042010545730591,0.5042010545730591,0.4957989454269409,0.5042010545730591,2,2,6,zero_shot_paired
36,11,2,16,60,0,1,0,0.506743848323822,0.506743848323822,0.49325618147850037,0.506743848323822,2,2,6,zero_shot_paired
36,0,2,0,60,1,0,0,0.5004653334617615,0.5004653334617615,0.5004653334617615,0.49953460693359375,2,2,6,post_calibration
36,1,2,2,60,1,0,0,0.5010226964950562,0.5010226964950562,0.5010226964950562,0.49897730350494385,2,2,6,post_calibration
36,2,2,4,60,1,1,1,0.5097306370735168,0.5097306370735168,0.4902693033218384,0.5097306370735168,2,2,6,post_calibration
36,3,2,5,60,1,1,1,0.5051496028900146,0.5051496028900146,0.49485039710998535,0.5051496028900146,2,2,6,post_calibration
36,4,2,6,60,1,1,1,0.5057202577590942,0.5057202577590942,0.49427977204322815,0.5057202577590942,2,2,6,post_calibration
36,5,2,8,60,0,1,0,0.5084244608879089,0.5084244608879089,0.4915755093097687,0.5084244608879089,2,2,6,post_calibration
36,6,2,9,60,1,1,1,0.5058582425117493,0.5058582425117493,0.4941417872905731,0.5058582425117493,2,2,6,post_calibration
36,7,2,10,60,1,1,1,0.5001934170722961,0.5001934170722961,0.49980658292770386,0.5001934170722961,2,2,6,post_calibration
36,8,2,12,60,1,1,1,0.505294919013977,0.505294919013977,0.49470505118370056,0.505294919013977,2,2,6,post_calibration
36,9,2,13,60,1,0,0,0.5000194907188416,0.5000194907188416,0.5000194907188416,0.49998053908348083,2,2,6,post_calibration
36,10,2,14,60,1,1,1,0.5045654773712158,0.5045654773712158,0.49543455243110657,0.5045654773712158,2,2,6,post_calibration
36,11,2,16,60,0,1,0,0.5074460506439209,0.5074460506439209,0.4925539791584015,0.5074460506439209,2,2,6,post_calibration
37,0,2,0,60,1,0,0,0.5008992552757263,0.5008992552757263,0.5008992552757263,0.4991007149219513,2,3,6,zero_shot_paired
37,1,2,1,60,1,0,0,0.5003343224525452,0.5003343224525452,0.5003343224525452,0.49966567754745483,2,3,6,zero_shot_paired
37,2,2,2,60,1,0,0,0.5012332201004028,0.5012332201004028,0.5012332201004028,0.4987667500972748,2,3,6,zero_shot_paired
37,3,2,3,60,0,1,0,0.5045936107635498,0.5045936107635498,0.4954063892364502,0.5045936107635498,2,3,6,zero_shot_paired
37,4,2,4,60,1,1,1,0.5092793703079224,0.5092793703079224,0.49072062969207764,0.5092793703079224,2,3,6,zero_shot_paired
37,5,2,5,60,1,1,1,0.504610002040863,0.504610002040863,0.49538999795913696,0.504610002040863,2,3,6,zero_shot_paired
37,6,2,7,60,0,1,0,0.5065202713012695,0.5065202713012695,0.4934796988964081,0.5065202713012695,2,3,6,zero_shot_paired
37,7,2,8,60,0,1,0,0.5079014301300049,0.5079014301300049,0.4920985698699951,0.5079014301300049,2,3,6,zero_shot_paired
37,8,2,11,60,1,1,1,0.5079677700996399,0.5079677700996399,0.4920322000980377,0.5079677700996399,2,3,6,zero_shot_paired
37,9,2,13,60,1,0,0,0.5002337098121643,0.5002337098121643,0.5002337098121643,0.4997662603855133,2,3,6,zero_shot_paired
37,10,2,15,60,1,1,1,0.5063954591751099,0.5063954591751099,0.49360454082489014,0.5063954591751099,2,3,6,zero_shot_paired
37,11,2,17,60,1,1,1,0.5046422481536865,0.5046422481536865,0.4953577220439911,0.5046422481536865,2,3,6,zero_shot_paired
37,0,2,0,60,1,1,1,0.5000312328338623,0.5000312328338623,0.4999687969684601,0.5000312328338623,2,3,6,post_calibration
37,1,2,1,60,1,1,1,0.5003212094306946,0.5003212094306946,0.4996787905693054,0.5003212094306946,2,3,6,post_calibration
37,2,2,2,60,1,0,0,0.5003007650375366,0.5003007650375366,0.5003007650375366,0.4996992349624634,2,3,6,post_calibration
37,3,2,3,60,0,1,0,0.5054789185523987,0.5054789185523987,0.49452105164527893,0.5054789185523987,2,3,6,post_calibration
37,4,2,4,60,1,1,1,0.5100430250167847,0.5100430250167847,0.48995697498321533,0.5100430250167847,2,3,6,post_calibration
37,5,2,5,60,1,1,1,0.505188524723053,0.505188524723053,0.494811475276947,0.505188524723053,2,3,6,post_calibration
37,6,2,7,60,0,1,0,0.5070983171463013,0.5070983171463013,0.4929017126560211,0.5070983171463013,2,3,6,post_calibration
37,7,2,8,60,0,1,0,0.5085044503211975,0.5085044503211975,0.4914954900741577,0.5085044503211975,2,3,6,post_calibration
37,8,2,11,60,1,1,1,0.5086804628372192,0.5086804628372192,0.49131953716278076,0.5086804628372192,2,3,6,post_calibration
37,9,2,13,60,1,1,1,0.5004940629005432,0.5004940629005432,0.4995059669017792,0.5004940629005432,2,3,6,post_calibration
37,10,2,15,60,1,1,1,0.5068600177764893,0.5068600177764893,0.4931400418281555,0.5068600177764893,2,3,6,post_calibration
37,11,2,17,60,1,1,1,0.5054386258125305,0.5054386258125305,0.4945613443851471,0.5054386258125305,2,3,6,post_calibration
38,0,2,1,60,1,0,0,0.5003342032432556,0.5003342032432556,0.5003342032432556,0.4996657967567444,2,1,9,zero_shot_paired
38,1,2,3,60,0,1,0,0.5045936703681946,0.5045936703681946,0.4954063892364502,0.5045936703681946,2,1,9,zero_shot_paired
38,2,2,6,60,1,1,1,0.5051771998405457,0.5051771998405457,0.49482277035713196,0.5051771998405457,2,1,9,zero_shot_paired
38,3,2,9,60,1,1,1,0.5052562952041626,0.5052562952041626,0.4947437047958374,0.5052562952041626,2,1,9,zero_shot_paired
38,4,2,12,60,1,1,1,0.5050474405288696,0.5050474405288696,0.49495255947113037,0.5050474405288696,2,1,9,zero_shot_paired
38,5,2,13,60,1,0,0,0.5002337098121643,0.5002337098121643,0.5002337098121643,0.4997662603855133,2,1,9,zero_shot_paired
38,6,2,15,60,1,1,1,0.5063954591751099,0.5063954591751099,0.4936045706272125,0.5063954591751099,2,1,9,zero_shot_paired
38,7,2,16,60,0,1,0,0.506743848323822,0.506743848323822,0.49325618147850037,0.506743848323822,2,1,9,zero_shot_paired
38,8,2,17,60,1,1,1,0.5046421885490417,0.5046421885490417,0.49535781145095825,0.5046421885490417,2,1,9,zero_shot_paired
38,0,2,1,60,1,1,1,0.5000550746917725,0.5000550746917725,0.49994492530822754,0.5000550746917725,2,1,9,post_calibration
38,1,2,3,60,0,1,0,0.5050016641616821,0.5050016641616821,0.49499836564064026,0.5050016641616821,2,1,9,post_calibration
38,2,2,6,60,1,1,1,0.5057996511459351,0.5057996511459351,0.49420034885406494,0.5057996511459351,2,1,9,post_calibration
38,3,2,9,60,1,1,1,0.5059778690338135,0.5059778690338135,0.4940221607685089,0.5059778690338135,2,1,9,post_calibration
38,4,2,12,60,1,1,1,0.5062854886054993,0.5062854886054993,0.4937145411968231,0.5062854886054993,2,1,9,post_calibration
38,5,2,13,60,1,1,1,0.5001967549324036,0.5001967549324036,0.49980318546295166,0.5001967549324036,2,1,9,post_calibration
38,6,2,15,60,1,1,1,0.5068567991256714,0.5068567991256714,0.493143230676651,0.5068567991256714,2,1,9,post_calibration
38,7,2,16,60,0,1,0,0.5072401165962219,0.5072401165962219,0.4927598834037781,0.5072401165962219,2,1,9,post_calibration
38,8,2,17,60,1,1,1,0.504852294921875,0.504852294921875,0.495147705078125,0.504852294921875,2,1,9,post_calibration
39,0,2,0,60,1,0,0,0.5008992552757263,0.5008992552757263,0.5008992552757263,0.49910077452659607,2,2,9,zero_shot_paired
39,1,2,2,60,1,0,0,0.5012332201004028,0.5012332201004028,0.5012332201004028,0.4987667500972748,2,2,9,zero_shot_paired
39,2,2,4,60,1,1,1,0.5092796087265015,0.5092796087265015,0.49072036147117615,0.5092796087265015,2,2,9,zero_shot_paired
39,3,2,5,60,1,1,1,0.504610002040863,0.504610002040863,0.49539002776145935,0.504610002040863,2,2,9,zero_shot_paired
39,4,2,7,60,0,1,0,0.5065202116966248,0.5065202116966248,0.49347978830337524,0.5065202116966248,2,2,9,zero_shot_paired
39,5,2,8,60,0,1,0,0.5079013705253601,0.5079013705253601,0.4920985698699951,0.5079013705253601,2,2,9,zero_shot_paired
39,6,2,10,60,1,0,0,0.500230610370636,0.500230610370636,0.500230610370636,0.4997693598270416,2,2,9,zero_shot_paired
39,7,2,11,60,1,1,1,0.5079678297042847,0.5079678297042847,0.4920322000980377,0.5079678297042847,2,2,9,zero_shot_paired
39,8,2,14,60,1,1,1,0.5042009949684143,0.5042009949684143,0.4957989454269409,0.5042009949684143,2,2,9,zero_shot_paired
39,0,2,0,60,1,0,0,0.500083863735199,0.500083863735199,0.500083863735199,0.4999161660671234,2,2,9,post_calibration
39,1,2,2,60,1,0,0,0.5005210041999817,0.5005210041999817,0.5005210041999817,0.4994790256023407,2,2,9,post_calibration
39,2,2,4,60,1,1,1,0.509631872177124,0.509631872177124,0.4903680980205536,0.509631872177124,2,2,9,post_calibration
39,3,2,5,60,1,1,1,0.5053430199623108,0.5053430199623108,0.4946569800376892,0.5053430199623108,2,2,9,post_calibration
39,4,2,7,60,0,1,0,0.5068358182907104,0.5068358182907104,0.49316415190696716,0.5068358182907104,2,2,9,post_calibration
39,5,2,8,60,0,1,0,0.5086296796798706,0.5086296796798706,0.491370290517807,0.5086296796798706,2,2,9,post_calibration
39,6,2,10,60,1,1,1,0.5004385709762573,0.5004385709762573,0.4995614290237427,0.5004385709762573,2,2,9,post_calibration
39,7,2,11,60,1,1,1,0.5086053013801575,0.5086053013801575,0.49139469861984253,0.5086053013801575,2,2,9,post_calibration
39,8,2,14,60,1,1,1,0.5046614408493042,0.5046614408493042,0.4953385293483734,0.5046614408493042,2,2,9,post_calibration
40,0,2,5,60,1,1,1,0.5046096444129944,0.5046096444129944,0.4953903257846832,0.5046096444129944,2,1,12,zero_shot_paired
40,1,2,6,60,1,1,1,0.5051769018173218,0.5051769018173218,0.49482306838035583,0.5051769018173218,2,1,12,zero_shot_paired
40,2,2,7,60,0,1,0,0.5065197348594666,0.5065197348594666,0.49348023533821106,0.5065197348594666,2,1,12,zero_shot_paired
40,3,2,14,60,1,1,1,0.504202127456665,0.504202127456665,0.49579790234565735,0.504202127456665,2,1,12,zero_shot_paired
40,4,2,15,60,1,1,1,0.5063970685005188,0.5063970685005188,0.4936029016971588,0.5063970685005188,2,1,12,zero_shot_paired
40,5,2,17,60,1,1,1,0.5046439170837402,0.5046439170837402,0.4953560531139374,0.5046439170837402,2,1,12,zero_shot_paired
40,0,2,5,60,1,1,1,0.5057187676429749,0.5057187676429749,0.49428123235702515,0.5057187676429749,2,1,12,post_calibration
40,1,2,6,60,1,1,1,0.5067013502120972,0.5067013502120972,0.49329864978790283,0.5067013502120972,2,1,12,post_calibration
40,2,2,7,60,0,1,0,0.507788360118866,0.507788360118866,0.49221163988113403,0.507788360118866,2,1,12,post_calibration
40,3,2,14,60,1,1,1,0.5052200555801392,0.5052200555801392,0.49477991461753845,0.5052200555801392,2,1,12,post_calibration
40,4,2,15,60,1,1,1,0.5076678395271301,0.5076678395271301,0.49233219027519226,0.5076678395271301,2,1,12,post_calibration
40,5,2,17,60,1,1,1,0.5058162808418274,0.5058162808418274,0.494183748960495,0.5058162808418274,2,1,12,post_calibration
41,0,2,1,60,1,0,0,0.5003346800804138,0.5003346800804138,0.5003346800804138,0.4996653199195862,2,2,12,zero_shot_paired
41,1,2,3,60,0,1,0,0.5045939087867737,0.5045939087867737,0.4954061210155487,0.5045939087867737,2,2,12,zero_shot_paired
41,2,2,9,60,1,1,1,0.5052582621574402,0.5052582621574402,0.4947417676448822,0.5052582621574402,2,2,12,zero_shot_paired
41,3,2,11,60,1,1,1,0.5079672932624817,0.5079672932624817,0.4920327067375183,0.5079672932624817,2,2,12,zero_shot_paired
41,4,2,12,60,1,1,1,0.5050482153892517,0.5050482153892517,0.4949517846107483,0.5050482153892517,2,2,12,zero_shot_paired
41,5,2,13,60,1,0,0,0.5002350807189941,0.5002350807189941,0.5002350807189941,0.49976494908332825,2,2,12,zero_shot_paired
41,0,2,1,60,1,1,1,0.5011530518531799,0.5011530518531799,0.49884697794914246,0.5011530518531799,2,2,12,post_calibration
41,1,2,3,60,0,1,0,0.5054818391799927,0.5054818391799927,0.49451813101768494,0.5054818391799927,2,2,12,post_calibration
41,2,2,9,60,1,1,1,0.5067771077156067,0.5067771077156067,0.4932228922843933,0.5067771077156067,2,2,12,post_calibration
41,3,2,11,60,1,1,1,0.5092225670814514,0.5092225670814514,0.4907773733139038,0.5092225670814514,2,2,12,post_calibration
41,4,2,12,60,1,1,1,0.5059662461280823,0.5059662461280823,0.49403369426727295,0.5059662461280823,2,2,12,post_calibration
41,5,2,13,60,1,1,1,0.5008963942527771,0.5008963942527771,0.4991035759449005,0.5008963942527771,2,2,12,post_calibration
42,0,2,1,60,1,0,0,0.5003346800804138,0.5003346800804138,0.5003346800804138,0.4996653199195862,2,3,12,zero_shot_paired
42,1,2,3,60,0,1,0,0.5045939087867737,0.5045939087867737,0.4954061210155487,0.5045939087867737,2,3,12,zero_shot_paired
42,2,2,9,60,1,1,1,0.5052582621574402,0.5052582621574402,0.4947417676448822,0.5052582621574402,2,3,12,zero_shot_paired
42,3,2,10,60,1,0,0,0.5002298355102539,0.5002298355102539,0.5002298355102539,0.4997701346874237,2,3,12,zero_shot_paired
42,4,2,12,60,1,1,1,0.5050482153892517,0.5050482153892517,0.4949517846107483,0.5050482153892517,2,3,12,zero_shot_paired
42,5,2,17,60,1,1,1,0.5046439170837402,0.5046439170837402,0.4953560531139374,0.5046439170837402,2,3,12,zero_shot_paired
42,0,2,1,60,1,1,1,0.5008530616760254,0.5008530616760254,0.49914687871932983,0.5008530616760254,2,3,12,post_calibration
42,1,2,3,60,0,1,0,0.5055891275405884,0.5055891275405884,0.494410902261734,0.5055891275405884,2,3,12,post_calibration
42,2,2,9,60,1,1,1,0.5063452124595642,0.5063452124595642,0.4936548173427582,0.5063452124595642,2,3,12,post_calibration
42,3,2,10,60,1,1,1,0.5004763603210449,0.5004763603210449,0.49952366948127747,0.5004763603210449,2,3,12,post_calibration
42,4,2,12,60,1,1,1,0.5058292150497437,0.5058292150497437,0.49417081475257874,0.5058292150497437,2,3,12,post_calibration
42,5,2,17,60,1,1,1,0.5055413246154785,0.5055413246154785,0.49445870518684387,0.5055413246154785,2,3,12,post_calibration
4,0,3,0,60,1,1,1,0.5020715594291687,0.5020715594291687,0.4979284107685089,0.5020715594291687,3,,,zero_shot_all_trials
4,1,3,1,60,1,1,1,0.5032421946525574,0.5032421946525574,0.4967578053474426,0.5032421946525574,3,,,zero_shot_all_trials
4,2,3,2,60,1,1,1,0.5025842189788818,0.5025842189788818,0.49741578102111816,0.5025842189788818,3,,,zero_shot_all_trials
4,3,3,3,60,0,1,0,0.502631425857544,0.502631425857544,0.49736860394477844,0.502631425857544,3,,,zero_shot_all_trials
4,4,3,4,60,1,1,1,0.5032845735549927,0.5032845735549927,0.4967154860496521,0.5032845735549927,3,,,zero_shot_all_trials
4,5,3,5,60,1,1,1,0.502957284450531,0.502957284450531,0.497042715549469,0.502957284450531,3,,,zero_shot_all_trials
4,6,3,6,60,1,1,1,0.5028670430183411,0.5028670430183411,0.4971329867839813,0.5028670430183411,3,,,zero_shot_all_trials
4,7,3,7,60,0,1,0,0.5028408765792847,0.5028408765792847,0.49715906381607056,0.5028408765792847,3,,,zero_shot_all_trials
4,8,3,8,60,0,1,0,0.5047069787979126,0.5047069787979126,0.495292991399765,0.5047069787979126,3,,,zero_shot_all_trials
4,9,3,9,60,0,1,0,0.5020357370376587,0.5020357370376587,0.49796420335769653,0.5020357370376587,3,,,zero_shot_all_trials
4,10,3,10,60,1,1,1,0.5015164017677307,0.5015164017677307,0.4984836280345917,0.5015164017677307,3,,,zero_shot_all_trials
4,11,3,11,60,1,1,1,0.5013239979743958,0.5013239979743958,0.49867600202560425,0.5013239979743958,3,,,zero_shot_all_trials
4,12,3,12,60,1,1,1,0.5027865767478943,0.5027865767478943,0.4972134530544281,0.5027865767478943,3,,,zero_shot_all_trials
4,13,3,13,60,0,1,0,0.5022844076156616,0.5022844076156616,0.4977155923843384,0.5022844076156616,3,,,zero_shot_all_trials
4,14,3,14,60,0,1,0,0.5033507347106934,0.5033507347106934,0.49664926528930664,0.5033507347106934,3,,,zero_shot_all_trials
4,15,3,15,60,1,1,1,0.5029846429824829,0.5029846429824829,0.4970153570175171,0.5029846429824829,3,,,zero_shot_all_trials
4,16,3,16,60,0,1,0,0.5019969940185547,0.5019969940185547,0.4980029761791229,0.5019969940185547,3,,,zero_shot_all_trials
4,17,3,17,60,0,1,0,0.5021609663963318,0.5021609663963318,0.4978390634059906,0.5021609663963318,3,,,zero_shot_all_trials
43,0,3,0,60,1,1,1,0.5020716786384583,0.5020716786384583,0.49792832136154175,0.5020716786384583,3,1,3,zero_shot_paired
43,1,3,2,60,1,1,1,0.5025841593742371,0.5025841593742371,0.4974158704280853,0.5025841593742371,3,1,3,zero_shot_paired
43,2,3,3,60,0,1,0,0.5026313066482544,0.5026313066482544,0.497368723154068,0.5026313066482544,3,1,3,zero_shot_paired
43,3,3,4,60,1,1,1,0.5032845139503479,0.5032845139503479,0.4967154860496521,0.5032845139503479,3,1,3,zero_shot_paired
43,4,3,6,60,1,1,1,0.5028671026229858,0.5028671026229858,0.49713289737701416,0.5028671026229858,3,1,3,zero_shot_paired
43,5,3,7,60,0,1,0,0.5028408765792847,0.5028408765792847,0.49715909361839294,0.5028408765792847,3,1,3,zero_shot_paired
43,6,3,8,60,0,1,0,0.5047070980072021,0.5047070980072021,0.49529293179512024,0.5047070980072021,3,1,3,zero_shot_paired
43,7,3,10,60,1,1,1,0.5015164017677307,0.5015164017677307,0.4984835684299469,0.5015164017677307,3,1,3,zero_shot_paired
43,8,3,11,60,1,1,1,0.501323938369751,0.501323938369751,0.498676061630249,0.501323938369751,3,1,3,zero_shot_paired
43,9,3,12,60,1,1,1,0.5027864575386047,0.5027864575386047,0.4972135126590729,0.5027864575386047,3,1,3,zero_shot_paired
43,10,3,13,60,0,1,0,0.5022844076156616,0.5022844076156616,0.4977155923843384,0.5022844076156616,3,1,3,zero_shot_paired
43,11,3,14,60,0,1,0,0.5033506751060486,0.5033506751060486,0.49664929509162903,0.5033506751060486,3,1,3,zero_shot_paired
43,12,3,15,60,1,1,1,0.5029847025871277,0.5029847025871277,0.4970152676105499,0.5029847025871277,3,1,3,zero_shot_paired
43,13,3,16,60,0,1,0,0.5019969344139099,0.5019969344139099,0.4980030059814453,0.5019969344139099,3,1,3,zero_shot_paired
43,14,3,17,60,0,1,0,0.5021609663963318,0.5021609663963318,0.4978390336036682,0.5021609663963318,3,1,3,zero_shot_paired
43,0,3,0,60,1,1,1,0.5031288862228394,0.5031288862228394,0.49687108397483826,0.5031288862228394,3,1,3,post_calibration
43,1,3,2,60,1,1,1,0.5037820935249329,0.5037820935249329,0.49621787667274475,0.5037820935249329,3,1,3,post_calibration
43,2,3,3,60,0,1,0,0.5038179755210876,0.5038179755210876,0.49618202447891235,0.5038179755210876,3,1,3,post_calibration
43,3,3,4,60,1,1,1,0.5046650767326355,0.5046650767326355,0.4953349232673645,0.5046650767326355,3,1,3,post_calibration
43,4,3,6,60,1,1,1,0.5038390159606934,0.5038390159606934,0.49616095423698425,0.5038390159606934,3,1,3,post_calibration
43,5,3,7,60,0,1,0,0.5039785504341125,0.5039785504341125,0.49602147936820984,0.5039785504341125,3,1,3,post_calibration
43,6,3,8,60,0,1,0,0.5058276653289795,0.5058276653289795,0.4941723346710205,0.5058276653289795,3,1,3,post_calibration
43,7,3,10,60,1,1,1,0.5025032162666321,0.5025032162666321,0.4974968135356903,0.5025032162666321,3,1,3,post_calibration
43,8,3,11,60,1,1,1,0.5024568438529968,0.5024568438529968,0.4975431561470032,0.5024568438529968,3,1,3,post_calibration
43,9,3,12,60,1,1,1,0.5038554072380066,0.5038554072380066,0.4961446225643158,0.5038554072380066,3,1,3,post_calibration
43,10,3,13,60,0,1,0,0.5036064982414246,0.5036064982414246,0.49639344215393066,0.5036064982414246,3,1,3,post_calibration
43,11,3,14,60,0,1,0,0.5044098496437073,0.5044098496437073,0.4955901503562927,0.5044098496437073,3,1,3,post_calibration
43,12,3,15,60,1,1,1,0.5037644505500793,0.5037644505500793,0.49623557925224304,0.5037644505500793,3,1,3,post_calibration
43,13,3,16,60,0,1,0,0.5031185150146484,0.5031185150146484,0.49688148498535156,0.5031185150146484,3,1,3,post_calibration
43,14,3,17,60,0,1,0,0.5032387971878052,0.5032387971878052,0.4967612326145172,0.5032387971878052,3,1,3,post_calibration
44,0,3,0,60,1,1,1,0.5020716786384583,0.5020716786384583,0.49792832136154175,0.5020716786384583,3,2,3,zero_shot_paired
44,1,3,1,60,1,1,1,0.5032421946525574,0.5032421946525574,0.4967578053474426,0.5032421946525574,3,2,3,zero_shot_paired
44,2,3,2,60,1,1,1,0.5025841593742371,0.5025841593742371,0.4974158704280853,0.5025841593742371,3,2,3,zero_shot_paired
44,3,3,4,60,1,1,1,0.5032845139503479,0.5032845139503479,0.4967154860496521,0.5032845139503479,3,2,3,zero_shot_paired
44,4,3,5,60,1,1,1,0.502957284450531,0.502957284450531,0.497042715549469,0.502957284450531,3,2,3,zero_shot_paired
44,5,3,6,60,1,1,1,0.5028671026229858,0.5028671026229858,0.49713289737701416,0.5028671026229858,3,2,3,zero_shot_paired
44,6,3,7,60,0,1,0,0.5028408765792847,0.5028408765792847,0.49715909361839294,0.5028408765792847,3,2,3,zero_shot_paired
44,7,3,9,60,0,1,0,0.5020357370376587,0.5020357370376587,0.49796420335769653,0.5020357370376587,3,2,3,zero_shot_paired
44,8,3,10,60,1,1,1,0.5015164017677307,0.5015164017677307,0.4984835684299469,0.5015164017677307,3,2,3,zero_shot_paired
44,9,3,11,60,1,1,1,0.501323938369751,0.501323938369751,0.498676061630249,0.501323938369751,3,2,3,zero_shot_paired
44,10,3,12,60,1,1,1,0.5027864575386047,0.5027864575386047,0.4972135126590729,0.5027864575386047,3,2,3,zero_shot_paired
44,11,3,13,60,0,1,0,0.5022844076156616,0.5022844076156616,0.4977155923843384,0.5022844076156616,3,2,3,zero_shot_paired
44,12,3,14,60,0,1,0,0.5033506751060486,0.5033506751060486,0.49664929509162903,0.5033506751060486,3,2,3,zero_shot_paired
44,13,3,16,60,0,1,0,0.5019969344139099,0.5019969344139099,0.4980030059814453,0.5019969344139099,3,2,3,zero_shot_paired
44,14,3,17,60,0,1,0,0.5021609663963318,0.5021609663963318,0.4978390336036682,0.5021609663963318,3,2,3,zero_shot_paired
44,0,3,0,60,1,1,1,0.5012567639350891,0.5012567639350891,0.4987432658672333,0.5012567639350891,3,2,3,post_calibration
44,1,3,1,60,1,1,1,0.5022525787353516,0.5022525787353516,0.49774739146232605,0.5022525787353516,3,2,3,post_calibration
44,2,3,2,60,1,1,1,0.5014411807060242,0.5014411807060242,0.49855878949165344,0.5014411807060242,3,2,3,post_calibration
44,3,3,4,60,1,1,1,0.5022698044776917,0.5022698044776917,0.49773019552230835,0.5022698044776917,3,2,3,post_calibration
44,4,3,5,60,1,1,1,0.5021541118621826,0.5021541118621826,0.49784591794013977,0.5021541118621826,3,2,3,post_calibration
44,5,3,6,60,1,1,1,0.5020495653152466,0.5020495653152466,0.49795037508010864,0.5020495653152466,3,2,3,post_calibration
44,6,3,7,60,0,1,0,0.5019947290420532,0.5019947290420532,0.4980052411556244,0.5019947290420532,3,2,3,post_calibration
44,7,3,9,60,0,1,0,0.5013012290000916,0.5013012290000916,0.4986988306045532,0.5013012290000916,3,2,3,post_calibration
44,8,3,10,60,1,1,1,0.5006964802742004,0.5006964802742004,0.49930351972579956,0.5006964802742004,3,2,3,post_calibration
44,9,3,11,60,1,1,1,0.5006084442138672,0.5006084442138672,0.4993915259838104,0.5006084442138672,3,2,3,post_calibration
44,10,3,12,60,1,1,1,0.5020657181739807,0.5020657181739807,0.4979342818260193,0.5020657181739807,3,2,3,post_calibration
44,11,3,13,60,0,1,0,0.5016090869903564,0.5016090869903564,0.49839094281196594,0.5016090869903564,3,2,3,post_calibration
44,12,3,14,60,0,1,0,0.5024555921554565,0.5024555921554565,0.49754440784454346,0.5024555921554565,3,2,3,post_calibration
44,13,3,16,60,0,1,0,0.5013401508331299,0.5013401508331299,0.4986598789691925,0.5013401508331299,3,2,3,post_calibration
44,14,3,17,60,0,1,0,0.5012892484664917,0.5012892484664917,0.4987107813358307,0.5012892484664917,3,2,3,post_calibration
45,0,3,1,60,1,1,1,0.5032421946525574,0.5032421946525574,0.4967578053474426,0.5032421946525574,3,3,3,zero_shot_paired
45,1,3,3,60,0,1,0,0.5026313066482544,0.5026313066482544,0.497368723154068,0.5026313066482544,3,3,3,zero_shot_paired
45,2,3,4,60,1,1,1,0.5032845139503479,0.5032845139503479,0.4967154860496521,0.5032845139503479,3,3,3,zero_shot_paired
45,3,3,5,60,1,1,1,0.502957284450531,0.502957284450531,0.497042715549469,0.502957284450531,3,3,3,zero_shot_paired
45,4,3,6,60,1,1,1,0.5028671026229858,0.5028671026229858,0.49713289737701416,0.5028671026229858,3,3,3,zero_shot_paired
45,5,3,7,60,0,1,0,0.5028408765792847,0.5028408765792847,0.49715909361839294,0.5028408765792847,3,3,3,zero_shot_paired
45,6,3,8,60,0,1,0,0.5047070980072021,0.5047070980072021,0.49529293179512024,0.5047070980072021,3,3,3,zero_shot_paired
45,7,3,9,60,0,1,0,0.5020357370376587,0.5020357370376587,0.49796420335769653,0.5020357370376587,3,3,3,zero_shot_paired
45,8,3,10,60,1,1,1,0.5015164017677307,0.5015164017677307,0.4984835684299469,0.5015164017677307,3,3,3,zero_shot_paired
45,9,3,11,60,1,1,1,0.501323938369751,0.501323938369751,0.498676061630249,0.501323938369751,3,3,3,zero_shot_paired
45,10,3,12,60,1,1,1,0.5027864575386047,0.5027864575386047,0.4972135126590729,0.5027864575386047,3,3,3,zero_shot_paired
45,11,3,13,60,0,1,0,0.5022844076156616,0.5022844076156616,0.4977155923843384,0.5022844076156616,3,3,3,zero_shot_paired
45,12,3,15,60,1,1,1,0.5029847025871277,0.5029847025871277,0.4970152676105499,0.5029847025871277,3,3,3,zero_shot_paired
45,13,3,16,60,0,1,0,0.5019969344139099,0.5019969344139099,0.4980030059814453,0.5019969344139099,3,3,3,zero_shot_paired
45,14,3,17,60,0,1,0,0.5021609663963318,0.5021609663963318,0.4978390336036682,0.5021609663963318,3,3,3,zero_shot_paired
45,0,3,1,60,1,1,1,0.5042873620986938,0.5042873620986938,0.4957126975059509,0.5042873620986938,3,3,3,post_calibration
45,1,3,3,60,0,1,0,0.5038307905197144,0.5038307905197144,0.49616920948028564,0.5038307905197144,3,3,3,post_calibration
45,2,3,4,60,1,1,1,0.5046990513801575,0.5046990513801575,0.49530091881752014,0.5046990513801575,3,3,3,post_calibration
45,3,3,5,60,1,1,1,0.5038450360298157,0.5038450360298157,0.49615490436553955,0.5038450360298157,3,3,3,post_calibration
45,4,3,6,60,1,1,1,0.503795862197876,0.503795862197876,0.49620410799980164,0.503795862197876,3,3,3,post_calibration
45,5,3,7,60,0,1,0,0.5039718151092529,0.5039718151092529,0.49602821469306946,0.5039718151092529,3,3,3,post_calibration
45,6,3,8,60,0,1,0,0.5055256485939026,0.5055256485939026,0.4944743514060974,0.5055256485939026,3,3,3,post_calibration
45,7,3,9,60,0,1,0,0.502817690372467,0.502817690372467,0.49718227982521057,0.502817690372467,3,3,3,post_calibration
45,8,3,10,60,1,1,1,0.502432107925415,0.502432107925415,0.49756789207458496,0.502432107925415,3,3,3,post_calibration
45,9,3,11,60,1,1,1,0.5022209286689758,0.5022209286689758,0.49777907133102417,0.5022209286689758,3,3,3,post_calibration
45,10,3,12,60,1,1,1,0.5038648843765259,0.5038648843765259,0.4961351156234741,0.5038648843765259,3,3,3,post_calibration
45,11,3,13,60,0,1,0,0.503506064414978,0.503506064414978,0.49649396538734436,0.503506064414978,3,3,3,post_calibration
45,12,3,15,60,1,1,1,0.5037267208099365,0.5037267208099365,0.49627333879470825,0.5037267208099365,3,3,3,post_calibration
45,13,3,16,60,0,1,0,0.5031557679176331,0.5031557679176331,0.49684420228004456,0.5031557679176331,3,3,3,post_calibration
45,14,3,17,60,0,1,0,0.5030183792114258,0.5030183792114258,0.4969816207885742,0.5030183792114258,3,3,3,post_calibration
46,0,3,0,60,1,1,1,0.5020716786384583,0.5020716786384583,0.49792832136154175,0.5020716786384583,3,4,3,zero_shot_paired
46,1,3,1,60,1,1,1,0.5032421946525574,0.5032421946525574,0.4967578053474426,0.5032421946525574,3,4,3,zero_shot_paired
46,2,3,2,60,1,1,1,0.5025841593742371,0.5025841593742371,0.4974158704280853,0.5025841593742371,3,4,3,zero_shot_paired
46,3,3,3,60,0,1,0,0.5026313066482544,0.5026313066482544,0.497368723154068,0.5026313066482544,3,4,3,zero_shot_paired
46,4,3,5,60,1,1,1,0.502957284450531,0.502957284450531,0.497042715549469,0.502957284450531,3,4,3,zero_shot_paired
46,5,3,6,60,1,1,1,0.5028671026229858,0.5028671026229858,0.49713289737701416,0.5028671026229858,3,4,3,zero_shot_paired
46,6,3,8,60,0,1,0,0.5047070980072021,0.5047070980072021,0.49529293179512024,0.5047070980072021,3,4,3,zero_shot_paired
46,7,3,9,60,0,1,0,0.5020357370376587,0.5020357370376587,0.49796420335769653,0.5020357370376587,3,4,3,zero_shot_paired
46,8,3,10,60,1,1,1,0.5015164017677307,0.5015164017677307,0.4984835684299469,0.5015164017677307,3,4,3,zero_shot_paired
46,9,3,12,60,1,1,1,0.5027864575386047,0.5027864575386047,0.4972135126590729,0.5027864575386047,3,4,3,zero_shot_paired
46,10,3,13,60,0,1,0,0.5022844076156616,0.5022844076156616,0.4977155923843384,0.5022844076156616,3,4,3,zero_shot_paired
46,11,3,14,60,0,1,0,0.5033506751060486,0.5033506751060486,0.49664929509162903,0.5033506751060486,3,4,3,zero_shot_paired
46,12,3,15,60,1,1,1,0.5029847025871277,0.5029847025871277,0.4970152676105499,0.5029847025871277,3,4,3,zero_shot_paired
46,13,3,16,60,0,1,0,0.5019969344139099,0.5019969344139099,0.4980030059814453,0.5019969344139099,3,4,3,zero_shot_paired
46,14,3,17,60,0,1,0,0.5021609663963318,0.5021609663963318,0.4978390336036682,0.5021609663963318,3,4,3,zero_shot_paired
46,0,3,0,60,1,1,1,0.5024234056472778,0.5024234056472778,0.49757659435272217,0.5024234056472778,3,4,3,post_calibration
46,1,3,1,60,1,1,1,0.503758430480957,0.503758430480957,0.49624156951904297,0.503758430480957,3,4,3,post_calibration
46,2,3,2,60,1,1,1,0.5031602382659912,0.5031602382659912,0.4968397617340088,0.5031602382659912,3,4,3,post_calibration
46,3,3,3,60,0,1,0,0.5031402707099915,0.5031402707099915,0.49685975909233093,0.5031402707099915,3,4,3,post_calibration
46,4,3,5,60,1,1,1,0.5034815669059753,0.5034815669059753,0.49651840329170227,0.5034815669059753,3,4,3,post_calibration
46,5,3,6,60,1,1,1,0.5032894015312195,0.5032894015312195,0.4967106580734253,0.5032894015312195,3,4,3,post_calibration
46,6,3,8,60,0,1,0,0.5050766468048096,0.5050766468048096,0.4949233829975128,0.5050766468048096,3,4,3,post_calibration
46,7,3,9,60,0,1,0,0.5025611519813538,0.5025611519813538,0.49743884801864624,0.5025611519813538,3,4,3,post_calibration
46,8,3,10,60,1,1,1,0.5019222497940063,0.5019222497940063,0.49807775020599365,0.5019222497940063,3,4,3,post_calibration
46,9,3,12,60,1,1,1,0.5033854842185974,0.5033854842185974,0.496614545583725,0.5033854842185974,3,4,3,post_calibration
46,10,3,13,60,0,1,0,0.50294429063797,0.50294429063797,0.4970557391643524,0.50294429063797,3,4,3,post_calibration
46,11,3,14,60,0,1,0,0.503699779510498,0.503699779510498,0.49630019068717957,0.503699779510498,3,4,3,post_calibration
46,12,3,15,60,1,1,1,0.5034015774726868,0.5034015774726868,0.496598482131958,0.5034015774726868,3,4,3,post_calibration
46,13,3,16,60,0,1,0,0.5025182366371155,0.5025182366371155,0.4974817931652069,0.5025182366371155,3,4,3,post_calibration
46,14,3,17,60,0,1,0,0.502509355545044,0.502509355545044,0.49749061465263367,0.502509355545044,3,4,3,post_calibration
47,0,3,0,60,1,1,1,0.5020716786384583,0.5020716786384583,0.49792832136154175,0.5020716786384583,3,5,3,zero_shot_paired
47,1,3,1,60,1,1,1,0.5032421946525574,0.5032421946525574,0.4967578053474426,0.5032421946525574,3,5,3,zero_shot_paired
47,2,3,2,60,1,1,1,0.5025841593742371,0.5025841593742371,0.4974158704280853,0.5025841593742371,3,5,3,zero_shot_paired
47,3,3,3,60,0,1,0,0.5026313066482544,0.5026313066482544,0.497368723154068,0.5026313066482544,3,5,3,zero_shot_paired
47,4,3,4,60,1,1,1,0.5032845139503479,0.5032845139503479,0.4967154860496521,0.5032845139503479,3,5,3,zero_shot_paired
47,5,3,5,60,1,1,1,0.502957284450531,0.502957284450531,0.497042715549469,0.502957284450531,3,5,3,zero_shot_paired
47,6,3,7,60,0,1,0,0.5028408765792847,0.5028408765792847,0.49715909361839294,0.5028408765792847,3,5,3,zero_shot_paired
47,7,3,8,60,0,1,0,0.5047070980072021,0.5047070980072021,0.49529293179512024,0.5047070980072021,3,5,3,zero_shot_paired
47,8,3,9,60,0,1,0,0.5020357370376587,0.5020357370376587,0.49796420335769653,0.5020357370376587,3,5,3,zero_shot_paired
47,9,3,10,60,1,1,1,0.5015164017677307,0.5015164017677307,0.4984835684299469,0.5015164017677307,3,5,3,zero_shot_paired
47,10,3,11,60,1,1,1,0.501323938369751,0.501323938369751,0.498676061630249,0.501323938369751,3,5,3,zero_shot_paired
47,11,3,12,60,1,1,1,0.5027864575386047,0.5027864575386047,0.4972135126590729,0.5027864575386047,3,5,3,zero_shot_paired
47,12,3,13,60,0,1,0,0.5022844076156616,0.5022844076156616,0.4977155923843384,0.5022844076156616,3,5,3,zero_shot_paired
47,13,3,14,60,0,1,0,0.5033506751060486,0.5033506751060486,0.49664929509162903,0.5033506751060486,3,5,3,zero_shot_paired
47,14,3,15,60,1,1,1,0.5029847025871277,0.5029847025871277,0.4970152676105499,0.5029847025871277,3,5,3,zero_shot_paired
47,0,3,0,60,1,1,1,0.5018940567970276,0.5018940567970276,0.4981059432029724,0.5018940567970276,3,5,3,post_calibration
47,1,3,1,60,1,1,1,0.502981960773468,0.502981960773468,0.497018039226532,0.502981960773468,3,5,3,post_calibration
47,2,3,2,60,1,1,1,0.5023062229156494,0.5023062229156494,0.4976937770843506,0.5023062229156494,3,5,3,post_calibration
47,3,3,3,60,0,1,0,0.5023466944694519,0.5023466944694519,0.4976533055305481,0.5023466944694519,3,5,3,post_calibration
47,4,3,4,60,1,1,1,0.5030901432037354,0.5030901432037354,0.4969097971916199,0.5030901432037354,3,5,3,post_calibration
47,5,3,5,60,1,1,1,0.5026313662528992,0.5026313662528992,0.49736860394477844,0.5026313662528992,3,5,3,post_calibration
47,6,3,7,60,0,1,0,0.5025462508201599,0.5025462508201599,0.4974537193775177,0.5025462508201599,3,5,3,post_calibration
47,7,3,8,60,0,1,0,0.5044110417366028,0.5044110417366028,0.4955889880657196,0.5044110417366028,3,5,3,post_calibration
47,8,3,9,60,0,1,0,0.5017486810684204,0.5017486810684204,0.498251348733902,0.5017486810684204,3,5,3,post_calibration
47,9,3,10,60,1,1,1,0.501333475112915,0.501333475112915,0.49866655468940735,0.501333475112915,3,5,3,post_calibration
47,10,3,11,60,1,1,1,0.5011667013168335,0.5011667013168335,0.4988332986831665,0.5011667013168335,3,5,3,post_calibration
47,11,3,12,60,1,1,1,0.5023792386054993,0.5023792386054993,0.49762073159217834,0.5023792386054993,3,5,3,post_calibration
47,12,3,13,60,0,1,0,0.5019121766090393,0.5019121766090393,0.4980878531932831,0.5019121766090393,3,5,3,post_calibration
47,13,3,14,60,0,1,0,0.5030567646026611,0.5030567646026611,0.49694323539733887,0.5030567646026611,3,5,3,post_calibration
47,14,3,15,60,1,1,1,0.5027201771736145,0.5027201771736145,0.4972797930240631,0.5027201771736145,3,5,3,post_calibration
48,0,3,0,60,1,1,1,0.5020716786384583,0.5020716786384583,0.49792832136154175,0.5020716786384583,3,6,3,zero_shot_paired
48,1,3,1,60,1,1,1,0.5032421946525574,0.5032421946525574,0.4967578053474426,0.5032421946525574,3,6,3,zero_shot_paired
48,2,3,2,60,1,1,1,0.5025841593742371,0.5025841593742371,0.4974158704280853,0.5025841593742371,3,6,3,zero_shot_paired
48,3,3,3,60,0,1,0,0.5026313066482544,0.5026313066482544,0.497368723154068,0.5026313066482544,3,6,3,zero_shot_paired
48,4,3,4,60,1,1,1,0.5032845139503479,0.5032845139503479,0.4967154860496521,0.5032845139503479,3,6,3,zero_shot_paired
48,5,3,5,60,1,1,1,0.502957284450531,0.502957284450531,0.497042715549469,0.502957284450531,3,6,3,zero_shot_paired
48,6,3,6,60,1,1,1,0.5028671026229858,0.5028671026229858,0.49713289737701416,0.5028671026229858,3,6,3,zero_shot_paired
48,7,3,7,60,0,1,0,0.5028408765792847,0.5028408765792847,0.49715909361839294,0.5028408765792847,3,6,3,zero_shot_paired
48,8,3,8,60,0,1,0,0.5047070980072021,0.5047070980072021,0.49529293179512024,0.5047070980072021,3,6,3,zero_shot_paired
48,9,3,9,60,0,1,0,0.5020357370376587,0.5020357370376587,0.49796420335769653,0.5020357370376587,3,6,3,zero_shot_paired
48,10,3,11,60,1,1,1,0.501323938369751,0.501323938369751,0.498676061630249,0.501323938369751,3,6,3,zero_shot_paired
48,11,3,14,60,0,1,0,0.5033506751060486,0.5033506751060486,0.49664929509162903,0.5033506751060486,3,6,3,zero_shot_paired
48,12,3,15,60,1,1,1,0.5029847025871277,0.5029847025871277,0.4970152676105499,0.5029847025871277,3,6,3,zero_shot_paired
48,13,3,16,60,0,1,0,0.5019969344139099,0.5019969344139099,0.4980030059814453,0.5019969344139099,3,6,3,zero_shot_paired
48,14,3,17,60,0,1,0,0.5021609663963318,0.5021609663963318,0.4978390336036682,0.5021609663963318,3,6,3,zero_shot_paired
48,0,3,0,60,1,1,1,0.5023767948150635,0.5023767948150635,0.4976232051849365,0.5023767948150635,3,6,3,post_calibration
48,1,3,1,60,1,1,1,0.5038243532180786,0.5038243532180786,0.4961756765842438,0.5038243532180786,3,6,3,post_calibration
48,2,3,2,60,1,1,1,0.5032286643981934,0.5032286643981934,0.49677133560180664,0.5032286643981934,3,6,3,post_calibration
48,3,3,3,60,0,1,0,0.5032684206962585,0.5032684206962585,0.49673160910606384,0.5032684206962585,3,6,3,post_calibration
48,4,3,4,60,1,1,1,0.5040037035942078,0.5040037035942078,0.49599629640579224,0.5040037035942078,3,6,3,post_calibration
48,5,3,5,60,1,1,1,0.503642201423645,0.503642201423645,0.4963577687740326,0.503642201423645,3,6,3,post_calibration
48,6,3,6,60,1,1,1,0.503490686416626,0.503490686416626,0.4965093433856964,0.503490686416626,3,6,3,post_calibration
48,7,3,7,60,0,1,0,0.5034509897232056,0.5034509897232056,0.4965490400791168,0.5034509897232056,3,6,3,post_calibration
48,8,3,8,60,0,1,0,0.5054184794425964,0.5054184794425964,0.49458152055740356,0.5054184794425964,3,6,3,post_calibration
48,9,3,9,60,0,1,0,0.5027168393135071,0.5027168393135071,0.4972831606864929,0.5027168393135071,3,6,3,post_calibration
48,10,3,11,60,1,1,1,0.5020125508308411,0.5020125508308411,0.49798741936683655,0.5020125508308411,3,6,3,post_calibration
48,11,3,14,60,0,1,0,0.5038208365440369,0.5038208365440369,0.4961791932582855,0.5038208365440369,3,6,3,post_calibration
48,12,3,15,60,1,1,1,0.5036622881889343,0.5036622881889343,0.4963376820087433,0.5036622881889343,3,6,3,post_calibration
48,13,3,16,60,0,1,0,0.5027555227279663,0.5027555227279663,0.4972444176673889,0.5027555227279663,3,6,3,post_calibration
48,14,3,17,60,0,1,0,0.5026753544807434,0.5026753544807434,0.4973246455192566,0.5026753544807434,3,6,3,post_calibration
49,0,3,0,60,1,1,1,0.5020716786384583,0.5020716786384583,0.49792832136154175,0.5020716786384583,3,1,6,zero_shot_paired
49,1,3,1,60,1,1,1,0.5032421946525574,0.5032421946525574,0.4967578053474426,0.5032421946525574,3,1,6,zero_shot_paired
49,2,3,3,60,0,1,0,0.5026313066482544,0.5026313066482544,0.497368723154068,0.5026313066482544,3,1,6,zero_shot_paired
49,3,3,4,60,1,1,1,0.5032845139503479,0.5032845139503479,0.4967154860496521,0.5032845139503479,3,1,6,zero_shot_paired
49,4,3,5,60,1,1,1,0.502957284450531,0.502957284450531,0.497042715549469,0.502957284450531,3,1,6,zero_shot_paired
49,5,3,6,60,1,1,1,0.5028671026229858,0.5028671026229858,0.49713289737701416,0.5028671026229858,3,1,6,zero_shot_paired
49,6,3,7,60,0,1,0,0.5028408765792847,0.5028408765792847,0.49715909361839294,0.5028408765792847,3,1,6,zero_shot_paired
49,7,3,8,60,0,1,0,0.5047070980072021,0.5047070980072021,0.49529293179512024,0.5047070980072021,3,1,6,zero_shot_paired
49,8,3,11,60,1,1,1,0.501323938369751,0.501323938369751,0.498676061630249,0.501323938369751,3,1,6,zero_shot_paired
49,9,3,13,60,0,1,0,0.5022844076156616,0.5022844076156616,0.4977155923843384,0.5022844076156616,3,1,6,zero_shot_paired
49,10,3,15,60,1,1,1,0.5029847025871277,0.5029847025871277,0.4970152676105499,0.5029847025871277,3,1,6,zero_shot_paired
49,11,3,16,60,0,1,0,0.5019969344139099,0.5019969344139099,0.4980030059814453,0.5019969344139099,3,1,6,zero_shot_paired
49,0,3,0,60,1,1,1,0.5020040273666382,0.5020040273666382,0.4979960024356842,0.5020040273666382,3,1,6,post_calibration
49,1,3,1,60,1,1,1,0.5029222965240479,0.5029222965240479,0.49707773327827454,0.5029222965240479,3,1,6,post_calibration
49,2,3,3,60,0,1,0,0.5023897290229797,0.5023897290229797,0.49761033058166504,0.5023897290229797,3,1,6,post_calibration
49,3,3,4,60,1,1,1,0.5030428767204285,0.5030428767204285,0.4969571530818939,0.5030428767204285,3,1,6,post_calibration
49,4,3,5,60,1,1,1,0.5029466152191162,0.5029466152191162,0.49705344438552856,0.5029466152191162,3,1,6,post_calibration
49,5,3,6,60,1,1,1,0.5026854276657104,0.5026854276657104,0.49731457233428955,0.5026854276657104,3,1,6,post_calibration
49,6,3,7,60,0,1,0,0.5027593374252319,0.5027593374252319,0.4972406327724457,0.5027593374252319,3,1,6,post_calibration
49,7,3,8,60,0,1,0,0.5044686198234558,0.5044686198234558,0.4955314099788666,0.5044686198234558,3,1,6,post_calibration
49,8,3,11,60,1,1,1,0.5009434223175049,0.5009434223175049,0.49905654788017273,0.5009434223175049,3,1,6,post_calibration
49,9,3,13,60,0,1,0,0.5022087097167969,0.5022087097167969,0.4977913200855255,0.5022087097167969,3,1,6,post_calibration
49,10,3,15,60,1,1,1,0.5027839541435242,0.5027839541435242,0.4972160756587982,0.5027839541435242,3,1,6,post_calibration
49,11,3,16,60,0,1,0,0.5018538236618042,0.5018538236618042,0.4981462061405182,0.5018538236618042,3,1,6,post_calibration
50,0,3,0,60,1,1,1,0.5020716786384583,0.5020716786384583,0.49792832136154175,0.5020716786384583,3,2,6,zero_shot_paired
50,1,3,2,60,1,1,1,0.5025841593742371,0.5025841593742371,0.4974158704280853,0.5025841593742371,3,2,6,zero_shot_paired
50,2,3,4,60,1,1,1,0.5032845139503479,0.5032845139503479,0.4967154860496521,0.5032845139503479,3,2,6,zero_shot_paired
50,3,3,7,60,0,1,0,0.5028408765792847,0.5028408765792847,0.49715909361839294,0.5028408765792847,3,2,6,zero_shot_paired
50,4,3,8,60,0,1,0,0.5047070980072021,0.5047070980072021,0.49529293179512024,0.5047070980072021,3,2,6,zero_shot_paired
50,5,3,9,60,0,1,0,0.5020357370376587,0.5020357370376587,0.49796420335769653,0.5020357370376587,3,2,6,zero_shot_paired
50,6,3,10,60,1,1,1,0.5015164017677307,0.5015164017677307,0.4984835684299469,0.5015164017677307,3,2,6,zero_shot_paired
50,7,3,11,60,1,1,1,0.501323938369751,0.501323938369751,0.498676061630249,0.501323938369751,3,2,6,zero_shot_paired
50,8,3,12,60,1,1,1,0.5027864575386047,0.5027864575386047,0.4972135126590729,0.5027864575386047,3,2,6,zero_shot_paired
50,9,3,14,60,0,1,0,0.5033506751060486,0.5033506751060486,0.49664929509162903,0.5033506751060486,3,2,6,zero_shot_paired
50,10,3,15,60,1,1,1,0.5029847025871277,0.5029847025871277,0.4970152676105499,0.5029847025871277,3,2,6,zero_shot_paired
50,11,3,17,60,0,1,0,0.5021609663963318,0.5021609663963318,0.4978390336036682,0.5021609663963318,3,2,6,zero_shot_paired
50,0,3,0,60,1,1,1,0.5024998188018799,0.5024998188018799,0.4975002408027649,0.5024998188018799,3,2,6,post_calibration
50,1,3,2,60,1,1,1,0.5031118988990784,0.5031118988990784,0.496888130903244,0.5031118988990784,3,2,6,post_calibration
50,2,3,4,60,1,1,1,0.5038602948188782,0.5038602948188782,0.4961397349834442,0.5038602948188782,3,2,6,post_calibration
50,3,3,7,60,0,1,0,0.5032326579093933,0.5032326579093933,0.4967672824859619,0.5032326579093933,3,2,6,post_calibration
50,4,3,8,60,0,1,0,0.5052763223648071,0.5052763223648071,0.4947236180305481,0.5052763223648071,3,2,6,post_calibration
50,5,3,9,60,0,1,0,0.5021785497665405,0.5021785497665405,0.49782148003578186,0.5021785497665405,3,2,6,post_calibration
50,6,3,10,60,1,1,1,0.5017889142036438,0.5017889142036438,0.4982111155986786,0.5017889142036438,3,2,6,post_calibration
50,7,3,11,60,1,1,1,0.5017606616020203,0.5017606616020203,0.4982393980026245,0.5017606616020203,3,2,6,post_calibration
50,8,3,12,60,1,1,1,0.5031300187110901,0.5031300187110901,0.4968700110912323,0.5031300187110901,3,2,6,post_calibration
50,9,3,14,60,0,1,0,0.5038796663284302,0.5038796663284302,0.4961203634738922,0.5038796663284302,3,2,6,post_calibration
50,10,3,15,60,1,1,1,0.5034223794937134,0.5034223794937134,0.4965776205062866,0.5034223794937134,3,2,6,post_calibration
50,11,3,17,60,0,1,0,0.5026066899299622,0.5026066899299622,0.49739328026771545,0.5026066899299622,3,2,6,post_calibration
51,0,3,1,60,1,1,1,0.5032421946525574,0.5032421946525574,0.4967578053474426,0.5032421946525574,3,3,6,zero_shot_paired
51,1,3,2,60,1,1,1,0.5025841593742371,0.5025841593742371,0.4974158704280853,0.5025841593742371,3,3,6,zero_shot_paired
51,2,3,3,60,0,1,0,0.5026313066482544,0.5026313066482544,0.497368723154068,0.5026313066482544,3,3,6,zero_shot_paired
51,3,3,5,60,1,1,1,0.502957284450531,0.502957284450531,0.497042715549469,0.502957284450531,3,3,6,zero_shot_paired
51,4,3,6,60,1,1,1,0.5028671026229858,0.5028671026229858,0.49713289737701416,0.5028671026229858,3,3,6,zero_shot_paired
51,5,3,9,60,0,1,0,0.5020357370376587,0.5020357370376587,0.49796420335769653,0.5020357370376587,3,3,6,zero_shot_paired
51,6,3,10,60,1,1,1,0.5015164017677307,0.5015164017677307,0.4984835684299469,0.5015164017677307,3,3,6,zero_shot_paired
51,7,3,12,60,1,1,1,0.5027864575386047,0.5027864575386047,0.4972135126590729,0.5027864575386047,3,3,6,zero_shot_paired
51,8,3,13,60,0,1,0,0.5022844076156616,0.5022844076156616,0.4977155923843384,0.5022844076156616,3,3,6,zero_shot_paired
51,9,3,14,60,0,1,0,0.5033506751060486,0.5033506751060486,0.49664929509162903,0.5033506751060486,3,3,6,zero_shot_paired
51,10,3,16,60,0,1,0,0.5019969344139099,0.5019969344139099,0.4980030059814453,0.5019969344139099,3,3,6,zero_shot_paired
51,11,3,17,60,0,1,0,0.5021609663963318,0.5021609663963318,0.4978390336036682,0.5021609663963318,3,3,6,zero_shot_paired
51,0,3,1,60,1,1,1,0.5035083293914795,0.5035083293914795,0.4964917004108429,0.5035083293914795,3,3,6,post_calibration
51,1,3,2,60,1,1,1,0.5027194619178772,0.5027194619178772,0.4972805082798004,0.5027194619178772,3,3,6,post_calibration
51,2,3,3,60,0,1,0,0.5027454495429993,0.5027454495429993,0.4972546100616455,0.5027454495429993,3,3,6,post_calibration
51,3,3,5,60,1,1,1,0.502861499786377,0.502861499786377,0.49713847041130066,0.502861499786377,3,3,6,post_calibration
51,4,3,6,60,1,1,1,0.5028994679450989,0.5028994679450989,0.4971005320549011,0.5028994679450989,3,3,6,post_calibration
51,5,3,9,60,0,1,0,0.5020955801010132,0.5020955801010132,0.4979044198989868,0.5020955801010132,3,3,6,post_calibration
51,6,3,10,60,1,1,1,0.5017943382263184,0.5017943382263184,0.4982057213783264,0.5017943382263184,3,3,6,post_calibration
51,7,3,12,60,1,1,1,0.5028738975524902,0.5028738975524902,0.49712613224983215,0.5028738975524902,3,3,6,post_calibration
51,8,3,13,60,0,1,0,0.5025864839553833,0.5025864839553833,0.4974134564399719,0.5025864839553833,3,3,6,post_calibration
51,9,3,14,60,0,1,0,0.5033444762229919,0.5033444762229919,0.49665552377700806,0.5033444762229919,3,3,6,post_calibration
51,10,3,16,60,0,1,0,0.5022546052932739,0.5022546052932739,0.49774542450904846,0.5022546052932739,3,3,6,post_calibration
51,11,3,17,60,0,1,0,0.5022383332252502,0.5022383332252502,0.49776166677474976,0.5022383332252502,3,3,6,post_calibration
52,0,3,0,60,1,1,1,0.5020716786384583,0.5020716786384583,0.49792832136154175,0.5020716786384583,3,1,9,zero_shot_paired
52,1,3,3,60,0,1,0,0.502631425857544,0.502631425857544,0.49736860394477844,0.502631425857544,3,1,9,zero_shot_paired
52,2,3,5,60,1,1,1,0.502957284450531,0.502957284450531,0.497042715549469,0.502957284450531,3,1,9,zero_shot_paired
52,3,3,9,60,0,1,0,0.5020358562469482,0.5020358562469482,0.49796420335769653,0.5020358562469482,3,1,9,zero_shot_paired
52,4,3,10,60,1,1,1,0.5015163421630859,0.5015163421630859,0.4984836280345917,0.5015163421630859,3,1,9,zero_shot_paired
52,5,3,11,60,1,1,1,0.5013239979743958,0.5013239979743958,0.49867600202560425,0.5013239979743958,3,1,9,zero_shot_paired
52,6,3,13,60,0,1,0,0.5022844076156616,0.5022844076156616,0.4977155923843384,0.5022844076156616,3,1,9,zero_shot_paired
52,7,3,15,60,1,1,1,0.5029846429824829,0.5029846429824829,0.4970153570175171,0.5029846429824829,3,1,9,zero_shot_paired
52,8,3,17,60,0,1,0,0.5021609663963318,0.5021609663963318,0.4978390336036682,0.5021609663963318,3,1,9,zero_shot_paired
52,0,3,0,60,1,1,1,0.5013324618339539,0.5013324618339539,0.49866750836372375,0.5013324618339539,3,1,9,post_calibration
52,1,3,3,60,0,1,0,0.5021026730537415,0.5021026730537415,0.49789732694625854,0.5021026730537415,3,1,9,post_calibration
52,2,3,5,60,1,1,1,0.5023764371871948,0.5023764371871948,0.4976235628128052,0.5023764371871948,3,1,9,post_calibration
52,3,3,9,60,0,1,0,0.5015199184417725,0.5015199184417725,0.49848008155822754,0.5015199184417725,3,1,9,post_calibration
52,4,3,10,60,1,1,1,0.5010309815406799,0.5010309815406799,0.49896904826164246,0.5010309815406799,3,1,9,post_calibration
52,5,3,11,60,1,1,1,0.5008676052093506,0.5008676052093506,0.4991323947906494,0.5008676052093506,3,1,9,post_calibration
52,6,3,13,60,0,1,0,0.5017043948173523,0.5017043948173523,0.4982956051826477,0.5017043948173523,3,1,9,post_calibration
52,7,3,15,60,1,1,1,0.5027484893798828,0.5027484893798828,0.4972515404224396,0.5027484893798828,3,1,9,post_calibration
52,8,3,17,60,0,1,0,0.5016750693321228,0.5016750693321228,0.4983249008655548,0.5016750693321228,3,1,9,post_calibration
53,0,3,1,60,1,1,1,0.5032420754432678,0.5032420754432678,0.4967578649520874,0.5032420754432678,3,2,9,zero_shot_paired
53,1,3,2,60,1,1,1,0.5025841593742371,0.5025841593742371,0.49741584062576294,0.5025841593742371,3,2,9,zero_shot_paired
53,2,3,4,60,1,1,1,0.5032845735549927,0.5032845735549927,0.4967154860496521,0.5032845735549927,3,2,9,zero_shot_paired
53,3,3,6,60,1,1,1,0.5028670430183411,0.5028670430183411,0.49713292717933655,0.5028670430183411,3,2,9,zero_shot_paired
53,4,3,7,60,0,1,0,0.5028408765792847,0.5028408765792847,0.49715906381607056,0.5028408765792847,3,2,9,zero_shot_paired
53,5,3,8,60,0,1,0,0.5047069787979126,0.5047069787979126,0.495292991399765,0.5047069787979126,3,2,9,zero_shot_paired
53,6,3,12,60,1,1,1,0.5027865767478943,0.5027865767478943,0.4972134530544281,0.5027865767478943,3,2,9,zero_shot_paired
53,7,3,14,60,0,1,0,0.5033506751060486,0.5033506751060486,0.49664929509162903,0.5033506751060486,3,2,9,zero_shot_paired
53,8,3,16,60,0,1,0,0.5019969940185547,0.5019969940185547,0.4980029761791229,0.5019969940185547,3,2,9,zero_shot_paired
53,0,3,1,60,1,1,1,0.5034391283988953,0.5034391283988953,0.4965609014034271,0.5034391283988953,3,2,9,post_calibration
53,1,3,2,60,1,1,1,0.5025269389152527,0.5025269389152527,0.4974730312824249,0.5025269389152527,3,2,9,post_calibration
53,2,3,4,60,1,1,1,0.5034433603286743,0.5034433603286743,0.4965566098690033,0.5034433603286743,3,2,9,post_calibration
53,3,3,6,60,1,1,1,0.5033040642738342,0.5033040642738342,0.49669596552848816,0.5033040642738342,3,2,9,post_calibration
53,4,3,7,60,0,1,0,0.5032181143760681,0.5032181143760681,0.4967818558216095,0.5032181143760681,3,2,9,post_calibration
53,5,3,8,60,0,1,0,0.5050772428512573,0.5050772428512573,0.4949227273464203,0.5050772428512573,3,2,9,post_calibration
53,6,3,12,60,1,1,1,0.5032233595848083,0.5032233595848083,0.49677661061286926,0.5032233595848083,3,2,9,post_calibration
53,7,3,14,60,0,1,0,0.5036052465438843,0.5036052465438843,0.4963947832584381,0.5036052465438843,3,2,9,post_calibration
53,8,3,16,60,0,1,0,0.5021854639053345,0.5021854639053345,0.4978145658969879,0.5021854639053345,3,2,9,post_calibration
54,0,3,2,60,1,1,1,0.5025855302810669,0.5025855302810669,0.4974144995212555,0.5025855302810669,3,1,12,zero_shot_paired
54,1,3,5,60,1,1,1,0.5029569268226624,0.5029569268226624,0.49704307317733765,0.5029569268226624,3,1,12,zero_shot_paired
54,2,3,8,60,0,1,0,0.5047066807746887,0.5047066807746887,0.4952933192253113,0.5047066807746887,3,1,12,zero_shot_paired
54,3,3,12,60,1,1,1,0.5027867555618286,0.5027867555618286,0.4972132742404938,0.5027867555618286,3,1,12,zero_shot_paired
54,4,3,13,60,0,1,0,0.5022845268249512,0.5022845268249512,0.49771547317504883,0.5022845268249512,3,1,12,zero_shot_paired
54,5,3,17,60,0,1,0,0.5021606683731079,0.5021606683731079,0.4978393018245697,0.5021606683731079,3,1,12,zero_shot_paired
54,0,3,2,60,1,1,1,0.5029754042625427,0.5029754042625427,0.4970245957374573,0.5029754042625427,3,1,12,post_calibration
54,1,3,5,60,1,1,1,0.5033418536186218,0.5033418536186218,0.4966580867767334,0.5033418536186218,3,1,12,post_calibration
54,2,3,8,60,0,1,0,0.5053784847259521,0.5053784847259521,0.49462151527404785,0.5053784847259521,3,1,12,post_calibration
54,3,3,12,60,1,1,1,0.503591775894165,0.503591775894165,0.4964081943035126,0.503591775894165,3,1,12,post_calibration
54,4,3,13,60,0,1,0,0.5033032894134521,0.5033032894134521,0.49669674038887024,0.5033032894134521,3,1,12,post_calibration
54,5,3,17,60,0,1,0,0.5020086169242859,0.5020086169242859,0.4979914128780365,0.5020086169242859,3,1,12,post_calibration
55,0,3,0,60,1,1,1,0.502071738243103,0.502071738243103,0.497928261756897,0.502071738243103,3,2,12,zero_shot_paired
55,1,3,5,60,1,1,1,0.5029569268226624,0.5029569268226624,0.49704307317733765,0.5029569268226624,3,2,12,zero_shot_paired
55,2,3,6,60,1,1,1,0.5028667449951172,0.5028667449951172,0.4971332848072052,0.5028667449951172,3,2,12,zero_shot_paired
55,3,3,7,60,0,1,0,0.5028421878814697,0.5028421878814697,0.4971578121185303,0.5028421878814697,3,2,12,zero_shot_paired
55,4,3,9,60,0,1,0,0.5020353198051453,0.5020353198051453,0.49796462059020996,0.5020353198051453,3,2,12,zero_shot_paired
55,5,3,14,60,0,1,0,0.5033494234085083,0.5033494234085083,0.4966505467891693,0.5033494234085083,3,2,12,zero_shot_paired
55,0,3,0,60,1,1,1,0.5022052526473999,0.5022052526473999,0.4977947175502777,0.5022052526473999,3,2,12,post_calibration
55,1,3,5,60,1,1,1,0.5036125183105469,0.5036125183105469,0.4963875412940979,0.5036125183105469,3,2,12,post_calibration
55,2,3,6,60,1,1,1,0.5033633708953857,0.5033633708953857,0.49663662910461426,0.5033633708953857,3,2,12,post_calibration
55,3,3,7,60,0,1,0,0.5033107995986938,0.5033107995986938,0.49668920040130615,0.5033107995986938,3,2,12,post_calibration
55,4,3,9,60,0,1,0,0.5024928450584412,0.5024928450584412,0.49750709533691406,0.5024928450584412,3,2,12,post_calibration
55,5,3,14,60,0,1,0,0.5038533806800842,0.5038533806800842,0.4961465895175934,0.5038533806800842,3,2,12,post_calibration
56,0,3,4,60,1,1,1,0.5032831430435181,0.5032831430435181,0.49671685695648193,0.5032831430435181,3,3,12,zero_shot_paired
56,1,3,8,60,0,1,0,0.5047066807746887,0.5047066807746887,0.4952933192253113,0.5047066807746887,3,3,12,zero_shot_paired
56,2,3,9,60,0,1,0,0.5020353198051453,0.5020353198051453,0.49796462059020996,0.5020353198051453,3,3,12,zero_shot_paired
56,3,3,11,60,1,1,1,0.5013227462768555,0.5013227462768555,0.49867725372314453,0.5013227462768555,3,3,12,zero_shot_paired
56,4,3,13,60,0,1,0,0.5022845268249512,0.5022845268249512,0.49771547317504883,0.5022845268249512,3,3,12,zero_shot_paired
56,5,3,15,60,1,1,1,0.5029846429824829,0.5029846429824829,0.4970153272151947,0.5029846429824829,3,3,12,zero_shot_paired
56,0,3,4,60,1,1,1,0.5036817193031311,0.5036817193031311,0.4963182806968689,0.5036817193031311,3,3,12,post_calibration
56,1,3,8,60,0,1,0,0.5046862959861755,0.5046862959861755,0.49531373381614685,0.5046862959861755,3,3,12,post_calibration
56,2,3,9,60,0,1,0,0.5019702315330505,0.5019702315330505,0.49802982807159424,0.5019702315330505,3,3,12,post_calibration
56,3,3,11,60,1,1,1,0.5015242695808411,0.5015242695808411,0.49847573041915894,0.5015242695808411,3,3,12,post_calibration
56,4,3,13,60,0,1,0,0.5027449131011963,0.5027449131011963,0.4972550570964813,0.5027449131011963,3,3,12,post_calibration
56,5,3,15,60,1,1,1,0.5030746459960938,0.5030746459960938,0.49692535400390625,0.5030746459960938,3,3,12,post_calibration
