fold,trial_index,subject_id,trial_id,n_windows,y_true,y_pred,correct,p_pred,confidence,p_class_0,p_class_1,target_subject,calibration_fold,calibration_shots,stage
1,0,0,0,60,1,0,0,0.5001353621482849,0.5001353621482849,0.5001353621482849,0.49986469745635986,0,,,zero_shot_all_trials
1,1,0,1,60,1,1,1,0.5019866228103638,0.5019866228103638,0.49801337718963623,0.5019866228103638,0,,,zero_shot_all_trials
1,2,0,2,60,1,0,0,0.5034846067428589,0.5034846067428589,0.5034846067428589,0.4965154230594635,0,,,zero_shot_all_trials
1,3,0,3,60,1,0,0,0.5029982328414917,0.5029982328414917,0.5029982328414917,0.4970017671585083,0,,,zero_shot_all_trials
1,4,0,4,60,1,0,0,0.5023208260536194,0.5023208260536194,0.5023208260536194,0.497679203748703,0,,,zero_shot_all_trials
1,5,0,5,60,0,1,0,0.5031068325042725,0.5031068325042725,0.49689313769340515,0.5031068325042725,0,,,zero_shot_all_trials
1,6,0,6,60,1,0,0,0.5071629881858826,0.5071629881858826,0.5071629881858826,0.49283701181411743,0,,,zero_shot_all_trials
1,7,0,7,60,0,0,1,0.5025084614753723,0.5025084614753723,0.5025084614753723,0.4974915683269501,0,,,zero_shot_all_trials
1,8,0,8,60,0,0,1,0.5025206804275513,0.5025206804275513,0.5025206804275513,0.4974793493747711,0,,,zero_shot_all_trials
1,9,0,9,60,1,1,1,0.5035234689712524,0.5035234689712524,0.49647653102874756,0.5035234689712524,0,,,zero_shot_all_trials
1,10,0,10,60,1,1,1,0.5095019340515137,0.5095019340515137,0.49049803614616394,0.5095019340515137,0,,,zero_shot_all_trials
1,11,0,11,60,1,0,0,0.506467342376709,0.506467342376709,0.506467342376709,0.493532657623291,0,,,zero_shot_all_trials
1,12,0,12,60,1,1,1,0.5050065517425537,0.5050065517425537,0.4949934780597687,0.5050065517425537,0,,,zero_shot_all_trials
1,13,0,13,60,1,0,0,0.5010696649551392,0.5010696649551392,0.5010696649551392,0.49893033504486084,0,,,zero_shot_all_trials
1,14,0,14,60,0,0,1,0.5007116794586182,0.5007116794586182,0.5007116794586182,0.49928832054138184,0,,,zero_shot_all_trials
1,15,0,15,60,1,0,0,0.5077396631240845,0.5077396631240845,0.5077396631240845,0.4922603368759155,0,,,zero_shot_all_trials
1,16,0,16,60,0,0,1,0.5014678239822388,0.5014678239822388,0.5014678239822388,0.4985322058200836,0,,,zero_shot_all_trials
1,17,0,17,60,1,1,1,0.5000229477882385,0.5000229477882385,0.4999770224094391,0.5000229477882385,0,,,zero_shot_all_trials
1,0,0,0,60,1,0,0,0.5001353621482849,0.5001353621482849,0.5001353621482849,0.49986469745635986,0,1,3,zero_shot_paired
1,1,0,1,60,1,1,1,0.5019867420196533,0.5019867420196533,0.49801328778266907,0.5019867420196533,0,1,3,zero_shot_paired
1,2,0,2,60,1,0,0,0.5034844279289246,0.5034844279289246,0.5034844279289246,0.4965156316757202,0,1,3,zero_shot_paired
1,3,0,3,60,1,0,0,0.5029981136322021,0.5029981136322021,0.5029981136322021,0.49700185656547546,0,1,3,zero_shot_paired
1,4,0,4,60,1,0,0,0.5023208260536194,0.5023208260536194,0.5023208260536194,0.4976791441440582,0,1,3,zero_shot_paired
1,5,0,5,60,0,1,0,0.5031066536903381,0.5031066536903381,0.4968933165073395,0.5031066536903381,0,1,3,zero_shot_paired
1,6,0,6,60,1,0,0,0.5071629285812378,0.5071629285812378,0.5071629285812378,0.4928370714187622,0,1,3,zero_shot_paired
1,7,0,7,60,0,0,1,0.5025084018707275,0.5025084018707275,0.5025084018707275,0.49749162793159485,0,1,3,zero_shot_paired
1,8,0,8,60,0,0,1,0.5025206804275513,0.5025206804275513,0.5025206804275513,0.4974793493747711,0,1,3,zero_shot_paired
1,9,0,9,60,1,1,1,0.5035234689712524,0.5035234689712524,0.49647653102874756,0.5035234689712524,0,1,3,zero_shot_paired
1,10,0,10,60,1,1,1,0.5095020532608032,0.5095020532608032,0.49049797654151917,0.5095020532608032,0,1,3,zero_shot_paired
1,11,0,11,60,1,0,0,0.5064672827720642,0.5064672827720642,0.5064672827720642,0.4935327172279358,0,1,3,zero_shot_paired
1,12,0,13,60,1,0,0,0.5010696649551392,0.5010696649551392,0.5010696649551392,0.49893033504486084,0,1,3,zero_shot_paired
1,13,0,15,60,1,0,0,0.5077396035194397,0.5077396035194397,0.5077396035194397,0.4922603964805603,0,1,3,zero_shot_paired
1,14,0,16,60,0,0,1,0.5014678835868835,0.5014678835868835,0.5014678835868835,0.49853214621543884,0,1,3,zero_shot_paired
1,0,0,0,60,1,0,0,0.5003914833068848,0.5003914833068848,0.5003914833068848,0.4996085464954376,0,1,3,post_calibration
1,1,0,1,60,1,1,1,0.5018203854560852,0.5018203854560852,0.4981796145439148,0.5018203854560852,0,1,3,post_calibration
1,2,0,2,60,1,0,0,0.5034064054489136,0.5034064054489136,0.5034064054489136,0.4965936243534088,0,1,3,post_calibration
1,3,0,3,60,1,0,0,0.5034499764442444,0.5034499764442444,0.5034499764442444,0.4965500235557556,0,1,3,post_calibration
1,4,0,4,60,1,0,0,0.5026001930236816,0.5026001930236816,0.5026001930236816,0.49739980697631836,0,1,3,post_calibration
1,5,0,5,60,0,1,0,0.5032698512077332,0.5032698512077332,0.49673008918762207,0.5032698512077332,0,1,3,post_calibration
1,6,0,6,60,1,0,0,0.507502019405365,0.507502019405365,0.507502019405365,0.4924980103969574,0,1,3,post_calibration
1,7,0,7,60,0,0,1,0.5028587579727173,0.5028587579727173,0.5028587579727173,0.4971412420272827,0,1,3,post_calibration
1,8,0,8,60,0,0,1,0.5028067231178284,0.5028067231178284,0.5028067231178284,0.49719324707984924,0,1,3,post_calibration
1,9,0,9,60,1,1,1,0.5034651756286621,0.5034651756286621,0.4965347945690155,0.5034651756286621,0,1,3,post_calibration
1,10,0,10,60,1,1,1,0.5095041990280151,0.5095041990280151,0.4904957711696625,0.5095041990280151,0,1,3,post_calibration
1,11,0,11,60,1,0,0,0.5065219402313232,0.5065219402313232,0.5065219402313232,0.49347805976867676,0,1,3,post_calibration
1,12,0,13,60,1,0,0,0.5014194250106812,0.5014194250106812,0.5014194250106812,0.49858057498931885,0,1,3,post_calibration
1,13,0,15,60,1,0,0,0.508341908454895,0.508341908454895,0.508341908454895,0.49165812134742737,0,1,3,post_calibration
1,14,0,16,60,0,0,1,0.5014099478721619,0.5014099478721619,0.5014099478721619,0.49859005212783813,0,1,3,post_calibration
2,0,0,0,60,1,0,0,0.5001353621482849,0.5001353621482849,0.5001353621482849,0.49986469745635986,0,2,3,zero_shot_paired
2,1,0,1,60,1,1,1,0.5019867420196533,0.5019867420196533,0.49801328778266907,0.5019867420196533,0,2,3,zero_shot_paired
2,2,0,2,60,1,0,0,0.5034844279289246,0.5034844279289246,0.5034844279289246,0.4965156316757202,0,2,3,zero_shot_paired
2,3,0,3,60,1,0,0,0.5029981136322021,0.5029981136322021,0.5029981136322021,0.49700185656547546,0,2,3,zero_shot_paired
2,4,0,5,60,0,1,0,0.5031066536903381,0.5031066536903381,0.4968933165073395,0.5031066536903381,0,2,3,zero_shot_paired
2,5,0,6,60,1,0,0,0.5071629285812378,0.5071629285812378,0.5071629285812378,0.4928370714187622,0,2,3,zero_shot_paired
2,6,0,7,60,0,0,1,0.5025084018707275,0.5025084018707275,0.5025084018707275,0.49749162793159485,0,2,3,zero_shot_paired
2,7,0,8,60,0,0,1,0.5025206804275513,0.5025206804275513,0.5025206804275513,0.4974793493747711,0,2,3,zero_shot_paired
2,8,0,9,60,1,1,1,0.5035234689712524,0.5035234689712524,0.49647653102874756,0.5035234689712524,0,2,3,zero_shot_paired
2,9,0,10,60,1,1,1,0.5095020532608032,0.5095020532608032,0.49049797654151917,0.5095020532608032,0,2,3,zero_shot_paired
2,10,0,11,60,1,0,0,0.5064672827720642,0.5064672827720642,0.5064672827720642,0.4935327172279358,0,2,3,zero_shot_paired
2,11,0,12,60,1,1,1,0.5050063729286194,0.5050063729286194,0.4949936270713806,0.5050063729286194,0,2,3,zero_shot_paired
2,12,0,13,60,1,0,0,0.5010696649551392,0.5010696649551392,0.5010696649551392,0.49893033504486084,0,2,3,zero_shot_paired
2,13,0,14,60,0,0,1,0.5007116794586182,0.5007116794586182,0.5007116794586182,0.49928832054138184,0,2,3,zero_shot_paired
2,14,0,17,60,1,1,1,0.5000229477882385,0.5000229477882385,0.4999770522117615,0.5000229477882385,0,2,3,zero_shot_paired
2,0,0,0,60,1,1,1,0.5001841187477112,0.5001841187477112,0.4998159110546112,0.5001841187477112,0,2,3,post_calibration
2,1,0,1,60,1,1,1,0.5016344785690308,0.5016344785690308,0.49836549162864685,0.5016344785690308,0,2,3,post_calibration
2,2,0,2,60,1,0,0,0.5036475658416748,0.5036475658416748,0.5036475658416748,0.4963524043560028,0,2,3,post_calibration
2,3,0,3,60,1,0,0,0.5032500624656677,0.5032500624656677,0.5032500624656677,0.49674996733665466,0,2,3,post_calibration
2,4,0,5,60,0,1,0,0.5031908750534058,0.5031908750534058,0.49680912494659424,0.5031908750534058,0,2,3,post_calibration
2,5,0,6,60,1,0,0,0.5070624947547913,0.5070624947547913,0.5070624947547913,0.49293750524520874,0,2,3,post_calibration
2,6,0,7,60,0,0,1,0.5025318264961243,0.5025318264961243,0.5025318264961243,0.49746817350387573,0,2,3,post_calibration
2,7,0,8,60,0,0,1,0.5023216605186462,0.5023216605186462,0.5023216605186462,0.49767830967903137,0,2,3,post_calibration
2,8,0,9,60,1,1,1,0.5036752223968506,0.5036752223968506,0.4963247776031494,0.5036752223968506,0,2,3,post_calibration
2,9,0,10,60,1,1,1,0.5096616148948669,0.5096616148948669,0.49033835530281067,0.5096616148948669,0,2,3,post_calibration
2,10,0,11,60,1,0,0,0.5062407851219177,0.5062407851219177,0.5062407851219177,0.4937591850757599,0,2,3,post_calibration
2,11,0,12,60,1,1,1,0.5053384900093079,0.5053384900093079,0.49466150999069214,0.5053384900093079,0,2,3,post_calibration
2,12,0,13,60,1,0,0,0.500860869884491,0.500860869884491,0.500860869884491,0.49913910031318665,0,2,3,post_calibration
2,13,0,14,60,0,0,1,0.5001041293144226,0.5001041293144226,0.5001041293144226,0.4998958706855774,0,2,3,post_calibration
2,14,0,17,60,1,0,0,0.5004330277442932,0.5004330277442932,0.5004330277442932,0.4995669424533844,0,2,3,post_calibration
3,0,0,0,60,1,0,0,0.5001353621482849,0.5001353621482849,0.5001353621482849,0.49986469745635986,0,3,3,zero_shot_paired
3,1,0,1,60,1,1,1,0.5019867420196533,0.5019867420196533,0.49801328778266907,0.5019867420196533,0,3,3,zero_shot_paired
3,2,0,2,60,1,0,0,0.5034844279289246,0.5034844279289246,0.5034844279289246,0.4965156316757202,0,3,3,zero_shot_paired
3,3,0,3,60,1,0,0,0.5029981136322021,0.5029981136322021,0.5029981136322021,0.49700185656547546,0,3,3,zero_shot_paired
3,4,0,4,60,1,0,0,0.5023208260536194,0.5023208260536194,0.5023208260536194,0.4976791441440582,0,3,3,zero_shot_paired
3,5,0,5,60,0,1,0,0.5031066536903381,0.5031066536903381,0.4968933165073395,0.5031066536903381,0,3,3,zero_shot_paired
3,6,0,8,60,0,0,1,0.5025206804275513,0.5025206804275513,0.5025206804275513,0.4974793493747711,0,3,3,zero_shot_paired
3,7,0,10,60,1,1,1,0.5095020532608032,0.5095020532608032,0.49049797654151917,0.5095020532608032,0,3,3,zero_shot_paired
3,8,0,11,60,1,0,0,0.5064672827720642,0.5064672827720642,0.5064672827720642,0.4935327172279358,0,3,3,zero_shot_paired
3,9,0,12,60,1,1,1,0.5050063729286194,0.5050063729286194,0.4949936270713806,0.5050063729286194,0,3,3,zero_shot_paired
3,10,0,13,60,1,0,0,0.5010696649551392,0.5010696649551392,0.5010696649551392,0.49893033504486084,0,3,3,zero_shot_paired
3,11,0,14,60,0,0,1,0.5007116794586182,0.5007116794586182,0.5007116794586182,0.49928832054138184,0,3,3,zero_shot_paired
3,12,0,15,60,1,0,0,0.5077396035194397,0.5077396035194397,0.5077396035194397,0.4922603964805603,0,3,3,zero_shot_paired
3,13,0,16,60,0,0,1,0.5014678835868835,0.5014678835868835,0.5014678835868835,0.49853214621543884,0,3,3,zero_shot_paired
3,14,0,17,60,1,1,1,0.5000229477882385,0.5000229477882385,0.4999770522117615,0.5000229477882385,0,3,3,zero_shot_paired
3,0,0,0,60,1,1,1,0.500158965587616,0.500158965587616,0.49984100461006165,0.500158965587616,0,3,3,post_calibration
3,1,0,1,60,1,1,1,0.5025866627693176,0.5025866627693176,0.4974133372306824,0.5025866627693176,0,3,3,post_calibration
3,2,0,2,60,1,0,0,0.5037212371826172,0.5037212371826172,0.5037212371826172,0.4962787926197052,0,3,3,post_calibration
3,3,0,3,60,1,0,0,0.502466082572937,0.502466082572937,0.502466082572937,0.4975338876247406,0,3,3,post_calibration
3,4,0,4,60,1,0,0,0.5020365715026855,0.5020365715026855,0.5020365715026855,0.49796345829963684,0,3,3,post_calibration
3,5,0,5,60,0,1,0,0.5026889443397522,0.5026889443397522,0.4973110556602478,0.5026889443397522,0,3,3,post_calibration
3,6,0,8,60,0,0,1,0.5018641948699951,0.5018641948699951,0.5018641948699951,0.49813583493232727,0,3,3,post_calibration
3,7,0,10,60,1,1,1,0.5089471340179443,0.5089471340179443,0.4910528361797333,0.5089471340179443,0,3,3,post_calibration
3,8,0,11,60,1,0,0,0.506243109703064,0.506243109703064,0.506243109703064,0.49375689029693604,0,3,3,post_calibration
3,9,0,12,60,1,1,1,0.5048664212226868,0.5048664212226868,0.49513354897499084,0.5048664212226868,0,3,3,post_calibration
3,10,0,13,60,1,0,0,0.5006446838378906,0.5006446838378906,0.5006446838378906,0.499355286359787,0,3,3,post_calibration
3,11,0,14,60,0,0,1,0.5002962350845337,0.5002962350845337,0.5002962350845337,0.4997037351131439,0,3,3,post_calibration
3,12,0,15,60,1,0,0,0.5070825219154358,0.5070825219154358,0.5070825219154358,0.4929175078868866,0,3,3,post_calibration
3,13,0,16,60,0,0,1,0.5008158087730408,0.5008158087730408,0.5008158087730408,0.49918419122695923,0,3,3,post_calibration
3,14,0,17,60,1,1,1,0.5003052353858948,0.5003052353858948,0.4996947944164276,0.5003052353858948,0,3,3,post_calibration
4,0,0,0,60,1,0,0,0.5001353621482849,0.5001353621482849,0.5001353621482849,0.49986469745635986,0,4,3,zero_shot_paired
4,1,0,1,60,1,1,1,0.5019867420196533,0.5019867420196533,0.49801328778266907,0.5019867420196533,0,4,3,zero_shot_paired
4,2,0,3,60,1,0,0,0.5029981136322021,0.5029981136322021,0.5029981136322021,0.49700185656547546,0,4,3,zero_shot_paired
4,3,0,4,60,1,0,0,0.5023208260536194,0.5023208260536194,0.5023208260536194,0.4976791441440582,0,4,3,zero_shot_paired
4,4,0,6,60,1,0,0,0.5071629285812378,0.5071629285812378,0.5071629285812378,0.4928370714187622,0,4,3,zero_shot_paired
4,5,0,7,60,0,0,1,0.5025084018707275,0.5025084018707275,0.5025084018707275,0.49749162793159485,0,4,3,zero_shot_paired
4,6,0,8,60,0,0,1,0.5025206804275513,0.5025206804275513,0.5025206804275513,0.4974793493747711,0,4,3,zero_shot_paired
4,7,0,9,60,1,1,1,0.5035234689712524,0.5035234689712524,0.49647653102874756,0.5035234689712524,0,4,3,zero_shot_paired
4,8,0,10,60,1,1,1,0.5095020532608032,0.5095020532608032,0.49049797654151917,0.5095020532608032,0,4,3,zero_shot_paired
4,9,0,11,60,1,0,0,0.5064672827720642,0.5064672827720642,0.5064672827720642,0.4935327172279358,0,4,3,zero_shot_paired
4,10,0,12,60,1,1,1,0.5050063729286194,0.5050063729286194,0.4949936270713806,0.5050063729286194,0,4,3,zero_shot_paired
4,11,0,14,60,0,0,1,0.5007116794586182,0.5007116794586182,0.5007116794586182,0.49928832054138184,0,4,3,zero_shot_paired
4,12,0,15,60,1,0,0,0.5077396035194397,0.5077396035194397,0.5077396035194397,0.4922603964805603,0,4,3,zero_shot_paired
4,13,0,16,60,0,0,1,0.5014678835868835,0.5014678835868835,0.5014678835868835,0.49853214621543884,0,4,3,zero_shot_paired
4,14,0,17,60,1,1,1,0.5000229477882385,0.5000229477882385,0.4999770522117615,0.5000229477882385,0,4,3,zero_shot_paired
4,0,0,0,60,1,0,0,0.5002966523170471,0.5002966523170471,0.5002966523170471,0.4997033178806305,0,4,3,post_calibration
4,1,0,1,60,1,1,1,0.5019688606262207,0.5019688606262207,0.4980311691761017,0.5019688606262207,0,4,3,post_calibration
4,2,0,3,60,1,0,0,0.5024030208587646,0.5024030208587646,0.5024030208587646,0.49759694933891296,0,4,3,post_calibration
4,3,0,4,60,1,0,0,0.5025550127029419,0.5025550127029419,0.5025550127029419,0.4974450170993805,0,4,3,post_calibration
4,4,0,6,60,1,0,0,0.5064153671264648,0.5064153671264648,0.5064153671264648,0.49358463287353516,0,4,3,post_calibration
4,5,0,7,60,0,0,1,0.5023205876350403,0.5023205876350403,0.5023205876350403,0.49767938256263733,0,4,3,post_calibration
4,6,0,8,60,0,0,1,0.5022000074386597,0.5022000074386597,0.5022000074386597,0.49779999256134033,0,4,3,post_calibration
4,7,0,9,60,1,1,1,0.5033845901489258,0.5033845901489258,0.4966154098510742,0.5033845901489258,0,4,3,post_calibration
4,8,0,10,60,1,1,1,0.5087212920188904,0.5087212920188904,0.4912787079811096,0.5087212920188904,0,4,3,post_calibration
4,9,0,11,60,1,0,0,0.506034255027771,0.506034255027771,0.506034255027771,0.4939657151699066,0,4,3,post_calibration
4,10,0,12,60,1,1,1,0.5048409104347229,0.5048409104347229,0.4951590597629547,0.5048409104347229,0,4,3,post_calibration
4,11,0,14,60,0,0,1,0.5002694725990295,0.5002694725990295,0.5002694725990295,0.49973049759864807,0,4,3,post_calibration
4,12,0,15,60,1,0,0,0.5071738362312317,0.5071738362312317,0.5071738362312317,0.49282610416412354,0,4,3,post_calibration
4,13,0,16,60,0,0,1,0.5012614727020264,0.5012614727020264,0.5012614727020264,0.49873846769332886,0,4,3,post_calibration
4,14,0,17,60,1,1,1,0.5002100467681885,0.5002100467681885,0.49978992342948914,0.5002100467681885,0,4,3,post_calibration
5,0,0,1,60,1,1,1,0.5019867420196533,0.5019867420196533,0.49801328778266907,0.5019867420196533,0,5,3,zero_shot_paired
5,1,0,2,60,1,0,0,0.5034844279289246,0.5034844279289246,0.5034844279289246,0.4965156316757202,0,5,3,zero_shot_paired
5,2,0,3,60,1,0,0,0.5029981136322021,0.5029981136322021,0.5029981136322021,0.49700185656547546,0,5,3,zero_shot_paired
5,3,0,4,60,1,0,0,0.5023208260536194,0.5023208260536194,0.5023208260536194,0.4976791441440582,0,5,3,zero_shot_paired
5,4,0,5,60,0,1,0,0.5031066536903381,0.5031066536903381,0.4968933165073395,0.5031066536903381,0,5,3,zero_shot_paired
5,5,0,6,60,1,0,0,0.5071629285812378,0.5071629285812378,0.5071629285812378,0.4928370714187622,0,5,3,zero_shot_paired
5,6,0,7,60,0,0,1,0.5025084018707275,0.5025084018707275,0.5025084018707275,0.49749162793159485,0,5,3,zero_shot_paired
5,7,0,9,60,1,1,1,0.5035234689712524,0.5035234689712524,0.49647653102874756,0.5035234689712524,0,5,3,zero_shot_paired
5,8,0,10,60,1,1,1,0.5095020532608032,0.5095020532608032,0.49049797654151917,0.5095020532608032,0,5,3,zero_shot_paired
5,9,0,12,60,1,1,1,0.5050063729286194,0.5050063729286194,0.4949936270713806,0.5050063729286194,0,5,3,zero_shot_paired
5,10,0,13,60,1,0,0,0.5010696649551392,0.5010696649551392,0.5010696649551392,0.49893033504486084,0,5,3,zero_shot_paired
5,11,0,14,60,0,0,1,0.5007116794586182,0.5007116794586182,0.5007116794586182,0.49928832054138184,0,5,3,zero_shot_paired
5,12,0,15,60,1,0,0,0.5077396035194397,0.5077396035194397,0.5077396035194397,0.4922603964805603,0,5,3,zero_shot_paired
5,13,0,16,60,0,0,1,0.5014678835868835,0.5014678835868835,0.5014678835868835,0.49853214621543884,0,5,3,zero_shot_paired
5,14,0,17,60,1,1,1,0.5000229477882385,0.5000229477882385,0.4999770522117615,0.5000229477882385,0,5,3,zero_shot_paired
5,0,0,1,60,1,1,1,0.5018825531005859,0.5018825531005859,0.49811744689941406,0.5018825531005859,0,5,3,post_calibration
5,1,0,2,60,1,0,0,0.5031306743621826,0.5031306743621826,0.5031306743621826,0.49686935544013977,0,5,3,post_calibration
5,2,0,3,60,1,0,0,0.5026695728302002,0.5026695728302002,0.5026695728302002,0.4973303973674774,0,5,3,post_calibration
5,3,0,4,60,1,0,0,0.5019215941429138,0.5019215941429138,0.5019215941429138,0.4980784058570862,0,5,3,post_calibration
5,4,0,5,60,0,1,0,0.5028635263442993,0.5028635263442993,0.49713650345802307,0.5028635263442993,0,5,3,post_calibration
5,5,0,6,60,1,0,0,0.5070657730102539,0.5070657730102539,0.5070657730102539,0.4929342567920685,0,5,3,post_calibration
5,6,0,7,60,0,0,1,0.5023449063301086,0.5023449063301086,0.5023449063301086,0.49765515327453613,0,5,3,post_calibration
5,7,0,9,60,1,1,1,0.5039961934089661,0.5039961934089661,0.4960038661956787,0.5039961934089661,0,5,3,post_calibration
5,8,0,10,60,1,1,1,0.50953608751297,0.50953608751297,0.49046385288238525,0.50953608751297,0,5,3,post_calibration
5,9,0,12,60,1,1,1,0.5053253173828125,0.5053253173828125,0.4946746826171875,0.5053253173828125,0,5,3,post_calibration
5,10,0,13,60,1,0,0,0.500744640827179,0.500744640827179,0.500744640827179,0.4992554187774658,0,5,3,post_calibration
5,11,0,14,60,0,0,1,0.5001556277275085,0.5001556277275085,0.5001556277275085,0.49984434247016907,0,5,3,post_calibration
5,12,0,15,60,1,0,0,0.5074694752693176,0.5074694752693176,0.5074694752693176,0.49253055453300476,0,5,3,post_calibration
5,13,0,16,60,0,0,1,0.5014767646789551,0.5014767646789551,0.5014767646789551,0.49852320551872253,0,5,3,post_calibration
5,14,0,17,60,1,1,1,0.5000410079956055,0.5000410079956055,0.4999590218067169,0.5000410079956055,0,5,3,post_calibration
6,0,0,0,60,1,0,0,0.5001353621482849,0.5001353621482849,0.5001353621482849,0.49986469745635986,0,6,3,zero_shot_paired
6,1,0,2,60,1,0,0,0.5034844279289246,0.5034844279289246,0.5034844279289246,0.4965156316757202,0,6,3,zero_shot_paired
6,2,0,4,60,1,0,0,0.5023208260536194,0.5023208260536194,0.5023208260536194,0.4976791441440582,0,6,3,zero_shot_paired
6,3,0,5,60,0,1,0,0.5031066536903381,0.5031066536903381,0.4968933165073395,0.5031066536903381,0,6,3,zero_shot_paired
6,4,0,6,60,1,0,0,0.5071629285812378,0.5071629285812378,0.5071629285812378,0.4928370714187622,0,6,3,zero_shot_paired
6,5,0,7,60,0,0,1,0.5025084018707275,0.5025084018707275,0.5025084018707275,0.49749162793159485,0,6,3,zero_shot_paired
6,6,0,8,60,0,0,1,0.5025206804275513,0.5025206804275513,0.5025206804275513,0.4974793493747711,0,6,3,zero_shot_paired
6,7,0,9,60,1,1,1,0.5035234689712524,0.5035234689712524,0.49647653102874756,0.5035234689712524,0,6,3,zero_shot_paired
6,8,0,11,60,1,0,0,0.5064672827720642,0.5064672827720642,0.5064672827720642,0.4935327172279358,0,6,3,zero_shot_paired
6,9,0,12,60,1,1,1,0.5050063729286194,0.5050063729286194,0.4949936270713806,0.5050063729286194,0,6,3,zero_shot_paired
6,10,0,13,60,1,0,0,0.5010696649551392,0.5010696649551392,0.5010696649551392,0.49893033504486084,0,6,3,zero_shot_paired
6,11,0,14,60,0,0,1,0.5007116794586182,0.5007116794586182,0.5007116794586182,0.49928832054138184,0,6,3,zero_shot_paired
6,12,0,15,60,1,0,0,0.5077396035194397,0.5077396035194397,0.5077396035194397,0.4922603964805603,0,6,3,zero_shot_paired
6,13,0,16,60,0,0,1,0.5014678835868835,0.5014678835868835,0.5014678835868835,0.49853214621543884,0,6,3,zero_shot_paired
6,14,0,17,60,1,1,1,0.5000229477882385,0.5000229477882385,0.4999770522117615,0.5000229477882385,0,6,3,zero_shot_paired
6,0,0,0,60,1,0,0,0.5002541542053223,0.5002541542053223,0.5002541542053223,0.4997458755970001,0,6,3,post_calibration
6,1,0,2,60,1,0,0,0.5028601288795471,0.5028601288795471,0.5028601288795471,0.49713990092277527,0,6,3,post_calibration
6,2,0,4,60,1,0,0,0.5026054978370667,0.5026054978370667,0.5026054978370667,0.49739450216293335,0,6,3,post_calibration
6,3,0,5,60,0,1,0,0.5039659738540649,0.5039659738540649,0.49603402614593506,0.5039659738540649,0,6,3,post_calibration
6,4,0,6,60,1,0,0,0.5070049166679382,0.5070049166679382,0.5070049166679382,0.49299511313438416,0,6,3,post_calibration
6,5,0,7,60,0,0,1,0.5021425485610962,0.5021425485610962,0.5021425485610962,0.4978574514389038,0,6,3,post_calibration
6,6,0,8,60,0,0,1,0.5023999810218811,0.5023999810218811,0.5023999810218811,0.4975999891757965,0,6,3,post_calibration
6,7,0,9,60,1,1,1,0.5032743811607361,0.5032743811607361,0.49672558903694153,0.5032743811607361,0,6,3,post_calibration
6,8,0,11,60,1,0,0,0.506669819355011,0.506669819355011,0.506669819355011,0.493330180644989,0,6,3,post_calibration
6,9,0,12,60,1,1,1,0.5046872496604919,0.5046872496604919,0.4953126907348633,0.5046872496604919,0,6,3,post_calibration
6,10,0,13,60,1,0,0,0.5009873509407043,0.5009873509407043,0.5009873509407043,0.49901264905929565,0,6,3,post_calibration
6,11,0,14,60,0,0,1,0.5010307431221008,0.5010307431221008,0.5010307431221008,0.49896925687789917,0,6,3,post_calibration
6,12,0,15,60,1,0,0,0.5077251195907593,0.5077251195907593,0.5077251195907593,0.4922749102115631,0,6,3,post_calibration
6,13,0,16,60,0,0,1,0.5010766386985779,0.5010766386985779,0.5010766386985779,0.4989233613014221,0,6,3,post_calibration
6,14,0,17,60,1,1,1,0.5004652738571167,0.5004652738571167,0.4995347261428833,0.5004652738571167,0,6,3,post_calibration
7,0,0,0,60,1,0,0,0.5001353621482849,0.5001353621482849,0.5001353621482849,0.49986469745635986,0,1,6,zero_shot_paired
7,1,0,1,60,1,1,1,0.5019867420196533,0.5019867420196533,0.49801328778266907,0.5019867420196533,0,1,6,zero_shot_paired
7,2,0,3,60,1,0,0,0.5029981136322021,0.5029981136322021,0.5029981136322021,0.49700185656547546,0,1,6,zero_shot_paired
7,3,0,5,60,0,1,0,0.5031066536903381,0.5031066536903381,0.4968933165073395,0.5031066536903381,0,1,6,zero_shot_paired
7,4,0,6,60,1,0,0,0.5071629285812378,0.5071629285812378,0.5071629285812378,0.4928370714187622,0,1,6,zero_shot_paired
7,5,0,8,60,0,0,1,0.5025206804275513,0.5025206804275513,0.5025206804275513,0.4974793493747711,0,1,6,zero_shot_paired
7,6,0,9,60,1,1,1,0.5035234689712524,0.5035234689712524,0.49647653102874756,0.5035234689712524,0,1,6,zero_shot_paired
7,7,0,10,60,1,1,1,0.5095020532608032,0.5095020532608032,0.49049797654151917,0.5095020532608032,0,1,6,zero_shot_paired
7,8,0,11,60,1,0,0,0.5064672827720642,0.5064672827720642,0.5064672827720642,0.4935327172279358,0,1,6,zero_shot_paired
7,9,0,14,60,0,0,1,0.5007116794586182,0.5007116794586182,0.5007116794586182,0.49928832054138184,0,1,6,zero_shot_paired
7,10,0,15,60,1,0,0,0.5077396035194397,0.5077396035194397,0.5077396035194397,0.4922603964805603,0,1,6,zero_shot_paired
7,11,0,17,60,1,1,1,0.5000229477882385,0.5000229477882385,0.4999770522117615,0.5000229477882385,0,1,6,zero_shot_paired
7,0,0,0,60,1,0,0,0.5000200867652893,0.5000200867652893,0.5000200867652893,0.4999799132347107,0,1,6,post_calibration
7,1,0,1,60,1,1,1,0.5014060139656067,0.5014060139656067,0.4985939860343933,0.5014060139656067,0,1,6,post_calibration
7,2,0,3,60,1,0,0,0.5033595561981201,0.5033595561981201,0.5033595561981201,0.49664047360420227,0,1,6,post_calibration
7,3,0,5,60,0,1,0,0.5029226541519165,0.5029226541519165,0.4970773160457611,0.5029226541519165,0,1,6,post_calibration
7,4,0,6,60,1,0,0,0.5073728561401367,0.5073728561401367,0.5073728561401367,0.4926271438598633,0,1,6,post_calibration
7,5,0,8,60,0,0,1,0.5025727152824402,0.5025727152824402,0.5025727152824402,0.4974272549152374,0,1,6,post_calibration
7,6,0,9,60,1,1,1,0.5041223764419556,0.5041223764419556,0.4958776831626892,0.5041223764419556,0,1,6,post_calibration
7,7,0,10,60,1,1,1,0.5097131729125977,0.5097131729125977,0.49028682708740234,0.5097131729125977,0,1,6,post_calibration
7,8,0,11,60,1,0,0,0.5063813328742981,0.5063813328742981,0.5063813328742981,0.4936186373233795,0,1,6,post_calibration
7,9,0,14,60,0,0,1,0.5002453327178955,0.5002453327178955,0.5002453327178955,0.4997546374797821,0,1,6,post_calibration
7,10,0,15,60,1,0,0,0.5083527565002441,0.5083527565002441,0.5083527565002441,0.49164727330207825,0,1,6,post_calibration
7,11,0,17,60,1,0,0,0.5006195306777954,0.5006195306777954,0.5006195306777954,0.4993804395198822,0,1,6,post_calibration
8,0,0,1,60,1,1,1,0.5019867420196533,0.5019867420196533,0.49801328778266907,0.5019867420196533,0,2,6,zero_shot_paired
8,1,0,2,60,1,0,0,0.5034844279289246,0.5034844279289246,0.5034844279289246,0.4965156316757202,0,2,6,zero_shot_paired
8,2,0,4,60,1,0,0,0.5023208260536194,0.5023208260536194,0.5023208260536194,0.4976791441440582,0,2,6,zero_shot_paired
8,3,0,5,60,0,1,0,0.5031066536903381,0.5031066536903381,0.4968933165073395,0.5031066536903381,0,2,6,zero_shot_paired
8,4,0,6,60,1,0,0,0.5071629285812378,0.5071629285812378,0.5071629285812378,0.4928370714187622,0,2,6,zero_shot_paired
8,5,0,7,60,0,0,1,0.5025084018707275,0.5025084018707275,0.5025084018707275,0.49749162793159485,0,2,6,zero_shot_paired
8,6,0,12,60,1,1,1,0.5050063729286194,0.5050063729286194,0.4949936270713806,0.5050063729286194,0,2,6,zero_shot_paired
8,7,0,13,60,1,0,0,0.5010696649551392,0.5010696649551392,0.5010696649551392,0.49893033504486084,0,2,6,zero_shot_paired
8,8,0,14,60,0,0,1,0.5007116794586182,0.5007116794586182,0.5007116794586182,0.49928832054138184,0,2,6,zero_shot_paired
8,9,0,15,60,1,0,0,0.5077396035194397,0.5077396035194397,0.5077396035194397,0.4922603964805603,0,2,6,zero_shot_paired
8,10,0,16,60,0,0,1,0.5014678835868835,0.5014678835868835,0.5014678835868835,0.49853214621543884,0,2,6,zero_shot_paired
8,11,0,17,60,1,1,1,0.5000229477882385,0.5000229477882385,0.4999770522117615,0.5000229477882385,0,2,6,zero_shot_paired
8,0,0,1,60,1,1,1,0.502591073513031,0.502591073513031,0.4974089562892914,0.502591073513031,0,2,6,post_calibration
8,1,0,2,60,1,0,0,0.5023233890533447,0.5023233890533447,0.5023233890533447,0.4976765513420105,0,2,6,post_calibration
8,2,0,4,60,1,0,0,0.5012566447257996,0.5012566447257996,0.5012566447257996,0.49874332547187805,0,2,6,post_calibration
8,3,0,5,60,0,1,0,0.5042763352394104,0.5042763352394104,0.4957236051559448,0.5042763352394104,0,2,6,post_calibration
8,4,0,6,60,1,0,0,0.5071655511856079,0.5071655511856079,0.5071655511856079,0.4928344786167145,0,2,6,post_calibration
8,5,0,7,60,0,0,1,0.5017486810684204,0.5017486810684204,0.5017486810684204,0.498251348733902,0,2,6,post_calibration
8,6,0,12,60,1,1,1,0.5067733526229858,0.5067733526229858,0.49322667717933655,0.5067733526229858,0,2,6,post_calibration
8,7,0,13,60,1,0,0,0.5005924701690674,0.5005924701690674,0.5005924701690674,0.49940750002861023,0,2,6,post_calibration
8,8,0,14,60,0,1,0,0.5000208616256714,0.5000208616256714,0.4999791085720062,0.5000208616256714,0,2,6,post_calibration
8,9,0,15,60,1,0,0,0.5078502893447876,0.5078502893447876,0.5078502893447876,0.4921497404575348,0,2,6,post_calibration
8,10,0,16,60,0,0,1,0.5013393759727478,0.5013393759727478,0.5013393759727478,0.4986605942249298,0,2,6,post_calibration
8,11,0,17,60,1,1,1,0.5000331401824951,0.5000331401824951,0.49996688961982727,0.5000331401824951,0,2,6,post_calibration
9,0,0,0,60,1,0,0,0.5001353621482849,0.5001353621482849,0.5001353621482849,0.49986469745635986,0,3,6,zero_shot_paired
9,1,0,2,60,1,0,0,0.5034844279289246,0.5034844279289246,0.5034844279289246,0.4965156316757202,0,3,6,zero_shot_paired
9,2,0,3,60,1,0,0,0.5029981136322021,0.5029981136322021,0.5029981136322021,0.49700185656547546,0,3,6,zero_shot_paired
9,3,0,4,60,1,0,0,0.5023208260536194,0.5023208260536194,0.5023208260536194,0.4976791441440582,0,3,6,zero_shot_paired
9,4,0,7,60,0,0,1,0.5025084018707275,0.5025084018707275,0.5025084018707275,0.49749162793159485,0,3,6,zero_shot_paired
9,5,0,8,60,0,0,1,0.5025206804275513,0.5025206804275513,0.5025206804275513,0.4974793493747711,0,3,6,zero_shot_paired
9,6,0,9,60,1,1,1,0.5035234689712524,0.5035234689712524,0.49647653102874756,0.5035234689712524,0,3,6,zero_shot_paired
9,7,0,10,60,1,1,1,0.5095020532608032,0.5095020532608032,0.49049797654151917,0.5095020532608032,0,3,6,zero_shot_paired
9,8,0,11,60,1,0,0,0.5064672827720642,0.5064672827720642,0.5064672827720642,0.4935327172279358,0,3,6,zero_shot_paired
9,9,0,12,60,1,1,1,0.5050063729286194,0.5050063729286194,0.4949936270713806,0.5050063729286194,0,3,6,zero_shot_paired
9,10,0,13,60,1,0,0,0.5010696649551392,0.5010696649551392,0.5010696649551392,0.49893033504486084,0,3,6,zero_shot_paired
9,11,0,16,60,0,0,1,0.5014678835868835,0.5014678835868835,0.5014678835868835,0.49853214621543884,0,3,6,zero_shot_paired
9,0,0,0,60,1,0,0,0.5003750920295715,0.5003750920295715,0.5003750920295715,0.49962493777275085,0,3,6,post_calibration
9,1,0,2,60,1,0,0,0.5033352971076965,0.5033352971076965,0.5033352971076965,0.49666470289230347,0,3,6,post_calibration
9,2,0,3,60,1,0,0,0.5021994709968567,0.5021994709968567,0.5021994709968567,0.4978005886077881,0,3,6,post_calibration
9,3,0,4,60,1,0,0,0.5024323463439941,0.5024323463439941,0.5024323463439941,0.49756765365600586,0,3,6,post_calibration
9,4,0,7,60,0,0,1,0.5020977258682251,0.5020977258682251,0.5020977258682251,0.4979022443294525,0,3,6,post_calibration
9,5,0,8,60,0,0,1,0.50272136926651,0.50272136926651,0.50272136926651,0.4972786605358124,0,3,6,post_calibration
9,6,0,9,60,1,1,1,0.5031616687774658,0.5031616687774658,0.4968383312225342,0.5031616687774658,0,3,6,post_calibration
9,7,0,10,60,1,1,1,0.5095047950744629,0.5095047950744629,0.4904951751232147,0.5095047950744629,0,3,6,post_calibration
9,8,0,11,60,1,0,0,0.506686270236969,0.506686270236969,0.506686270236969,0.493313729763031,0,3,6,post_calibration
9,9,0,12,60,1,1,1,0.5045949816703796,0.5045949816703796,0.49540504813194275,0.5045949816703796,0,3,6,post_calibration
9,10,0,13,60,1,0,0,0.5010561347007751,0.5010561347007751,0.5010561347007751,0.49894386529922485,0,3,6,post_calibration
9,11,0,16,60,0,0,1,0.500194251537323,0.500194251537323,0.500194251537323,0.4998056888580322,0,3,6,post_calibration
10,0,0,0,60,1,0,0,0.5001353025436401,0.5001353025436401,0.5001353025436401,0.49986475706100464,0,1,9,zero_shot_paired
10,1,0,1,60,1,1,1,0.5019866228103638,0.5019866228103638,0.49801334738731384,0.5019866228103638,0,1,9,zero_shot_paired
10,2,0,3,60,1,0,0,0.5029982924461365,0.5029982924461365,0.5029982924461365,0.49700167775154114,0,1,9,zero_shot_paired
10,3,0,4,60,1,0,0,0.5023207664489746,0.5023207664489746,0.5023207664489746,0.497679203748703,0,1,9,zero_shot_paired
10,4,0,5,60,0,1,0,0.5031068325042725,0.5031068325042725,0.49689313769340515,0.5031068325042725,0,1,9,zero_shot_paired
10,5,0,9,60,1,1,1,0.5035234689712524,0.5035234689712524,0.49647653102874756,0.5035234689712524,0,1,9,zero_shot_paired
10,6,0,10,60,1,1,1,0.5095019340515137,0.5095019340515137,0.49049806594848633,0.5095019340515137,0,1,9,zero_shot_paired
10,7,0,11,60,1,0,0,0.506467342376709,0.506467342376709,0.506467342376709,0.493532657623291,0,1,9,zero_shot_paired
10,8,0,16,60,0,0,1,0.5014678239822388,0.5014678239822388,0.5014678239822388,0.4985322058200836,0,1,9,zero_shot_paired
10,0,0,0,60,1,1,1,0.5000030398368835,0.5000030398368835,0.49999698996543884,0.5000030398368835,0,1,9,post_calibration
10,1,0,1,60,1,1,1,0.5025409460067749,0.5025409460067749,0.4974590539932251,0.5025409460067749,0,1,9,post_calibration
10,2,0,3,60,1,0,0,0.502858579158783,0.502858579158783,0.502858579158783,0.49714145064353943,0,1,9,post_calibration
10,3,0,4,60,1,0,0,0.5025469064712524,0.5025469064712524,0.5025469064712524,0.49745312333106995,0,1,9,post_calibration
10,4,0,5,60,0,1,0,0.5035809874534607,0.5035809874534607,0.4964190423488617,0.5035809874534607,0,1,9,post_calibration
10,5,0,9,60,1,1,1,0.5038629174232483,0.5038629174232483,0.4961371123790741,0.5038629174232483,0,1,9,post_calibration
10,6,0,10,60,1,1,1,0.509834349155426,0.509834349155426,0.49016571044921875,0.509834349155426,0,1,9,post_calibration
10,7,0,11,60,1,0,0,0.5066163539886475,0.5066163539886475,0.5066163539886475,0.4933837056159973,0,1,9,post_calibration
10,8,0,16,60,0,0,1,0.5003594756126404,0.5003594756126404,0.5003594756126404,0.4996405243873596,0,1,9,post_calibration
11,0,0,2,60,1,0,0,0.5034846067428589,0.5034846067428589,0.5034846067428589,0.4965153932571411,0,2,9,zero_shot_paired
11,1,0,6,60,1,0,0,0.5071629881858826,0.5071629881858826,0.5071629881858826,0.49283701181411743,0,2,9,zero_shot_paired
11,2,0,7,60,0,0,1,0.5025084018707275,0.5025084018707275,0.5025084018707275,0.49749162793159485,0,2,9,zero_shot_paired
11,3,0,8,60,0,0,1,0.5025206804275513,0.5025206804275513,0.5025206804275513,0.4974793493747711,0,2,9,zero_shot_paired
11,4,0,12,60,1,1,1,0.5050066113471985,0.5050066113471985,0.4949934184551239,0.5050066113471985,0,2,9,zero_shot_paired
11,5,0,13,60,1,0,0,0.5010696649551392,0.5010696649551392,0.5010696649551392,0.49893033504486084,0,2,9,zero_shot_paired
11,6,0,14,60,0,0,1,0.5007116794586182,0.5007116794586182,0.5007116794586182,0.49928832054138184,0,2,9,zero_shot_paired
11,7,0,15,60,1,0,0,0.5077394843101501,0.5077394843101501,0.5077394843101501,0.49226051568984985,0,2,9,zero_shot_paired
11,8,0,17,60,1,1,1,0.5000229477882385,0.5000229477882385,0.4999770224094391,0.5000229477882385,0,2,9,zero_shot_paired
11,0,0,2,60,1,0,0,0.5029737949371338,0.5029737949371338,0.5029737949371338,0.4970262348651886,0,2,9,post_calibration
11,1,0,6,60,1,0,0,0.5063871145248413,0.5063871145248413,0.5063871145248413,0.49361294507980347,0,2,9,post_calibration
11,2,0,7,60,0,0,1,0.501737654209137,0.501737654209137,0.501737654209137,0.49826234579086304,0,2,9,post_calibration
11,3,0,8,60,0,0,1,0.5015312433242798,0.5015312433242798,0.5015312433242798,0.4984687566757202,0,2,9,post_calibration
11,4,0,12,60,1,1,1,0.5054699182510376,0.5054699182510376,0.49453005194664,0.5054699182510376,0,2,9,post_calibration
11,5,0,13,60,1,0,0,0.5002569556236267,0.5002569556236267,0.5002569556236267,0.4997430145740509,0,2,9,post_calibration
11,6,0,14,60,0,1,0,0.5003269910812378,0.5003269910812378,0.4996730387210846,0.5003269910812378,0,2,9,post_calibration
11,7,0,15,60,1,0,0,0.5070739388465881,0.5070739388465881,0.5070739388465881,0.49292606115341187,0,2,9,post_calibration
11,8,0,17,60,1,1,1,0.5001571178436279,0.5001571178436279,0.4998428523540497,0.5001571178436279,0,2,9,post_calibration
12,0,0,3,60,1,0,0,0.5029982924461365,0.5029982924461365,0.5029982924461365,0.49700167775154114,0,1,12,zero_shot_paired
12,1,0,4,60,1,0,0,0.5023215413093567,0.5023215413093567,0.5023215413093567,0.4976784884929657,0,1,12,zero_shot_paired
12,2,0,9,60,1,1,1,0.5035260915756226,0.5035260915756226,0.49647390842437744,0.5035260915756226,0,1,12,zero_shot_paired
12,3,0,10,60,1,1,1,0.5095025897026062,0.5095025897026062,0.4904974102973938,0.5095025897026062,0,1,12,zero_shot_paired
12,4,0,14,60,0,0,1,0.5007109642028809,0.5007109642028809,0.5007109642028809,0.49928900599479675,0,1,12,zero_shot_paired
12,5,0,16,60,0,0,1,0.5014678835868835,0.5014678835868835,0.5014678835868835,0.49853214621543884,0,1,12,zero_shot_paired
12,0,0,3,60,1,0,0,0.5014777183532715,0.5014777183532715,0.5014777183532715,0.4985223114490509,0,1,12,post_calibration
12,1,0,4,60,1,0,0,0.5014973878860474,0.5014973878860474,0.5014973878860474,0.49850258231163025,0,1,12,post_calibration
12,2,0,9,60,1,1,1,0.504595160484314,0.504595160484314,0.4954048693180084,0.504595160484314,0,1,12,post_calibration
12,3,0,10,60,1,1,1,0.5093539953231812,0.5093539953231812,0.49064597487449646,0.5093539953231812,0,1,12,post_calibration
12,4,0,14,60,0,0,1,0.5001106858253479,0.5001106858253479,0.5001106858253479,0.4998893141746521,0,1,12,post_calibration
12,5,0,16,60,0,1,0,0.500442385673523,0.500442385673523,0.4995576739311218,0.500442385673523,0,1,12,post_calibration
13,0,0,0,60,1,0,0,0.500133752822876,0.500133752822876,0.500133752822876,0.499866247177124,0,2,12,zero_shot_paired
13,1,0,4,60,1,0,0,0.5023215413093567,0.5023215413093567,0.5023215413093567,0.4976784884929657,0,2,12,zero_shot_paired
13,2,0,5,60,0,1,0,0.5031059980392456,0.5031059980392456,0.4968940019607544,0.5031059980392456,0,2,12,zero_shot_paired
13,3,0,12,60,1,1,1,0.5050069093704224,0.5050069093704224,0.4949931204319,0.5050069093704224,0,2,12,zero_shot_paired
13,4,0,14,60,0,0,1,0.5007109642028809,0.5007109642028809,0.5007109642028809,0.49928900599479675,0,2,12,zero_shot_paired
13,5,0,17,60,1,1,1,0.5000237822532654,0.5000237822532654,0.4999762177467346,0.5000237822532654,0,2,12,zero_shot_paired
13,0,0,0,60,1,1,1,0.5005037188529968,0.5005037188529968,0.4994962811470032,0.5005037188529968,0,2,12,post_calibration
13,1,0,4,60,1,0,0,0.5020708441734314,0.5020708441734314,0.5020708441734314,0.49792909622192383,0,2,12,post_calibration
13,2,0,5,60,0,1,0,0.503538191318512,0.503538191318512,0.4964618384838104,0.503538191318512,0,2,12,post_calibration
13,3,0,12,60,1,1,1,0.5054575204849243,0.5054575204849243,0.4945424795150757,0.5054575204849243,0,2,12,post_calibration
13,4,0,14,60,0,0,1,0.500659167766571,0.500659167766571,0.500659167766571,0.49934083223342896,0,2,12,post_calibration
13,5,0,17,60,1,1,1,0.5005759596824646,0.5005759596824646,0.4994240701198578,0.5005759596824646,0,2,12,post_calibration
14,0,0,1,60,1,1,1,0.5019848942756653,0.5019848942756653,0.4980151057243347,0.5019848942756653,0,3,12,zero_shot_paired
14,1,0,2,60,1,0,0,0.5034841895103455,0.5034841895103455,0.5034841895103455,0.49651584029197693,0,3,12,zero_shot_paired
14,2,0,7,60,0,0,1,0.5025110244750977,0.5025110244750977,0.5025110244750977,0.4974890351295471,0,3,12,zero_shot_paired
14,3,0,10,60,1,1,1,0.5095025897026062,0.5095025897026062,0.4904974102973938,0.5095025897026062,0,3,12,zero_shot_paired
14,4,0,11,60,1,0,0,0.5064659714698792,0.5064659714698792,0.5064659714698792,0.49353402853012085,0,3,12,zero_shot_paired
14,5,0,16,60,0,0,1,0.5014678835868835,0.5014678835868835,0.5014678835868835,0.49853214621543884,0,3,12,zero_shot_paired
14,0,0,1,60,1,1,1,0.5024852752685547,0.5024852752685547,0.4975147545337677,0.5024852752685547,0,3,12,post_calibration
14,1,0,2,60,1,0,0,0.5026929974555969,0.5026929974555969,0.5026929974555969,0.4973069727420807,0,3,12,post_calibration
14,2,0,7,60,0,0,1,0.5016212463378906,0.5016212463378906,0.5016212463378906,0.4983787536621094,0,3,12,post_calibration
14,3,0,10,60,1,1,1,0.5095002055168152,0.5095002055168152,0.4904997646808624,0.5095002055168152,0,3,12,post_calibration
14,4,0,11,60,1,0,0,0.5055730938911438,0.5055730938911438,0.5055730938911438,0.4944269061088562,0,3,12,post_calibration
14,5,0,16,60,0,0,1,0.5001761317253113,0.5001761317253113,0.5001761317253113,0.49982383847236633,0,3,12,post_calibration
2,0,1,0,60,1,0,0,0.5027531385421753,0.5027531385421753,0.5027531385421753,0.4972468912601471,1,,,zero_shot_all_trials
2,1,1,1,60,0,0,1,0.5011709928512573,0.5011709928512573,0.5011709928512573,0.4988290071487427,1,,,zero_shot_all_trials
2,2,1,2,60,1,1,1,0.502282977104187,0.502282977104187,0.4977170526981354,0.502282977104187,1,,,zero_shot_all_trials
2,3,1,3,60,0,0,1,0.5031113028526306,0.5031113028526306,0.5031113028526306,0.496888667345047,1,,,zero_shot_all_trials
2,4,1,4,60,0,1,0,0.5042496919631958,0.5042496919631958,0.4957503378391266,0.5042496919631958,1,,,zero_shot_all_trials
2,5,1,5,60,0,0,1,0.5039681792259216,0.5039681792259216,0.5039681792259216,0.496031790971756,1,,,zero_shot_all_trials
2,6,1,6,60,1,0,0,0.5036430954933167,0.5036430954933167,0.5036430954933167,0.49635693430900574,1,,,zero_shot_all_trials
2,7,1,7,60,0,0,1,0.5015379190444946,0.5015379190444946,0.5015379190444946,0.498462051153183,1,,,zero_shot_all_trials
2,8,1,8,60,0,0,1,0.503231942653656,0.503231942653656,0.503231942653656,0.4967680871486664,1,,,zero_shot_all_trials
2,9,1,9,60,0,0,1,0.5066889524459839,0.5066889524459839,0.5066889524459839,0.4933110177516937,1,,,zero_shot_all_trials
2,10,1,10,60,1,0,0,0.5020051598548889,0.5020051598548889,0.5020051598548889,0.4979948103427887,1,,,zero_shot_all_trials
2,11,1,11,60,1,0,0,0.5038269758224487,0.5038269758224487,0.5038269758224487,0.49617302417755127,1,,,zero_shot_all_trials
2,12,1,12,60,1,0,0,0.5026188492774963,0.5026188492774963,0.5026188492774963,0.4973811209201813,1,,,zero_shot_all_trials
2,13,1,13,60,0,0,1,0.5043866038322449,0.5043866038322449,0.5043866038322449,0.4956133961677551,1,,,zero_shot_all_trials
2,14,1,14,60,0,0,1,0.5034106969833374,0.5034106969833374,0.5034106969833374,0.4965893626213074,1,,,zero_shot_all_trials
2,15,1,15,60,0,0,1,0.502804696559906,0.502804696559906,0.502804696559906,0.4971952736377716,1,,,zero_shot_all_trials
2,16,1,16,60,0,0,1,0.5013329386711121,0.5013329386711121,0.5013329386711121,0.49866700172424316,1,,,zero_shot_all_trials
2,17,1,17,60,1,0,0,0.5032668113708496,0.5032668113708496,0.5032668113708496,0.496733158826828,1,,,zero_shot_all_trials
15,0,1,0,60,1,0,0,0.5027531385421753,0.5027531385421753,0.5027531385421753,0.4972468912601471,1,1,3,zero_shot_paired
15,1,1,1,60,0,0,1,0.5011711716651917,0.5011711716651917,0.5011711716651917,0.49882882833480835,1,1,3,zero_shot_paired
15,2,1,2,60,1,1,1,0.5022829174995422,0.5022829174995422,0.49771708250045776,0.5022829174995422,1,1,3,zero_shot_paired
15,3,1,3,60,0,0,1,0.5031114220619202,0.5031114220619202,0.5031114220619202,0.49688857793807983,1,1,3,zero_shot_paired
15,4,1,4,60,0,1,0,0.5042496919631958,0.5042496919631958,0.4957503378391266,0.5042496919631958,1,1,3,zero_shot_paired
15,5,1,5,60,0,0,1,0.5039680004119873,0.5039680004119873,0.5039680004119873,0.4960319995880127,1,1,3,zero_shot_paired
15,6,1,6,60,1,0,0,0.5036429762840271,0.5036429762840271,0.5036429762840271,0.4963570535182953,1,1,3,zero_shot_paired
15,7,1,9,60,0,0,1,0.5066888928413391,0.5066888928413391,0.5066888928413391,0.4933111071586609,1,1,3,zero_shot_paired
15,8,1,11,60,1,0,0,0.5038269758224487,0.5038269758224487,0.5038269758224487,0.49617302417755127,1,1,3,zero_shot_paired
15,9,1,12,60,1,0,0,0.5026189088821411,0.5026189088821411,0.5026189088821411,0.4973810613155365,1,1,3,zero_shot_paired
15,10,1,13,60,0,0,1,0.5043867230415344,0.5043867230415344,0.5043867230415344,0.49561330676078796,1,1,3,zero_shot_paired
15,11,1,14,60,0,0,1,0.5034107565879822,0.5034107565879822,0.5034107565879822,0.4965892434120178,1,1,3,zero_shot_paired
15,12,1,15,60,0,0,1,0.5028047561645508,0.5028047561645508,0.5028047561645508,0.49719521403312683,1,1,3,zero_shot_paired
15,13,1,16,60,0,0,1,0.5013329982757568,0.5013329982757568,0.5013329982757568,0.49866700172424316,1,1,3,zero_shot_paired
15,14,1,17,60,1,0,0,0.5032668113708496,0.5032668113708496,0.5032668113708496,0.496733158826828,1,1,3,zero_shot_paired
15,0,1,0,60,1,0,0,0.5031795501708984,0.5031795501708984,0.5031795501708984,0.49682047963142395,1,1,3,post_calibration
15,1,1,1,60,0,0,1,0.501372754573822,0.501372754573822,0.501372754573822,0.4986272156238556,1,1,3,post_calibration
15,2,1,2,60,1,1,1,0.5020473599433899,0.5020473599433899,0.4979526102542877,0.5020473599433899,1,1,3,post_calibration
15,3,1,3,60,0,0,1,0.5031543970108032,0.5031543970108032,0.5031543970108032,0.4968455731868744,1,1,3,post_calibration
15,4,1,4,60,0,1,0,0.5040670037269592,0.5040670037269592,0.49593302607536316,0.5040670037269592,1,1,3,post_calibration
15,5,1,5,60,0,0,1,0.5046367049217224,0.5046367049217224,0.5046367049217224,0.4953632950782776,1,1,3,post_calibration
15,6,1,6,60,1,0,0,0.5039178133010864,0.5039178133010864,0.5039178133010864,0.4960821866989136,1,1,3,post_calibration
15,7,1,9,60,0,0,1,0.5071734189987183,0.5071734189987183,0.5071734189987183,0.4928266108036041,1,1,3,post_calibration
15,8,1,11,60,1,0,0,0.5044795870780945,0.5044795870780945,0.5044795870780945,0.4955204129219055,1,1,3,post_calibration
15,9,1,12,60,1,0,0,0.5027270913124084,0.5027270913124084,0.5027270913124084,0.49727290868759155,1,1,3,post_calibration
15,10,1,13,60,0,0,1,0.5044827461242676,0.5044827461242676,0.5044827461242676,0.4955172538757324,1,1,3,post_calibration
15,11,1,14,60,0,0,1,0.5036118626594543,0.5036118626594543,0.5036118626594543,0.49638816714286804,1,1,3,post_calibration
15,12,1,15,60,0,0,1,0.5031499266624451,0.5031499266624451,0.5031499266624451,0.49685004353523254,1,1,3,post_calibration
15,13,1,16,60,0,0,1,0.5012786388397217,0.5012786388397217,0.5012786388397217,0.4987213909626007,1,1,3,post_calibration
15,14,1,17,60,1,0,0,0.5035582780838013,0.5035582780838013,0.5035582780838013,0.49644169211387634,1,1,3,post_calibration
16,0,1,0,60,1,0,0,0.5027531385421753,0.5027531385421753,0.5027531385421753,0.4972468912601471,1,2,3,zero_shot_paired
16,1,1,1,60,0,0,1,0.5011711716651917,0.5011711716651917,0.5011711716651917,0.49882882833480835,1,2,3,zero_shot_paired
16,2,1,4,60,0,1,0,0.5042496919631958,0.5042496919631958,0.4957503378391266,0.5042496919631958,1,2,3,zero_shot_paired
16,3,1,6,60,1,0,0,0.5036429762840271,0.5036429762840271,0.5036429762840271,0.4963570535182953,1,2,3,zero_shot_paired
16,4,1,7,60,0,0,1,0.5015378594398499,0.5015378594398499,0.5015378594398499,0.49846217036247253,1,2,3,zero_shot_paired
16,5,1,8,60,0,0,1,0.5032320022583008,0.5032320022583008,0.5032320022583008,0.4967679977416992,1,2,3,zero_shot_paired
16,6,1,9,60,0,0,1,0.5066888928413391,0.5066888928413391,0.5066888928413391,0.4933111071586609,1,2,3,zero_shot_paired
16,7,1,10,60,1,0,0,0.5020051598548889,0.5020051598548889,0.5020051598548889,0.4979948401451111,1,2,3,zero_shot_paired
16,8,1,11,60,1,0,0,0.5038269758224487,0.5038269758224487,0.5038269758224487,0.49617302417755127,1,2,3,zero_shot_paired
16,9,1,12,60,1,0,0,0.5026189088821411,0.5026189088821411,0.5026189088821411,0.4973810613155365,1,2,3,zero_shot_paired
16,10,1,13,60,0,0,1,0.5043867230415344,0.5043867230415344,0.5043867230415344,0.49561330676078796,1,2,3,zero_shot_paired
16,11,1,14,60,0,0,1,0.5034107565879822,0.5034107565879822,0.5034107565879822,0.4965892434120178,1,2,3,zero_shot_paired
16,12,1,15,60,0,0,1,0.5028047561645508,0.5028047561645508,0.5028047561645508,0.49719521403312683,1,2,3,zero_shot_paired
16,13,1,16,60,0,0,1,0.5013329982757568,0.5013329982757568,0.5013329982757568,0.49866700172424316,1,2,3,zero_shot_paired
16,14,1,17,60,1,0,0,0.5032668113708496,0.5032668113708496,0.5032668113708496,0.496733158826828,1,2,3,zero_shot_paired
16,0,1,0,60,1,0,0,0.502953827381134,0.502953827381134,0.502953827381134,0.4970461428165436,1,2,3,post_calibration
16,1,1,1,60,0,0,1,0.5013799667358398,0.5013799667358398,0.5013799667358398,0.49862003326416016,1,2,3,post_calibration
16,2,1,4,60,0,1,0,0.5042354464530945,0.5042354464530945,0.4957645833492279,0.5042354464530945,1,2,3,post_calibration
16,3,1,6,60,1,0,0,0.5040865540504456,0.5040865540504456,0.5040865540504456,0.49591341614723206,1,2,3,post_calibration
16,4,1,7,60,0,0,1,0.50175940990448,0.50175940990448,0.50175940990448,0.49824059009552,1,2,3,post_calibration
16,5,1,8,60,0,0,1,0.5035257935523987,0.5035257935523987,0.5035257935523987,0.4964742362499237,1,2,3,post_calibration
16,6,1,9,60,0,0,1,0.5071819424629211,0.5071819424629211,0.5071819424629211,0.4928179979324341,1,2,3,post_calibration
16,7,1,10,60,1,0,0,0.5024324655532837,0.5024324655532837,0.5024324655532837,0.4975675642490387,1,2,3,post_calibration
16,8,1,11,60,1,0,0,0.5041495561599731,0.5041495561599731,0.5041495561599731,0.49585047364234924,1,2,3,post_calibration
16,9,1,12,60,1,0,0,0.5027382969856262,0.5027382969856262,0.5027382969856262,0.49726173281669617,1,2,3,post_calibration
16,10,1,13,60,0,0,1,0.5047640204429626,0.5047640204429626,0.5047640204429626,0.49523597955703735,1,2,3,post_calibration
16,11,1,14,60,0,0,1,0.503483235836029,0.503483235836029,0.503483235836029,0.49651673436164856,1,2,3,post_calibration
16,12,1,15,60,0,0,1,0.5029599070549011,0.5029599070549011,0.5029599070549011,0.49704012274742126,1,2,3,post_calibration
16,13,1,16,60,0,0,1,0.5014531016349792,0.5014531016349792,0.5014531016349792,0.49854689836502075,1,2,3,post_calibration
16,14,1,17,60,1,0,0,0.5035606026649475,0.5035606026649475,0.5035606026649475,0.4964393973350525,1,2,3,post_calibration
17,0,1,0,60,1,0,0,0.5027531385421753,0.5027531385421753,0.5027531385421753,0.4972468912601471,1,3,3,zero_shot_paired
17,1,1,2,60,1,1,1,0.5022829174995422,0.5022829174995422,0.49771708250045776,0.5022829174995422,1,3,3,zero_shot_paired
17,2,1,3,60,0,0,1,0.5031114220619202,0.5031114220619202,0.5031114220619202,0.49688857793807983,1,3,3,zero_shot_paired
17,3,1,4,60,0,1,0,0.5042496919631958,0.5042496919631958,0.4957503378391266,0.5042496919631958,1,3,3,zero_shot_paired
17,4,1,5,60,0,0,1,0.5039680004119873,0.5039680004119873,0.5039680004119873,0.4960319995880127,1,3,3,zero_shot_paired
17,5,1,6,60,1,0,0,0.5036429762840271,0.5036429762840271,0.5036429762840271,0.4963570535182953,1,3,3,zero_shot_paired
17,6,1,7,60,0,0,1,0.5015378594398499,0.5015378594398499,0.5015378594398499,0.49846217036247253,1,3,3,zero_shot_paired
17,7,1,8,60,0,0,1,0.5032320022583008,0.5032320022583008,0.5032320022583008,0.4967679977416992,1,3,3,zero_shot_paired
17,8,1,9,60,0,0,1,0.5066888928413391,0.5066888928413391,0.5066888928413391,0.4933111071586609,1,3,3,zero_shot_paired
17,9,1,10,60,1,0,0,0.5020051598548889,0.5020051598548889,0.5020051598548889,0.4979948401451111,1,3,3,zero_shot_paired
17,10,1,13,60,0,0,1,0.5043867230415344,0.5043867230415344,0.5043867230415344,0.49561330676078796,1,3,3,zero_shot_paired
17,11,1,14,60,0,0,1,0.5034107565879822,0.5034107565879822,0.5034107565879822,0.4965892434120178,1,3,3,zero_shot_paired
17,12,1,15,60,0,0,1,0.5028047561645508,0.5028047561645508,0.5028047561645508,0.49719521403312683,1,3,3,zero_shot_paired
17,13,1,16,60,0,0,1,0.5013329982757568,0.5013329982757568,0.5013329982757568,0.49866700172424316,1,3,3,zero_shot_paired
17,14,1,17,60,1,0,0,0.5032668113708496,0.5032668113708496,0.5032668113708496,0.496733158826828,1,3,3,zero_shot_paired
17,0,1,0,60,1,0,0,0.5025150179862976,0.5025150179862976,0.5025150179862976,0.4974850118160248,1,3,3,post_calibration
17,1,1,2,60,1,1,1,0.5027334690093994,0.5027334690093994,0.4972665309906006,0.5027334690093994,1,3,3,post_calibration
17,2,1,3,60,0,0,1,0.5028642416000366,0.5028642416000366,0.5028642416000366,0.4971357583999634,1,3,3,post_calibration
17,3,1,4,60,0,1,0,0.5045655965805054,0.5045655965805054,0.49543440341949463,0.5045655965805054,1,3,3,post_calibration
17,4,1,5,60,0,0,1,0.5035039782524109,0.5035039782524109,0.5035039782524109,0.4964960515499115,1,3,3,post_calibration
17,5,1,6,60,1,0,0,0.5036400556564331,0.5036400556564331,0.5036400556564331,0.4963599145412445,1,3,3,post_calibration
17,6,1,7,60,0,0,1,0.5014099478721619,0.5014099478721619,0.5014099478721619,0.4985901117324829,1,3,3,post_calibration
17,7,1,8,60,0,0,1,0.5031156539916992,0.5031156539916992,0.5031156539916992,0.49688440561294556,1,3,3,post_calibration
17,8,1,9,60,0,0,1,0.5066039562225342,0.5066039562225342,0.5066039562225342,0.4933960437774658,1,3,3,post_calibration
17,9,1,10,60,1,0,0,0.5017679333686829,0.5017679333686829,0.5017679333686829,0.4982321262359619,1,3,3,post_calibration
17,10,1,13,60,0,0,1,0.5041608810424805,0.5041608810424805,0.5041608810424805,0.49583908915519714,1,3,3,post_calibration
17,11,1,14,60,0,0,1,0.5032650232315063,0.5032650232315063,0.5032650232315063,0.49673497676849365,1,3,3,post_calibration
17,12,1,15,60,0,0,1,0.5024521946907043,0.5024521946907043,0.5024521946907043,0.49754780530929565,1,3,3,post_calibration
17,13,1,16,60,0,0,1,0.501315712928772,0.501315712928772,0.501315712928772,0.498684287071228,1,3,3,post_calibration
17,14,1,17,60,1,0,0,0.5030246376991272,0.5030246376991272,0.5030246376991272,0.4969753623008728,1,3,3,post_calibration
18,0,1,0,60,1,0,0,0.5027531385421753,0.5027531385421753,0.5027531385421753,0.4972468912601471,1,4,3,zero_shot_paired
18,1,1,1,60,0,0,1,0.5011711716651917,0.5011711716651917,0.5011711716651917,0.49882882833480835,1,4,3,zero_shot_paired
18,2,1,2,60,1,1,1,0.5022829174995422,0.5022829174995422,0.49771708250045776,0.5022829174995422,1,4,3,zero_shot_paired
18,3,1,3,60,0,0,1,0.5031114220619202,0.5031114220619202,0.5031114220619202,0.49688857793807983,1,4,3,zero_shot_paired
18,4,1,4,60,0,1,0,0.5042496919631958,0.5042496919631958,0.4957503378391266,0.5042496919631958,1,4,3,zero_shot_paired
18,5,1,5,60,0,0,1,0.5039680004119873,0.5039680004119873,0.5039680004119873,0.4960319995880127,1,4,3,zero_shot_paired
18,6,1,6,60,1,0,0,0.5036429762840271,0.5036429762840271,0.5036429762840271,0.4963570535182953,1,4,3,zero_shot_paired
18,7,1,7,60,0,0,1,0.5015378594398499,0.5015378594398499,0.5015378594398499,0.49846217036247253,1,4,3,zero_shot_paired
18,8,1,8,60,0,0,1,0.5032320022583008,0.5032320022583008,0.5032320022583008,0.4967679977416992,1,4,3,zero_shot_paired
18,9,1,10,60,1,0,0,0.5020051598548889,0.5020051598548889,0.5020051598548889,0.4979948401451111,1,4,3,zero_shot_paired
18,10,1,11,60,1,0,0,0.5038269758224487,0.5038269758224487,0.5038269758224487,0.49617302417755127,1,4,3,zero_shot_paired
18,11,1,12,60,1,0,0,0.5026189088821411,0.5026189088821411,0.5026189088821411,0.4973810613155365,1,4,3,zero_shot_paired
18,12,1,13,60,0,0,1,0.5043867230415344,0.5043867230415344,0.5043867230415344,0.49561330676078796,1,4,3,zero_shot_paired
18,13,1,14,60,0,0,1,0.5034107565879822,0.5034107565879822,0.5034107565879822,0.4965892434120178,1,4,3,zero_shot_paired
18,14,1,16,60,0,0,1,0.5013329982757568,0.5013329982757568,0.5013329982757568,0.49866700172424316,1,4,3,zero_shot_paired
18,0,1,0,60,1,0,0,0.5029737949371338,0.5029737949371338,0.5029737949371338,0.4970262348651886,1,4,3,post_calibration
18,1,1,1,60,0,0,1,0.5012441873550415,0.5012441873550415,0.5012441873550415,0.4987558126449585,1,4,3,post_calibration
18,2,1,2,60,1,1,1,0.5019001364707947,0.5019001364707947,0.4980998933315277,0.5019001364707947,1,4,3,post_calibration
18,3,1,3,60,0,0,1,0.503490686416626,0.503490686416626,0.503490686416626,0.4965093433856964,1,4,3,post_calibration
18,4,1,4,60,0,1,0,0.5041379332542419,0.5041379332542419,0.49586203694343567,0.5041379332542419,1,4,3,post_calibration
18,5,1,5,60,0,0,1,0.5044765472412109,0.5044765472412109,0.5044765472412109,0.4955233931541443,1,4,3,post_calibration
18,6,1,6,60,1,0,0,0.5041560530662537,0.5041560530662537,0.5041560530662537,0.49584394693374634,1,4,3,post_calibration
18,7,1,7,60,0,0,1,0.5017626881599426,0.5017626881599426,0.5017626881599426,0.49823734164237976,1,4,3,post_calibration
18,8,1,8,60,0,0,1,0.5034969449043274,0.5034969449043274,0.5034969449043274,0.4965030252933502,1,4,3,post_calibration
18,9,1,10,60,1,0,0,0.502231240272522,0.502231240272522,0.502231240272522,0.49776870012283325,1,4,3,post_calibration
18,10,1,11,60,1,0,0,0.5041778087615967,0.5041778087615967,0.5041778087615967,0.49582216143608093,1,4,3,post_calibration
18,11,1,12,60,1,0,0,0.5030401349067688,0.5030401349067688,0.5030401349067688,0.4969598948955536,1,4,3,post_calibration
18,12,1,13,60,0,0,1,0.5047152638435364,0.5047152638435364,0.5047152638435364,0.495284765958786,1,4,3,post_calibration
18,13,1,14,60,0,0,1,0.5039170384407043,0.5039170384407043,0.5039170384407043,0.49608293175697327,1,4,3,post_calibration
18,14,1,16,60,0,0,1,0.5018017292022705,0.5018017292022705,0.5018017292022705,0.4981982707977295,1,4,3,post_calibration
19,0,1,0,60,1,0,0,0.5027531385421753,0.5027531385421753,0.5027531385421753,0.4972468912601471,1,5,3,zero_shot_paired
19,1,1,1,60,0,0,1,0.5011711716651917,0.5011711716651917,0.5011711716651917,0.49882882833480835,1,5,3,zero_shot_paired
19,2,1,2,60,1,1,1,0.5022829174995422,0.5022829174995422,0.49771708250045776,0.5022829174995422,1,5,3,zero_shot_paired
19,3,1,3,60,0,0,1,0.5031114220619202,0.5031114220619202,0.5031114220619202,0.49688857793807983,1,5,3,zero_shot_paired
19,4,1,4,60,0,1,0,0.5042496919631958,0.5042496919631958,0.4957503378391266,0.5042496919631958,1,5,3,zero_shot_paired
19,5,1,5,60,0,0,1,0.5039680004119873,0.5039680004119873,0.5039680004119873,0.4960319995880127,1,5,3,zero_shot_paired
19,6,1,7,60,0,0,1,0.5015378594398499,0.5015378594398499,0.5015378594398499,0.49846217036247253,1,5,3,zero_shot_paired
19,7,1,8,60,0,0,1,0.5032320022583008,0.5032320022583008,0.5032320022583008,0.4967679977416992,1,5,3,zero_shot_paired
19,8,1,9,60,0,0,1,0.5066888928413391,0.5066888928413391,0.5066888928413391,0.4933111071586609,1,5,3,zero_shot_paired
19,9,1,10,60,1,0,0,0.5020051598548889,0.5020051598548889,0.5020051598548889,0.4979948401451111,1,5,3,zero_shot_paired
19,10,1,11,60,1,0,0,0.5038269758224487,0.5038269758224487,0.5038269758224487,0.49617302417755127,1,5,3,zero_shot_paired
19,11,1,12,60,1,0,0,0.5026189088821411,0.5026189088821411,0.5026189088821411,0.4973810613155365,1,5,3,zero_shot_paired
19,12,1,13,60,0,0,1,0.5043867230415344,0.5043867230415344,0.5043867230415344,0.49561330676078796,1,5,3,zero_shot_paired
19,13,1,15,60,0,0,1,0.5028047561645508,0.5028047561645508,0.5028047561645508,0.49719521403312683,1,5,3,zero_shot_paired
19,14,1,17,60,1,0,0,0.5032668113708496,0.5032668113708496,0.5032668113708496,0.496733158826828,1,5,3,zero_shot_paired
19,0,1,0,60,1,0,0,0.5026723146438599,0.5026723146438599,0.5026723146438599,0.49732768535614014,1,5,3,post_calibration
19,1,1,1,60,0,0,1,0.501131534576416,0.501131534576416,0.501131534576416,0.4988684356212616,1,5,3,post_calibration
19,2,1,2,60,1,1,1,0.5020432472229004,0.5020432472229004,0.4979567527770996,0.5020432472229004,1,5,3,post_calibration
19,3,1,3,60,0,0,1,0.5032716989517212,0.5032716989517212,0.5032716989517212,0.4967282712459564,1,5,3,post_calibration
19,4,1,4,60,0,1,0,0.5043780207633972,0.5043780207633972,0.49562203884124756,0.5043780207633972,1,5,3,post_calibration
19,5,1,5,60,0,0,1,0.5042712092399597,0.5042712092399597,0.5042712092399597,0.4957287609577179,1,5,3,post_calibration
19,6,1,7,60,0,0,1,0.501500129699707,0.501500129699707,0.501500129699707,0.49849987030029297,1,5,3,post_calibration
19,7,1,8,60,0,0,1,0.5033304691314697,0.5033304691314697,0.5033304691314697,0.4966695308685303,1,5,3,post_calibration
19,8,1,9,60,0,0,1,0.506971538066864,0.506971538066864,0.506971538066864,0.4930284321308136,1,5,3,post_calibration
19,9,1,10,60,1,0,0,0.5023105144500732,0.5023105144500732,0.5023105144500732,0.49768948554992676,1,5,3,post_calibration
19,10,1,11,60,1,0,0,0.5037549138069153,0.5037549138069153,0.5037549138069153,0.4962450861930847,1,5,3,post_calibration
19,11,1,12,60,1,0,0,0.5028334259986877,0.5028334259986877,0.5028334259986877,0.49716654419898987,1,5,3,post_calibration
19,12,1,13,60,0,0,1,0.5045198202133179,0.5045198202133179,0.5045198202133179,0.49548017978668213,1,5,3,post_calibration
19,13,1,15,60,0,0,1,0.5032365918159485,0.5032365918159485,0.5032365918159485,0.4967633783817291,1,5,3,post_calibration
19,14,1,17,60,1,0,0,0.5034622550010681,0.5034622550010681,0.5034622550010681,0.4965377151966095,1,5,3,post_calibration
20,0,1,1,60,0,0,1,0.5011711716651917,0.5011711716651917,0.5011711716651917,0.49882882833480835,1,6,3,zero_shot_paired
20,1,1,2,60,1,1,1,0.5022829174995422,0.5022829174995422,0.49771708250045776,0.5022829174995422,1,6,3,zero_shot_paired
20,2,1,3,60,0,0,1,0.5031114220619202,0.5031114220619202,0.5031114220619202,0.49688857793807983,1,6,3,zero_shot_paired
20,3,1,5,60,0,0,1,0.5039680004119873,0.5039680004119873,0.5039680004119873,0.4960319995880127,1,6,3,zero_shot_paired
20,4,1,6,60,1,0,0,0.5036429762840271,0.5036429762840271,0.5036429762840271,0.4963570535182953,1,6,3,zero_shot_paired
20,5,1,7,60,0,0,1,0.5015378594398499,0.5015378594398499,0.5015378594398499,0.49846217036247253,1,6,3,zero_shot_paired
20,6,1,8,60,0,0,1,0.5032320022583008,0.5032320022583008,0.5032320022583008,0.4967679977416992,1,6,3,zero_shot_paired
20,7,1,9,60,0,0,1,0.5066888928413391,0.5066888928413391,0.5066888928413391,0.4933111071586609,1,6,3,zero_shot_paired
20,8,1,10,60,1,0,0,0.5020051598548889,0.5020051598548889,0.5020051598548889,0.4979948401451111,1,6,3,zero_shot_paired
20,9,1,11,60,1,0,0,0.5038269758224487,0.5038269758224487,0.5038269758224487,0.49617302417755127,1,6,3,zero_shot_paired
20,10,1,12,60,1,0,0,0.5026189088821411,0.5026189088821411,0.5026189088821411,0.4973810613155365,1,6,3,zero_shot_paired
20,11,1,14,60,0,0,1,0.5034107565879822,0.5034107565879822,0.5034107565879822,0.4965892434120178,1,6,3,zero_shot_paired
20,12,1,15,60,0,0,1,0.5028047561645508,0.5028047561645508,0.5028047561645508,0.49719521403312683,1,6,3,zero_shot_paired
20,13,1,16,60,0,0,1,0.5013329982757568,0.5013329982757568,0.5013329982757568,0.49866700172424316,1,6,3,zero_shot_paired
20,14,1,17,60,1,0,0,0.5032668113708496,0.5032668113708496,0.5032668113708496,0.496733158826828,1,6,3,zero_shot_paired
20,0,1,1,60,0,0,1,0.5009857416152954,0.5009857416152954,0.5009857416152954,0.49901431798934937,1,6,3,post_calibration
20,1,1,2,60,1,1,1,0.5021795034408569,0.5021795034408569,0.49782049655914307,0.5021795034408569,1,6,3,post_calibration
20,2,1,3,60,0,0,1,0.5031429529190063,0.5031429529190063,0.5031429529190063,0.49685704708099365,1,6,3,post_calibration
20,3,1,5,60,0,0,1,0.5039973258972168,0.5039973258972168,0.5039973258972168,0.4960027039051056,1,6,3,post_calibration
20,4,1,6,60,1,0,0,0.5033712983131409,0.5033712983131409,0.5033712983131409,0.4966287314891815,1,6,3,post_calibration
20,5,1,7,60,0,0,1,0.501659095287323,0.501659095287323,0.501659095287323,0.498340904712677,1,6,3,post_calibration
20,6,1,8,60,0,0,1,0.5031585097312927,0.5031585097312927,0.5031585097312927,0.4968414902687073,1,6,3,post_calibration
20,7,1,9,60,0,0,1,0.506423830986023,0.506423830986023,0.506423830986023,0.49357616901397705,1,6,3,post_calibration
20,8,1,10,60,1,0,0,0.5018092393875122,0.5018092393875122,0.5018092393875122,0.4981907606124878,1,6,3,post_calibration
20,9,1,11,60,1,0,0,0.5041642189025879,0.5041642189025879,0.5041642189025879,0.4958357810974121,1,6,3,post_calibration
20,10,1,12,60,1,0,0,0.5027514100074768,0.5027514100074768,0.5027514100074768,0.4972486197948456,1,6,3,post_calibration
20,11,1,14,60,0,0,1,0.5035725235939026,0.5035725235939026,0.5035725235939026,0.4964275062084198,1,6,3,post_calibration
20,12,1,15,60,0,0,1,0.5031081438064575,0.5031081438064575,0.5031081438064575,0.4968918263912201,1,6,3,post_calibration
20,13,1,16,60,0,0,1,0.5009937882423401,0.5009937882423401,0.5009937882423401,0.4990062415599823,1,6,3,post_calibration
20,14,1,17,60,1,0,0,0.5035520195960999,0.5035520195960999,0.5035520195960999,0.49644798040390015,1,6,3,post_calibration
21,0,1,0,60,1,0,0,0.5027531385421753,0.5027531385421753,0.5027531385421753,0.4972468912601471,1,1,6,zero_shot_paired
21,1,1,1,60,0,0,1,0.5011711716651917,0.5011711716651917,0.5011711716651917,0.49882882833480835,1,1,6,zero_shot_paired
21,2,1,4,60,0,1,0,0.5042496919631958,0.5042496919631958,0.4957503378391266,0.5042496919631958,1,1,6,zero_shot_paired
21,3,1,6,60,1,0,0,0.5036429762840271,0.5036429762840271,0.5036429762840271,0.4963570535182953,1,1,6,zero_shot_paired
21,4,1,7,60,0,0,1,0.5015378594398499,0.5015378594398499,0.5015378594398499,0.49846217036247253,1,1,6,zero_shot_paired
21,5,1,9,60,0,0,1,0.5066888928413391,0.5066888928413391,0.5066888928413391,0.4933111071586609,1,1,6,zero_shot_paired
21,6,1,10,60,1,0,0,0.5020051598548889,0.5020051598548889,0.5020051598548889,0.4979948401451111,1,1,6,zero_shot_paired
21,7,1,11,60,1,0,0,0.5038269758224487,0.5038269758224487,0.5038269758224487,0.49617302417755127,1,1,6,zero_shot_paired
21,8,1,12,60,1,0,0,0.5026189088821411,0.5026189088821411,0.5026189088821411,0.4973810613155365,1,1,6,zero_shot_paired
21,9,1,14,60,0,0,1,0.5034107565879822,0.5034107565879822,0.5034107565879822,0.4965892434120178,1,1,6,zero_shot_paired
21,10,1,15,60,0,0,1,0.5028047561645508,0.5028047561645508,0.5028047561645508,0.49719521403312683,1,1,6,zero_shot_paired
21,11,1,16,60,0,0,1,0.5013329982757568,0.5013329982757568,0.5013329982757568,0.49866700172424316,1,1,6,zero_shot_paired
21,0,1,0,60,1,0,0,0.5032885670661926,0.5032885670661926,0.5032885670661926,0.49671149253845215,1,1,6,post_calibration
21,1,1,1,60,0,0,1,0.5016336441040039,0.5016336441040039,0.5016336441040039,0.4983663558959961,1,1,6,post_calibration
21,2,1,4,60,0,1,0,0.5042375326156616,0.5042375326156616,0.4957624673843384,0.5042375326156616,1,1,6,post_calibration
21,3,1,6,60,1,0,0,0.503961980342865,0.503961980342865,0.503961980342865,0.4960380494594574,1,1,6,post_calibration
21,4,1,7,60,0,0,1,0.5018655061721802,0.5018655061721802,0.5018655061721802,0.4981344938278198,1,1,6,post_calibration
21,5,1,9,60,0,0,1,0.5069391131401062,0.5069391131401062,0.5069391131401062,0.4930609464645386,1,1,6,post_calibration
21,6,1,10,60,1,0,0,0.5022441744804382,0.5022441744804382,0.5022441744804382,0.4977557957172394,1,1,6,post_calibration
21,7,1,11,60,1,0,0,0.504065752029419,0.504065752029419,0.504065752029419,0.49593427777290344,1,1,6,post_calibration
21,8,1,12,60,1,0,0,0.502947211265564,0.502947211265564,0.502947211265564,0.4970528185367584,1,1,6,post_calibration
21,9,1,14,60,0,0,1,0.5038414597511292,0.5038414597511292,0.5038414597511292,0.49615851044654846,1,1,6,post_calibration
21,10,1,15,60,0,0,1,0.5031196475028992,0.5031196475028992,0.5031196475028992,0.49688035249710083,1,1,6,post_calibration
21,11,1,16,60,0,0,1,0.5019632577896118,0.5019632577896118,0.5019632577896118,0.4980367124080658,1,1,6,post_calibration
22,0,1,0,60,1,0,0,0.5027531385421753,0.5027531385421753,0.5027531385421753,0.4972468912601471,1,2,6,zero_shot_paired
22,1,1,1,60,0,0,1,0.5011711716651917,0.5011711716651917,0.5011711716651917,0.49882882833480835,1,2,6,zero_shot_paired
22,2,1,2,60,1,1,1,0.5022829174995422,0.5022829174995422,0.49771708250045776,0.5022829174995422,1,2,6,zero_shot_paired
22,3,1,3,60,0,0,1,0.5031114220619202,0.5031114220619202,0.5031114220619202,0.49688857793807983,1,2,6,zero_shot_paired
22,4,1,5,60,0,0,1,0.5039680004119873,0.5039680004119873,0.5039680004119873,0.4960319995880127,1,2,6,zero_shot_paired
22,5,1,8,60,0,0,1,0.5032320022583008,0.5032320022583008,0.5032320022583008,0.4967679977416992,1,2,6,zero_shot_paired
22,6,1,9,60,0,0,1,0.5066888928413391,0.5066888928413391,0.5066888928413391,0.4933111071586609,1,2,6,zero_shot_paired
22,7,1,10,60,1,0,0,0.5020051598548889,0.5020051598548889,0.5020051598548889,0.4979948401451111,1,2,6,zero_shot_paired
22,8,1,12,60,1,0,0,0.5026189088821411,0.5026189088821411,0.5026189088821411,0.4973810613155365,1,2,6,zero_shot_paired
22,9,1,13,60,0,0,1,0.5043867230415344,0.5043867230415344,0.5043867230415344,0.49561330676078796,1,2,6,zero_shot_paired
22,10,1,15,60,0,0,1,0.5028047561645508,0.5028047561645508,0.5028047561645508,0.49719521403312683,1,2,6,zero_shot_paired
22,11,1,17,60,1,0,0,0.5032668113708496,0.5032668113708496,0.5032668113708496,0.496733158826828,1,2,6,zero_shot_paired
22,0,1,0,60,1,0,0,0.5022197961807251,0.5022197961807251,0.5022197961807251,0.4977802634239197,1,2,6,post_calibration
22,1,1,1,60,0,0,1,0.5012410879135132,0.5012410879135132,0.5012410879135132,0.4987589716911316,1,2,6,post_calibration
22,2,1,2,60,1,1,1,0.502017080783844,0.502017080783844,0.4979829490184784,0.502017080783844,1,2,6,post_calibration
22,3,1,3,60,0,0,1,0.5029603242874146,0.5029603242874146,0.5029603242874146,0.49703964591026306,1,2,6,post_calibration
22,4,1,5,60,0,0,1,0.5037814378738403,0.5037814378738403,0.5037814378738403,0.49621859192848206,1,2,6,post_calibration
22,5,1,8,60,0,0,1,0.502885639667511,0.502885639667511,0.502885639667511,0.497114360332489,1,2,6,post_calibration
22,6,1,9,60,0,0,1,0.5062402486801147,0.5062402486801147,0.5062402486801147,0.49375978112220764,1,2,6,post_calibration
22,7,1,10,60,1,0,0,0.5018727779388428,0.5018727779388428,0.5018727779388428,0.4981272518634796,1,2,6,post_calibration
22,8,1,12,60,1,0,0,0.5028582811355591,0.5028582811355591,0.5028582811355591,0.4971417188644409,1,2,6,post_calibration
22,9,1,13,60,0,0,1,0.5045064091682434,0.5045064091682434,0.5045064091682434,0.4954935312271118,1,2,6,post_calibration
22,10,1,15,60,0,0,1,0.5027338862419128,0.5027338862419128,0.5027338862419128,0.4972660541534424,1,2,6,post_calibration
22,11,1,17,60,1,0,0,0.5033470988273621,0.5033470988273621,0.5033470988273621,0.49665287137031555,1,2,6,post_calibration
23,0,1,2,60,1,1,1,0.5022829174995422,0.5022829174995422,0.49771708250045776,0.5022829174995422,1,3,6,zero_shot_paired
23,1,1,3,60,0,0,1,0.5031114220619202,0.5031114220619202,0.5031114220619202,0.49688857793807983,1,3,6,zero_shot_paired
23,2,1,4,60,0,1,0,0.5042496919631958,0.5042496919631958,0.4957503378391266,0.5042496919631958,1,3,6,zero_shot_paired
23,3,1,5,60,0,0,1,0.5039680004119873,0.5039680004119873,0.5039680004119873,0.4960319995880127,1,3,6,zero_shot_paired
23,4,1,6,60,1,0,0,0.5036429762840271,0.5036429762840271,0.5036429762840271,0.4963570535182953,1,3,6,zero_shot_paired
23,5,1,7,60,0,0,1,0.5015378594398499,0.5015378594398499,0.5015378594398499,0.49846217036247253,1,3,6,zero_shot_paired
23,6,1,8,60,0,0,1,0.5032320022583008,0.5032320022583008,0.5032320022583008,0.4967679977416992,1,3,6,zero_shot_paired
23,7,1,11,60,1,0,0,0.5038269758224487,0.5038269758224487,0.5038269758224487,0.49617302417755127,1,3,6,zero_shot_paired
23,8,1,13,60,0,0,1,0.5043867230415344,0.5043867230415344,0.5043867230415344,0.49561330676078796,1,3,6,zero_shot_paired
23,9,1,14,60,0,0,1,0.5034107565879822,0.5034107565879822,0.5034107565879822,0.4965892434120178,1,3,6,zero_shot_paired
23,10,1,16,60,0,0,1,0.5013329982757568,0.5013329982757568,0.5013329982757568,0.49866700172424316,1,3,6,zero_shot_paired
23,11,1,17,60,1,0,0,0.5032668113708496,0.5032668113708496,0.5032668113708496,0.496733158826828,1,3,6,zero_shot_paired
23,0,1,2,60,1,1,1,0.5019795298576355,0.5019795298576355,0.4980204403400421,0.5019795298576355,1,3,6,post_calibration
23,1,1,3,60,0,0,1,0.5033377408981323,0.5033377408981323,0.5033377408981323,0.4966622591018677,1,3,6,post_calibration
23,2,1,4,60,0,1,0,0.5039069652557373,0.5039069652557373,0.4960930645465851,0.5039069652557373,1,3,6,post_calibration
23,3,1,5,60,0,0,1,0.5044906139373779,0.5044906139373779,0.5044906139373779,0.49550938606262207,1,3,6,post_calibration
23,4,1,6,60,1,0,0,0.5037767291069031,0.5037767291069031,0.5037767291069031,0.4962233006954193,1,3,6,post_calibration
23,5,1,7,60,0,0,1,0.501795768737793,0.501795768737793,0.501795768737793,0.49820420145988464,1,3,6,post_calibration
23,6,1,8,60,0,0,1,0.503119170665741,0.503119170665741,0.503119170665741,0.49688076972961426,1,3,6,post_calibration
23,7,1,11,60,1,0,0,0.5043226480484009,0.5043226480484009,0.5043226480484009,0.4956773519515991,1,3,6,post_calibration
23,8,1,13,60,0,0,1,0.5047597289085388,0.5047597289085388,0.5047597289085388,0.4952402710914612,1,3,6,post_calibration
23,9,1,14,60,0,0,1,0.5037722587585449,0.5037722587585449,0.5037722587585449,0.49622777104377747,1,3,6,post_calibration
23,10,1,16,60,0,0,1,0.5015271306037903,0.5015271306037903,0.5015271306037903,0.49847283959388733,1,3,6,post_calibration
23,11,1,17,60,1,0,0,0.5036655068397522,0.5036655068397522,0.5036655068397522,0.4963345527648926,1,3,6,post_calibration
24,0,1,0,60,1,0,0,0.5027531981468201,0.5027531981468201,0.5027531981468201,0.49724680185317993,1,1,9,zero_shot_paired
24,1,1,1,60,0,0,1,0.5011710524559021,0.5011710524559021,0.5011710524559021,0.4988289177417755,1,1,9,zero_shot_paired
24,2,1,2,60,1,1,1,0.5022829174995422,0.5022829174995422,0.49771708250045776,0.5022829174995422,1,1,9,zero_shot_paired
24,3,1,3,60,0,0,1,0.5031115412712097,0.5031115412712097,0.5031115412712097,0.49688848853111267,1,1,9,zero_shot_paired
24,4,1,4,60,0,1,0,0.5042495727539062,0.5042495727539062,0.49575042724609375,0.5042495727539062,1,1,9,zero_shot_paired
24,5,1,10,60,1,0,0,0.5020051598548889,0.5020051598548889,0.5020051598548889,0.4979947805404663,1,1,9,zero_shot_paired
24,6,1,13,60,0,0,1,0.5043866634368896,0.5043866634368896,0.5043866634368896,0.49561330676078796,1,1,9,zero_shot_paired
24,7,1,14,60,0,0,1,0.5034106373786926,0.5034106373786926,0.5034106373786926,0.4965893626213074,1,1,9,zero_shot_paired
24,8,1,15,60,0,0,1,0.502804696559906,0.502804696559906,0.502804696559906,0.4971952736377716,1,1,9,zero_shot_paired
24,0,1,0,60,1,0,0,0.5021272301673889,0.5021272301673889,0.5021272301673889,0.49787279963493347,1,1,9,post_calibration
24,1,1,1,60,0,0,1,0.5011482238769531,0.5011482238769531,0.5011482238769531,0.49885180592536926,1,1,9,post_calibration
24,2,1,2,60,1,1,1,0.5020104646682739,0.5020104646682739,0.49798956513404846,0.5020104646682739,1,1,9,post_calibration
24,3,1,3,60,0,0,1,0.5027111172676086,0.5027111172676086,0.5027111172676086,0.49728888273239136,1,1,9,post_calibration
24,4,1,4,60,0,1,0,0.5038492679595947,0.5038492679595947,0.4961507022380829,0.5038492679595947,1,1,9,post_calibration
24,5,1,10,60,1,0,0,0.5027242302894592,0.5027242302894592,0.5027242302894592,0.49727582931518555,1,1,9,post_calibration
24,6,1,13,60,0,0,1,0.5047887563705444,0.5047887563705444,0.5047887563705444,0.4952112138271332,1,1,9,post_calibration
24,7,1,14,60,0,0,1,0.5035068988800049,0.5035068988800049,0.5035068988800049,0.4964931011199951,1,1,9,post_calibration
24,8,1,15,60,0,0,1,0.5027367472648621,0.5027367472648621,0.5027367472648621,0.4972632825374603,1,1,9,post_calibration
25,0,1,5,60,0,0,1,0.5039680600166321,0.5039680600166321,0.5039680600166321,0.49603191018104553,1,2,9,zero_shot_paired
25,1,1,6,60,1,0,0,0.5036430954933167,0.5036430954933167,0.5036430954933167,0.49635690450668335,1,2,9,zero_shot_paired
25,2,1,7,60,0,0,1,0.5015378594398499,0.5015378594398499,0.5015378594398499,0.49846217036247253,1,2,9,zero_shot_paired
25,3,1,8,60,0,0,1,0.5032318830490112,0.5032318830490112,0.5032318830490112,0.49676811695098877,1,2,9,zero_shot_paired
25,4,1,9,60,0,0,1,0.5066889524459839,0.5066889524459839,0.5066889524459839,0.4933110177516937,1,2,9,zero_shot_paired
25,5,1,11,60,1,0,0,0.5038270354270935,0.5038270354270935,0.5038270354270935,0.4961729943752289,1,2,9,zero_shot_paired
25,6,1,12,60,1,0,0,0.5026188492774963,0.5026188492774963,0.5026188492774963,0.4973811209201813,1,2,9,zero_shot_paired
25,7,1,16,60,0,0,1,0.5013329386711121,0.5013329386711121,0.5013329386711121,0.49866703152656555,1,2,9,zero_shot_paired
25,8,1,17,60,1,0,0,0.5032667517662048,0.5032667517662048,0.5032667517662048,0.4967332184314728,1,2,9,zero_shot_paired
25,0,1,5,60,0,0,1,0.5045992732048035,0.5045992732048035,0.5045992732048035,0.49540069699287415,1,2,9,post_calibration
25,1,1,6,60,1,0,0,0.5039964318275452,0.5039964318275452,0.5039964318275452,0.4960035979747772,1,2,9,post_calibration
25,2,1,7,60,0,0,1,0.5019245743751526,0.5019245743751526,0.5019245743751526,0.4980754256248474,1,2,9,post_calibration
25,3,1,8,60,0,0,1,0.503488302230835,0.503488302230835,0.503488302230835,0.49651163816452026,1,2,9,post_calibration
25,4,1,9,60,0,0,1,0.5072019696235657,0.5072019696235657,0.5072019696235657,0.4927980303764343,1,2,9,post_calibration
25,5,1,11,60,1,0,0,0.5045271515846252,0.5045271515846252,0.5045271515846252,0.49547284841537476,1,2,9,post_calibration
25,6,1,12,60,1,0,0,0.503150999546051,0.503150999546051,0.503150999546051,0.4968489706516266,1,2,9,post_calibration
25,7,1,16,60,0,0,1,0.5017414093017578,0.5017414093017578,0.5017414093017578,0.4982585310935974,1,2,9,post_calibration
25,8,1,17,60,1,0,0,0.5039404034614563,0.5039404034614563,0.5039404034614563,0.4960596263408661,1,2,9,post_calibration
26,0,1,1,60,0,0,1,0.5011710524559021,0.5011710524559021,0.5011710524559021,0.4988289177417755,1,1,12,zero_shot_paired
26,1,1,3,60,0,0,1,0.5031105279922485,0.5031105279922485,0.5031105279922485,0.49688947200775146,1,1,12,zero_shot_paired
26,2,1,7,60,0,0,1,0.5015387535095215,0.5015387535095215,0.5015387535095215,0.4984612464904785,1,1,12,zero_shot_paired
26,3,1,10,60,1,0,0,0.5020056366920471,0.5020056366920471,0.5020056366920471,0.4979943633079529,1,1,12,zero_shot_paired
26,4,1,14,60,0,0,1,0.5034124255180359,0.5034124255180359,0.5034124255180359,0.4965876042842865,1,1,12,zero_shot_paired
26,5,1,17,60,1,0,0,0.5032663345336914,0.5032663345336914,0.5032663345336914,0.49673372507095337,1,1,12,zero_shot_paired
26,0,1,1,60,0,0,1,0.5014359951019287,0.5014359951019287,0.5014359951019287,0.4985639750957489,1,1,12,post_calibration
26,1,1,3,60,0,0,1,0.5032235383987427,0.5032235383987427,0.5032235383987427,0.49677640199661255,1,1,12,post_calibration
26,2,1,7,60,0,0,1,0.5019622445106506,0.5019622445106506,0.5019622445106506,0.49803778529167175,1,1,12,post_calibration
26,3,1,10,60,1,0,0,0.5039055347442627,0.5039055347442627,0.5039055347442627,0.4960944354534149,1,1,12,post_calibration
26,4,1,14,60,0,0,1,0.5040715336799622,0.5040715336799622,0.5040715336799622,0.49592843651771545,1,1,12,post_calibration
26,5,1,17,60,1,0,0,0.5038841366767883,0.5038841366767883,0.5038841366767883,0.49611586332321167,1,1,12,post_calibration
27,0,1,1,60,0,0,1,0.5011710524559021,0.5011710524559021,0.5011710524559021,0.4988289177417755,1,2,12,zero_shot_paired
27,1,1,5,60,0,0,1,0.503967821598053,0.503967821598053,0.503967821598053,0.4960322082042694,1,2,12,zero_shot_paired
27,2,1,9,60,0,0,1,0.5066885352134705,0.5066885352134705,0.5066885352134705,0.49331143498420715,1,2,12,zero_shot_paired
27,3,1,11,60,1,0,0,0.5038260817527771,0.5038260817527771,0.5038260817527771,0.4961739182472229,1,2,12,zero_shot_paired
27,4,1,15,60,0,0,1,0.5028033256530762,0.5028033256530762,0.5028033256530762,0.49719664454460144,1,2,12,zero_shot_paired
27,5,1,17,60,1,0,0,0.5032663345336914,0.5032663345336914,0.5032663345336914,0.49673372507095337,1,2,12,zero_shot_paired
27,0,1,1,60,0,0,1,0.5014546513557434,0.5014546513557434,0.5014546513557434,0.4985453486442566,1,2,12,post_calibration
27,1,1,5,60,0,0,1,0.503710925579071,0.503710925579071,0.503710925579071,0.49628910422325134,1,2,12,post_calibration
27,2,1,9,60,0,0,1,0.506841778755188,0.506841778755188,0.506841778755188,0.493158221244812,1,2,12,post_calibration
27,3,1,11,60,1,0,0,0.5041406154632568,0.5041406154632568,0.5041406154632568,0.49585941433906555,1,2,12,post_calibration
27,4,1,15,60,0,0,1,0.5029677152633667,0.5029677152633667,0.5029677152633667,0.4970323145389557,1,2,12,post_calibration
27,5,1,17,60,1,0,0,0.5036407113075256,0.5036407113075256,0.5036407113075256,0.49635931849479675,1,2,12,post_calibration
28,0,1,2,60,1,1,1,0.5022830367088318,0.5022830367088318,0.4977169632911682,0.5022830367088318,1,3,12,zero_shot_paired
28,1,1,3,60,0,0,1,0.5031105279922485,0.5031105279922485,0.5031105279922485,0.49688947200775146,1,3,12,zero_shot_paired
28,2,1,4,60,0,1,0,0.5042492151260376,0.5042492151260376,0.4957508444786072,0.5042492151260376,1,3,12,zero_shot_paired
28,3,1,11,60,1,0,0,0.5038260817527771,0.5038260817527771,0.5038260817527771,0.4961739182472229,1,3,12,zero_shot_paired
28,4,1,13,60,0,0,1,0.5043884515762329,0.5043884515762329,0.5043884515762329,0.49561160802841187,1,3,12,zero_shot_paired
28,5,1,16,60,0,0,1,0.5013318061828613,0.5013318061828613,0.5013318061828613,0.49866819381713867,1,3,12,zero_shot_paired
28,0,1,2,60,1,1,1,0.5018865466117859,0.5018865466117859,0.4981134831905365,0.5018865466117859,1,3,12,post_calibration
28,1,1,3,60,0,0,1,0.5034361481666565,0.5034361481666565,0.5034361481666565,0.49656379222869873,1,3,12,post_calibration
28,2,1,4,60,0,1,0,0.504044234752655,0.504044234752655,0.49595576524734497,0.504044234752655,1,3,12,post_calibration
28,3,1,11,60,1,0,0,0.5054355263710022,0.5054355263710022,0.5054355263710022,0.4945644736289978,1,3,12,post_calibration
28,4,1,13,60,0,0,1,0.5054804682731628,0.5054804682731628,0.5054804682731628,0.49451953172683716,1,3,12,post_calibration
28,5,1,16,60,0,0,1,0.5025405287742615,0.5025405287742615,0.5025405287742615,0.4974594712257385,1,3,12,post_calibration
3,0,2,0,60,1,1,1,0.5042549967765808,0.5042549967765808,0.4957450032234192,0.5042549967765808,2,,,zero_shot_all_trials
3,1,2,1,60,1,1,1,0.5062733888626099,0.5062733888626099,0.4937266409397125,0.5062733888626099,2,,,zero_shot_all_trials
3,2,2,2,60,1,1,1,0.5076674818992615,0.5076674818992615,0.4923325181007385,0.5076674818992615,2,,,zero_shot_all_trials
3,3,2,3,60,0,1,0,0.5077651739120483,0.5077651739120483,0.4922347664833069,0.5077651739120483,2,,,zero_shot_all_trials
3,4,2,4,60,1,1,1,0.5018382668495178,0.5018382668495178,0.49816176295280457,0.5018382668495178,2,,,zero_shot_all_trials
3,5,2,5,60,1,1,1,0.5011856555938721,0.5011856555938721,0.49881434440612793,0.5011856555938721,2,,,zero_shot_all_trials
3,6,2,6,60,1,1,1,0.5073900818824768,0.5073900818824768,0.4926098883152008,0.5073900818824768,2,,,zero_shot_all_trials
3,7,2,7,60,0,0,1,0.5013185143470764,0.5013185143470764,0.5013185143470764,0.49868151545524597,2,,,zero_shot_all_trials
3,8,2,8,60,0,0,1,0.5024938583374023,0.5024938583374023,0.5024938583374023,0.49750614166259766,2,,,zero_shot_all_trials
3,9,2,9,60,1,1,1,0.5046884417533875,0.5046884417533875,0.49531155824661255,0.5046884417533875,2,,,zero_shot_all_trials
3,10,2,10,60,1,1,1,0.5053793787956238,0.5053793787956238,0.494620680809021,0.5053793787956238,2,,,zero_shot_all_trials
3,11,2,11,60,1,0,0,0.5007460117340088,0.5007460117340088,0.5007460117340088,0.4992539882659912,2,,,zero_shot_all_trials
3,12,2,12,60,1,1,1,0.5009525418281555,0.5009525418281555,0.4990474581718445,0.5009525418281555,2,,,zero_shot_all_trials
3,13,2,13,60,1,1,1,0.5044456124305725,0.5044456124305725,0.4955543875694275,0.5044456124305725,2,,,zero_shot_all_trials
3,14,2,14,60,1,1,1,0.5045003294944763,0.5045003294944763,0.4954996705055237,0.5045003294944763,2,,,zero_shot_all_trials
3,15,2,15,60,1,1,1,0.5019927620887756,0.5019927620887756,0.49800726771354675,0.5019927620887756,2,,,zero_shot_all_trials
3,16,2,16,60,0,1,0,0.5011020302772522,0.5011020302772522,0.4988979697227478,0.5011020302772522,2,,,zero_shot_all_trials
3,17,2,17,60,1,0,0,0.5050593614578247,0.5050593614578247,0.5050593614578247,0.4949405789375305,2,,,zero_shot_all_trials
29,0,2,0,60,1,1,1,0.5042548179626465,0.5042548179626465,0.4957451820373535,0.5042548179626465,2,1,3,zero_shot_paired
29,1,2,1,60,1,1,1,0.5062735676765442,0.5062735676765442,0.4937264323234558,0.5062735676765442,2,1,3,zero_shot_paired
29,2,2,2,60,1,1,1,0.5076673626899719,0.5076673626899719,0.4923326075077057,0.5076673626899719,2,1,3,zero_shot_paired
29,3,2,5,60,1,1,1,0.5011855959892273,0.5011855959892273,0.4988143742084503,0.5011855959892273,2,1,3,zero_shot_paired
29,4,2,6,60,1,1,1,0.5073900818824768,0.5073900818824768,0.4926098883152008,0.5073900818824768,2,1,3,zero_shot_paired
29,5,2,7,60,0,0,1,0.5013185739517212,0.5013185739517212,0.5013185739517212,0.4986814558506012,2,1,3,zero_shot_paired
29,6,2,8,60,0,0,1,0.5024938583374023,0.5024938583374023,0.5024938583374023,0.49750617146492004,2,1,3,zero_shot_paired
29,7,2,9,60,1,1,1,0.5046883821487427,0.5046883821487427,0.4953116178512573,0.5046883821487427,2,1,3,zero_shot_paired
29,8,2,10,60,1,1,1,0.505379319190979,0.505379319190979,0.4946207106113434,0.505379319190979,2,1,3,zero_shot_paired
29,9,2,11,60,1,0,0,0.5007460117340088,0.5007460117340088,0.5007460117340088,0.4992539882659912,2,1,3,zero_shot_paired
29,10,2,13,60,1,1,1,0.5044456124305725,0.5044456124305725,0.4955543875694275,0.5044456124305725,2,1,3,zero_shot_paired
29,11,2,14,60,1,1,1,0.5045002102851868,0.5045002102851868,0.49549973011016846,0.5045002102851868,2,1,3,zero_shot_paired
29,12,2,15,60,1,1,1,0.5019928216934204,0.5019928216934204,0.49800723791122437,0.5019928216934204,2,1,3,zero_shot_paired
29,13,2,16,60,0,1,0,0.5011020302772522,0.5011020302772522,0.4988979697227478,0.5011020302772522,2,1,3,zero_shot_paired
29,14,2,17,60,1,0,0,0.5050595998764038,0.5050595998764038,0.5050595998764038,0.4949403703212738,2,1,3,zero_shot_paired
29,0,2,0,60,1,1,1,0.5048387050628662,0.5048387050628662,0.4951613247394562,0.5048387050628662,2,1,3,post_calibration
29,1,2,1,60,1,1,1,0.5064164400100708,0.5064164400100708,0.4935835301876068,0.5064164400100708,2,1,3,post_calibration
29,2,2,2,60,1,1,1,0.5078079700469971,0.5078079700469971,0.49219200015068054,0.5078079700469971,2,1,3,post_calibration
29,3,2,5,60,1,1,1,0.5015720725059509,0.5015720725059509,0.4984279274940491,0.5015720725059509,2,1,3,post_calibration
29,4,2,6,60,1,1,1,0.5075664520263672,0.5075664520263672,0.49243348836898804,0.5075664520263672,2,1,3,post_calibration
29,5,2,7,60,0,0,1,0.5011978149414062,0.5011978149414062,0.5011978149414062,0.49880221486091614,2,1,3,post_calibration
29,6,2,8,60,0,0,1,0.5016857385635376,0.5016857385635376,0.5016857385635376,0.4983142912387848,2,1,3,post_calibration
29,7,2,9,60,1,1,1,0.5049999356269836,0.5049999356269836,0.49500006437301636,0.5049999356269836,2,1,3,post_calibration
29,8,2,10,60,1,1,1,0.5056354403495789,0.5056354403495789,0.4943646192550659,0.5056354403495789,2,1,3,post_calibration
29,9,2,11,60,1,0,0,0.5005901455879211,0.5005901455879211,0.5005901455879211,0.49940991401672363,2,1,3,post_calibration
29,10,2,13,60,1,1,1,0.5046376585960388,0.5046376585960388,0.4953623414039612,0.5046376585960388,2,1,3,post_calibration
29,11,2,14,60,1,1,1,0.5048375725746155,0.5048375725746155,0.4951624870300293,0.5048375725746155,2,1,3,post_calibration
29,12,2,15,60,1,1,1,0.5019529461860657,0.5019529461860657,0.49804699420928955,0.5019529461860657,2,1,3,post_calibration
29,13,2,16,60,0,1,0,0.5014796853065491,0.5014796853065491,0.4985203444957733,0.5014796853065491,2,1,3,post_calibration
29,14,2,17,60,1,0,0,0.5047908425331116,0.5047908425331116,0.5047908425331116,0.4952091872692108,2,1,3,post_calibration
30,0,2,0,60,1,1,1,0.5042548179626465,0.5042548179626465,0.4957451820373535,0.5042548179626465,2,2,3,zero_shot_paired
30,1,2,1,60,1,1,1,0.5062735676765442,0.5062735676765442,0.4937264323234558,0.5062735676765442,2,2,3,zero_shot_paired
30,2,2,2,60,1,1,1,0.5076673626899719,0.5076673626899719,0.4923326075077057,0.5076673626899719,2,2,3,zero_shot_paired
30,3,2,3,60,0,1,0,0.5077652931213379,0.5077652931213379,0.4922347068786621,0.5077652931213379,2,2,3,zero_shot_paired
30,4,2,4,60,1,1,1,0.5018382668495178,0.5018382668495178,0.49816176295280457,0.5018382668495178,2,2,3,zero_shot_paired
30,5,2,5,60,1,1,1,0.5011855959892273,0.5011855959892273,0.4988143742084503,0.5011855959892273,2,2,3,zero_shot_paired
30,6,2,7,60,0,0,1,0.5013185739517212,0.5013185739517212,0.5013185739517212,0.4986814558506012,2,2,3,zero_shot_paired
30,7,2,9,60,1,1,1,0.5046883821487427,0.5046883821487427,0.4953116178512573,0.5046883821487427,2,2,3,zero_shot_paired
30,8,2,10,60,1,1,1,0.505379319190979,0.505379319190979,0.4946207106113434,0.505379319190979,2,2,3,zero_shot_paired
30,9,2,11,60,1,0,0,0.5007460117340088,0.5007460117340088,0.5007460117340088,0.4992539882659912,2,2,3,zero_shot_paired
30,10,2,12,60,1,1,1,0.5009523034095764,0.5009523034095764,0.4990476369857788,0.5009523034095764,2,2,3,zero_shot_paired
30,11,2,14,60,1,1,1,0.5045002102851868,0.5045002102851868,0.49549973011016846,0.5045002102851868,2,2,3,zero_shot_paired
30,12,2,15,60,1,1,1,0.5019928216934204,0.5019928216934204,0.49800723791122437,0.5019928216934204,2,2,3,zero_shot_paired
30,13,2,16,60,0,1,0,0.5011020302772522,0.5011020302772522,0.4988979697227478,0.5011020302772522,2,2,3,zero_shot_paired
30,14,2,17,60,1,0,0,0.5050595998764038,0.5050595998764038,0.5050595998764038,0.4949403703212738,2,2,3,zero_shot_paired
30,0,2,0,60,1,1,1,0.5040046572685242,0.5040046572685242,0.49599534273147583,0.5040046572685242,2,2,3,post_calibration
30,1,2,1,60,1,1,1,0.506311297416687,0.506311297416687,0.4936886727809906,0.506311297416687,2,2,3,post_calibration
30,2,2,2,60,1,1,1,0.5077622532844543,0.5077622532844543,0.49223771691322327,0.5077622532844543,2,2,3,post_calibration
30,3,2,3,60,0,1,0,0.5077317953109741,0.5077317953109741,0.4922682046890259,0.5077317953109741,2,2,3,post_calibration
30,4,2,4,60,1,1,1,0.5014262795448303,0.5014262795448303,0.4985736906528473,0.5014262795448303,2,2,3,post_calibration
30,5,2,5,60,1,1,1,0.5008726119995117,0.5008726119995117,0.4991273880004883,0.5008726119995117,2,2,3,post_calibration
30,6,2,7,60,0,0,1,0.5012215971946716,0.5012215971946716,0.5012215971946716,0.49877843260765076,2,2,3,post_calibration
30,7,2,9,60,1,1,1,0.5045657753944397,0.5045657753944397,0.4954342544078827,0.5045657753944397,2,2,3,post_calibration
30,8,2,10,60,1,1,1,0.5055114030838013,0.5055114030838013,0.49448856711387634,0.5055114030838013,2,2,3,post_calibration
30,9,2,11,60,1,0,0,0.5006340742111206,0.5006340742111206,0.5006340742111206,0.4993658661842346,2,2,3,post_calibration
30,10,2,12,60,1,1,1,0.500803530216217,0.500803530216217,0.49919652938842773,0.500803530216217,2,2,3,post_calibration
30,11,2,14,60,1,1,1,0.504001259803772,0.504001259803772,0.49599871039390564,0.504001259803772,2,2,3,post_calibration
30,12,2,15,60,1,1,1,0.5017157196998596,0.5017157196998596,0.4982842803001404,0.5017157196998596,2,2,3,post_calibration
30,13,2,16,60,0,1,0,0.5014647841453552,0.5014647841453552,0.49853524565696716,0.5014647841453552,2,2,3,post_calibration
30,14,2,17,60,1,0,0,0.5050529837608337,0.5050529837608337,0.5050529837608337,0.49494698643684387,2,2,3,post_calibration
31,0,2,0,60,1,1,1,0.5042548179626465,0.5042548179626465,0.4957451820373535,0.5042548179626465,2,3,3,zero_shot_paired
31,1,2,2,60,1,1,1,0.5076673626899719,0.5076673626899719,0.4923326075077057,0.5076673626899719,2,3,3,zero_shot_paired
31,2,2,3,60,0,1,0,0.5077652931213379,0.5077652931213379,0.4922347068786621,0.5077652931213379,2,3,3,zero_shot_paired
31,3,2,4,60,1,1,1,0.5018382668495178,0.5018382668495178,0.49816176295280457,0.5018382668495178,2,3,3,zero_shot_paired
31,4,2,5,60,1,1,1,0.5011855959892273,0.5011855959892273,0.4988143742084503,0.5011855959892273,2,3,3,zero_shot_paired
31,5,2,6,60,1,1,1,0.5073900818824768,0.5073900818824768,0.4926098883152008,0.5073900818824768,2,3,3,zero_shot_paired
31,6,2,8,60,0,0,1,0.5024938583374023,0.5024938583374023,0.5024938583374023,0.49750617146492004,2,3,3,zero_shot_paired
31,7,2,9,60,1,1,1,0.5046883821487427,0.5046883821487427,0.4953116178512573,0.5046883821487427,2,3,3,zero_shot_paired
31,8,2,11,60,1,0,0,0.5007460117340088,0.5007460117340088,0.5007460117340088,0.4992539882659912,2,3,3,zero_shot_paired
31,9,2,12,60,1,1,1,0.5009523034095764,0.5009523034095764,0.4990476369857788,0.5009523034095764,2,3,3,zero_shot_paired
31,10,2,13,60,1,1,1,0.5044456124305725,0.5044456124305725,0.4955543875694275,0.5044456124305725,2,3,3,zero_shot_paired
31,11,2,14,60,1,1,1,0.5045002102851868,0.5045002102851868,0.49549973011016846,0.5045002102851868,2,3,3,zero_shot_paired
31,12,2,15,60,1,1,1,0.5019928216934204,0.5019928216934204,0.49800723791122437,0.5019928216934204,2,3,3,zero_shot_paired
31,13,2,16,60,0,1,0,0.5011020302772522,0.5011020302772522,0.4988979697227478,0.5011020302772522,2,3,3,zero_shot_paired
31,14,2,17,60,1,0,0,0.5050595998764038,0.5050595998764038,0.5050595998764038,0.4949403703212738,2,3,3,zero_shot_paired
31,0,2,0,60,1,1,1,0.5046539306640625,0.5046539306640625,0.4953460693359375,0.5046539306640625,2,3,3,post_calibration
31,1,2,2,60,1,1,1,0.5080233812332153,0.5080233812332153,0.49197664856910706,0.5080233812332153,2,3,3,post_calibration
31,2,2,3,60,0,1,0,0.5079056024551392,0.5079056024551392,0.49209436774253845,0.5079056024551392,2,3,3,post_calibration
31,3,2,4,60,1,1,1,0.5020403861999512,0.5020403861999512,0.4979596436023712,0.5020403861999512,2,3,3,post_calibration
31,4,2,5,60,1,1,1,0.5012109279632568,0.5012109279632568,0.49878910183906555,0.5012109279632568,2,3,3,post_calibration
31,5,2,6,60,1,1,1,0.507758378982544,0.507758378982544,0.49224162101745605,0.507758378982544,2,3,3,post_calibration
31,6,2,8,60,0,0,1,0.5025451183319092,0.5025451183319092,0.5025451183319092,0.49745485186576843,2,3,3,post_calibration
31,7,2,9,60,1,1,1,0.505169689655304,0.505169689655304,0.49483031034469604,0.505169689655304,2,3,3,post_calibration
31,8,2,11,60,1,0,0,0.5002542734146118,0.5002542734146118,0.5002542734146118,0.4997456967830658,2,3,3,post_calibration
31,9,2,12,60,1,1,1,0.5013085603713989,0.5013085603713989,0.4986914396286011,0.5013085603713989,2,3,3,post_calibration
31,10,2,13,60,1,1,1,0.5045660138130188,0.5045660138130188,0.4954340159893036,0.5045660138130188,2,3,3,post_calibration
31,11,2,14,60,1,1,1,0.5049949288368225,0.5049949288368225,0.4950051009654999,0.5049949288368225,2,3,3,post_calibration
31,12,2,15,60,1,1,1,0.5022669434547424,0.5022669434547424,0.49773305654525757,0.5022669434547424,2,3,3,post_calibration
31,13,2,16,60,0,1,0,0.5012152194976807,0.5012152194976807,0.49878472089767456,0.5012152194976807,2,3,3,post_calibration
31,14,2,17,60,1,0,0,0.50473552942276,0.50473552942276,0.50473552942276,0.4952644109725952,2,3,3,post_calibration
32,0,2,0,60,1,1,1,0.5042548179626465,0.5042548179626465,0.4957451820373535,0.5042548179626465,2,4,3,zero_shot_paired
32,1,2,1,60,1,1,1,0.5062735676765442,0.5062735676765442,0.4937264323234558,0.5062735676765442,2,4,3,zero_shot_paired
32,2,2,3,60,0,1,0,0.5077652931213379,0.5077652931213379,0.4922347068786621,0.5077652931213379,2,4,3,zero_shot_paired
32,3,2,4,60,1,1,1,0.5018382668495178,0.5018382668495178,0.49816176295280457,0.5018382668495178,2,4,3,zero_shot_paired
32,4,2,5,60,1,1,1,0.5011855959892273,0.5011855959892273,0.4988143742084503,0.5011855959892273,2,4,3,zero_shot_paired
32,5,2,6,60,1,1,1,0.5073900818824768,0.5073900818824768,0.4926098883152008,0.5073900818824768,2,4,3,zero_shot_paired
32,6,2,7,60,0,0,1,0.5013185739517212,0.5013185739517212,0.5013185739517212,0.4986814558506012,2,4,3,zero_shot_paired
32,7,2,8,60,0,0,1,0.5024938583374023,0.5024938583374023,0.5024938583374023,0.49750617146492004,2,4,3,zero_shot_paired
32,8,2,9,60,1,1,1,0.5046883821487427,0.5046883821487427,0.4953116178512573,0.5046883821487427,2,4,3,zero_shot_paired
32,9,2,10,60,1,1,1,0.505379319190979,0.505379319190979,0.4946207106113434,0.505379319190979,2,4,3,zero_shot_paired
32,10,2,12,60,1,1,1,0.5009523034095764,0.5009523034095764,0.4990476369857788,0.5009523034095764,2,4,3,zero_shot_paired
32,11,2,13,60,1,1,1,0.5044456124305725,0.5044456124305725,0.4955543875694275,0.5044456124305725,2,4,3,zero_shot_paired
32,12,2,14,60,1,1,1,0.5045002102851868,0.5045002102851868,0.49549973011016846,0.5045002102851868,2,4,3,zero_shot_paired
32,13,2,15,60,1,1,1,0.5019928216934204,0.5019928216934204,0.49800723791122437,0.5019928216934204,2,4,3,zero_shot_paired
32,14,2,16,60,0,1,0,0.5011020302772522,0.5011020302772522,0.4988979697227478,0.5011020302772522,2,4,3,zero_shot_paired
32,0,2,0,60,1,1,1,0.5043905973434448,0.5043905973434448,0.49560943245887756,0.5043905973434448,2,4,3,post_calibration
32,1,2,1,60,1,1,1,0.5063645243644714,0.5063645243644714,0.49363547563552856,0.5063645243644714,2,4,3,post_calibration
32,2,2,3,60,0,1,0,0.5078366994857788,0.5078366994857788,0.4921633005142212,0.5078366994857788,2,4,3,post_calibration
32,3,2,4,60,1,1,1,0.501956045627594,0.501956045627594,0.4980439841747284,0.501956045627594,2,4,3,post_calibration
32,4,2,5,60,1,1,1,0.5013535618782043,0.5013535618782043,0.4986463785171509,0.5013535618782043,2,4,3,post_calibration
32,5,2,6,60,1,1,1,0.5076064467430115,0.5076064467430115,0.4923935532569885,0.5076064467430115,2,4,3,post_calibration
32,6,2,7,60,0,0,1,0.5008834004402161,0.5008834004402161,0.5008834004402161,0.49911656975746155,2,4,3,post_calibration
32,7,2,8,60,0,0,1,0.5026464462280273,0.5026464462280273,0.5026464462280273,0.49735358357429504,2,4,3,post_calibration
32,8,2,9,60,1,1,1,0.5045371055603027,0.5045371055603027,0.49546289443969727,0.5045371055603027,2,4,3,post_calibration
32,9,2,10,60,1,1,1,0.5052746534347534,0.5052746534347534,0.49472537636756897,0.5052746534347534,2,4,3,post_calibration
32,10,2,12,60,1,1,1,0.5012313723564148,0.5012313723564148,0.4987685978412628,0.5012313723564148,2,4,3,post_calibration
32,11,2,13,60,1,1,1,0.5043820142745972,0.5043820142745972,0.49561798572540283,0.5043820142745972,2,4,3,post_calibration
32,12,2,14,60,1,1,1,0.504098653793335,0.504098653793335,0.4959013760089874,0.504098653793335,2,4,3,post_calibration
32,13,2,15,60,1,1,1,0.5022907853126526,0.5022907853126526,0.497709184885025,0.5022907853126526,2,4,3,post_calibration
32,14,2,16,60,0,1,0,0.5007249712944031,0.5007249712944031,0.4992750287055969,0.5007249712944031,2,4,3,post_calibration
33,0,2,0,60,1,1,1,0.5042548179626465,0.5042548179626465,0.4957451820373535,0.5042548179626465,2,5,3,zero_shot_paired
33,1,2,1,60,1,1,1,0.5062735676765442,0.5062735676765442,0.4937264323234558,0.5062735676765442,2,5,3,zero_shot_paired
33,2,2,2,60,1,1,1,0.5076673626899719,0.5076673626899719,0.4923326075077057,0.5076673626899719,2,5,3,zero_shot_paired
33,3,2,3,60,0,1,0,0.5077652931213379,0.5077652931213379,0.4922347068786621,0.5077652931213379,2,5,3,zero_shot_paired
33,4,2,4,60,1,1,1,0.5018382668495178,0.5018382668495178,0.49816176295280457,0.5018382668495178,2,5,3,zero_shot_paired
33,5,2,5,60,1,1,1,0.5011855959892273,0.5011855959892273,0.4988143742084503,0.5011855959892273,2,5,3,zero_shot_paired
33,6,2,6,60,1,1,1,0.5073900818824768,0.5073900818824768,0.4926098883152008,0.5073900818824768,2,5,3,zero_shot_paired
33,7,2,7,60,0,0,1,0.5013185739517212,0.5013185739517212,0.5013185739517212,0.4986814558506012,2,5,3,zero_shot_paired
33,8,2,8,60,0,0,1,0.5024938583374023,0.5024938583374023,0.5024938583374023,0.49750617146492004,2,5,3,zero_shot_paired
33,9,2,10,60,1,1,1,0.505379319190979,0.505379319190979,0.4946207106113434,0.505379319190979,2,5,3,zero_shot_paired
33,10,2,11,60,1,0,0,0.5007460117340088,0.5007460117340088,0.5007460117340088,0.4992539882659912,2,5,3,zero_shot_paired
33,11,2,12,60,1,1,1,0.5009523034095764,0.5009523034095764,0.4990476369857788,0.5009523034095764,2,5,3,zero_shot_paired
33,12,2,13,60,1,1,1,0.5044456124305725,0.5044456124305725,0.4955543875694275,0.5044456124305725,2,5,3,zero_shot_paired
33,13,2,14,60,1,1,1,0.5045002102851868,0.5045002102851868,0.49549973011016846,0.5045002102851868,2,5,3,zero_shot_paired
33,14,2,17,60,1,0,0,0.5050595998764038,0.5050595998764038,0.5050595998764038,0.4949403703212738,2,5,3,zero_shot_paired
33,0,2,0,60,1,1,1,0.5044302940368652,0.5044302940368652,0.49556970596313477,0.5044302940368652,2,5,3,post_calibration
33,1,2,1,60,1,1,1,0.5065044164657593,0.5065044164657593,0.4934955835342407,0.5065044164657593,2,5,3,post_calibration
33,2,2,2,60,1,1,1,0.5080534219741821,0.5080534219741821,0.49194657802581787,0.5080534219741821,2,5,3,post_calibration
33,3,2,3,60,0,1,0,0.5078621506690979,0.5078621506690979,0.4921378195285797,0.5078621506690979,2,5,3,post_calibration
33,4,2,4,60,1,1,1,0.5021975040435791,0.5021975040435791,0.4978024661540985,0.5021975040435791,2,5,3,post_calibration
33,5,2,5,60,1,1,1,0.5016547441482544,0.5016547441482544,0.498345285654068,0.5016547441482544,2,5,3,post_calibration
33,6,2,6,60,1,1,1,0.5073567032814026,0.5073567032814026,0.4926432967185974,0.5073567032814026,2,5,3,post_calibration
33,7,2,7,60,0,0,1,0.5012732744216919,0.5012732744216919,0.5012732744216919,0.4987267255783081,2,5,3,post_calibration
33,8,2,8,60,0,0,1,0.5024926662445068,0.5024926662445068,0.5024926662445068,0.4975073039531708,2,5,3,post_calibration
33,9,2,10,60,1,1,1,0.5055197477340698,0.5055197477340698,0.4944802224636078,0.5055197477340698,2,5,3,post_calibration
33,10,2,11,60,1,0,0,0.5007472038269043,0.5007472038269043,0.5007472038269043,0.4992527961730957,2,5,3,post_calibration
33,11,2,12,60,1,1,1,0.5010544657707214,0.5010544657707214,0.49894556403160095,0.5010544657707214,2,5,3,post_calibration
33,12,2,13,60,1,1,1,0.5048782229423523,0.5048782229423523,0.4951217472553253,0.5048782229423523,2,5,3,post_calibration
33,13,2,14,60,1,1,1,0.5047216415405273,0.5047216415405273,0.49527835845947266,0.5047216415405273,2,5,3,post_calibration
33,14,2,17,60,1,0,0,0.5049201250076294,0.5049201250076294,0.5049201250076294,0.49507981538772583,2,5,3,post_calibration
34,0,2,1,60,1,1,1,0.5062735676765442,0.5062735676765442,0.4937264323234558,0.5062735676765442,2,6,3,zero_shot_paired
34,1,2,2,60,1,1,1,0.5076673626899719,0.5076673626899719,0.4923326075077057,0.5076673626899719,2,6,3,zero_shot_paired
34,2,2,3,60,0,1,0,0.5077652931213379,0.5077652931213379,0.4922347068786621,0.5077652931213379,2,6,3,zero_shot_paired
34,3,2,4,60,1,1,1,0.5018382668495178,0.5018382668495178,0.49816176295280457,0.5018382668495178,2,6,3,zero_shot_paired
34,4,2,6,60,1,1,1,0.5073900818824768,0.5073900818824768,0.4926098883152008,0.5073900818824768,2,6,3,zero_shot_paired
34,5,2,7,60,0,0,1,0.5013185739517212,0.5013185739517212,0.5013185739517212,0.4986814558506012,2,6,3,zero_shot_paired
34,6,2,8,60,0,0,1,0.5024938583374023,0.5024938583374023,0.5024938583374023,0.49750617146492004,2,6,3,zero_shot_paired
34,7,2,9,60,1,1,1,0.5046883821487427,0.5046883821487427,0.4953116178512573,0.5046883821487427,2,6,3,zero_shot_paired
34,8,2,10,60,1,1,1,0.505379319190979,0.505379319190979,0.4946207106113434,0.505379319190979,2,6,3,zero_shot_paired
34,9,2,11,60,1,0,0,0.5007460117340088,0.5007460117340088,0.5007460117340088,0.4992539882659912,2,6,3,zero_shot_paired
34,10,2,12,60,1,1,1,0.5009523034095764,0.5009523034095764,0.4990476369857788,0.5009523034095764,2,6,3,zero_shot_paired
34,11,2,13,60,1,1,1,0.5044456124305725,0.5044456124305725,0.4955543875694275,0.5044456124305725,2,6,3,zero_shot_paired
34,12,2,15,60,1,1,1,0.5019928216934204,0.5019928216934204,0.49800723791122437,0.5019928216934204,2,6,3,zero_shot_paired
34,13,2,16,60,0,1,0,0.5011020302772522,0.5011020302772522,0.4988979697227478,0.5011020302772522,2,6,3,zero_shot_paired
34,14,2,17,60,1,0,0,0.5050595998764038,0.5050595998764038,0.5050595998764038,0.4949403703212738,2,6,3,zero_shot_paired
34,0,2,1,60,1,1,1,0.5066604614257812,0.5066604614257812,0.49333956837654114,0.5066604614257812,2,6,3,post_calibration
34,1,2,2,60,1,1,1,0.5080735087394714,0.5080735087394714,0.4919264614582062,0.5080735087394714,2,6,3,post_calibration
34,2,2,3,60,0,1,0,0.5079129338264465,0.5079129338264465,0.4920870065689087,0.5079129338264465,2,6,3,post_calibration
34,3,2,4,60,1,1,1,0.502134382724762,0.502134382724762,0.49786558747291565,0.502134382724762,2,6,3,post_calibration
34,4,2,6,60,1,1,1,0.5074375867843628,0.5074375867843628,0.4925624430179596,0.5074375867843628,2,6,3,post_calibration
34,5,2,7,60,0,0,1,0.5009090304374695,0.5009090304374695,0.5009090304374695,0.4990909695625305,2,6,3,post_calibration
34,6,2,8,60,0,0,1,0.502337634563446,0.502337634563446,0.502337634563446,0.49766236543655396,2,6,3,post_calibration
34,7,2,9,60,1,1,1,0.5052430629730225,0.5052430629730225,0.49475693702697754,0.5052430629730225,2,6,3,post_calibration
34,8,2,10,60,1,1,1,0.5056866407394409,0.5056866407394409,0.4943133294582367,0.5056866407394409,2,6,3,post_calibration
34,9,2,11,60,1,0,0,0.5004554986953735,0.5004554986953735,0.5004554986953735,0.49954450130462646,2,6,3,post_calibration
34,10,2,12,60,1,1,1,0.5009593367576599,0.5009593367576599,0.4990406632423401,0.5009593367576599,2,6,3,post_calibration
34,11,2,13,60,1,1,1,0.5045586824417114,0.5045586824417114,0.49544134736061096,0.5045586824417114,2,6,3,post_calibration
34,12,2,15,60,1,1,1,0.5020918250083923,0.5020918250083923,0.49790820479393005,0.5020918250083923,2,6,3,post_calibration
34,13,2,16,60,0,1,0,0.5012494921684265,0.5012494921684265,0.4987504780292511,0.5012494921684265,2,6,3,post_calibration
34,14,2,17,60,1,0,0,0.5048026442527771,0.5048026442527771,0.5048026442527771,0.4951973557472229,2,6,3,post_calibration
35,0,2,1,60,1,1,1,0.5062735676765442,0.5062735676765442,0.4937264323234558,0.5062735676765442,2,1,6,zero_shot_paired
35,1,2,3,60,0,1,0,0.5077652931213379,0.5077652931213379,0.4922347068786621,0.5077652931213379,2,1,6,zero_shot_paired
35,2,2,6,60,1,1,1,0.5073900818824768,0.5073900818824768,0.4926098883152008,0.5073900818824768,2,1,6,zero_shot_paired
35,3,2,7,60,0,0,1,0.5013185739517212,0.5013185739517212,0.5013185739517212,0.4986814558506012,2,1,6,zero_shot_paired
35,4,2,9,60,1,1,1,0.5046883821487427,0.5046883821487427,0.4953116178512573,0.5046883821487427,2,1,6,zero_shot_paired
35,5,2,10,60,1,1,1,0.505379319190979,0.505379319190979,0.4946207106113434,0.505379319190979,2,1,6,zero_shot_paired
35,6,2,11,60,1,0,0,0.5007460117340088,0.5007460117340088,0.5007460117340088,0.4992539882659912,2,1,6,zero_shot_paired
35,7,2,12,60,1,1,1,0.5009523034095764,0.5009523034095764,0.4990476369857788,0.5009523034095764,2,1,6,zero_shot_paired
35,8,2,14,60,1,1,1,0.5045002102851868,0.5045002102851868,0.49549973011016846,0.5045002102851868,2,1,6,zero_shot_paired
35,9,2,15,60,1,1,1,0.5019928216934204,0.5019928216934204,0.49800723791122437,0.5019928216934204,2,1,6,zero_shot_paired
35,10,2,16,60,0,1,0,0.5011020302772522,0.5011020302772522,0.4988979697227478,0.5011020302772522,2,1,6,zero_shot_paired
35,11,2,17,60,1,0,0,0.5050595998764038,0.5050595998764038,0.5050595998764038,0.4949403703212738,2,1,6,zero_shot_paired
35,0,2,1,60,1,1,1,0.5071556568145752,0.5071556568145752,0.4928443729877472,0.5071556568145752,2,1,6,post_calibration
35,1,2,3,60,0,1,0,0.5080291032791138,0.5080291032791138,0.49197086691856384,0.5080291032791138,2,1,6,post_calibration
35,2,2,6,60,1,1,1,0.5080311894416809,0.5080311894416809,0.4919688403606415,0.5080311894416809,2,1,6,post_calibration
35,3,2,7,60,0,0,1,0.5005748867988586,0.5005748867988586,0.5005748867988586,0.49942511320114136,2,1,6,post_calibration
35,4,2,9,60,1,1,1,0.5064961910247803,0.5064961910247803,0.49350377917289734,0.5064961910247803,2,1,6,post_calibration
35,5,2,10,60,1,1,1,0.5064935684204102,0.5064935684204102,0.49350643157958984,0.5064935684204102,2,1,6,post_calibration
35,6,2,11,60,1,0,0,0.5000883340835571,0.5000883340835571,0.5000883340835571,0.49991166591644287,2,1,6,post_calibration
35,7,2,12,60,1,1,1,0.5015000104904175,0.5015000104904175,0.4984999895095825,0.5015000104904175,2,1,6,post_calibration
35,8,2,14,60,1,1,1,0.5057317614555359,0.5057317614555359,0.4942682087421417,0.5057317614555359,2,1,6,post_calibration
35,9,2,15,60,1,1,1,0.5021655559539795,0.5021655559539795,0.4978345036506653,0.5021655559539795,2,1,6,post_calibration
35,10,2,16,60,0,1,0,0.5019431114196777,0.5019431114196777,0.49805688858032227,0.5019431114196777,2,1,6,post_calibration
35,11,2,17,60,1,0,0,0.5044273734092712,0.5044273734092712,0.5044273734092712,0.49557259678840637,2,1,6,post_calibration
36,0,2,0,60,1,1,1,0.5042548179626465,0.5042548179626465,0.4957451820373535,0.5042548179626465,2,2,6,zero_shot_paired
36,1,2,2,60,1,1,1,0.5076673626899719,0.5076673626899719,0.4923326075077057,0.5076673626899719,2,2,6,zero_shot_paired
36,2,2,4,60,1,1,1,0.5018382668495178,0.5018382668495178,0.49816176295280457,0.5018382668495178,2,2,6,zero_shot_paired
36,3,2,5,60,1,1,1,0.5011855959892273,0.5011855959892273,0.4988143742084503,0.5011855959892273,2,2,6,zero_shot_paired
36,4,2,6,60,1,1,1,0.5073900818824768,0.5073900818824768,0.4926098883152008,0.5073900818824768,2,2,6,zero_shot_paired
36,5,2,8,60,0,0,1,0.5024938583374023,0.5024938583374023,0.5024938583374023,0.49750617146492004,2,2,6,zero_shot_paired
36,6,2,9,60,1,1,1,0.5046883821487427,0.5046883821487427,0.4953116178512573,0.5046883821487427,2,2,6,zero_shot_paired
36,7,2,10,60,1,1,1,0.505379319190979,0.505379319190979,0.4946207106113434,0.505379319190979,2,2,6,zero_shot_paired
36,8,2,12,60,1,1,1,0.5009523034095764,0.5009523034095764,0.4990476369857788,0.5009523034095764,2,2,6,zero_shot_paired
36,9,2,13,60,1,1,1,0.5044456124305725,0.5044456124305725,0.4955543875694275,0.5044456124305725,2,2,6,zero_shot_paired
36,10,2,14,60,1,1,1,0.5045002102851868,0.5045002102851868,0.49549973011016846,0.5045002102851868,2,2,6,zero_shot_paired
36,11,2,16,60,0,1,0,0.5011020302772522,0.5011020302772522,0.4988979697227478,0.5011020302772522,2,2,6,zero_shot_paired
36,0,2,0,60,1,1,1,0.504140317440033,0.504140317440033,0.49585965275764465,0.504140317440033,2,2,6,post_calibration
36,1,2,2,60,1,1,1,0.5076125264167786,0.5076125264167786,0.49238747358322144,0.5076125264167786,2,2,6,post_calibration
36,2,2,4,60,1,1,1,0.5019357204437256,0.5019357204437256,0.498064249753952,0.5019357204437256,2,2,6,post_calibration
36,3,2,5,60,1,1,1,0.5009762644767761,0.5009762644767761,0.4990237355232239,0.5009762644767761,2,2,6,post_calibration
36,4,2,6,60,1,1,1,0.5073657631874084,0.5073657631874084,0.49263423681259155,0.5073657631874084,2,2,6,post_calibration
36,5,2,8,60,0,0,1,0.5023213028907776,0.5023213028907776,0.5023213028907776,0.4976786673069,2,2,6,post_calibration
36,6,2,9,60,1,1,1,0.5047168731689453,0.5047168731689453,0.49528318643569946,0.5047168731689453,2,2,6,post_calibration
36,7,2,10,60,1,1,1,0.5051784515380859,0.5051784515380859,0.49482157826423645,0.5051784515380859,2,2,6,post_calibration
36,8,2,12,60,1,1,1,0.500755786895752,0.500755786895752,0.49924421310424805,0.500755786895752,2,2,6,post_calibration
36,9,2,13,60,1,1,1,0.5044054985046387,0.5044054985046387,0.4955945312976837,0.5044054985046387,2,2,6,post_calibration
36,10,2,14,60,1,1,1,0.5044136047363281,0.5044136047363281,0.4955863952636719,0.5044136047363281,2,2,6,post_calibration
36,11,2,16,60,0,1,0,0.5007846355438232,0.5007846355438232,0.49921536445617676,0.5007846355438232,2,2,6,post_calibration
37,0,2,0,60,1,1,1,0.5042548179626465,0.5042548179626465,0.4957451820373535,0.5042548179626465,2,3,6,zero_shot_paired
37,1,2,1,60,1,1,1,0.5062735676765442,0.5062735676765442,0.4937264323234558,0.5062735676765442,2,3,6,zero_shot_paired
37,2,2,2,60,1,1,1,0.5076673626899719,0.5076673626899719,0.4923326075077057,0.5076673626899719,2,3,6,zero_shot_paired
37,3,2,3,60,0,1,0,0.5077652931213379,0.5077652931213379,0.4922347068786621,0.5077652931213379,2,3,6,zero_shot_paired
37,4,2,4,60,1,1,1,0.5018382668495178,0.5018382668495178,0.49816176295280457,0.5018382668495178,2,3,6,zero_shot_paired
37,5,2,5,60,1,1,1,0.5011855959892273,0.5011855959892273,0.4988143742084503,0.5011855959892273,2,3,6,zero_shot_paired
37,6,2,7,60,0,0,1,0.5013185739517212,0.5013185739517212,0.5013185739517212,0.4986814558506012,2,3,6,zero_shot_paired
37,7,2,8,60,0,0,1,0.5024938583374023,0.5024938583374023,0.5024938583374023,0.49750617146492004,2,3,6,zero_shot_paired
37,8,2,11,60,1,0,0,0.5007460117340088,0.5007460117340088,0.5007460117340088,0.4992539882659912,2,3,6,zero_shot_paired
37,9,2,13,60,1,1,1,0.5044456124305725,0.5044456124305725,0.4955543875694275,0.5044456124305725,2,3,6,zero_shot_paired
37,10,2,15,60,1,1,1,0.5019928216934204,0.5019928216934204,0.49800723791122437,0.5019928216934204,2,3,6,zero_shot_paired
37,11,2,17,60,1,0,0,0.5050595998764038,0.5050595998764038,0.5050595998764038,0.4949403703212738,2,3,6,zero_shot_paired
37,0,2,0,60,1,1,1,0.5051735043525696,0.5051735043525696,0.49482646584510803,0.5051735043525696,2,3,6,post_calibration
37,1,2,1,60,1,1,1,0.5063053369522095,0.5063053369522095,0.49369460344314575,0.5063053369522095,2,3,6,post_calibration
37,2,2,2,60,1,1,1,0.5085218548774719,0.5085218548774719,0.4914781153202057,0.5085218548774719,2,3,6,post_calibration
37,3,2,3,60,0,1,0,0.5078341960906982,0.5078341960906982,0.49216580390930176,0.5078341960906982,2,3,6,post_calibration
37,4,2,4,60,1,1,1,0.5020301938056946,0.5020301938056946,0.4979698657989502,0.5020301938056946,2,3,6,post_calibration
37,5,2,5,60,1,1,1,0.5020058155059814,0.5020058155059814,0.4979941248893738,0.5020058155059814,2,3,6,post_calibration
37,6,2,7,60,0,0,1,0.5017311573028564,0.5017311573028564,0.5017311573028564,0.49826887249946594,2,3,6,post_calibration
37,7,2,8,60,0,0,1,0.5019419193267822,0.5019419193267822,0.5019419193267822,0.49805811047554016,2,3,6,post_calibration
37,8,2,11,60,1,0,0,0.5006983876228333,0.5006983876228333,0.5006983876228333,0.49930161237716675,2,3,6,post_calibration
37,9,2,13,60,1,1,1,0.5048157572746277,0.5048157572746277,0.4951842129230499,0.5048157572746277,2,3,6,post_calibration
37,10,2,15,60,1,1,1,0.5017610788345337,0.5017610788345337,0.4982389807701111,0.5017610788345337,2,3,6,post_calibration
37,11,2,17,60,1,0,0,0.5041641592979431,0.5041641592979431,0.5041641592979431,0.4958358407020569,2,3,6,post_calibration
38,0,2,1,60,1,1,1,0.5062734484672546,0.5062734484672546,0.493726521730423,0.5062734484672546,2,1,9,zero_shot_paired
38,1,2,3,60,0,1,0,0.5077651143074036,0.5077651143074036,0.49223485589027405,0.5077651143074036,2,1,9,zero_shot_paired
38,2,2,6,60,1,1,1,0.5073900818824768,0.5073900818824768,0.4926099181175232,0.5073900818824768,2,1,9,zero_shot_paired
38,3,2,9,60,1,1,1,0.5046885013580322,0.5046885013580322,0.49531155824661255,0.5046885013580322,2,1,9,zero_shot_paired
38,4,2,12,60,1,1,1,0.500952422618866,0.500952422618866,0.49904754757881165,0.500952422618866,2,1,9,zero_shot_paired
38,5,2,13,60,1,1,1,0.5044455528259277,0.5044455528259277,0.49555444717407227,0.5044455528259277,2,1,9,zero_shot_paired
38,6,2,15,60,1,1,1,0.5019927620887756,0.5019927620887756,0.49800726771354675,0.5019927620887756,2,1,9,zero_shot_paired
38,7,2,16,60,0,1,0,0.501102089881897,0.501102089881897,0.4988979697227478,0.501102089881897,2,1,9,zero_shot_paired
38,8,2,17,60,1,0,0,0.5050592422485352,0.5050592422485352,0.5050592422485352,0.49494072794914246,2,1,9,zero_shot_paired
38,0,2,1,60,1,1,1,0.5070134997367859,0.5070134997367859,0.4929865002632141,0.5070134997367859,2,1,9,post_calibration
38,1,2,3,60,0,1,0,0.508078932762146,0.508078932762146,0.4919210970401764,0.508078932762146,2,1,9,post_calibration
38,2,2,6,60,1,1,1,0.5084545612335205,0.5084545612335205,0.4915454387664795,0.5084545612335205,2,1,9,post_calibration
38,3,2,9,60,1,1,1,0.5057339668273926,0.5057339668273926,0.4942660331726074,0.5057339668273926,2,1,9,post_calibration
38,4,2,12,60,1,1,1,0.501645028591156,0.501645028591156,0.498354971408844,0.501645028591156,2,1,9,post_calibration
38,5,2,13,60,1,1,1,0.5052407383918762,0.5052407383918762,0.49475929141044617,0.5052407383918762,2,1,9,post_calibration
38,6,2,15,60,1,1,1,0.5022239685058594,0.5022239685058594,0.497776061296463,0.5022239685058594,2,1,9,post_calibration
38,7,2,16,60,0,1,0,0.5020240545272827,0.5020240545272827,0.4979759454727173,0.5020240545272827,2,1,9,post_calibration
38,8,2,17,60,1,0,0,0.5045329928398132,0.5045329928398132,0.5045329928398132,0.49546700716018677,2,1,9,post_calibration
39,0,2,0,60,1,1,1,0.5042548775672913,0.5042548775672913,0.49574512243270874,0.5042548775672913,2,2,9,zero_shot_paired
39,1,2,2,60,1,1,1,0.5076674818992615,0.5076674818992615,0.49233248829841614,0.5076674818992615,2,2,9,zero_shot_paired
39,2,2,4,60,1,1,1,0.501838207244873,0.501838207244873,0.49816176295280457,0.501838207244873,2,2,9,zero_shot_paired
39,3,2,5,60,1,1,1,0.5011856555938721,0.5011856555938721,0.49881431460380554,0.5011856555938721,2,2,9,zero_shot_paired
39,4,2,7,60,0,0,1,0.5013185739517212,0.5013185739517212,0.5013185739517212,0.4986814558506012,2,2,9,zero_shot_paired
39,5,2,8,60,0,0,1,0.5024939179420471,0.5024939179420471,0.5024939179420471,0.49750614166259766,2,2,9,zero_shot_paired
39,6,2,10,60,1,1,1,0.5053794384002686,0.5053794384002686,0.49462059140205383,0.5053794384002686,2,2,9,zero_shot_paired
39,7,2,11,60,1,0,0,0.5007460117340088,0.5007460117340088,0.5007460117340088,0.4992539882659912,2,2,9,zero_shot_paired
39,8,2,14,60,1,1,1,0.5045003294944763,0.5045003294944763,0.4954996705055237,0.5045003294944763,2,2,9,zero_shot_paired
39,0,2,0,60,1,1,1,0.5044100284576416,0.5044100284576416,0.4955900013446808,0.5044100284576416,2,2,9,post_calibration
39,1,2,2,60,1,1,1,0.5077016353607178,0.5077016353607178,0.4922983646392822,0.5077016353607178,2,2,9,post_calibration
39,2,2,4,60,1,1,1,0.5022583603858948,0.5022583603858948,0.4977416396141052,0.5022583603858948,2,2,9,post_calibration
39,3,2,5,60,1,1,1,0.5014913082122803,0.5014913082122803,0.4985086917877197,0.5014913082122803,2,2,9,post_calibration
39,4,2,7,60,0,0,1,0.5012665390968323,0.5012665390968323,0.5012665390968323,0.4987334609031677,2,2,9,post_calibration
39,5,2,8,60,0,0,1,0.5020993947982788,0.5020993947982788,0.5020993947982788,0.4979006052017212,2,2,9,post_calibration
39,6,2,10,60,1,1,1,0.5055844783782959,0.5055844783782959,0.4944155514240265,0.5055844783782959,2,2,9,post_calibration
39,7,2,11,60,1,0,0,0.5007846355438232,0.5007846355438232,0.5007846355438232,0.49921536445617676,2,2,9,post_calibration
39,8,2,14,60,1,1,1,0.5050228238105774,0.5050228238105774,0.4949771463871002,0.5050228238105774,2,2,9,post_calibration
40,0,2,5,60,1,1,1,0.5011865496635437,0.5011865496635437,0.4988134801387787,0.5011865496635437,2,1,12,zero_shot_paired
40,1,2,6,60,1,1,1,0.5073914527893066,0.5073914527893066,0.49260854721069336,0.5073914527893066,2,1,12,zero_shot_paired
40,2,2,7,60,0,0,1,0.5013181567192078,0.5013181567192078,0.5013181567192078,0.4986818730831146,2,1,12,zero_shot_paired
40,3,2,14,60,1,1,1,0.5044984817504883,0.5044984817504883,0.49550148844718933,0.5044984817504883,2,1,12,zero_shot_paired
40,4,2,15,60,1,1,1,0.5019919276237488,0.5019919276237488,0.4980080723762512,0.5019919276237488,2,1,12,zero_shot_paired
40,5,2,17,60,1,0,0,0.505060076713562,0.505060076713562,0.505060076713562,0.4949399530887604,2,1,12,zero_shot_paired
40,0,2,5,60,1,1,1,0.5022271871566772,0.5022271871566772,0.49777287244796753,0.5022271871566772,2,1,12,post_calibration
40,1,2,6,60,1,1,1,0.508124053478241,0.508124053478241,0.4918759763240814,0.508124053478241,2,1,12,post_calibration
40,2,2,7,60,0,0,1,0.500977098941803,0.500977098941803,0.500977098941803,0.49902287125587463,2,1,12,post_calibration
40,3,2,14,60,1,1,1,0.5047606229782104,0.5047606229782104,0.4952393174171448,0.5047606229782104,2,1,12,post_calibration
40,4,2,15,60,1,1,1,0.502163290977478,0.502163290977478,0.4978366792201996,0.502163290977478,2,1,12,post_calibration
40,5,2,17,60,1,0,0,0.5042242407798767,0.5042242407798767,0.5042242407798767,0.4957757592201233,2,1,12,post_calibration
41,0,2,1,60,1,1,1,0.5062727928161621,0.5062727928161621,0.4937271773815155,0.5062727928161621,2,2,12,zero_shot_paired
41,1,2,3,60,0,1,0,0.5077658295631409,0.5077658295631409,0.4922342002391815,0.5077658295631409,2,2,12,zero_shot_paired
41,2,2,9,60,1,1,1,0.5046895146369934,0.5046895146369934,0.4953104853630066,0.5046895146369934,2,2,12,zero_shot_paired
41,3,2,11,60,1,0,0,0.5007463693618774,0.5007463693618774,0.5007463693618774,0.49925363063812256,2,2,12,zero_shot_paired
41,4,2,12,60,1,1,1,0.5009534358978271,0.5009534358978271,0.49904656410217285,0.5009534358978271,2,2,12,zero_shot_paired
41,5,2,13,60,1,1,1,0.5044465065002441,0.5044465065002441,0.49555349349975586,0.5044465065002441,2,2,12,zero_shot_paired
41,0,2,1,60,1,1,1,0.5069107413291931,0.5069107413291931,0.49308931827545166,0.5069107413291931,2,2,12,post_calibration
41,1,2,3,60,0,1,0,0.5076079964637756,0.5076079964637756,0.49239203333854675,0.5076079964637756,2,2,12,post_calibration
41,2,2,9,60,1,1,1,0.5054980516433716,0.5054980516433716,0.4945019483566284,0.5054980516433716,2,2,12,post_calibration
41,3,2,11,60,1,0,0,0.5004610419273376,0.5004610419273376,0.5004610419273376,0.49953892827033997,2,2,12,post_calibration
41,4,2,12,60,1,1,1,0.5012958645820618,0.5012958645820618,0.4987041652202606,0.5012958645820618,2,2,12,post_calibration
41,5,2,13,60,1,1,1,0.5049372315406799,0.5049372315406799,0.49506276845932007,0.5049372315406799,2,2,12,post_calibration
42,0,2,1,60,1,1,1,0.5062727928161621,0.5062727928161621,0.4937271773815155,0.5062727928161621,2,3,12,zero_shot_paired
42,1,2,3,60,0,1,0,0.5077658295631409,0.5077658295631409,0.4922342002391815,0.5077658295631409,2,3,12,zero_shot_paired
42,2,2,9,60,1,1,1,0.5046895146369934,0.5046895146369934,0.4953104853630066,0.5046895146369934,2,3,12,zero_shot_paired
42,3,2,10,60,1,1,1,0.5053818225860596,0.5053818225860596,0.49461817741394043,0.5053818225860596,2,3,12,zero_shot_paired
42,4,2,12,60,1,1,1,0.5009534358978271,0.5009534358978271,0.49904656410217285,0.5009534358978271,2,3,12,zero_shot_paired
42,5,2,17,60,1,0,0,0.505060076713562,0.505060076713562,0.505060076713562,0.4949399530887604,2,3,12,zero_shot_paired
42,0,2,1,60,1,1,1,0.5068292021751404,0.5068292021751404,0.49317076802253723,0.5068292021751404,2,3,12,post_calibration
42,1,2,3,60,0,1,0,0.507706344127655,0.507706344127655,0.49229365587234497,0.507706344127655,2,3,12,post_calibration
42,2,2,9,60,1,1,1,0.5053643584251404,0.5053643584251404,0.49463558197021484,0.5053643584251404,2,3,12,post_calibration
42,3,2,10,60,1,1,1,0.5058842897415161,0.5058842897415161,0.4941156506538391,0.5058842897415161,2,3,12,post_calibration
42,4,2,12,60,1,1,1,0.501355767250061,0.501355767250061,0.49864429235458374,0.501355767250061,2,3,12,post_calibration
42,5,2,17,60,1,0,0,0.5054216980934143,0.5054216980934143,0.5054216980934143,0.4945783019065857,2,3,12,post_calibration
4,0,3,0,60,1,1,1,0.5011212229728699,0.5011212229728699,0.4988787770271301,0.5011212229728699,3,,,zero_shot_all_trials
4,1,3,1,60,1,1,1,0.5016329884529114,0.5016329884529114,0.498367041349411,0.5016329884529114,3,,,zero_shot_all_trials
4,2,3,2,60,1,1,1,0.502170741558075,0.502170741558075,0.4978291988372803,0.502170741558075,3,,,zero_shot_all_trials
4,3,3,3,60,0,1,0,0.5048350095748901,0.5048350095748901,0.4951649606227875,0.5048350095748901,3,,,zero_shot_all_trials
4,4,3,4,60,1,1,1,0.5027998089790344,0.5027998089790344,0.4972001910209656,0.5027998089790344,3,,,zero_shot_all_trials
4,5,3,5,60,1,1,1,0.5004643201828003,0.5004643201828003,0.4995357096195221,0.5004643201828003,3,,,zero_shot_all_trials
4,6,3,6,60,1,1,1,0.501875638961792,0.501875638961792,0.4981243908405304,0.501875638961792,3,,,zero_shot_all_trials
4,7,3,7,60,0,0,1,0.5049285292625427,0.5049285292625427,0.5049285292625427,0.4950714707374573,3,,,zero_shot_all_trials
4,8,3,8,60,0,1,0,0.509748637676239,0.509748637676239,0.4902513325214386,0.509748637676239,3,,,zero_shot_all_trials
4,9,3,9,60,0,0,1,0.5049062967300415,0.5049062967300415,0.5049062967300415,0.4950937032699585,3,,,zero_shot_all_trials
4,10,3,10,60,1,0,0,0.500032365322113,0.500032365322113,0.500032365322113,0.49996763467788696,3,,,zero_shot_all_trials
4,11,3,11,60,1,1,1,0.501384973526001,0.501384973526001,0.49861499667167664,0.501384973526001,3,,,zero_shot_all_trials
4,12,3,12,60,1,1,1,0.5105758309364319,0.5105758309364319,0.48942410945892334,0.5105758309364319,3,,,zero_shot_all_trials
4,13,3,13,60,0,1,0,0.5000402331352234,0.5000402331352234,0.4999597370624542,0.5000402331352234,3,,,zero_shot_all_trials
4,14,3,14,60,0,1,0,0.505696713924408,0.505696713924408,0.49430328607559204,0.505696713924408,3,,,zero_shot_all_trials
4,15,3,15,60,1,1,1,0.5058552026748657,0.5058552026748657,0.49414482712745667,0.5058552026748657,3,,,zero_shot_all_trials
4,16,3,16,60,0,0,1,0.5005329251289368,0.5005329251289368,0.5005329251289368,0.49946707487106323,3,,,zero_shot_all_trials
4,17,3,17,60,0,1,0,0.5097206234931946,0.5097206234931946,0.4902794063091278,0.5097206234931946,3,,,zero_shot_all_trials
43,0,3,0,60,1,1,1,0.5011212229728699,0.5011212229728699,0.4988788068294525,0.5011212229728699,3,1,3,zero_shot_paired
43,1,3,2,60,1,1,1,0.5021708011627197,0.5021708011627197,0.4978291690349579,0.5021708011627197,3,1,3,zero_shot_paired
43,2,3,3,60,0,1,0,0.5048349499702454,0.5048349499702454,0.49516505002975464,0.5048349499702454,3,1,3,zero_shot_paired
43,3,3,4,60,1,1,1,0.502799928188324,0.502799928188324,0.4972001016139984,0.502799928188324,3,1,3,zero_shot_paired
43,4,3,6,60,1,1,1,0.5018757581710815,0.5018757581710815,0.49812427163124084,0.5018757581710815,3,1,3,zero_shot_paired
43,5,3,7,60,0,0,1,0.5049285292625427,0.5049285292625427,0.5049285292625427,0.49507150053977966,3,1,3,zero_shot_paired
43,6,3,8,60,0,1,0,0.5097485780715942,0.5097485780715942,0.4902513921260834,0.5097485780715942,3,1,3,zero_shot_paired
43,7,3,10,60,1,0,0,0.5000324249267578,0.5000324249267578,0.5000324249267578,0.4999676048755646,3,1,3,zero_shot_paired
43,8,3,11,60,1,1,1,0.5013848543167114,0.5013848543167114,0.4986151158809662,0.5013848543167114,3,1,3,zero_shot_paired
43,9,3,12,60,1,1,1,0.5105758309364319,0.5105758309364319,0.48942410945892334,0.5105758309364319,3,1,3,zero_shot_paired
43,10,3,13,60,0,1,0,0.5000404119491577,0.5000404119491577,0.4999596178531647,0.5000404119491577,3,1,3,zero_shot_paired
43,11,3,14,60,0,1,0,0.5056967735290527,0.5056967735290527,0.49430328607559204,0.5056967735290527,3,1,3,zero_shot_paired
43,12,3,15,60,1,1,1,0.5058549046516418,0.5058549046516418,0.49414509534835815,0.5058549046516418,3,1,3,zero_shot_paired
43,13,3,16,60,0,0,1,0.500532865524292,0.500532865524292,0.500532865524292,0.4994671940803528,3,1,3,zero_shot_paired
43,14,3,17,60,0,1,0,0.5097206234931946,0.5097206234931946,0.4902794063091278,0.5097206234931946,3,1,3,zero_shot_paired
43,0,3,0,60,1,1,1,0.501332700252533,0.501332700252533,0.49866729974746704,0.501332700252533,3,1,3,post_calibration
43,1,3,2,60,1,1,1,0.5028495192527771,0.5028495192527771,0.4971505105495453,0.5028495192527771,3,1,3,post_calibration
43,2,3,3,60,0,1,0,0.505370557308197,0.505370557308197,0.494629442691803,0.505370557308197,3,1,3,post_calibration
43,3,3,4,60,1,1,1,0.503344714641571,0.503344714641571,0.49665531516075134,0.503344714641571,3,1,3,post_calibration
43,4,3,6,60,1,1,1,0.5022242069244385,0.5022242069244385,0.4977757930755615,0.5022242069244385,3,1,3,post_calibration
43,5,3,7,60,0,0,1,0.504507839679718,0.504507839679718,0.504507839679718,0.49549221992492676,3,1,3,post_calibration
43,6,3,8,60,0,1,0,0.5103680491447449,0.5103680491447449,0.4896319508552551,0.5103680491447449,3,1,3,post_calibration
43,7,3,10,60,1,1,1,0.5000200867652893,0.5000200867652893,0.4999799132347107,0.5000200867652893,3,1,3,post_calibration
43,8,3,11,60,1,1,1,0.50163334608078,0.50163334608078,0.49836668372154236,0.50163334608078,3,1,3,post_calibration
43,9,3,12,60,1,1,1,0.5106555819511414,0.5106555819511414,0.48934441804885864,0.5106555819511414,3,1,3,post_calibration
43,10,3,13,60,0,1,0,0.5003584623336792,0.5003584623336792,0.499641478061676,0.5003584623336792,3,1,3,post_calibration
43,11,3,14,60,0,1,0,0.5059894919395447,0.5059894919395447,0.4940105080604553,0.5059894919395447,3,1,3,post_calibration
43,12,3,15,60,1,1,1,0.5059329271316528,0.5059329271316528,0.4940670132637024,0.5059329271316528,3,1,3,post_calibration
43,13,3,16,60,0,0,1,0.5002933740615845,0.5002933740615845,0.5002933740615845,0.49970659613609314,3,1,3,post_calibration
43,14,3,17,60,0,1,0,0.5097947716712952,0.5097947716712952,0.49020522832870483,0.5097947716712952,3,1,3,post_calibration
44,0,3,0,60,1,1,1,0.5011212229728699,0.5011212229728699,0.4988788068294525,0.5011212229728699,3,2,3,zero_shot_paired
44,1,3,1,60,1,1,1,0.5016329884529114,0.5016329884529114,0.498367041349411,0.5016329884529114,3,2,3,zero_shot_paired
44,2,3,2,60,1,1,1,0.5021708011627197,0.5021708011627197,0.4978291690349579,0.5021708011627197,3,2,3,zero_shot_paired
44,3,3,4,60,1,1,1,0.502799928188324,0.502799928188324,0.4972001016139984,0.502799928188324,3,2,3,zero_shot_paired
44,4,3,5,60,1,1,1,0.5004643201828003,0.5004643201828003,0.4995357096195221,0.5004643201828003,3,2,3,zero_shot_paired
44,5,3,6,60,1,1,1,0.5018757581710815,0.5018757581710815,0.49812427163124084,0.5018757581710815,3,2,3,zero_shot_paired
44,6,3,7,60,0,0,1,0.5049285292625427,0.5049285292625427,0.5049285292625427,0.49507150053977966,3,2,3,zero_shot_paired
44,7,3,9,60,0,0,1,0.5049062371253967,0.5049062371253967,0.5049062371253967,0.4950937330722809,3,2,3,zero_shot_paired
44,8,3,10,60,1,0,0,0.5000324249267578,0.5000324249267578,0.5000324249267578,0.4999676048755646,3,2,3,zero_shot_paired
44,9,3,11,60,1,1,1,0.5013848543167114,0.5013848543167114,0.4986151158809662,0.5013848543167114,3,2,3,zero_shot_paired
44,10,3,12,60,1,1,1,0.5105758309364319,0.5105758309364319,0.48942410945892334,0.5105758309364319,3,2,3,zero_shot_paired
44,11,3,13,60,0,1,0,0.5000404119491577,0.5000404119491577,0.4999596178531647,0.5000404119491577,3,2,3,zero_shot_paired
44,12,3,14,60,0,1,0,0.5056967735290527,0.5056967735290527,0.49430328607559204,0.5056967735290527,3,2,3,zero_shot_paired
44,13,3,16,60,0,0,1,0.500532865524292,0.500532865524292,0.500532865524292,0.4994671940803528,3,2,3,zero_shot_paired
44,14,3,17,60,0,1,0,0.5097206234931946,0.5097206234931946,0.4902794063091278,0.5097206234931946,3,2,3,zero_shot_paired
44,0,3,0,60,1,1,1,0.5009030699729919,0.5009030699729919,0.49909693002700806,0.5009030699729919,3,2,3,post_calibration
44,1,3,1,60,1,1,1,0.5007339119911194,0.5007339119911194,0.499266117811203,0.5007339119911194,3,2,3,post_calibration
44,2,3,2,60,1,1,1,0.5009746551513672,0.5009746551513672,0.4990253448486328,0.5009746551513672,3,2,3,post_calibration
44,3,3,4,60,1,1,1,0.5013958215713501,0.5013958215713501,0.4986041784286499,0.5013958215713501,3,2,3,post_calibration
44,4,3,5,60,1,0,0,0.500704824924469,0.500704824924469,0.500704824924469,0.499295175075531,3,2,3,post_calibration
44,5,3,6,60,1,1,1,0.5012316107749939,0.5012316107749939,0.4987683892250061,0.5012316107749939,3,2,3,post_calibration
44,6,3,7,60,0,0,1,0.505915641784668,0.505915641784668,0.505915641784668,0.49408435821533203,3,2,3,post_calibration
44,7,3,9,60,0,0,1,0.5051332116127014,0.5051332116127014,0.5051332116127014,0.4948667883872986,3,2,3,post_calibration
44,8,3,10,60,1,0,0,0.5000615119934082,0.5000615119934082,0.5000615119934082,0.4999384880065918,3,2,3,post_calibration
44,9,3,11,60,1,1,1,0.5008790493011475,0.5008790493011475,0.49912092089653015,0.5008790493011475,3,2,3,post_calibration
44,10,3,12,60,1,1,1,0.5102617740631104,0.5102617740631104,0.48973822593688965,0.5102617740631104,3,2,3,post_calibration
44,11,3,13,60,0,0,1,0.5001102089881897,0.5001102089881897,0.5001102089881897,0.4998897910118103,3,2,3,post_calibration
44,12,3,14,60,0,1,0,0.5053896307945251,0.5053896307945251,0.49461036920547485,0.5053896307945251,3,2,3,post_calibration
44,13,3,16,60,0,0,1,0.5008571147918701,0.5008571147918701,0.5008571147918701,0.4991428852081299,3,2,3,post_calibration
44,14,3,17,60,0,1,0,0.5092248320579529,0.5092248320579529,0.4907751977443695,0.5092248320579529,3,2,3,post_calibration
45,0,3,1,60,1,1,1,0.5016329884529114,0.5016329884529114,0.498367041349411,0.5016329884529114,3,3,3,zero_shot_paired
45,1,3,3,60,0,1,0,0.5048349499702454,0.5048349499702454,0.49516505002975464,0.5048349499702454,3,3,3,zero_shot_paired
45,2,3,4,60,1,1,1,0.502799928188324,0.502799928188324,0.4972001016139984,0.502799928188324,3,3,3,zero_shot_paired
45,3,3,5,60,1,1,1,0.5004643201828003,0.5004643201828003,0.4995357096195221,0.5004643201828003,3,3,3,zero_shot_paired
45,4,3,6,60,1,1,1,0.5018757581710815,0.5018757581710815,0.49812427163124084,0.5018757581710815,3,3,3,zero_shot_paired
45,5,3,7,60,0,0,1,0.5049285292625427,0.5049285292625427,0.5049285292625427,0.49507150053977966,3,3,3,zero_shot_paired
45,6,3,8,60,0,1,0,0.5097485780715942,0.5097485780715942,0.4902513921260834,0.5097485780715942,3,3,3,zero_shot_paired
45,7,3,9,60,0,0,1,0.5049062371253967,0.5049062371253967,0.5049062371253967,0.4950937330722809,3,3,3,zero_shot_paired
45,8,3,10,60,1,0,0,0.5000324249267578,0.5000324249267578,0.5000324249267578,0.4999676048755646,3,3,3,zero_shot_paired
45,9,3,11,60,1,1,1,0.5013848543167114,0.5013848543167114,0.4986151158809662,0.5013848543167114,3,3,3,zero_shot_paired
45,10,3,12,60,1,1,1,0.5105758309364319,0.5105758309364319,0.48942410945892334,0.5105758309364319,3,3,3,zero_shot_paired
45,11,3,13,60,0,1,0,0.5000404119491577,0.5000404119491577,0.4999596178531647,0.5000404119491577,3,3,3,zero_shot_paired
45,12,3,15,60,1,1,1,0.5058549046516418,0.5058549046516418,0.49414509534835815,0.5058549046516418,3,3,3,zero_shot_paired
45,13,3,16,60,0,0,1,0.500532865524292,0.500532865524292,0.500532865524292,0.4994671940803528,3,3,3,zero_shot_paired
45,14,3,17,60,0,1,0,0.5097206234931946,0.5097206234931946,0.4902794063091278,0.5097206234931946,3,3,3,zero_shot_paired
45,0,3,1,60,1,1,1,0.5023826360702515,0.5023826360702515,0.49761736392974854,0.5023826360702515,3,3,3,post_calibration
45,1,3,3,60,0,1,0,0.5059733390808105,0.5059733390808105,0.49402669072151184,0.5059733390808105,3,3,3,post_calibration
45,2,3,4,60,1,1,1,0.504031240940094,0.504031240940094,0.495968759059906,0.504031240940094,3,3,3,post_calibration
45,3,3,5,60,1,1,1,0.5008714199066162,0.5008714199066162,0.4991285502910614,0.5008714199066162,3,3,3,post_calibration
45,4,3,6,60,1,1,1,0.5024933815002441,0.5024933815002441,0.49750667810440063,0.5024933815002441,3,3,3,post_calibration
45,5,3,7,60,0,0,1,0.5043247938156128,0.5043247938156128,0.5043247938156128,0.4956752061843872,3,3,3,post_calibration
45,6,3,8,60,0,1,0,0.5102546811103821,0.5102546811103821,0.4897453188896179,0.5102546811103821,3,3,3,post_calibration
45,7,3,9,60,0,0,1,0.5046364665031433,0.5046364665031433,0.5046364665031433,0.4953635334968567,3,3,3,post_calibration
45,8,3,10,60,1,1,1,0.5000841617584229,0.5000841617584229,0.49991580843925476,0.5000841617584229,3,3,3,post_calibration
45,9,3,11,60,1,1,1,0.5012593865394592,0.5012593865394592,0.49874064326286316,0.5012593865394592,3,3,3,post_calibration
45,10,3,12,60,1,1,1,0.5107048749923706,0.5107048749923706,0.4892951250076294,0.5107048749923706,3,3,3,post_calibration
45,11,3,13,60,0,1,0,0.5001718401908875,0.5001718401908875,0.49982815980911255,0.5001718401908875,3,3,3,post_calibration
45,12,3,15,60,1,1,1,0.5057971477508545,0.5057971477508545,0.4942028522491455,0.5057971477508545,3,3,3,post_calibration
45,13,3,16,60,0,1,0,0.5001521110534668,0.5001521110534668,0.4998478591442108,0.5001521110534668,3,3,3,post_calibration
45,14,3,17,60,0,1,0,0.509578287601471,0.509578287601471,0.49042171239852905,0.509578287601471,3,3,3,post_calibration
46,0,3,0,60,1,1,1,0.5011212229728699,0.5011212229728699,0.4988788068294525,0.5011212229728699,3,4,3,zero_shot_paired
46,1,3,1,60,1,1,1,0.5016329884529114,0.5016329884529114,0.498367041349411,0.5016329884529114,3,4,3,zero_shot_paired
46,2,3,2,60,1,1,1,0.5021708011627197,0.5021708011627197,0.4978291690349579,0.5021708011627197,3,4,3,zero_shot_paired
46,3,3,3,60,0,1,0,0.5048349499702454,0.5048349499702454,0.49516505002975464,0.5048349499702454,3,4,3,zero_shot_paired
46,4,3,5,60,1,1,1,0.5004643201828003,0.5004643201828003,0.4995357096195221,0.5004643201828003,3,4,3,zero_shot_paired
46,5,3,6,60,1,1,1,0.5018757581710815,0.5018757581710815,0.49812427163124084,0.5018757581710815,3,4,3,zero_shot_paired
46,6,3,8,60,0,1,0,0.5097485780715942,0.5097485780715942,0.4902513921260834,0.5097485780715942,3,4,3,zero_shot_paired
46,7,3,9,60,0,0,1,0.5049062371253967,0.5049062371253967,0.5049062371253967,0.4950937330722809,3,4,3,zero_shot_paired
46,8,3,10,60,1,0,0,0.5000324249267578,0.5000324249267578,0.5000324249267578,0.4999676048755646,3,4,3,zero_shot_paired
46,9,3,12,60,1,1,1,0.5105758309364319,0.5105758309364319,0.48942410945892334,0.5105758309364319,3,4,3,zero_shot_paired
46,10,3,13,60,0,1,0,0.5000404119491577,0.5000404119491577,0.4999596178531647,0.5000404119491577,3,4,3,zero_shot_paired
46,11,3,14,60,0,1,0,0.5056967735290527,0.5056967735290527,0.49430328607559204,0.5056967735290527,3,4,3,zero_shot_paired
46,12,3,15,60,1,1,1,0.5058549046516418,0.5058549046516418,0.49414509534835815,0.5058549046516418,3,4,3,zero_shot_paired
46,13,3,16,60,0,0,1,0.500532865524292,0.500532865524292,0.500532865524292,0.4994671940803528,3,4,3,zero_shot_paired
46,14,3,17,60,0,1,0,0.5097206234931946,0.5097206234931946,0.4902794063091278,0.5097206234931946,3,4,3,zero_shot_paired
46,0,3,0,60,1,1,1,0.5014119148254395,0.5014119148254395,0.49858808517456055,0.5014119148254395,3,4,3,post_calibration
46,1,3,1,60,1,1,1,0.5027089715003967,0.5027089715003967,0.4972909986972809,0.5027089715003967,3,4,3,post_calibration
46,2,3,2,60,1,1,1,0.5034036040306091,0.5034036040306091,0.49659642577171326,0.5034036040306091,3,4,3,post_calibration
46,3,3,3,60,0,1,0,0.5060995817184448,0.5060995817184448,0.4939003586769104,0.5060995817184448,3,4,3,post_calibration
46,4,3,5,60,1,1,1,0.5002888441085815,0.5002888441085815,0.49971112608909607,0.5002888441085815,3,4,3,post_calibration
46,5,3,6,60,1,1,1,0.5021547079086304,0.5021547079086304,0.497845321893692,0.5021547079086304,3,4,3,post_calibration
46,6,3,8,60,0,1,0,0.5103321671485901,0.5103321671485901,0.4896678328514099,0.5103321671485901,3,4,3,post_calibration
46,7,3,9,60,0,0,1,0.505066990852356,0.505066990852356,0.505066990852356,0.49493297934532166,3,4,3,post_calibration
46,8,3,10,60,1,1,1,0.5001148581504822,0.5001148581504822,0.49988508224487305,0.5001148581504822,3,4,3,post_calibration
46,9,3,12,60,1,1,1,0.5105884671211243,0.5105884671211243,0.48941150307655334,0.5105884671211243,3,4,3,post_calibration
46,10,3,13,60,0,1,0,0.5002797245979309,0.5002797245979309,0.4997202754020691,0.5002797245979309,3,4,3,post_calibration
46,11,3,14,60,0,1,0,0.5061591863632202,0.5061591863632202,0.4938408136367798,0.5061591863632202,3,4,3,post_calibration
46,12,3,15,60,1,1,1,0.5063393712043762,0.5063393712043762,0.4936606287956238,0.5063393712043762,3,4,3,post_calibration
46,13,3,16,60,0,0,1,0.5001654028892517,0.5001654028892517,0.5001654028892517,0.4998345971107483,3,4,3,post_calibration
46,14,3,17,60,0,1,0,0.5096741914749146,0.5096741914749146,0.4903258681297302,0.5096741914749146,3,4,3,post_calibration
47,0,3,0,60,1,1,1,0.5011212229728699,0.5011212229728699,0.4988788068294525,0.5011212229728699,3,5,3,zero_shot_paired
47,1,3,1,60,1,1,1,0.5016329884529114,0.5016329884529114,0.498367041349411,0.5016329884529114,3,5,3,zero_shot_paired
47,2,3,2,60,1,1,1,0.5021708011627197,0.5021708011627197,0.4978291690349579,0.5021708011627197,3,5,3,zero_shot_paired
47,3,3,3,60,0,1,0,0.5048349499702454,0.5048349499702454,0.49516505002975464,0.5048349499702454,3,5,3,zero_shot_paired
47,4,3,4,60,1,1,1,0.502799928188324,0.502799928188324,0.4972001016139984,0.502799928188324,3,5,3,zero_shot_paired
47,5,3,5,60,1,1,1,0.5004643201828003,0.5004643201828003,0.4995357096195221,0.5004643201828003,3,5,3,zero_shot_paired
47,6,3,7,60,0,0,1,0.5049285292625427,0.5049285292625427,0.5049285292625427,0.49507150053977966,3,5,3,zero_shot_paired
47,7,3,8,60,0,1,0,0.5097485780715942,0.5097485780715942,0.4902513921260834,0.5097485780715942,3,5,3,zero_shot_paired
47,8,3,9,60,0,0,1,0.5049062371253967,0.5049062371253967,0.5049062371253967,0.4950937330722809,3,5,3,zero_shot_paired
47,9,3,10,60,1,0,0,0.5000324249267578,0.5000324249267578,0.5000324249267578,0.4999676048755646,3,5,3,zero_shot_paired
47,10,3,11,60,1,1,1,0.5013848543167114,0.5013848543167114,0.4986151158809662,0.5013848543167114,3,5,3,zero_shot_paired
47,11,3,12,60,1,1,1,0.5105758309364319,0.5105758309364319,0.48942410945892334,0.5105758309364319,3,5,3,zero_shot_paired
47,12,3,13,60,0,1,0,0.5000404119491577,0.5000404119491577,0.4999596178531647,0.5000404119491577,3,5,3,zero_shot_paired
47,13,3,14,60,0,1,0,0.5056967735290527,0.5056967735290527,0.49430328607559204,0.5056967735290527,3,5,3,zero_shot_paired
47,14,3,15,60,1,1,1,0.5058549046516418,0.5058549046516418,0.49414509534835815,0.5058549046516418,3,5,3,zero_shot_paired
47,0,3,0,60,1,1,1,0.50103759765625,0.50103759765625,0.49896240234375,0.50103759765625,3,5,3,post_calibration
47,1,3,1,60,1,1,1,0.5014373660087585,0.5014373660087585,0.49856266379356384,0.5014373660087585,3,5,3,post_calibration
47,2,3,2,60,1,1,1,0.5022071599960327,0.5022071599960327,0.49779289960861206,0.5022071599960327,3,5,3,post_calibration
47,3,3,3,60,0,1,0,0.5049840807914734,0.5049840807914734,0.49501585960388184,0.5049840807914734,3,5,3,post_calibration
47,4,3,4,60,1,1,1,0.502814531326294,0.502814531326294,0.4971854090690613,0.502814531326294,3,5,3,post_calibration
47,5,3,5,60,1,1,1,0.500368595123291,0.500368595123291,0.49963146448135376,0.500368595123291,3,5,3,post_calibration
47,6,3,7,60,0,0,1,0.5048931837081909,0.5048931837081909,0.5048931837081909,0.49510687589645386,3,5,3,post_calibration
47,7,3,8,60,0,1,0,0.5097241401672363,0.5097241401672363,0.4902758002281189,0.5097241401672363,3,5,3,post_calibration
47,8,3,9,60,0,0,1,0.5050513744354248,0.5050513744354248,0.5050513744354248,0.4949486553668976,3,5,3,post_calibration
47,9,3,10,60,1,1,1,0.5000383257865906,0.5000383257865906,0.49996164441108704,0.5000383257865906,3,5,3,post_calibration
47,10,3,11,60,1,1,1,0.5012094378471375,0.5012094378471375,0.49879056215286255,0.5012094378471375,3,5,3,post_calibration
47,11,3,12,60,1,1,1,0.5104909539222717,0.5104909539222717,0.4895090162754059,0.5104909539222717,3,5,3,post_calibration
47,12,3,13,60,0,0,1,0.5001838803291321,0.5001838803291321,0.5001838803291321,0.4998161196708679,3,5,3,post_calibration
47,13,3,14,60,0,1,0,0.5056479573249817,0.5056479573249817,0.4943520426750183,0.5056479573249817,3,5,3,post_calibration
47,14,3,15,60,1,1,1,0.5059046745300293,0.5059046745300293,0.4940952956676483,0.5059046745300293,3,5,3,post_calibration
48,0,3,0,60,1,1,1,0.5011212229728699,0.5011212229728699,0.4988788068294525,0.5011212229728699,3,6,3,zero_shot_paired
48,1,3,1,60,1,1,1,0.5016329884529114,0.5016329884529114,0.498367041349411,0.5016329884529114,3,6,3,zero_shot_paired
48,2,3,2,60,1,1,1,0.5021708011627197,0.5021708011627197,0.4978291690349579,0.5021708011627197,3,6,3,zero_shot_paired
48,3,3,3,60,0,1,0,0.5048349499702454,0.5048349499702454,0.49516505002975464,0.5048349499702454,3,6,3,zero_shot_paired
48,4,3,4,60,1,1,1,0.502799928188324,0.502799928188324,0.4972001016139984,0.502799928188324,3,6,3,zero_shot_paired
48,5,3,5,60,1,1,1,0.5004643201828003,0.5004643201828003,0.4995357096195221,0.5004643201828003,3,6,3,zero_shot_paired
48,6,3,6,60,1,1,1,0.5018757581710815,0.5018757581710815,0.49812427163124084,0.5018757581710815,3,6,3,zero_shot_paired
48,7,3,7,60,0,0,1,0.5049285292625427,0.5049285292625427,0.5049285292625427,0.49507150053977966,3,6,3,zero_shot_paired
48,8,3,8,60,0,1,0,0.5097485780715942,0.5097485780715942,0.4902513921260834,0.5097485780715942,3,6,3,zero_shot_paired
48,9,3,9,60,0,0,1,0.5049062371253967,0.5049062371253967,0.5049062371253967,0.4950937330722809,3,6,3,zero_shot_paired
48,10,3,11,60,1,1,1,0.5013848543167114,0.5013848543167114,0.4986151158809662,0.5013848543167114,3,6,3,zero_shot_paired
48,11,3,14,60,0,1,0,0.5056967735290527,0.5056967735290527,0.49430328607559204,0.5056967735290527,3,6,3,zero_shot_paired
48,12,3,15,60,1,1,1,0.5058549046516418,0.5058549046516418,0.49414509534835815,0.5058549046516418,3,6,3,zero_shot_paired
48,13,3,16,60,0,0,1,0.500532865524292,0.500532865524292,0.500532865524292,0.4994671940803528,3,6,3,zero_shot_paired
48,14,3,17,60,0,1,0,0.5097206234931946,0.5097206234931946,0.4902794063091278,0.5097206234931946,3,6,3,zero_shot_paired
48,0,3,0,60,1,1,1,0.5009081363677979,0.5009081363677979,0.49909186363220215,0.5009081363677979,3,6,3,post_calibration
48,1,3,1,60,1,1,1,0.5014938712120056,0.5014938712120056,0.4985061287879944,0.5014938712120056,3,6,3,post_calibration
48,2,3,2,60,1,1,1,0.502212405204773,0.502212405204773,0.49778759479522705,0.502212405204773,3,6,3,post_calibration
48,3,3,3,60,0,1,0,0.5049619078636169,0.5049619078636169,0.49503806233406067,0.5049619078636169,3,6,3,post_calibration
48,4,3,4,60,1,1,1,0.5029157996177673,0.5029157996177673,0.49708425998687744,0.5029157996177673,3,6,3,post_calibration
48,5,3,5,60,1,1,1,0.5005301833152771,0.5005301833152771,0.4994697570800781,0.5005301833152771,3,6,3,post_calibration
48,6,3,6,60,1,1,1,0.501769483089447,0.501769483089447,0.49823054671287537,0.501769483089447,3,6,3,post_calibration
48,7,3,7,60,0,0,1,0.5051537752151489,0.5051537752151489,0.5051537752151489,0.4948461949825287,3,6,3,post_calibration
48,8,3,8,60,0,1,0,0.509803295135498,0.509803295135498,0.49019670486450195,0.509803295135498,3,6,3,post_calibration
48,9,3,9,60,0,0,1,0.5049419403076172,0.5049419403076172,0.5049419403076172,0.4950580298900604,3,6,3,post_calibration
48,10,3,11,60,1,1,1,0.5013778209686279,0.5013778209686279,0.49862217903137207,0.5013778209686279,3,6,3,post_calibration
48,11,3,14,60,0,1,0,0.5054623484611511,0.5054623484611511,0.4945376515388489,0.5054623484611511,3,6,3,post_calibration
48,12,3,15,60,1,1,1,0.5058526396751404,0.5058526396751404,0.494147390127182,0.5058526396751404,3,6,3,post_calibration
48,13,3,16,60,0,0,1,0.500460147857666,0.500460147857666,0.500460147857666,0.4995398223400116,3,6,3,post_calibration
48,14,3,17,60,0,1,0,0.5096637606620789,0.5096637606620789,0.49033620953559875,0.5096637606620789,3,6,3,post_calibration
49,0,3,0,60,1,1,1,0.5011212229728699,0.5011212229728699,0.4988788068294525,0.5011212229728699,3,1,6,zero_shot_paired
49,1,3,1,60,1,1,1,0.5016329884529114,0.5016329884529114,0.498367041349411,0.5016329884529114,3,1,6,zero_shot_paired
49,2,3,3,60,0,1,0,0.5048349499702454,0.5048349499702454,0.49516505002975464,0.5048349499702454,3,1,6,zero_shot_paired
49,3,3,4,60,1,1,1,0.502799928188324,0.502799928188324,0.4972001016139984,0.502799928188324,3,1,6,zero_shot_paired
49,4,3,5,60,1,1,1,0.5004643201828003,0.5004643201828003,0.4995357096195221,0.5004643201828003,3,1,6,zero_shot_paired
49,5,3,6,60,1,1,1,0.5018757581710815,0.5018757581710815,0.49812427163124084,0.5018757581710815,3,1,6,zero_shot_paired
49,6,3,7,60,0,0,1,0.5049285292625427,0.5049285292625427,0.5049285292625427,0.49507150053977966,3,1,6,zero_shot_paired
49,7,3,8,60,0,1,0,0.5097485780715942,0.5097485780715942,0.4902513921260834,0.5097485780715942,3,1,6,zero_shot_paired
49,8,3,11,60,1,1,1,0.5013848543167114,0.5013848543167114,0.4986151158809662,0.5013848543167114,3,1,6,zero_shot_paired
49,9,3,13,60,0,1,0,0.5000404119491577,0.5000404119491577,0.4999596178531647,0.5000404119491577,3,1,6,zero_shot_paired
49,10,3,15,60,1,1,1,0.5058549046516418,0.5058549046516418,0.49414509534835815,0.5058549046516418,3,1,6,zero_shot_paired
49,11,3,16,60,0,0,1,0.500532865524292,0.500532865524292,0.500532865524292,0.4994671940803528,3,1,6,zero_shot_paired
49,0,3,0,60,1,1,1,0.5007149577140808,0.5007149577140808,0.4992850720882416,0.5007149577140808,3,1,6,post_calibration
49,1,3,1,60,1,1,1,0.5013689398765564,0.5013689398765564,0.498631089925766,0.5013689398765564,3,1,6,post_calibration
49,2,3,3,60,0,1,0,0.5048356652259827,0.5048356652259827,0.49516430497169495,0.5048356652259827,3,1,6,post_calibration
49,3,3,4,60,1,1,1,0.5028135776519775,0.5028135776519775,0.49718645215034485,0.5028135776519775,3,1,6,post_calibration
49,4,3,5,60,1,1,1,0.5002586841583252,0.5002586841583252,0.4997412860393524,0.5002586841583252,3,1,6,post_calibration
49,5,3,6,60,1,1,1,0.5018435716629028,0.5018435716629028,0.49815642833709717,0.5018435716629028,3,1,6,post_calibration
49,6,3,7,60,0,0,1,0.5054700970649719,0.5054700970649719,0.5054700970649719,0.4945299029350281,3,1,6,post_calibration
49,7,3,8,60,0,1,0,0.5092412829399109,0.5092412829399109,0.4907587468624115,0.5092412829399109,3,1,6,post_calibration
49,8,3,11,60,1,1,1,0.5009266138076782,0.5009266138076782,0.4990733861923218,0.5009266138076782,3,1,6,post_calibration
49,9,3,13,60,0,0,1,0.5003241300582886,0.5003241300582886,0.5003241300582886,0.4996758699417114,3,1,6,post_calibration
49,10,3,15,60,1,1,1,0.5056800246238708,0.5056800246238708,0.49431997537612915,0.5056800246238708,3,1,6,post_calibration
49,11,3,16,60,0,0,1,0.5003510117530823,0.5003510117530823,0.5003510117530823,0.4996490180492401,3,1,6,post_calibration
50,0,3,0,60,1,1,1,0.5011212229728699,0.5011212229728699,0.4988788068294525,0.5011212229728699,3,2,6,zero_shot_paired
50,1,3,2,60,1,1,1,0.5021708011627197,0.5021708011627197,0.4978291690349579,0.5021708011627197,3,2,6,zero_shot_paired
50,2,3,4,60,1,1,1,0.502799928188324,0.502799928188324,0.4972001016139984,0.502799928188324,3,2,6,zero_shot_paired
50,3,3,7,60,0,0,1,0.5049285292625427,0.5049285292625427,0.5049285292625427,0.49507150053977966,3,2,6,zero_shot_paired
50,4,3,8,60,0,1,0,0.5097485780715942,0.5097485780715942,0.4902513921260834,0.5097485780715942,3,2,6,zero_shot_paired
50,5,3,9,60,0,0,1,0.5049062371253967,0.5049062371253967,0.5049062371253967,0.4950937330722809,3,2,6,zero_shot_paired
50,6,3,10,60,1,0,0,0.5000324249267578,0.5000324249267578,0.5000324249267578,0.4999676048755646,3,2,6,zero_shot_paired
50,7,3,11,60,1,1,1,0.5013848543167114,0.5013848543167114,0.4986151158809662,0.5013848543167114,3,2,6,zero_shot_paired
50,8,3,12,60,1,1,1,0.5105758309364319,0.5105758309364319,0.48942410945892334,0.5105758309364319,3,2,6,zero_shot_paired
50,9,3,14,60,0,1,0,0.5056967735290527,0.5056967735290527,0.49430328607559204,0.5056967735290527,3,2,6,zero_shot_paired
50,10,3,15,60,1,1,1,0.5058549046516418,0.5058549046516418,0.49414509534835815,0.5058549046516418,3,2,6,zero_shot_paired
50,11,3,17,60,0,1,0,0.5097206234931946,0.5097206234931946,0.4902794063091278,0.5097206234931946,3,2,6,zero_shot_paired
50,0,3,0,60,1,1,1,0.5006136298179626,0.5006136298179626,0.49938637018203735,0.5006136298179626,3,2,6,post_calibration
50,1,3,2,60,1,1,1,0.5018302202224731,0.5018302202224731,0.49816980957984924,0.5018302202224731,3,2,6,post_calibration
50,2,3,4,60,1,1,1,0.5024610161781311,0.5024610161781311,0.4975390136241913,0.5024610161781311,3,2,6,post_calibration
50,3,3,7,60,0,0,1,0.5050207376480103,0.5050207376480103,0.5050207376480103,0.49497926235198975,3,2,6,post_calibration
50,4,3,8,60,0,1,0,0.5097731351852417,0.5097731351852417,0.4902268052101135,0.5097731351852417,3,2,6,post_calibration
50,5,3,9,60,0,0,1,0.505204975605011,0.505204975605011,0.505204975605011,0.494795024394989,3,2,6,post_calibration
50,6,3,10,60,1,0,0,0.5002345442771912,0.5002345442771912,0.5002345442771912,0.49976545572280884,3,2,6,post_calibration
50,7,3,11,60,1,1,1,0.5014896392822266,0.5014896392822266,0.4985103905200958,0.5014896392822266,3,2,6,post_calibration
50,8,3,12,60,1,1,1,0.5105483531951904,0.5105483531951904,0.48945164680480957,0.5105483531951904,3,2,6,post_calibration
50,9,3,14,60,0,1,0,0.5054246187210083,0.5054246187210083,0.4945753812789917,0.5054246187210083,3,2,6,post_calibration
50,10,3,15,60,1,1,1,0.5058552026748657,0.5058552026748657,0.4941447973251343,0.5058552026748657,3,2,6,post_calibration
50,11,3,17,60,0,1,0,0.5097077488899231,0.5097077488899231,0.4902922213077545,0.5097077488899231,3,2,6,post_calibration
51,0,3,1,60,1,1,1,0.5016329884529114,0.5016329884529114,0.498367041349411,0.5016329884529114,3,3,6,zero_shot_paired
51,1,3,2,60,1,1,1,0.5021708011627197,0.5021708011627197,0.4978291690349579,0.5021708011627197,3,3,6,zero_shot_paired
51,2,3,3,60,0,1,0,0.5048349499702454,0.5048349499702454,0.49516505002975464,0.5048349499702454,3,3,6,zero_shot_paired
51,3,3,5,60,1,1,1,0.5004643201828003,0.5004643201828003,0.4995357096195221,0.5004643201828003,3,3,6,zero_shot_paired
51,4,3,6,60,1,1,1,0.5018757581710815,0.5018757581710815,0.49812427163124084,0.5018757581710815,3,3,6,zero_shot_paired
51,5,3,9,60,0,0,1,0.5049062371253967,0.5049062371253967,0.5049062371253967,0.4950937330722809,3,3,6,zero_shot_paired
51,6,3,10,60,1,0,0,0.5000324249267578,0.5000324249267578,0.5000324249267578,0.4999676048755646,3,3,6,zero_shot_paired
51,7,3,12,60,1,1,1,0.5105758309364319,0.5105758309364319,0.48942410945892334,0.5105758309364319,3,3,6,zero_shot_paired
51,8,3,13,60,0,1,0,0.5000404119491577,0.5000404119491577,0.4999596178531647,0.5000404119491577,3,3,6,zero_shot_paired
51,9,3,14,60,0,1,0,0.5056967735290527,0.5056967735290527,0.49430328607559204,0.5056967735290527,3,3,6,zero_shot_paired
51,10,3,16,60,0,0,1,0.500532865524292,0.500532865524292,0.500532865524292,0.4994671940803528,3,3,6,zero_shot_paired
51,11,3,17,60,0,1,0,0.5097206234931946,0.5097206234931946,0.4902794063091278,0.5097206234931946,3,3,6,zero_shot_paired
51,0,3,1,60,1,1,1,0.5020416378974915,0.5020416378974915,0.49795830249786377,0.5020416378974915,3,3,6,post_calibration
51,1,3,2,60,1,1,1,0.5029187202453613,0.5029187202453613,0.49708130955696106,0.5029187202453613,3,3,6,post_calibration
51,2,3,3,60,0,1,0,0.505730390548706,0.505730390548706,0.49426960945129395,0.505730390548706,3,3,6,post_calibration
51,3,3,5,60,1,1,1,0.501433789730072,0.501433789730072,0.498566210269928,0.501433789730072,3,3,6,post_calibration
51,4,3,6,60,1,1,1,0.5021397471427917,0.5021397471427917,0.49786022305488586,0.5021397471427917,3,3,6,post_calibration
51,5,3,9,60,0,0,1,0.5050637722015381,0.5050637722015381,0.5050637722015381,0.4949361979961395,3,3,6,post_calibration
51,6,3,10,60,1,1,1,0.5001168251037598,0.5001168251037598,0.49988317489624023,0.5001168251037598,3,3,6,post_calibration
51,7,3,12,60,1,1,1,0.5107052326202393,0.5107052326202393,0.48929479718208313,0.5107052326202393,3,3,6,post_calibration
51,8,3,13,60,0,1,0,0.5000040531158447,0.5000040531158447,0.49999597668647766,0.5000040531158447,3,3,6,post_calibration
51,9,3,14,60,0,1,0,0.5060983300209045,0.5060983300209045,0.49390164017677307,0.5060983300209045,3,3,6,post_calibration
51,10,3,16,60,0,0,1,0.5002580285072327,0.5002580285072327,0.5002580285072327,0.49974197149276733,3,3,6,post_calibration
51,11,3,17,60,0,1,0,0.5097271203994751,0.5097271203994751,0.4902728796005249,0.5097271203994751,3,3,6,post_calibration
52,0,3,0,60,1,1,1,0.5011211633682251,0.5011211633682251,0.4988788664340973,0.5011211633682251,3,1,9,zero_shot_paired
52,1,3,3,60,0,1,0,0.5048350691795349,0.5048350691795349,0.4951649308204651,0.5048350691795349,3,1,9,zero_shot_paired
52,2,3,5,60,1,1,1,0.5004643797874451,0.5004643797874451,0.4995356500148773,0.5004643797874451,3,1,9,zero_shot_paired
52,3,3,9,60,0,0,1,0.5049062371253967,0.5049062371253967,0.5049062371253967,0.4950937330722809,3,1,9,zero_shot_paired
52,4,3,10,60,1,0,0,0.5000324845314026,0.5000324845314026,0.5000324845314026,0.4999675452709198,3,1,9,zero_shot_paired
52,5,3,11,60,1,1,1,0.5013849139213562,0.5013849139213562,0.4986150860786438,0.5013849139213562,3,1,9,zero_shot_paired
52,6,3,13,60,0,1,0,0.5000402331352234,0.5000402331352234,0.499959796667099,0.5000402331352234,3,1,9,zero_shot_paired
52,7,3,15,60,1,1,1,0.5058552622795105,0.5058552622795105,0.4941447675228119,0.5058552622795105,3,1,9,zero_shot_paired
52,8,3,17,60,0,1,0,0.5097206234931946,0.5097206234931946,0.4902794063091278,0.5097206234931946,3,1,9,zero_shot_paired
52,0,3,0,60,1,1,1,0.5017015337944031,0.5017015337944031,0.4982984960079193,0.5017015337944031,3,1,9,post_calibration
52,1,3,3,60,0,1,0,0.5067852139472961,0.5067852139472961,0.49321481585502625,0.5067852139472961,3,1,9,post_calibration
52,2,3,5,60,1,1,1,0.5010961294174194,0.5010961294174194,0.49890387058258057,0.5010961294174194,3,1,9,post_calibration
52,3,3,9,60,0,0,1,0.5050180554389954,0.5050180554389954,0.5050180554389954,0.494981974363327,3,1,9,post_calibration
52,4,3,10,60,1,0,0,0.5000805854797363,0.5000805854797363,0.5000805854797363,0.4999193847179413,3,1,9,post_calibration
52,5,3,11,60,1,1,1,0.50193852186203,0.50193852186203,0.49806147813796997,0.50193852186203,3,1,9,post_calibration
52,6,3,13,60,0,1,0,0.5001958608627319,0.5001958608627319,0.49980413913726807,0.5001958608627319,3,1,9,post_calibration
52,7,3,15,60,1,1,1,0.5062221884727478,0.5062221884727478,0.4937778413295746,0.5062221884727478,3,1,9,post_calibration
52,8,3,17,60,0,1,0,0.5099348425865173,0.5099348425865173,0.49006515741348267,0.5099348425865173,3,1,9,post_calibration
53,0,3,1,60,1,1,1,0.5016329884529114,0.5016329884529114,0.498367041349411,0.5016329884529114,3,2,9,zero_shot_paired
53,1,3,2,60,1,1,1,0.502170741558075,0.502170741558075,0.4978291988372803,0.502170741558075,3,2,9,zero_shot_paired
53,2,3,4,60,1,1,1,0.502799928188324,0.502799928188324,0.4972001314163208,0.502799928188324,3,2,9,zero_shot_paired
53,3,3,6,60,1,1,1,0.501875638961792,0.501875638961792,0.4981243908405304,0.501875638961792,3,2,9,zero_shot_paired
53,4,3,7,60,0,0,1,0.5049285888671875,0.5049285888671875,0.5049285888671875,0.4950714409351349,3,2,9,zero_shot_paired
53,5,3,8,60,0,1,0,0.5097485780715942,0.5097485780715942,0.4902513921260834,0.5097485780715942,3,2,9,zero_shot_paired
53,6,3,12,60,1,1,1,0.5105758905410767,0.5105758905410767,0.48942404985427856,0.5105758905410767,3,2,9,zero_shot_paired
53,7,3,14,60,0,1,0,0.505696713924408,0.505696713924408,0.49430328607559204,0.505696713924408,3,2,9,zero_shot_paired
53,8,3,16,60,0,0,1,0.5005329251289368,0.5005329251289368,0.5005329251289368,0.49946707487106323,3,2,9,zero_shot_paired
53,0,3,1,60,1,1,1,0.5007632374763489,0.5007632374763489,0.4992367625236511,0.5007632374763489,3,2,9,post_calibration
53,1,3,2,60,1,1,1,0.50118088722229,0.50118088722229,0.49881914258003235,0.50118088722229,3,2,9,post_calibration
53,2,3,4,60,1,1,1,0.502282440662384,0.502282440662384,0.49771755933761597,0.502282440662384,3,2,9,post_calibration
53,3,3,6,60,1,1,1,0.5016785264015198,0.5016785264015198,0.49832144379615784,0.5016785264015198,3,2,9,post_calibration
53,4,3,7,60,0,0,1,0.5051044821739197,0.5051044821739197,0.5051044821739197,0.49489545822143555,3,2,9,post_calibration
53,5,3,8,60,0,1,0,0.5098608136177063,0.5098608136177063,0.4901392161846161,0.5098608136177063,3,2,9,post_calibration
53,6,3,12,60,1,1,1,0.510570764541626,0.510570764541626,0.489429235458374,0.510570764541626,3,2,9,post_calibration
53,7,3,14,60,0,1,0,0.5063264966011047,0.5063264966011047,0.49367350339889526,0.5063264966011047,3,2,9,post_calibration
53,8,3,16,60,0,0,1,0.501284658908844,0.501284658908844,0.501284658908844,0.4987153112888336,3,2,9,post_calibration
54,0,3,2,60,1,1,1,0.5021694898605347,0.5021694898605347,0.4978305399417877,0.5021694898605347,3,1,12,zero_shot_paired
54,1,3,5,60,1,1,1,0.5004622340202332,0.5004622340202332,0.49953779578208923,0.5004622340202332,3,1,12,zero_shot_paired
54,2,3,8,60,0,1,0,0.5097482204437256,0.5097482204437256,0.4902518093585968,0.5097482204437256,3,1,12,zero_shot_paired
54,3,3,12,60,1,1,1,0.5105735659599304,0.5105735659599304,0.4894264340400696,0.5105735659599304,3,1,12,zero_shot_paired
54,4,3,13,60,0,1,0,0.5000412464141846,0.5000412464141846,0.49995872378349304,0.5000412464141846,3,1,12,zero_shot_paired
54,5,3,17,60,0,1,0,0.5097203850746155,0.5097203850746155,0.4902796149253845,0.5097203850746155,3,1,12,zero_shot_paired
54,0,3,2,60,1,1,1,0.5030124187469482,0.5030124187469482,0.49698761105537415,0.5030124187469482,3,1,12,post_calibration
54,1,3,5,60,1,1,1,0.5007195472717285,0.5007195472717285,0.4992804527282715,0.5007195472717285,3,1,12,post_calibration
54,2,3,8,60,0,1,0,0.5109955072402954,0.5109955072402954,0.4890044927597046,0.5109955072402954,3,1,12,post_calibration
54,3,3,12,60,1,1,1,0.5105496048927307,0.5105496048927307,0.4894503653049469,0.5105496048927307,3,1,12,post_calibration
54,4,3,13,60,0,1,0,0.5000830292701721,0.5000830292701721,0.49991700053215027,0.5000830292701721,3,1,12,post_calibration
54,5,3,17,60,0,1,0,0.509388267993927,0.509388267993927,0.4906117618083954,0.509388267993927,3,1,12,post_calibration
55,0,3,0,60,1,1,1,0.5011241436004639,0.5011241436004639,0.49887585639953613,0.5011241436004639,3,2,12,zero_shot_paired
55,1,3,5,60,1,1,1,0.5004622340202332,0.5004622340202332,0.49953779578208923,0.5004622340202332,3,2,12,zero_shot_paired
55,2,3,6,60,1,1,1,0.5018721222877502,0.5018721222877502,0.49812790751457214,0.5018721222877502,3,2,12,zero_shot_paired
55,3,3,7,60,0,0,1,0.5049302577972412,0.5049302577972412,0.5049302577972412,0.49506980180740356,3,2,12,zero_shot_paired
55,4,3,9,60,0,0,1,0.5049070715904236,0.5049070715904236,0.5049070715904236,0.49509289860725403,3,2,12,zero_shot_paired
55,5,3,14,60,0,1,0,0.5056947469711304,0.5056947469711304,0.49430525302886963,0.5056947469711304,3,2,12,zero_shot_paired
55,0,3,0,60,1,1,1,0.5012685060501099,0.5012685060501099,0.4987315237522125,0.5012685060501099,3,2,12,post_calibration
55,1,3,5,60,1,1,1,0.5004099011421204,0.5004099011421204,0.49959009885787964,0.5004099011421204,3,2,12,post_calibration
55,2,3,6,60,1,1,1,0.5019687414169312,0.5019687414169312,0.49803125858306885,0.5019687414169312,3,2,12,post_calibration
55,3,3,7,60,0,0,1,0.5054385662078857,0.5054385662078857,0.5054385662078857,0.49456143379211426,3,2,12,post_calibration
55,4,3,9,60,0,0,1,0.5050352811813354,0.5050352811813354,0.5050352811813354,0.49496468901634216,3,2,12,post_calibration
55,5,3,14,60,0,1,0,0.5055840015411377,0.5055840015411377,0.4944159984588623,0.5055840015411377,3,2,12,post_calibration
56,0,3,4,60,1,1,1,0.5028030276298523,0.5028030276298523,0.4971970021724701,0.5028030276298523,3,3,12,zero_shot_paired
56,1,3,8,60,0,1,0,0.5097482204437256,0.5097482204437256,0.4902518093585968,0.5097482204437256,3,3,12,zero_shot_paired
56,2,3,9,60,0,0,1,0.5049070715904236,0.5049070715904236,0.5049070715904236,0.49509289860725403,3,3,12,zero_shot_paired
56,3,3,11,60,1,1,1,0.5013865828514099,0.5013865828514099,0.4986133873462677,0.5013865828514099,3,3,12,zero_shot_paired
56,4,3,13,60,0,1,0,0.5000412464141846,0.5000412464141846,0.49995872378349304,0.5000412464141846,3,3,12,zero_shot_paired
56,5,3,15,60,1,1,1,0.5058530569076538,0.5058530569076538,0.4941469132900238,0.5058530569076538,3,3,12,zero_shot_paired
56,0,3,4,60,1,1,1,0.5038205981254578,0.5038205981254578,0.4961794316768646,0.5038205981254578,3,3,12,post_calibration
56,1,3,8,60,0,1,0,0.5104633569717407,0.5104633569717407,0.4895365834236145,0.5104633569717407,3,3,12,post_calibration
56,2,3,9,60,0,0,1,0.5050040483474731,0.5050040483474731,0.5050040483474731,0.49499598145484924,3,3,12,post_calibration
56,3,3,11,60,1,1,1,0.5013459324836731,0.5013459324836731,0.4986540675163269,0.5013459324836731,3,3,12,post_calibration
56,4,3,13,60,0,1,0,0.5010234117507935,0.5010234117507935,0.49897661805152893,0.5010234117507935,3,3,12,post_calibration
56,5,3,15,60,1,1,1,0.5057744383811951,0.5057744383811951,0.4942255914211273,0.5057744383811951,3,3,12,post_calibration
